nynorsk_doc_hash,bokmaal_doc_hash,nynorsk_url,bokmaal_url,nynorsk_fulltext,bokmaal_fulltext
3b96dc0f82e6ec3309c6843911e2c36d949eba44,ebd62161ad1cc05aed17447f8595db5abfe4b434,https://www.helsenorge.no/sq/snus-og-roykeslutt/fordeler-ved-a-slutte-a-royke/,https://www.helsenorge.no/snus-og-roykeslutt/fordeler-ved-a-slutte-a-royke/,"['Minuta pasi të keni lënë duhanin', '\u200b20 minuta pasi të keni lënë duhanin', 'Pas 20 minutash tensioni i gjakut dhe pulsi janë ulur në nivelet normale. Atyre që pinë duhan u mërdhijnë shpesh duart dhe këmbët, ndërsa ju keni filluar të ndjeheni ngrohtë përsëri.', 'Ju keni shmangur një nga shkaqet kryesore për krijimin në moshë të re të rrudhave në fytyrë. Ju nuk keni nevojë të shqetësoheni për të gjitha toksinat që keni thithur në trup për çdo cigare.', 'Disa orë pas lënies së duhanit', '8 orë pas lënies së duhanit', 'Pas 8 orësh, niveli i oksidit të karbonit në gjak është ulur dhe po i afrohet nivelit normal. Prandaj, molekulat e oksigjenit kanë më shumë hapësirë, dhe përmbajtja e oksigjenit në gjak po shkon drejt vlerave normale.', 'Ju do të vini re se ndjeheni më pak të lodhur, dhe ju e zgjasni jetën tuaj me 5 – 7 minuta për çdo cigare që nuk pini.', '24 orë pas lënies së duhanit', 'Rreziku i infarktit në zemër ka filluar të ulet. Ju keni kursyer 100 korona nëse më parë keni pirë një paketë në ditë.', '72 orë pas lënies së duhanit', 'Mushkëritë janë duke u përmirësuar dhe kapaciteti i tyre po rritet.', 'Dëshira për nikotinë dhe abstinenca mund të jenë bërë më të forta, por nëse këmbëngulni, do të ndjeheni më mirë në ditët në vijim. Si rregull, shqetësimet zhduken plotësisht pas disa javësh.', 'Në javët pas lënies së duhanit', '2 – 12 javë pas lënies së duhanit', 'Qarkullimi i gjakut dhe kapaciteti i mushkërive tuaja janë përmirësuar kaq shumë sa ju duket më e lehtë që të lëvizni me ritëm të shpejtë. Qarkullimi i gjakut është rritur edhe në vertebrat e shtyllës kurrizore duke ulur kështu rrezikun e problemeve me kurrizin.', 'Lëkura juaj ka filluar tani të rifitojë freskinë dhe ngjyrën e kuqërremtë. Është ulur rreziku për sëmundje të mishrave të dhëmbëve dhe është përmirësuar shërimi i tyre. Shqisat tuaja të shijes dhe nuhatjes janë rigjallëruar dhe për këtë arsye ushqimet dhe pijet shijojnë më shumë.', 'Për gratë, kjo sjell rritjen e mundësive për të mbetur shtatzënë nëse e dëshirojnë diçka të tillë.', 'Qarkullimi i gjakut është përmirësuar. Për burrat kjo shkakton një ereksion më të mirë.', 'Në muajt pas lënies së duhanit', '4 – 6 muaj pas lënies së duhanit', 'Qimet (cilet) në rrugët e frymëmarrjes janë shëruar tashmë dhe ato punojnë me rendiment të plotë për të pastruar mushkëritë. Ju keni më pak kollë dhe sekrecione.', 'Trupi është tani duke riparuar dëmtimet që ka shkaktuar pirja e duhanit në enët e gjakut. Rreziku për një trombozë është shumë më i vogël se sa kur pinit duhan.', 'keni kursyer 1 000 orë që më parë i përdornit për të pirë duhan;', 'keni shmangur pirjen e mbi 5 000 cigareve.', '5 vjet pas lënies së duhanit', 'Ju nuk keni më rrezik të shtuar për të pasur hemorragji të trurit.', 'Nëse qelizat në trupin tuaj janë në një fazë të hershme të zhvillimit të kancerit, ato tani kanë mundësi më të mira për t’u shëruar. Ju keni ulur në mënyrë të konsiderueshme rrezikun për të zhvilluar kancerin e:', 'fshikëzës së urinës;', 'Helsedirektoratet. Përftimet e lënies së duhanit. [Internet]. Oslo: The Directorate of e-health; updated e hënë, 3 janar 2022 [retrieved e mërkurë, 27 dhjetor 2023]. Available from: https://www.helsenorge.no/sq/snus-og-roykeslutt/fordeler-ved-a-slutte-a-royke/']","['24 timer etter røykeslutt', '72 timer etter røykeslutt', 'Lungene er nå i bedring, og lunge\u200b\u200bkapasiteten øker.', 'Nikotinsug og abstinens er kanskje blitt sterkere nå, men holder du ut, vil det føles bedre i dagene som kommer. Plagene er som regel helt borte etter få uker.', 'Uker etter røykeslutt', '\u200b2–12 uker etter røykeslutt', 'Blodsirkulasjonen og lungekapasiteten din har nå blitt såpass mye bedre at det kjennes lettere å bevege seg raskt. Du har fått økt blodsirkulasjon også i ryggvirvlene, og dermed har du redusert risikoen for ryggproblemer.', 'Huden din har nå begynt å få tilbake et friskt, rødlig skjær. Det er redusert risiko for og bedre helbredelse av tannkjøttsykdom. Smaks- og luktesansene dine har våknet til liv, så mat og drikke smaker bedre', 'Er du kvinne, har du fått økt mulighet til å bli gravid om du ønsker det.', 'Du har fått bedret blodomløp. Er du mann, kan dette gi bedre ereksjon.', 'Måneder etter røykeslutt', '\u200b4–6 måneder etter røykeslutt', 'Flimmerhårene i luftrørene skal nå være friskmeldt, og de arbeider nå for fullt med å rense opp i lungene. Du har fått mindre hoste og slimdannelse.', 'Kroppen er nå i gang med å reparere skadene som røykingen forårsaket i blodårene. Faren for at du skal rammes av en blodpropp er mye mindre enn da du røykte.', 'Helsedirektoratet. Fordeler ved å slutte å røyke. [Internett]. Oslo: Direktoratet for e-helse; oppdatert mandag 3. januar 2022 [hentet onsdag 27. desember 2023]. Tilgjengelig fra: https://www.helsenorge.no/snus-og-roykeslutt/fordeler-ved-a-slutte-a-royke/']"
7c050d6ff6a103ba7bb4d0f0837d4095c8de574d,f3aaab1bc2b644e284782c507fe4afe7ec14d0d0,https://www.helsenorge.no/giftinformasjon/planter-og-bar-a-a/fresia/,https://www.helsenorge.no/giftinformasjon/planter-og-bar-a-a/fuksia/,"['Symptom ved forgiftning med freesia', 'Førstehjelp ved uhell med freesia', 'Fjern eventuelle planterestar fra munn', 'Gi litt å drikke for å fjerne restar eller ubehageleg smak frå munnen', 'Skildring av freesia', '\u200bFreesia er ei slekt med 20 artar opprinneleg frå Sør-Afrika. I Noreg dyrkast den stort sett berre i drivhus og drivbenkar.', 'Freesia er ein populær snittblom med lang stilk og lange, smale blad. Blomane er velluktande, 3–4 cm store og avsmala til eit trangt rør nedtil. Blomane dyrkast ofte som hybridar med varierande fargar.']","['Symptomer ved forgiftning med fuksia', 'Fuksia er en lite farlig planteslekt, og vi forventer ikke symptomer ved en liten smak.', 'Førstehjelp ved uhell med fuksia', 'Fjern eventuelle planterester fra munnen.', 'Gi gjerne litt å drikke for å fjerne rester eller ubehagelig smak fra munnen.', 'Beskrivelse av fuksia', '\u200bFuksia er en slekt bestående av rundt 100 arter, og mange av disse er små busker eller trær. De fleste kultivarene til bruk som stue- og hageplanter er hybrider og dyrkes ofte frem på grunn av sine vakre, hengende blomster.']"
7c0930b4ff71d7d9e8db6ce8d5ee91e59cc21cb4,f37079a4c525b2453fc655c0b9c7aef9378990d6,https://www.helsenorge.no/nn/velg-behandlingssted/fa-hjelp-til-a-velge/,https://www.helsenorge.no/velg-behandlingssted/fa-hjelp-til-a-velge/,['Helsedirektoratet. Få hjelp til å velge behandlingssted. [Internett]. Oslo: Direktoratet for e-helse; oppdatert onsdag 20. september 2023 [henta onsdag 27. desember 2023]. Tilgjengeleg frå: https://www.helsenorge.no/nn/velg-behandlingssted/fa-hjelp-til-a-velge/'],['Helsedirektoratet. Få hjelp til å velge behandlingssted. [Internett]. Oslo: Direktoratet for e-helse; oppdatert onsdag 20. september 2023 [hentet onsdag 27. desember 2023]. Tilgjengelig fra: https://www.helsenorge.no/velg-behandlingssted/fa-hjelp-til-a-velge/']
324088262d4cc99988bdce08b2453c4aa0028bc1,4a0c70c68f7df49125a381dc9acf6d4dcca9db00,https://www.helsenorge.no/nn/giftinformasjon/planter-og-bar-a-a/bulmeurt/,https://www.helsenorge.no/giftinformasjon/planter-og-bar-a-a/bulmeurt/,['Giftinformasjonen. Bulmeurt er en svært giftig plante. [Internett]. Oslo: Direktoratet for e-helse; oppdatert tysdag 26. september 2023 [henta onsdag 27. desember 2023]. Tilgjengeleg frå: https://www.helsenorge.no/nn/giftinformasjon/planter-og-bar-a-a/bulmeurt/'],['Giftinformasjonen. Bulmeurt er en svært giftig plante. [Internett]. Oslo: Direktoratet for e-helse; oppdatert tirsdag 26. september 2023 [hentet onsdag 27. desember 2023]. Tilgjengelig fra: https://www.helsenorge.no/giftinformasjon/planter-og-bar-a-a/bulmeurt/']
6a02bfe3a258f8040c757b87124b54f21f73ee68,55047864cf6fedbf61015a9af88ff981206b0f4d,https://www.helsenorge.no/nn/giftinformasjon/planter-og-bar-a-a/tyrihjelm/,https://www.helsenorge.no/giftinformasjon/planter-og-bar-a-a/tyrihjelm/,['Giftinformasjonen. Tyrihjelm er en svært giftig plante. [Internett]. Oslo: Direktoratet for e-helse; oppdatert måndag 23. august 2021 [henta onsdag 27. desember 2023]. Tilgjengeleg frå: https://www.helsenorge.no/nn/giftinformasjon/planter-og-bar-a-a/tyrihjelm/'],['Giftinformasjonen. Tyrihjelm er en svært giftig plante. [Internett]. Oslo: Direktoratet for e-helse; oppdatert mandag 23. august 2021 [hentet onsdag 27. desember 2023]. Tilgjengelig fra: https://www.helsenorge.no/giftinformasjon/planter-og-bar-a-a/tyrihjelm/']
0ee90e42a0569d9e04a832039c9be53cc291e834,afc39a064e5186e9bf72eaf41c4a55c3b494386c,https://www.helsenorge.no/nn/giftinformasjon/planter-og-bar-a-a/akeleie/,https://www.helsenorge.no/giftinformasjon/planter-og-bar-a-a/akeleie/,"['Giftinformasjonen er tilgjengelig ved behov', 'Giftinformasjonen. Akeleie er en lite giftig plante. [Internett]. Oslo: Direktoratet for e-helse; oppdatert onsdag 5. oktober 2022 [henta onsdag 27. desember 2023]. Tilgjengeleg frå: https://www.helsenorge.no/nn/giftinformasjon/planter-og-bar-a-a/akeleie/']","['Giftinformasjonen er tilgjengelig ved behov', 'Giftinformasjonen. Akeleie er en lite giftig plante. [Internett]. Oslo: Direktoratet for e-helse; oppdatert onsdag 5. oktober 2022 [hentet onsdag 27. desember 2023]. Tilgjengelig fra: https://www.helsenorge.no/giftinformasjon/planter-og-bar-a-a/akeleie/']"
503d38d74a32c60d79c6953a783d5913c5f97022,07f45de94769a18e9f485fbaa8466423bf4ffc0f,https://www.helsenorge.no/nn/klage-og-erstatning/slik-ber-du-om-en-tilsynssak/,https://www.helsenorge.no/klage-og-erstatning/slik-ber-du-om-en-tilsynssak/,['Statsforvalteren. Slik ber du om en tilsynssak. [Internett]. Oslo: Direktoratet for e-helse; oppdatert fredag 29. januar 2021 [henta onsdag 27. desember 2023]. Tilgjengeleg frå: https://www.helsenorge.no/nn/klage-og-erstatning/slik-ber-du-om-en-tilsynssak/'],['Statsforvalteren. Slik ber du om en tilsynssak. [Internett]. Oslo: Direktoratet for e-helse; oppdatert fredag 29. januar 2021 [hentet onsdag 27. desember 2023]. Tilgjengelig fra: https://www.helsenorge.no/klage-og-erstatning/slik-ber-du-om-en-tilsynssak/']
7d1b0e40089ae9bdbaac52357e4d9bc73a9c089e,8b574692e5a78b51432fa952d5b497a7df71c04b,https://www.helsenorge.no/nn/giftinformasjon/hund-og-katt/torremidler/,https://www.helsenorge.no/giftinformasjon/hund-og-katt/torremidler/,"['Kontakt din veterinær ved forgiftninger hos dyr', 'Giftinformasjonen. Tørremidler gir sjelden forgiftning hos hund og katt. [Internett]. Oslo: Direktoratet for e-helse; oppdatert tysdag 22. mars 2022 [henta onsdag 27. desember 2023]. Tilgjengeleg frå: https://www.helsenorge.no/nn/giftinformasjon/hund-og-katt/torremidler/']","['Kontakt din veterinær ved forgiftninger hos dyr', 'Giftinformasjonen. Tørremidler gir sjelden forgiftning hos hund og katt. [Internett]. Oslo: Direktoratet for e-helse; oppdatert tirsdag 22. mars 2022 [hentet onsdag 27. desember 2023]. Tilgjengelig fra: https://www.helsenorge.no/giftinformasjon/hund-og-katt/torremidler/']"
e278e637bffbeaa8e5e99c15a7996ce89912b203,096922ec7d2c4035f68b6accfbb0b7fdcffb6db7,https://www.helsenorge.no/giftinformasjon/planter-og-bar-a-a/groblad/,https://www.helsenorge.no/giftinformasjon/planter-og-bar-a-a/firblad/,"['Symptom ved forgiftning med groblad', 'Groblad er lite farleg, og vi forventar ikkje symptom om du tek ein liten smak.', 'Førstehjelp ved uhell med groblad', 'Fjern planterestar frå munnen.', 'Gi gjerne litt å drikke for å fjerne restar eller ubehageleg smak frå munnen.', 'Skildring av groblad', '\u200bGroblad er ei fleirårig plante med snaue til småhåra, eggeforma til eliptiske, mørkegrøne blad. Ho kan bli opptil 50 cm. Stengelen er rett og seig, med tett aks. I Noreg er groblad vanleg ugras ved vegar og tun, og på havstrender.']","['Førstehjelp ved forgiftning med firblad', 'Kontakt Giftinformasjonen (22 59 13 00) dersom barnet ditt har spist flere enn 5 bær fra firblad eller andre deler av planten', 'Beskrivelse av firblad', '\u200bFirblad er en viltvoksende plante som blir 20–40 cm høy. Den har opprettet stengel med normalt fire eggformede blader i en krans ovenfor midten. Hver plante får ett blåsort bær med diameter på cirka 10–15 mm. Inni hvert bær er det mange frø.']"
378cbb967df87165c7350d3a302f95d9bec0d7f8,327fd8c9a2d74a95c8966e69dadb05007655d785,https://www.helsenorge.no/giftinformasjon/planter-og-bar-a-a/pinselilje/,https://www.helsenorge.no/giftinformasjon/planter-og-bar-a-a/paskelilje/,"['Pinselilje inneheld irriterande plantesaft', 'Pinselilje (Narcissus poeticus) inneheld irriterande plantesaft. Løken inneheld mest av dei irriterande stoffa. Å smake litt på ei pinselilje er ikkje farleg, men kontakt Giftinformasjonen dersom barnet har ete av løken eller større mengder av planta.', 'Symptom ved forgifting med pinselilje', 'Førstehjelp ved forgifting med pinselilje', 'Kontakt Giftinformasjonen (22 59 13 00) dersom barnet ditt har ete litt av løken eller større mengder plantemateriale av pinselilje.', 'Beskriving av pinselilje', '\u200bPinselilje er ei løkplante som ofte blir 20–50 cm høg. Frå løken veks det 4–5 linjeforma blad og eit stivt skaft med éin blome. Blomen har kvite blomedekkblad og ofte gul bikrone med raud kant. Pinselilje blømer i april–mai.']","['Påskelilje har irriterende plantesaft', 'Påskelilje (Narcissus pseudonarcissus) har irriterende plantesaft. Løken inneholder mest av de irriterende stoffene. Å smake litt på en påskelilje er ikke farlig. Kontakt Giftinformasjonen dersom barnet ditt har spist av løken eller større mengder av planten.']"
bdde4c003d6b7c19cb7a5204394f399a766a9ddf,a9e02d4ae0368df7e721e415a5f676d8b15e6917,https://www.helsenorge.no/en/sykdom/infeksjon-og-betennelse/hepatitt-b/,https://www.helsenorge.no/en/sykdom/infeksjon-og-betennelse/hepatitt-c/,"['Smitte og inkubasjonstid', 'Risikofaktorar og førebygging', 'Dei som er i risikosona for å bli smitta av hepatitt B, blir tilrådd å vaksinere seg for å førebyggje sjukdom. Mange kan få vaksinen på blå resept.', 'Hepatitt B er ganske sjeldan i Noreg, men enkelte grupper har større risiko for å få hepatitt B enn andre, til dømes:', 'Personar som reiser til eller er langtidsbuande i delar av verda der hepatitt B er vanleg (inkluderer delar av Søraust-Asia, mesteparten av Stillehavet, Afrika sør for Sahara, Amazonas, delar av Midtausten, Sentral-Asia og nokre land i Aust-Europa)', 'Injiserande rusmisbrukarar, særleg om ein deler sprøyter med andre', 'Seksualpartnarar til dei som er smitta', 'Barn av ein injiserande misbrukar eller nokon som har hepatitt B', 'Personar som deler heim med nokon som er smitta av hepatitt B', 'Personar som er risikoutsette, til dømes helsepersonell, fengselstilsette og institusjonstilsette', 'Hepatitt B er ein leverinfeksjon forårsaka av hepatitt B-viruset. Infeksjonen kan vere så mild at forløpet er utan symptom, og då treng du inga behandling. Andre gonger kan infeksjonen bli kronisk og i verste fall livstruande.', 'Risikofaktorar og førebygging', 'Bruke kondom i tilfelle du har samleie med menneske som er smitta, eller om du er usikker.', 'Unngå å dele nåler med andre rusmisbrukarar.', 'Unngå å dele hushaldningsartiklar som barberblad eller tannbørste med folk som er smitta.', 'Forsikre deg om at nålene er sterile dersom du skal ta akupunktur, tatovering eller piercing.', 'Ved mistanke om nysmitte kan det bli gitt immunglobulin som injeksjon. Denne behandlinga hindrar viruset i å spreie seg til ikkje-infiserte celler i kroppen. Behandlinga verkar best dersom ho blir gitt innan 24 timar etter kontakt med viruset. Immunglobulin gir ikkje langtidsvern mot hepatitt B.', 'Dei fleste blir friske av hepatitt B utan behandling, men for nokre få blir sjukdomen alvorleg og langvarig. Då kan hepatitt B-infeksjonen føre til leversvikt. Seinare kan sjukdommen utvikle seg til leverkreft eller ein leversjukdom kalla skrumplever. Spedbarn og barn har større risiko for å få den mest alvorlege typen.', 'Nasjonal kompetansetjeneste for seksuelt overførte infeksjonar', 'NKSOI formidlar kunnskap og erfaring om seksuelt overførte infeksjonar og smitteførebygging til helsepersonell og organisasjonar.']","['Hepatitt C', 'Hepatitt C er en virusinfeksjon som kan gi leverbetennelse og påfølgende leverskade. Ikke alle blir syke etter å ha blitt smittet med viruset. Det finnes effektiv, kortvarig og trygg behandling som gjør at de aller fleste som er smittet med viruset blir friske.', 'Sykdomsforløp', 'Slik smitter hepatitt C', 'Hepatitt C smitter ved direkte kontakt med infisert blod, eller indirekte kontakt med infisert gjenstand. Viruset kan også smitte seksuelt, men risikoen er lav. Smitte med hepatitt C-viruset skyldes derfor ofte:', 'Deling av utstyr for injisering eller sniffing av rusmidler, som sprøyter, kokekar, skyllevann, filter og snifferør.', 'Overføring fra smitteførende mor til barn under svangerskap og fødsel.', 'Annen blodkontakt, som for eksempel ved felles bruk av barbersaker eller tannbørste, eller tatovering eller piercing under dårlige hygieniske forhold.', 'Blant menn som har sex med menn når seksuell praksis kan medføre slimhinneskader i endetarm eller anus.', 'I Norge smitter sykdommen vanligvis ved deling av utstyr for injisering av rusmidler. Det er ikke alltid man finner forklaring på hvordan smitten ble overført. Man kan ikke bli smittet av hepatitt C ved berøring eller kyssing, heller ikke ved å dele husholdningsartikler som tallerkener, kniver eller gafler. Hepatitt C overføres ikke ved amming.', 'Symptomer på hepatitt C', 'Hepatitt C kan gi milde symptomer som tretthet, feber og kvalme, men mange er helt symptomfrie. Andre igjen opplever at symptomene kommer og går.', 'Sannsynligheten for å få symptomer er størst dersom infeksjonen har vart lenge og gitt leverskade. Dersom hepatitt C-viruset fortsetter å ødelegge leveren over lang tid, kan plagene bli mer alvorlige.', 'Sykdomsforløp', 'Hepatitt C er en virussykdom som angriper leveren og kan ha et akutt eller kronisk forløp. Omtrent en femtedel av dem som blir smittet vil få symptomer i løpet av 2 uker til seks måneder etter smittetidspunktet. Noen ganger sørger immunforsvaret for at kroppen kvitter seg med viruset uten behandling. Det skjer i 15 – 45 prosent av tilfellene, de fleste i løpet av de første 6 månedene etter smitte. Personer som kvitter seg med infeksjonen vil ikke danne immunitet mot hepatitt C, og kan bli smittet på nytt.', 'Mellom 55 – 85 prosent av dem som blir smittet utvikler kronisk hepatitt C. Noen mennesker lever med kronisk infeksjon i mange år uten helseproblemer. Viruset kan hos noen skade leveren og gir arrdannelse (skrumplever eller cirrhose). Dette kan føre til leversvikt eller leverkreft som begge er livstruende tilstander.', 'Utredning, diagnose og testing', 'Flere grupper i Norge testes rutinemessig for hepatitt C, for eksempel blodgivere ved hver blodtapping.', 'De fleste som har kronisk hepatitt C har ingen eller få symptomer. Det er derfor viktig at personer som kan ha blitt utsatt for smitte tilbys test. Dette gjelder særlig:', 'personer som har fått tatovering under utilfredsstillende hygieniske forhold', 'pasienter som har fått tannbehandling, profesjonell barbering og lignende i land med høy forekomst av hepatitt C', 'personer som har hatt sex med personer med HCV-infeksjon', 'barn født av mødre med HCV-infeksjon', 'Testing av hepatitt C', 'Test for hepatitt C kan man få utført hos alle fastleger eller ved andre legekontorer. Hvis legen vurderer at du kan ha utsatt deg for smitterisiko, er prøven og konsultasjonen gratis. Testing for hepatitt C utføres også ved mange lavterskeltilbud for personer som injiserer rusmidler.', 'Hvis man ønsker en hepatitt C-test uten at legen foreslår det, bør man forklare hvorfor man ønsker en slik test. I utgangspunktet bør ingen som ønsker å teste seg for hepatitt C bli avvist. Legen har ansvar for å vurdere om det er grunnlag for å ta en test.', 'Alle gravide som tilhører en av gruppene som bør undersøkes for hepatitt C, bør tilbys test for hepatitt C. Testen tas fortrinnsvis ved første konsultasjon i svangerskapet. Innvandrere fra land med høy forekomst av hepatitt C blir tilbudt testing innen tre måneder etter ankomst til Norge.', 'Slik stilles hepatitt C-diagnosen', 'Ved mistanke om smitte med hepatitt C, vil legen kartlegge om du er i risikogruppen og ta blodprøver. Blodprøven vil vise om du en gang har blitt smittet med hepatitt C-viruset og om du har kvittet deg med viruset eller har en kronisk infeksjon. Ved en påvist kronisk infeksjon vil du få tilbud om behandling.', 'Behandling av hepatitt C', 'Behandling for hepatitt C er effektiv, kortvarig og trygg. I Norge kan alle som er smittet med hepatitt C få behandling gratis. Behandlingen varer normalt i 8 - 12 uker, og over 95 prosent av de behandlede kvitter seg med viruset, og anses dermed som helbredet. De fleste opplever ingen eller kun lette bivirkninger, som for eksempel tretthet. Etter vellykket behandling vil man ikke lenger kunne smitte andre.', 'Sikkerhet og effekt av behandling av gravide for å redusere smitte fra mor til barn er ikke utredet og anbefales derfor ikke. Gjennomgått behandling gir ikke beskyttelse mot å bli smittet på nytt dersom man fortsetter med risikofylt atferd.', 'Er du blant dem som har fått skrumplever etter å ha vært smittet med hepatitt C i mange år kan det bli nødvendig med levertransplantasjon. Dette er en stor operasjon, men det kan redde livet til personer med alvorlig leverskade.', 'I noen tilfeller vil legen anbefale pasienter som har hatt hepatitt C å ta vaksiner som beskytter mot hepatitt A og hepatitt B. Hvis du allerede er smittet med disse virusene, i tillegg til hepatitt C, kan dette fremskynde skade på leveren.', 'Forebygging', 'Det viktigste forebyggende tiltaket mot hepatitt C-smitte i Norge er at personer som injiserer rusmidler ikke bør dele sprøyter eller annet brukerutstyr, som filtre og kokekar, med andre.', 'Det finnes ingen vaksine mot hepatitt C.', 'Nasjonal strategiplan', 'I tråd med FNs globale bærekraftsmål og Verdens helseorganisasjons (WHOs) globale helsestrategi har Norge som mål å eliminere hepatitt C som folkehelseproblem innen 2030. Helse- og omsorgsdepartementet lanserte en nasjonal strategi mot virale hepatitter i 2016, som ble videreutviklet i 2018.', 'Norwegian Institute of Public Health. Hepatitt C. [Internet]. Oslo: The Directorate of e-health; updated Friday, June 9, 2023 [retrieved Wednesday, December 27, 2023]. Available from: https://www.helsenorge.no/en/sykdom/infeksjon-og-betennelse/hepatitt-c/']"
b01d0f686d0c15208bc352296e4522c66f1599a6,380c685c200129a9b423c8a873090f56c439f59c,https://www.helsenorge.no/forskning-og-screening/om/,https://www.helsenorge.no/forskning-og-screening/,"['Om forsking og screening', 'Dersom du har fått tilbod om deltaking i nasjonale screeningprogram eller å vere med i ein eller fleire befolkningsstudiar eller kliniske studiar, kan du sjå informasjon om dei ved å logge inn på Helsenorge.', 'Forsking', 'Det blir forska både på effektar, biverknader og tryggleik ved ulike behandlingsmetodar, førekomst, nye tilfelle og kva som fører til ulike plager og sjukdomar.', 'Kva resultata har å seie for deg, må ein sjå i samanheng med helsetilstanden din, sjukdomshistorikk, bruk av legemiddel og levevanar. Det er viktig at du diskuterer eventuelle prøveresultat med fastlegen dersom du har fått innsyn i resultata dine og lurer på kva dei tyder.', 'Tryggleik og personvern', 'Informasjonen som blir gitt til forskarar, skal i utgangspunktet ikkje vere identifiserande. Det betyr at namn, fødselsdato og personnummer er sletta, slik at opplysningane dine ikkje kan knytast til deg som person.', 'I visse tilfelle kan forskarane få tilgang til dei personlege opplysningane dine dersom dette er nødvendig for forskinga. Dei som behandlar opplysningane, har teieplikt, og opplysningar som kan koplast til identifiserbare personar, er strengt regulerte.', 'Utanforståande, til dømes arbeidsgjevarar, politi, forskingsselskap og liknande får aldri tilgang til forskingsresultat som kan knytast til deg som person.', 'Veiledning Helsenorge', 'Norsk helsenett. Om forsking og screening. [Internett]. Oslo: Direktoratet for e-helse; oppdatert tysdag 26. april 2022 [henta onsdag 27. desember 2023]. Tilgjengeleg frå: https://www.helsenorge.no/nn/forskning-og-screening/om/']","['Du har rett til innsyn i opplysningene som er lagret om deg. Du får informasjon om hvor du kan henvende deg for å få slikt innsyn under hvert screeningprogram, helseundersøkelse eller klinisk studie når du har logget inn.', 'Hvis du ikke er med i forskning eller screeningprogram vil siden vises uten innhold.']"
ae93d418b733f0ebefdc3578dd77fb5731ca5d7d,f0c64d3236c651ba6809cb84b4c2462b45f3542d,https://www.helsenorge.no/nn/giftinformasjon/planter-og-bar-a-a/,https://www.helsenorge.no/giftinformasjon/planter-og-bar-a-a/,['Giftinformasjonen. Planter og bær A–Å. [Internett]. Oslo: Direktoratet for e-helse; oppdatert torsdag 16. april 2020 [henta onsdag 27. desember 2023]. Tilgjengeleg frå: https://www.helsenorge.no/nn/giftinformasjon/planter-og-bar-a-a/'],['Giftinformasjonen. Planter og bær A–Å. [Internett]. Oslo: Direktoratet for e-helse; oppdatert torsdag 16. april 2020 [hentet onsdag 27. desember 2023]. Tilgjengelig fra: https://www.helsenorge.no/giftinformasjon/planter-og-bar-a-a/']
3a1f942e78f8f47bd6668c394e8be879235e639f,74d93efc2d473a1d5c3b3a280b5244d852e947ec,https://www.helsenorge.no/nn/giftinformasjon/hund-og-katt/brennmaneter/,https://www.helsenorge.no/giftinformasjon/hund-og-katt/brennmaneter/,"['Kontakt din veterinær ved forgiftninger hos dyr', 'Giftinformasjonen. Brennmaneter kan gi forgiftning hos hund. [Internett]. Oslo: Direktoratet for e-helse; oppdatert tysdag 22. mars 2022 [henta onsdag 27. desember 2023]. Tilgjengeleg frå: https://www.helsenorge.no/nn/giftinformasjon/hund-og-katt/brennmaneter/']","['Kontakt din veterinær ved forgiftninger hos dyr', 'Giftinformasjonen. Brennmaneter kan gi forgiftning hos hund. [Internett]. Oslo: Direktoratet for e-helse; oppdatert tirsdag 22. mars 2022 [hentet onsdag 27. desember 2023]. Tilgjengelig fra: https://www.helsenorge.no/giftinformasjon/hund-og-katt/brennmaneter/']"
7917d4f4be98f9dbc72291aecd63d63647303011,42d5016b46bf38f537049a16d41e9eb7974ce24f,https://www.helsenorge.no/nn/giftinformasjon/hund-og-katt/ibuprofen-er-giftig-for-hund-og-katt/,https://www.helsenorge.no/giftinformasjon/hund-og-katt/ibuprofen-er-giftig-for-hund-og-katt/,"['Kontakt din veterinær ved forgiftninger hos dyr', 'Giftinformasjonen. Ibuprofen er giftig for hund og katt. [Internett]. Oslo: Direktoratet for e-helse; oppdatert torsdag 17. mars 2022 [henta onsdag 27. desember 2023]. Tilgjengeleg frå: https://www.helsenorge.no/nn/giftinformasjon/hund-og-katt/ibuprofen-er-giftig-for-hund-og-katt/']","['Kontakt din veterinær ved forgiftninger hos dyr', 'Giftinformasjonen. Ibuprofen er giftig for hund og katt. [Internett]. Oslo: Direktoratet for e-helse; oppdatert torsdag 17. mars 2022 [hentet onsdag 27. desember 2023]. Tilgjengelig fra: https://www.helsenorge.no/giftinformasjon/hund-og-katt/ibuprofen-er-giftig-for-hund-og-katt/']"
4a8a5acd93531b96a248420f1e57e19b94ccc64c,003eca0c02a16ad461c18eb0378080f4a874699c,https://www.helsenorge.no/lt/psykisk-helse/vold-og-overgrep/,https://www.helsenorge.no/ti/psykisk-helse/vold-og-overgrep/,"['Smurtas ir išnaudojimas', 'Smurtą gali sudaryti įvairūs veiksmai: fiziniai, seksualiniai ir psichologiniai. Smurtas ir išnaudojimas gali sukelti ir trumpalaikės, ir ilgalaikės žalos. Visos smurto ir išnaudojimo formos yra neteisėtos.', 'Ar jums arba kitiems gresia didelis pavojus? Tada skambinkite policijos pagalbos numeriu 112.', 'Kas yra smurtas?', 'Smurtas gali būti fizinis, seksualinis ir psichologinis. Be to, nepriežiūra irgi yra laikoma smurto forma.', 'Smurtas galimas įvairiomis situacijomis, kai žmonės būna kartu: namuose, mokykloje, darbe, taksi eilėje ar gatvėje. Smurtas pasitaiko tarp nepažįstamų žmonių, tarp pažįstamų ar darbo vietoje.', 'Tiek vyrai, tiek moterys susiduria su smurtu, tačiau yra skirtumų tarp lyčių ir jų patiriamo smurto rūšių. Vyrai patiria daugiau fizinio smurto už artimos aplinkos ribų nei moterys. Moterys dažniau nei vyrai patiria rimtą artimo partnerio smurtą ir seksualinį išnaudojimą.', 'Smurto ir išnaudojimo priežastys yra kompleksiškos, tačiau rodos, kad riziką gali padidinti bloga ekonominė padėtis, gyvenimo sąlygų iššūkiai, negalia ir piktnaudžiavimas svaigalais.', 'Smurtas artimoje aplinkoje', 'Smurtas tarp šeimos narių, partnerių ar kitų artimų asmenų yra vadinamas smurtu artimoje aplinkoje. Smurtas artimoje aplinkoje gali būti ypač komplikuotas, nes smurtautojas yra svarbus asmuo aukos gyvenime. Taip pat sunkiau tokio smurto išvengti. Smurtas artimoje aplinkoje paprastai reiškia, kad auka nėra saugi savo namuose.', 'Fizinis smurtas', 'Fizinis smurtas yra fizinės jėgos panaudojimas siekiant sužaloti kitą žmogų ar jį kontroliuoti. Tai gali būti smūgiai, spyriai, smaugimas, daiktų mėtymas į kitą asmenį, kito asmens deginimas cigaretėmis ar daugybė kitokių veiksmų. Grasinimas kam nors ginklu taip pat gali būti vertinamas kaip fizinio smurto aktas.', 'Fizinės bausmės auklėjant vaikus Norvegijoje yra draudžiamos ir laikomos fizinio smurto prieš vaikus forma.', 'Seksualinis smurtas', 'Seksualinis smurtas yra visokių formų prievarta, siekiant atlikti lytinius veiksmus. Tai apima išžaginimą, kai asmuo verčiamas lytiškai santykiauti, pavyzdžiui, atlikti lytinį aktą, taip pat tai apima kitas seksualinio išnaudojimo ar pažeminimo formas, pavyzdžiui, priverstinį lytėjimą. Išžaginimas ir kitoks seksualinis išnaudojimas pasitaiko įvairiuose santykiuose, įskaitant porų santykius.', 'Vaiko išnaudojimas (norvegų kalba) nebūtinai turi būti susijęs su prievarta, kad jį būtų galima laikyti seksualiniu smurtu. Kai suaugęs žmogus naudojasi amžiaus pranašumu, kad galėtų lytiškai santykiauti su vaiku, tai bet kokiu atveju yra laikoma išnaudojimu. Be to, vaikai gali seksualiai išnaudoti kitus vaikus.', 'Skaitmeninis seksualinis išnaudojimas, pvz., platinant nuogo kito asmens nuotraukas be to asmens sutikimo, taip pat yra viena seksualinio smurto formų.', 'Daugiau iš Dinutvei.no (norvegų kalba)', 'Psichologinis smurtas', 'Psichologinis smurtas gali būti įvairių formų, kartais jį yra sunku įvardinti žodžiais. Keletas įprastų požymių yra kontroliavimas, manipuliavimas, nuolatinė kritika. Dažnai psichologinis smurtas yra sisteminio pobūdžio, o laikui bėgant, vienas žmogus priverčia kitą jaustis beverčiu ar nesaugiu.', 'Manoma, kad psichologinis smurtas dažnai pasitaiko artimoje aplinkoje, pavyzdžiui, tėvų psichologinis smurtas prieš vaikus arba sutuoktinio psichologinis smurtas prieš savo partnerį. Dažniausiai kalbame apie psichologinį smurtą artimoje aplinkoje, tačiau ir patyčias galima laikyti psichologinio smurto forma.', 'Nepriežiūra', 'Nepriežiūra reiškia, kad nėra patenkinami pagrindiniai žmogaus poreikiai. Tai smurto forma santykiuose, kai vienas asmuo yra atsakingas už kitą – pavyzdžiui, kai tėvai rūpinasi vaikais, arba kai suaugę vaikai rūpinasi senstančiais tėvais, arba kai institucija yra atsakinga už asmenį su negalia.', 'Pagrindiniai asmens poreikiai gali būti fiziniai (pvz., maisto, švarių drabužių, fizinio saugumo ar vaistų poreikis) arba psichiniai.', 'Neigiama socialinė kontrolė', 'Įvairios invazinės ar neigiamos socialinės kontrolės formos gali būti vertinamos kaip smurtas, grasinimai ir prievarta. Jos naudojamos, siekiant užtikrinti, kad asmenys gyventų pagal šeimos ar grupės normas; tai yra, pvz., smurtas dėl įžeistos garbės, priverstinė santuoka, moterų lytinių organų apipjaustymas.', 'Kaip smurtas veikia sveikatą?', 'Smurtas aukos sveikatai gali pakenkti įvairiais būdais. Svarbu pabrėžti, kad ne visoms smurto aukoms kyla sveikatos problemų: daugeliui viskas klostosi gerai. Nepaisant to, smurtas didina riziką atsirasti įvairioms fizinės ir psichinės sveikatos problemoms.', 'Smurtas ir fizinė sveikata', 'Tiesioginė smurto pasekmė gali būti fiziniai sužalojimai, tokie kaip sulaužyti šonkauliai, mėlynės, žaizdos ar vidiniai sužalojimai.', 'Pastaruoju metu atsiranda vis daugiau žinių apie ryšį tarp smurto poveikio ir fizinės sveikatos. Dažnai pasitaikančių fizinės sveikatos problemų, tokių kaip galvos skausmas, pilvo skausmas, pykinimas, galvos svaigimas ir raumenų skausmas dažniau kyla smurto aukoms nei žmonėms, nepatyrusiems smurto. Sunkios fizinės ligos, tokios kaip diabetas, širdies ir kraujagyslių ligos ir vėžys taip pat dažniau pasitaiko tarp smurto aukų. Taigi smurtas gali labai visapusiškai ir stipriai paveikti sveikatą.', 'Asmenys, patyrę smurtą tiek vaikystėje, tiek suaugę, turi didesnę riziką turėti sveikatos problemų nei tie, kurie su smurtu susiduria tik vaikystėje arba tik suaugę. Patiriant daug įvairių rūšių smurto, padidėja ir sveikatos problemų rizika.', 'Smurtas ir psichikos sveikata', 'Asmenims, patyrusiems smurtą, yra didesnė rizika išgyventi depresiją ir nerimą. Ilgalaikis, didelio masto smurtas, pavyzdžiui, vaikui augant su labai smurtaujančiu ir kontroliuojančiu tėvu, gali sukelti sudėtingą psichologinę žalą. Smurto aukoms taip pat yra didesnė piktnaudžiavimo alkoholiu ir kitais svaigalais rizika. Smurtas yra glaudžiai susijęs su savęs žalojimu, įskaitant bandymus nusižudyti.', 'Praneškite apie smurtą ir išnaudojimą', 'Jei esate smurto ir išnaudojimo auka, jums gali būti suteikta pagalba. Pakalbėjus apie tai, ką patyrėte, su patikimu žmogumi, bus paprasčiau kreiptis pagalbos.', 'Sužinojęs, kad kažkas patiria ar gali patirti smurtą ar išnaudojimą, galite padėti. Kai kuriais atvejais jums galioja įstatymo numatyta pareiga užkirstikelią (norvegų kalba) smurtui ir išnaudojimui.', 'Smurtiniams ir seksualiniams nusikaltimams galite užkirsti kelią, pranešdami apie juos policijai ar vaiko gerovės tarnyboms arba padėdami aukai užsitikrinti saugumą, pavyzdžiui, krizių centre, ligoninėje ar kitoje saugioje vietoje. Daugeliu atvejų apie savo susirūpinimą galima pranešti ar jį aptarti anonimiškai.', 'Skambinkite vaikų ir paauglių pagalbos telefonu 116 111', 'Pagalbos karštoji linija yra nemokamas pagalbos telefonas vaikams ir jaunuoliams, nukentėjusiems nuo smurto, prievartos ar nepriežiūros. Karštosios linijos telefonas veikia visą parą. Taip pat galite susisiekti per gyvo pokalbio programėlę („chat“), SMS žinute ar el. paštu.', 'Vaikai gali skambinti, jei jie yra skriaudžiami, o suaugusieji gali skambinti, jei jiems reikia patarimų arba jei jie žino apie vaikus, kurie yra skriaudžiami.', 'Skambinkite į vietinį skubios medicininės pagalbos skyrių 116 117', 'Jei patyrėte smurtą ar seksualinį išnaudojimą, pagalbos taip pat galite kreiptis į vietinį skubios medicininės pagalbos skyrių. Skubios medicininės pagalbos skyrius jums gali patarti ir padėti susisiekti su artimiausiu seksualinio išnaudojimo priėmimo centru', 'Kitos vietos, kuriose galima gauti pagalbos ir palaikymo', 'Susisiekite su savo šeimos gydytoju', 'Apie smurtą ir išnaudojimą galite pasikalbėti su savo šeimos gydytoju. Jūsų šeimos gydytojui taikomas konfidencialumo įsipareigojimas, ir jam be jūsų leidimo neleidžiama dalytis informacija apie jus su kitais asmenimis, nebent būtų iškilęs pavojus jūsų gyvybei ir sveikatai.', 'Jūsų šeimos gydytojas dažnai gerai žino jūsų sveikatos ir gyvenimo situaciją, jis gali būti geras pokalbio partneris, nes turi bendravimo su žmonėmis, išgyvenančiais sunkumus, patirties.', 'Šeimos gydytojas prireikus pasiūlys vertėją žodžiu.', 'Jei reikia, šeimos gydytojas gali jus nukreipti kitam specialistui arba jus informuoti, kur galėtumėte gauti pagalbos, pavyzdžiui, krizių centre ar šeimos konsultavimo centre.', 'Šeimos konsultavimo tarnyba', 'Šeimos konsultavimo tarnyba yra lengvai prieinama paslauga šeimoms, patiriančioms sunkumų, konfliktų ar krizių šeimoje. Tėvai gali patys užsiregistruoti į vizitą, gydytojo siuntimas nėra būtinas. Visose apskrityse veikia šeimos konsultavimo biurai, ši paslauga yra nemokama.', 'Arias, I., Leeb, R.T., Melanson, C., Paulozzi, L.J. and Simon, T.R., 2008. Child maltreatment surveillance; uniform definitions for public health and recommended data elements. Retrieved from https://stacks.cdc.gov/view/cdc/11493', 'Thoresen, S., & Hjemdal, O. K. Vold og voldtekt i Norge. En nasjonal forekomststudie av vold i et livsløpsperspektiv. Rapport 1/2014. Nasjonalt kunnskapssenter om vold og traumatisk stress.', 'WHO. World Report on Violence and Health. Geneva: World Health Organization; 2002.', 'Aakvaag HF, Strøm IF. Vold i oppveksten: Varige spor? En longitudinell undersøkelse av reviktimisering, helse, rus og sosiale relasjoner hos unge utsatt for vold i barndommen. Nasjonalt kunnskapssenter om vold og traumatisk stress A/S, Rapport. 2019;1.', 'Nasjonalt kunnskapssenter om vold og traumatisk stress. Smurtas ir išnaudojimas. [Internet]. Oslo: The Directorate of e-health; updated 2022 m. rugsėjo 5 d., pirmadienis [retrieved 2023 m. gruodžio 27 d., trečiadienis]. Available from: https://www.helsenorge.no/lt/psykisk-helse/vold-og-overgrep/']","['Arias, I., Leeb, R.T., Melanson, C., Paulozzi, L.J. and Simon, T.R., 2008. Child maltreatment surveillance; uniform definitions for public health and recommended data elements. Retrieved from https://stacks.cdc.gov/view/cdc/11493', 'Thoresen, S., & Hjemdal, O. K. Vold og voldtekt i Norge. En nasjonal forekomststudie av vold i et livsløpsperspektiv. Rapport 1/2014. Nasjonalt kunnskapssenter om vold og traumatisk stress.', 'WHO. World Report on Violence and Health. Geneva: World Health Organization; 2002.', 'Aakvaag HF, Strøm IF. Vold i oppveksten: Varige spor? En longitudinell undersøkelse av reviktimisering, helse, rus og sosiale relasjoner hos unge utsatt for vold i barndommen. Nasjonalt kunnskapssenter om vold og traumatisk stress A/S, Rapport. 2019;1.']"
4a8a5acd93531b96a248420f1e57e19b94ccc64c,22fce9db580c824ca234813cb9dab20f4317b0d0,https://www.helsenorge.no/lt/psykisk-helse/vold-og-overgrep/,https://www.helsenorge.no/psykisk-helse/vold-og-overgrep/,"['Smurtas ir išnaudojimas', 'Smurtą gali sudaryti įvairūs veiksmai: fiziniai, seksualiniai ir psichologiniai. Smurtas ir išnaudojimas gali sukelti ir trumpalaikės, ir ilgalaikės žalos. Visos smurto ir išnaudojimo formos yra neteisėtos.', 'Ar jums arba kitiems gresia didelis pavojus? Tada skambinkite policijos pagalbos numeriu 112.', 'Kas yra smurtas?', 'Smurtas gali būti fizinis, seksualinis ir psichologinis. Be to, nepriežiūra irgi yra laikoma smurto forma.', 'Smurtas galimas įvairiomis situacijomis, kai žmonės būna kartu: namuose, mokykloje, darbe, taksi eilėje ar gatvėje. Smurtas pasitaiko tarp nepažįstamų žmonių, tarp pažįstamų ar darbo vietoje.', 'Tiek vyrai, tiek moterys susiduria su smurtu, tačiau yra skirtumų tarp lyčių ir jų patiriamo smurto rūšių. Vyrai patiria daugiau fizinio smurto už artimos aplinkos ribų nei moterys. Moterys dažniau nei vyrai patiria rimtą artimo partnerio smurtą ir seksualinį išnaudojimą.', 'Smurto ir išnaudojimo priežastys yra kompleksiškos, tačiau rodos, kad riziką gali padidinti bloga ekonominė padėtis, gyvenimo sąlygų iššūkiai, negalia ir piktnaudžiavimas svaigalais.', 'Smurtas artimoje aplinkoje', 'Smurtas tarp šeimos narių, partnerių ar kitų artimų asmenų yra vadinamas smurtu artimoje aplinkoje. Smurtas artimoje aplinkoje gali būti ypač komplikuotas, nes smurtautojas yra svarbus asmuo aukos gyvenime. Taip pat sunkiau tokio smurto išvengti. Smurtas artimoje aplinkoje paprastai reiškia, kad auka nėra saugi savo namuose.', 'Fizinis smurtas', 'Fizinis smurtas yra fizinės jėgos panaudojimas siekiant sužaloti kitą žmogų ar jį kontroliuoti. Tai gali būti smūgiai, spyriai, smaugimas, daiktų mėtymas į kitą asmenį, kito asmens deginimas cigaretėmis ar daugybė kitokių veiksmų. Grasinimas kam nors ginklu taip pat gali būti vertinamas kaip fizinio smurto aktas.', 'Fizinės bausmės auklėjant vaikus Norvegijoje yra draudžiamos ir laikomos fizinio smurto prieš vaikus forma.', 'Seksualinis smurtas', 'Seksualinis smurtas yra visokių formų prievarta, siekiant atlikti lytinius veiksmus. Tai apima išžaginimą, kai asmuo verčiamas lytiškai santykiauti, pavyzdžiui, atlikti lytinį aktą, taip pat tai apima kitas seksualinio išnaudojimo ar pažeminimo formas, pavyzdžiui, priverstinį lytėjimą. Išžaginimas ir kitoks seksualinis išnaudojimas pasitaiko įvairiuose santykiuose, įskaitant porų santykius.', 'Vaiko išnaudojimas (norvegų kalba) nebūtinai turi būti susijęs su prievarta, kad jį būtų galima laikyti seksualiniu smurtu. Kai suaugęs žmogus naudojasi amžiaus pranašumu, kad galėtų lytiškai santykiauti su vaiku, tai bet kokiu atveju yra laikoma išnaudojimu. Be to, vaikai gali seksualiai išnaudoti kitus vaikus.', 'Skaitmeninis seksualinis išnaudojimas, pvz., platinant nuogo kito asmens nuotraukas be to asmens sutikimo, taip pat yra viena seksualinio smurto formų.', 'Daugiau iš Dinutvei.no (norvegų kalba)', 'Psichologinis smurtas', 'Psichologinis smurtas gali būti įvairių formų, kartais jį yra sunku įvardinti žodžiais. Keletas įprastų požymių yra kontroliavimas, manipuliavimas, nuolatinė kritika. Dažnai psichologinis smurtas yra sisteminio pobūdžio, o laikui bėgant, vienas žmogus priverčia kitą jaustis beverčiu ar nesaugiu.', 'Manoma, kad psichologinis smurtas dažnai pasitaiko artimoje aplinkoje, pavyzdžiui, tėvų psichologinis smurtas prieš vaikus arba sutuoktinio psichologinis smurtas prieš savo partnerį. Dažniausiai kalbame apie psichologinį smurtą artimoje aplinkoje, tačiau ir patyčias galima laikyti psichologinio smurto forma.', 'Nepriežiūra', 'Nepriežiūra reiškia, kad nėra patenkinami pagrindiniai žmogaus poreikiai. Tai smurto forma santykiuose, kai vienas asmuo yra atsakingas už kitą – pavyzdžiui, kai tėvai rūpinasi vaikais, arba kai suaugę vaikai rūpinasi senstančiais tėvais, arba kai institucija yra atsakinga už asmenį su negalia.', 'Pagrindiniai asmens poreikiai gali būti fiziniai (pvz., maisto, švarių drabužių, fizinio saugumo ar vaistų poreikis) arba psichiniai.', 'Neigiama socialinė kontrolė', 'Įvairios invazinės ar neigiamos socialinės kontrolės formos gali būti vertinamos kaip smurtas, grasinimai ir prievarta. Jos naudojamos, siekiant užtikrinti, kad asmenys gyventų pagal šeimos ar grupės normas; tai yra, pvz., smurtas dėl įžeistos garbės, priverstinė santuoka, moterų lytinių organų apipjaustymas.', 'Kaip smurtas veikia sveikatą?', 'Smurtas aukos sveikatai gali pakenkti įvairiais būdais. Svarbu pabrėžti, kad ne visoms smurto aukoms kyla sveikatos problemų: daugeliui viskas klostosi gerai. Nepaisant to, smurtas didina riziką atsirasti įvairioms fizinės ir psichinės sveikatos problemoms.', 'Smurtas ir fizinė sveikata', 'Tiesioginė smurto pasekmė gali būti fiziniai sužalojimai, tokie kaip sulaužyti šonkauliai, mėlynės, žaizdos ar vidiniai sužalojimai.', 'Pastaruoju metu atsiranda vis daugiau žinių apie ryšį tarp smurto poveikio ir fizinės sveikatos. Dažnai pasitaikančių fizinės sveikatos problemų, tokių kaip galvos skausmas, pilvo skausmas, pykinimas, galvos svaigimas ir raumenų skausmas dažniau kyla smurto aukoms nei žmonėms, nepatyrusiems smurto. Sunkios fizinės ligos, tokios kaip diabetas, širdies ir kraujagyslių ligos ir vėžys taip pat dažniau pasitaiko tarp smurto aukų. Taigi smurtas gali labai visapusiškai ir stipriai paveikti sveikatą.', 'Asmenys, patyrę smurtą tiek vaikystėje, tiek suaugę, turi didesnę riziką turėti sveikatos problemų nei tie, kurie su smurtu susiduria tik vaikystėje arba tik suaugę. Patiriant daug įvairių rūšių smurto, padidėja ir sveikatos problemų rizika.', 'Smurtas ir psichikos sveikata', 'Asmenims, patyrusiems smurtą, yra didesnė rizika išgyventi depresiją ir nerimą. Ilgalaikis, didelio masto smurtas, pavyzdžiui, vaikui augant su labai smurtaujančiu ir kontroliuojančiu tėvu, gali sukelti sudėtingą psichologinę žalą. Smurto aukoms taip pat yra didesnė piktnaudžiavimo alkoholiu ir kitais svaigalais rizika. Smurtas yra glaudžiai susijęs su savęs žalojimu, įskaitant bandymus nusižudyti.', 'Praneškite apie smurtą ir išnaudojimą', 'Jei esate smurto ir išnaudojimo auka, jums gali būti suteikta pagalba. Pakalbėjus apie tai, ką patyrėte, su patikimu žmogumi, bus paprasčiau kreiptis pagalbos.', 'Sužinojęs, kad kažkas patiria ar gali patirti smurtą ar išnaudojimą, galite padėti. Kai kuriais atvejais jums galioja įstatymo numatyta pareiga užkirstikelią (norvegų kalba) smurtui ir išnaudojimui.', 'Smurtiniams ir seksualiniams nusikaltimams galite užkirsti kelią, pranešdami apie juos policijai ar vaiko gerovės tarnyboms arba padėdami aukai užsitikrinti saugumą, pavyzdžiui, krizių centre, ligoninėje ar kitoje saugioje vietoje. Daugeliu atvejų apie savo susirūpinimą galima pranešti ar jį aptarti anonimiškai.', 'Skambinkite vaikų ir paauglių pagalbos telefonu 116 111', 'Pagalbos karštoji linija yra nemokamas pagalbos telefonas vaikams ir jaunuoliams, nukentėjusiems nuo smurto, prievartos ar nepriežiūros. Karštosios linijos telefonas veikia visą parą. Taip pat galite susisiekti per gyvo pokalbio programėlę („chat“), SMS žinute ar el. paštu.', 'Vaikai gali skambinti, jei jie yra skriaudžiami, o suaugusieji gali skambinti, jei jiems reikia patarimų arba jei jie žino apie vaikus, kurie yra skriaudžiami.', 'Skambinkite į vietinį skubios medicininės pagalbos skyrių 116 117', 'Jei patyrėte smurtą ar seksualinį išnaudojimą, pagalbos taip pat galite kreiptis į vietinį skubios medicininės pagalbos skyrių. Skubios medicininės pagalbos skyrius jums gali patarti ir padėti susisiekti su artimiausiu seksualinio išnaudojimo priėmimo centru', 'Kitos vietos, kuriose galima gauti pagalbos ir palaikymo', 'Susisiekite su savo šeimos gydytoju', 'Apie smurtą ir išnaudojimą galite pasikalbėti su savo šeimos gydytoju. Jūsų šeimos gydytojui taikomas konfidencialumo įsipareigojimas, ir jam be jūsų leidimo neleidžiama dalytis informacija apie jus su kitais asmenimis, nebent būtų iškilęs pavojus jūsų gyvybei ir sveikatai.', 'Jūsų šeimos gydytojas dažnai gerai žino jūsų sveikatos ir gyvenimo situaciją, jis gali būti geras pokalbio partneris, nes turi bendravimo su žmonėmis, išgyvenančiais sunkumus, patirties.', 'Šeimos gydytojas prireikus pasiūlys vertėją žodžiu.', 'Jei reikia, šeimos gydytojas gali jus nukreipti kitam specialistui arba jus informuoti, kur galėtumėte gauti pagalbos, pavyzdžiui, krizių centre ar šeimos konsultavimo centre.', 'Šeimos konsultavimo tarnyba', 'Šeimos konsultavimo tarnyba yra lengvai prieinama paslauga šeimoms, patiriančioms sunkumų, konfliktų ar krizių šeimoje. Tėvai gali patys užsiregistruoti į vizitą, gydytojo siuntimas nėra būtinas. Visose apskrityse veikia šeimos konsultavimo biurai, ši paslauga yra nemokama.', 'Arias, I., Leeb, R.T., Melanson, C., Paulozzi, L.J. and Simon, T.R., 2008. Child maltreatment surveillance; uniform definitions for public health and recommended data elements. Retrieved from https://stacks.cdc.gov/view/cdc/11493', 'Thoresen, S., & Hjemdal, O. K. Vold og voldtekt i Norge. En nasjonal forekomststudie av vold i et livsløpsperspektiv. Rapport 1/2014. Nasjonalt kunnskapssenter om vold og traumatisk stress.', 'WHO. World Report on Violence and Health. Geneva: World Health Organization; 2002.', 'Aakvaag HF, Strøm IF. Vold i oppveksten: Varige spor? En longitudinell undersøkelse av reviktimisering, helse, rus og sosiale relasjoner hos unge utsatt for vold i barndommen. Nasjonalt kunnskapssenter om vold og traumatisk stress A/S, Rapport. 2019;1.', 'Nasjonalt kunnskapssenter om vold og traumatisk stress. Smurtas ir išnaudojimas. [Internet]. Oslo: The Directorate of e-health; updated 2022 m. rugsėjo 5 d., pirmadienis [retrieved 2023 m. gruodžio 27 d., trečiadienis]. Available from: https://www.helsenorge.no/lt/psykisk-helse/vold-og-overgrep/']","['Er du eller andre i akutt fare? Da må du ringe politiets nødnummer 112.', 'Hva er vold?', 'Vold kan være fysisk, seksuell og psykisk. I tillegg regnes omsorgssvikt som en form for vold.', 'Vold kan skje i alle slags situasjoner der mennesker er sammen: i hjemmet, på skolen, på jobben, i taxikøen eller ute på gata. Vold kan forekomme mellom fremmede, mellom bekjente eller på arbeidsplassen.', 'Både menn og kvinner utsettes for vold, men det er kjønnsforskjeller i hvilken type vold man utsettes for. Menn er mer utsatt for fysisk vold utenfor nære relasjoner enn kvinner. Kvinner er mer utsatt for alvorlig partnervold og for seksuelle overgrep enn menn.', 'Vold kan forekomme når som helst i livet. De som utsettes for vold som barn, er mer utsatt for vold som voksne (ofte kalt reviktimisering). En god del eldre utsettes også for vold, og vold mot eldre forekommer ofte i nære relasjoner.', 'Årsakene til vold og overgrep er sammensatte, men det ser ut til at dårlig økonomi, levekårsutfordringer, funksjonsnedsettelser og rusproblemer kan øke risikoen.', 'Vold i nære relasjoner', 'Vold som skjer mellom familiemedlemmer, partnere eller andre nærstående, kalles for vold i nære relasjoner. Vold i nære relasjoner kan være ekstra vanskelig fordi den som utøver volden er en viktig person i livet til den som utsettes. Det kan også være vanskeligere å slippe unna volden. Vold i nære relasjoner innebærer ofte at den som er utsatt ikke er trygg i sitt eget hjem.', 'Fysisk vold', 'Fysisk vold er bruk av fysisk makt for å skade eller kontrollere et annet menneske. Det kan være slag, spark, å ta kvelertak, å kaste gjenstander på den andre, å brenne den andre med sigaretter eller en rekke andre handlinger. Det å true noen med våpen kan også sees som en fysisk voldshandling.', 'Fysisk avstraffelse i oppdragelse er forbudt i Norge og regnes som en form for fysisk vold mot barn.', 'Seksuell vold', 'Seksuell vold er alle former for tvang til seksuelle handlinger. Det omfatter voldtekt, der en person tvinges til seksuell omgang, som samleie, men også andre former for seksuelle overgrep eller krenkelser, som tvunget beføling. Voldtekt og andre seksuelle overgrep kan skje i en rekke ulike relasjoner, inkludert i parforhold.', 'Overgrep mot barn trenger ikke innebære tvang for at det skal regnes som seksuell vold. Når en voksen bruker den makt som ligger i alder for å ha seksuell omgang med et barn, er det uansett et overgrep. I tillegg kan barn utsette andre barn for overgrep.', 'Digitale seksuelle overgrep, som det å dele nakenbilder av en annen uten den personens samtykke, er også en form for seksuell vold.', 'Mer fra Dinutvei.no', 'Psykisk vold', 'Psykisk vold kan ta mange former og kan være vanskelig å sette ord på. Kontroll, manipulasjon og stadig kritikk er noen vanlige kjennetegn. Ofte er psykisk vold et mønster, der en person over tid får den andre til å føle seg verdiløs eller i fare.', 'Psykisk vold regnes ofte for å forekomme i nære relasjoner, for eksempel foreldres psykiske vold mot barn, eller en ektefelles psykiske vold mot partneren. Vi snakker oftest om psykisk vold i nære relasjoner, men man kan også se mobbing som en form for psykisk vold.', 'Omsorgssvikt', 'Omsorgssvikt betyr at en person ikke får sine grunnleggende behov oppfylt. Dette er en voldsform man kan finne i relasjoner der én person har ansvar for en annen – for eksempel har foreldre omsorg for barn, voksne barn kan ha omsorg for aldrende foreldre, eller en institusjon kan ha ansvar for en person med funksjonsnedsettelse.', 'Grunnleggende behov kan være fysiske (som behov for mat, rene klær, fysisk sikkerhet eller medisiner) eller psykiske.', 'Negativ sosial kontroll', 'Ulike former for inngripende eller negativ sosial kontroll kan sees som vold, trusler og tvang. Dette kan utøves for å sikre at enkeltpersoner lever i tråd med familiens eller gruppens normer, som for eksempel ved æresrelatert vold, tvangsekteskap og kjønnslemlestelse.', 'Hvordan påvirker vold helsen?', 'Vold kan skade helsen til den som utsettes på mange ulike måter. Det er viktig å påpeke at ikke alle voldsutsatte sliter med helsen, og at mange klarer seg bra. Likevel øker vold risikoen for en rekke fysiske og psykiske helseplager.', 'Vold og fysisk helse', 'En direkte konsekvens av vold kan være fysiske skader, som brukne ribbein, blåmerker, sår eller indre skader.', 'I senere tid har det kommet stadig mer kunnskap om sammenhengen mellom voldsutsatthet og fysisk helse. Vanlige fysiske helseplager, som hodepine, magesmerter, kvalme, svimmelhet og muskelsmerter, er vanligere hos voldsutsatte enn hos mennesker som ikke har opplevd vold. Alvorlige fysiske sykdommer som diabetes, hjerte- og karsykdommer og kreft er også vanligere hos voldsutsatte. Vold kan altså påvirke helse på en svært bred og omfattende måte.', 'De som er utsatt for vold både i barndommen og i voksen alder har høyere risiko for å få helseproblemer enn de som er utsatt enten kun i barndommen eller kun i voksen alder. Det å oppleve mange ulike voldstyper øker også risikoen for helseproblemer.', 'Vold og psykisk helse', 'Det er økt risiko for å slite med depresjon og angst hos de som er utsatt for vold. Langvarig, alvorlig vold, som det å vokse opp med en svært voldelig og kontrollerende forelder, kan gi komplekse psykiske skader. Voldsutsatte har også økt risiko for å misbruke alkohol og andre rusmidler. Det er en sterk sammenheng mellom vold og selvskadende handlinger, inkludert selvmordsforsøk.', 'Vold og overgrep kan føre til symptomer på posttraumatisk stress (PTSD). Slike symptomer kan være at vonde minner gjenoppleves på en ubehagelig måte, at man forsøker å unngå situasjoner som minner en om volden, og at humør, tanker og stress endrer seg til det negative.', 'Meld fra om vold og overgrep', 'Er du utsatt for vold og overgrep, finnes det hjelp. Å snakke om det du har opplevd med noen du har tillit til, kan bidra til at det blir lettere å søke hjelp.', 'Får du vite om at noen blir eller kan bli utsatt for vold eller overgrep, har du mulighet til å hjelpe. I noen tilfeller kan du også ha en lovpålagt plikt til å forhindre at det skjer.', 'Du kan avverge vold- og seksuallovbrudd ved å melde fra til politiet eller barnevernet, eller ved å hjelpe den som er utsatt i sikkerhet, for eksempel på et krisesenter, sykehus eller et annet trygt sted. I mange tilfeller er det mulig å melde eller diskutere sin bekymring anonymt.', 'Ring lokal legevakt 116 117', 'Har du blitt utsatt for vold eller seksuelle overgrep, kan du også kontakte lokal legevakt for å få hjelp. Legevakten kan gi deg råd og sette deg i kontakt med nærmeste overgrepsmottak.', 'Andre steder du kan få hjelp og støtte', 'Ta kontakt med fastlegen din', 'Du kan snakke med fastlegen din om vold og overgrep. Fastlegen har taushetsplikt, og har ikke lov til å dele opplysninger om deg med andre uten at du gir tillatelse til det eller det er fare for liv og helse.', 'Fastlegen har ofte god oversikt over din helse- og livssituasjon, kan være en god samtalepartner og har erfaring med å møte mennesker som har det vanskelig.', 'Fastlegen tilbyr tolk når det er behov for det.', 'Fastlegen kan henvise deg til annen behandling hvis det er behov for det, eller fortelle deg om andre steder du kan få hjelp, som krisesenter eller familievernkontor.', 'Familieverntjenesten', 'Familieverntjenesten er et lavterskeltilbud for familier som opplever vansker, konflikter eller kriser i familien. Foreldrene kan selv bestille time, og henvisning fra lege er ikke nødvendig. Det finnes familievernkontorer i alle fylker, og tilbudet er gratis.', 'TryggEst', 'TryggEst skal bidra til å forhindre, avdekke og håndtere vold og overgrep mot voksne mennesker som i liten eller ingen grad er i stand til å beskytte seg selv.', 'Kommunene som har innført TryggEst har egne TryggEst-team du kan kontakte hvis du er bekymret for en risikoutsatt person. Også personer som selv er utsatt for vold eller overgrep kan kontakte TryggEst-teamet direkte.', 'Skeiv og voldsutsatt?', 'Likestillingssenteret KUN har laget en brosjyre for skeive som blir utsatt for vold i nære relasjoner. Her finner du informasjon om vold i nære relasjoner, og kontaktinformasjon til hjelpetjenester for skeive.', 'Støttesenter for kriminalitetsutsatte', 'Har du vært utsatt for vold, seksuelle overgrep eller krenkelser av din personlige frihet? Da kan du få hjelp og veiledning ved et støttesenter for kriminalitetsutsatte. Støttesentrene kan hjelpe deg med:', 'Arias, I., Leeb, R.T., Melanson, C., Paulozzi, L.J. and Simon, T.R., 2008. Child maltreatment surveillance; uniform definitions for public health and recommended data elements. Retrieved from https://stacks.cdc.gov/view/cdc/11493', 'Thoresen, S., & Hjemdal, O. K. Vold og voldtekt i Norge. En nasjonal forekomststudie av vold i et livsløpsperspektiv. Rapport 1/2014. Nasjonalt kunnskapssenter om vold og traumatisk stress.', 'WHO. World Report on Violence and Health. Geneva: World Health Organization; 2002.', 'Aakvaag HF, Strøm IF. Vold i oppveksten: Varige spor? En longitudinell undersøkelse av reviktimisering, helse, rus og sosiale relasjoner hos unge utsatt for vold i barndommen. Nasjonalt kunnskapssenter om vold og traumatisk stress A/S, Rapport. 2019;1.', 'Nasjonalt kunnskapssenter om vold og traumatisk stress. Vold og overgrep. [Internett]. Oslo: Direktoratet for e-helse; oppdatert mandag 5. september 2022 [hentet onsdag 27. desember 2023]. Tilgjengelig fra: https://www.helsenorge.no/psykisk-helse/vold-og-overgrep/']"
088327f564356bc1a72aba5fc38550e8d80908ec,210cd1dfe1f5f2b19b801aee6d47dff4cb86c375,https://www.helsenorge.no/nn/behandling-i-utlandet/personer-som-kan-motta-planlagt-behandling-i-eo-omradet/,https://www.helsenorge.no/behandling-i-utlandet/personer-som-kan-motta-planlagt-behandling-i-eo-omradet/,['Helfo. Personer som kan motta planlagt behandling i EU/EØS-området. [Internett]. Oslo: Direktoratet for e-helse; oppdatert tysdag 1. februar 2022 [henta onsdag 27. desember 2023]. Tilgjengeleg frå: https://www.helsenorge.no/nn/behandling-i-utlandet/personer-som-kan-motta-planlagt-behandling-i-eo-omradet/'],['Helfo. Personer som kan motta planlagt behandling i EU/EØS-området. [Internett]. Oslo: Direktoratet for e-helse; oppdatert tirsdag 1. februar 2022 [hentet onsdag 27. desember 2023]. Tilgjengelig fra: https://www.helsenorge.no/behandling-i-utlandet/personer-som-kan-motta-planlagt-behandling-i-eo-omradet/']
abef7fbb3cb037ceb46582dd6fc069842b7d4ded,aa7afb2ed6db504d82b8726fed5784f6a1765777,https://www.helsenorge.no/en/poison-information/planter-og-bar-a-a/groblad/,https://www.helsenorge.no/en/poison-information/planter-og-bar-a-a/firblad/,"['Symptom ved forgiftning med groblad', 'Groblad er lite farleg, og vi forventar ikkje symptom om du tek ein liten smak.', 'Førstehjelp ved uhell med groblad', 'Fjern planterestar frå munnen.', 'Gi gjerne litt å drikke for å fjerne restar eller ubehageleg smak frå munnen.', 'Skildring av groblad', '\u200bGroblad er ei fleirårig plante med snaue til småhåra, eggeforma til eliptiske, mørkegrøne blad. Ho kan bli opptil 50 cm. Stengelen er rett og seig, med tett aks. I Noreg er groblad vanleg ugras ved vegar og tun, og på havstrender.', 'The Norwegian Poisons Information Centre. Groblad. [Internet]. Oslo: The Directorate of e-health; updated Thursday, May 6, 2021 [retrieved Wednesday, December 27, 2023]. Available from: https://www.helsenorge.no/en/poison-information/planter-og-bar-a-a/groblad/']","['Førstehjelp ved forgiftning med firblad', 'Kontakt Giftinformasjonen (22 59 13 00) dersom barnet ditt har spist flere enn 5 bær fra firblad eller andre deler av planten', 'Beskrivelse av firblad', '\u200bFirblad er en viltvoksende plante som blir 20–40 cm høy. Den har opprettet stengel med normalt fire eggformede blader i en krans ovenfor midten. Hver plante får ett blåsort bær med diameter på cirka 10–15 mm. Inni hvert bær er det mange frø.', 'The Norwegian Poison Information Centre offers a helpline to provide assistance when needed', 'The Norwegian Poisons Information Centre. Firblad. [Internet]. Oslo: The Directorate of e-health; updated Monday, March 22, 2021 [retrieved Wednesday, December 27, 2023]. Available from: https://www.helsenorge.no/en/poison-information/planter-og-bar-a-a/firblad/']"
1e94332b16e274f128b99d47d7e16519942bbe12,4aae7cb554cad4b7bc3f456d0c367e74fb00bda6,https://www.helsenorge.no/nn/giftinformasjon/produkter-og-kjemikalier/fest-og-hoytid/,https://www.helsenorge.no/giftinformasjon/produkter-og-kjemikalier/fest-og-hoytid/,['Giftinformasjonen. Fyrverkeri og stjerneskudd kan gi forgiftning. [Internett]. Oslo: Direktoratet for e-helse; oppdatert fredag 22. desember 2023 [henta onsdag 27. desember 2023]. Tilgjengeleg frå: https://www.helsenorge.no/nn/giftinformasjon/produkter-og-kjemikalier/fest-og-hoytid/'],['Giftinformasjonen. Fyrverkeri og stjerneskudd kan gi forgiftning. [Internett]. Oslo: Direktoratet for e-helse; oppdatert fredag 22. desember 2023 [hentet onsdag 27. desember 2023]. Tilgjengelig fra: https://www.helsenorge.no/giftinformasjon/produkter-og-kjemikalier/fest-og-hoytid/']
c994e826da1a53036091d7672518a35618faac8a,b89623151c58969b764a337752871266569e4c30,https://www.helsenorge.no/lt/sykdom/infeksjon-og-betennelse/apekopper/,https://www.helsenorge.no/sykdom/infeksjon-og-betennelse/apekopper/,"['Kokie yra beždžionių raupų simptomai?', 'Testavimas, tyrimas ir gydymas', 'Beždžionių raupus sukelia virusas (monkeypoxvirus), ligai būdingi simptomai yra karščiavimas ir bėrimas. Yra žinoma, jog šia liga kai kuriose Afrikos šalyse žmonės užsikrečia nuo gyvūnų.', 'Dabartinio protrūkio (nustatyto 2022 m. gegužės mėn.) metu matome, kad užkratas plinta tarp žmonių per glaudų kontaktą su bėrimais, kūno skysčiais ir lašeliais. Lytinis kontaktas su užsikrėtusiu asmeniu kelia didesnę riziką ir yra dažniausias užsikrėtimo būdas dabartinio protrūkio metu, kol kas dažniausiai paplitęs tarp vyrų. Bučiavimasis taip pat gali sukelti infekcijos riziką. Kad žmogus užsikrėstų lašeliniu būdu, paprastai reikia artimo ilgos trukmės (kelių valandų) kontakto.', 'Virusas spermoje aptinkamas dar kurį laiką po to, kai žmogus pasveiksta. Neaišku, ar tai gyvas, ar negyvas virusas, taigi išlieka užkrėtimo rizika. Todėl lytinių santykių metu rekomenduojama naudoti prezervatyvą 12 savaičių po pasveikimo.', 'Kiek laiko galite būti užsikrėtęs, kol pasireiškia simptomai?', 'Laikas nuo užsikrėtimo iki simptomų atsiradimo yra 5-21 diena (paprastai 6-13 dienų).', 'Kokie yra beždžionių raupų simptomai?', 'Pirmieji simptomai paprastai yra karščiavimas, nuovargis ir galvos skausmas. Dažnai pasireiškia raumenų skausmas ir sąstingis. Kai kuriems žmonėms padidėja limfmazgiai, tuo pat metu arba šiek tiek vėliau atsiranda niežtintis ar/ arba skausmingas bėrimas. Bėrimas virsta pūslelėmis, ant kurių užsideda plutelė, kuri vėliau išsausėja ir nukrenta. Gali likti randai.', 'Dabartinio protrūkio (nustatyto 2022 m. gegužės mėn.) metu bėrimas daugeliui pirmiausiai prasidėjo aplink lytinius organus ir sėdmenų bei tiesiosios žarnos srityje. Bėrimas gali prasidėti ir ant veido arba burnoje, gali išplisti ant viso kūno ir priminti vėjaraupius. Kai kuriems bėrimas taip pat atsiranda ant delnų ir pėdų. Bėrimas gali būti ir nedidelis, gali atsirasti tik kelios pūslelės arba žaizdelės, jis gali būti panašus į, be kita ko, pūslelinės (herpes) virusą.', 'Jeigu asmuo turėjo daug arba naujų seksualinių partnerių, jis turėtų ypač stebėti, ar nepasireiškia simptomai – karščiavimas, raumenų skausmai, padidėję limfmazgiai, galvos skausmas, ir ar neatsirado žaizdelių ar pūslelių.', 'Liga paprastai trunka nuo 2 iki 4 savaičių. Asmuo gali užkrėsti kitus nuo simptomų atsiradimo iki kol nukrenta plutelė ir po ja užauga nauja oda (apie 3 savaites).', 'Beždžionių raupais užsikrėtęs arba įtariantis, jog gali būti užsikrėtęs, asmuo turėtų vengti kontakto su kitais.', 'Testavimas, tyrimas ir gydymas', 'Jei pajutote simptomus ir įtariate, kad galėjote turėti sąlytį su žmonėmis, sergančiais beždžionių raupais, svarbu kreiptis į gydytoją, kad jums užsakytų testą. Kol nepasireiškė simptomai, neįmanoma atlikti testo ir patikrinti, ar nesergate beždžionių raupais.', 'Daugumai žmonių nereikia jokio gydymo, išskyrus simptomų malšinimą vaistais nuo karščiavimo ar skausmo. Tik retais atvejais sergama sunkiai.', 'Kai kada ligonį gali reikėti hospitalizuoti. Tyrimas, testavimas ir gydymas nieko nekainuoja.', 'Vakcina', 'Vakcina nuo beždžionių raupų yra trečiosios kartos raupų vakcina. Patirtis naudojant šią vakciną nėra didelė, bet ja galima skiepyti tiek užsikrėtusius, tiek neužsikrėtusius asmenis. Manoma, kad ji gali suteikti apsaugą nuo ligos ir sunkios ligos eigos.', 'Kol kas galimybės gauti vakciną pasaulyje yra labai ribotos, todėl būtina nustatyti griežtus prioritetus ir nuolat vertinti, kaip naudojamos turimos dozės.', 'Folkehelseinstituttet, Helsedirektoratet. Beždžionių raupai. [Internet]. Oslo: The Directorate of e-health; updated 2022 m. rugpjūčio 29 d., pirmadienis [retrieved 2023 m. gruodžio 27 d., trečiadienis]. Available from: https://www.helsenorge.no/lt/sykdom/infeksjon-og-betennelse/apekopper/']","['Mpox (apekopper) skyldes et virus (monkeypoxvirus), og gir sykdom med feber og utslett. Sykdommen er kjent for å smitte fra dyr til mennesker i enkelte afrikanske land.', 'Hvordan smitter mpox (apekopper)?', 'I det pågående utbruddet (oppdaget i mai 2022) ser vi smitte mellom mennesker via tett kontakt med utslett, kroppsvæsker og dråper. Seksuell kontakt med en smittet innebærer økt risiko, og er vanligste smittemåte i det pågående utbruddet, som så langt hovedsakelig har rammet menn. Kyssing kan også medføre risiko for smitte. For at dråpesmitte skal forekomme, kreves det vanligvis tett kontakt over lengre tid (timer).', 'Det er påvist virus i sæd i lengre tid etter man har blitt frisk. Det er usikkert om dette representerer levende eller dødt virus og dermed representerer en smitterisiko. Det anbefales derfor å bruke kondom ved samleie i 12 uker etter man har blitt frisk.', 'Hvor lenge kan du være smittet før du utvikler symptomer?', 'Tiden fra smitte til symptomer oppstår er 5-21 dager (vanligvis 6-13 dager).', 'Hva er symptomene på mpox (apekopper)?', 'De første symptomene er vanligvis feber, tretthet og hodepine. Muskelsmerte og stivhet er vanlig. En del utvikler deretter hovne lymfeknuter, og samtidig eller etter noen dager utvikles det kløende og/eller smertefullt utslett. Utslettet utvikles til blemmer, som får skorpedannelse og som deretter tørker inn og faller av. Det kan oppstå arrdannelser.', 'I det pågående utbruddet (oppdaget i mai 2022) har utslettet hos mange startet rundt kjønnsorganene og i sete- og endetarmsregionen. Utslettet kan også starte i ansiktet eller i munnen og kan spre seg til resten av kroppen, og kan da minne om vannkopper. Noen får også utslett i håndflater og fotsåler. Utslettet kan være sparsomt, med bare noen få og små blemmer eller sår, og kan ligne på blant annet herpes.', 'Dersom du har hatt mange eller nye seksualpartnere bør du være særlig oppmerksom på symptomer – både feber, muskelsmerter, hovne lymfeknuter, hodepine og hvis det oppstår sår eller blemmer.', 'Sykdomsforløpet varer normalt 2 til 4 uker. Du er smittsom fra symptomstart til skorpene har falt av og det er dannet ny hud under (ca. 3 uker).', 'Hvis du er smittet med mpox (apekopper) eller mistenker at du er smittet, bør du unngå nærkontakt med andre.', 'Testing, undersøkelse og behandling', 'Det er viktig å kontakte lege som kan bestille test hvis du opplever symptomer og mistenker at du kan ha vært i kontakt med personer som har apekopper. Det er ikke mulig å ta test for å sjekke om du har sykdommen før du har symptomer.', 'De fleste trenger ingen behandling utover eventuell symptomlindring som febernedsettende/smertelindrende medisin. Det er kun i sjeldne tilfeller man ser alvorlig sykdom.', 'I noen tilfeller kan det være aktuelt med innleggelse på sykehus. Undersøkelse, testing og behandling er gratis.', 'Vaksine', 'Vaksinen som brukes mot mpox (apekopper) er en tredjegenerasjons koppevaksine. Det er lite erfaring med bruk av denne vaksinen, men den kan gis både før og etter smitte, og det antas at den kan forebygge sykdom og alvorlig sykdomsforløp.', 'Foreløpig er det svært begrenset tilgang på vaksinen globalt, dermed er det nødvendig med en streng prioritering og fortløpende vurderinger rundt bruken av de tilgjengelige dosene.']"
0b9a2d199a93c9094f06d101eee95240ea8a1f56,120bbb64e74d65ff9566c2b43cc26f7585faa0f3,https://www.helsenorge.no/nn/rettigheter/sykehus-og-spesialist/,https://www.helsenorge.no/rettigheter/sykehus-og-spesialist/,['Norsk helsenett. Rettigheter på sykehus og i spesialisthelsetjenesten. [Internett]. Oslo: Direktoratet for e-helse; oppdatert torsdag 15. april 2021 [henta onsdag 27. desember 2023]. Tilgjengeleg frå: https://www.helsenorge.no/nn/rettigheter/sykehus-og-spesialist/'],['Norsk helsenett. Rettigheter på sykehus og i spesialisthelsetjenesten. [Internett]. Oslo: Direktoratet for e-helse; oppdatert torsdag 15. april 2021 [hentet onsdag 27. desember 2023]. Tilgjengelig fra: https://www.helsenorge.no/rettigheter/sykehus-og-spesialist/']
a38b4b0530ff7f21276fff0bc03c2757a752e059,5b1e55a589b1160aff85ac271060c7f214896ce3,https://www.helsenorge.no/nn/giftinformasjon/hund-og-katt/notter/,https://www.helsenorge.no/giftinformasjon/hund-og-katt/notter/,"['Kontakt din veterinær ved forgiftninger hos dyr', 'Giftinformasjonen. Nøtter kan gi forgiftning hos hund. [Internett]. Oslo: Direktoratet for e-helse; oppdatert tysdag 22. mars 2022 [henta onsdag 27. desember 2023]. Tilgjengeleg frå: https://www.helsenorge.no/nn/giftinformasjon/hund-og-katt/notter/']","['Kontakt din veterinær ved forgiftninger hos dyr', 'Giftinformasjonen. Nøtter kan gi forgiftning hos hund. [Internett]. Oslo: Direktoratet for e-helse; oppdatert tirsdag 22. mars 2022 [hentet onsdag 27. desember 2023]. Tilgjengelig fra: https://www.helsenorge.no/giftinformasjon/hund-og-katt/notter/']"
cc9d4952ee571a23be2c2f9c4c5afdcdf1cc9510,510e73349a8126fcaac2562a989790fa5ba4156b,https://www.helsenorge.no/nn/hjelpetilbud-i-kommunene/helsestasjon-0-5-ar/6-manederskontroll/,https://www.helsenorge.no/nn/hjelpetilbud-i-kommunene/helsestasjon-0-5-ar/4-manederskontroll/,['Helsedirektoratet. Konsultasjon når barnet er 6 måneder. [Internett]. Oslo: Direktoratet for e-helse; oppdatert måndag 28. august 2023 [henta onsdag 27. desember 2023]. Tilgjengeleg frå: https://www.helsenorge.no/nn/hjelpetilbud-i-kommunene/helsestasjon-0-5-ar/6-manederskontroll/'],"['Undersøkelser', 'Barnets hodeomkrets, vekt og lengde blir målt. Barnets generelle utvikling blir undersøkt. Det innebærer at helsesykepleier undersøker barnets kropp, hørsel/syn, språk, kontakt og bevegelser. Barnet blir observert og undersøkt uten klær.', 'Forberedelse', 'Helsestasjonen er opptatt av hvordan du og barnet ditt har det. Om du har noen spørsmål eller noe du ønsker å fortelle, kan du ta dette opp i konsultasjonen. Skriv gjerne ned hva du lurer på.', 'Helsedirektoratet. Konsultasjon når barnet er 4 måneder . [Internett]. Oslo: Direktoratet for e-helse; oppdatert onsdag 23. august 2023 [henta onsdag 27. desember 2023]. Tilgjengeleg frå: https://www.helsenorge.no/nn/hjelpetilbud-i-kommunene/helsestasjon-0-5-ar/4-manederskontroll/']"
cc9d4952ee571a23be2c2f9c4c5afdcdf1cc9510,88b3b3430c28b7de801c51ce15269898d30faf07,https://www.helsenorge.no/nn/hjelpetilbud-i-kommunene/helsestasjon-0-5-ar/6-manederskontroll/,https://www.helsenorge.no/hjelpetilbud-i-kommunene/helsestasjon-0-5-ar/6-manederskontroll/,['Helsedirektoratet. Konsultasjon når barnet er 6 måneder. [Internett]. Oslo: Direktoratet for e-helse; oppdatert måndag 28. august 2023 [henta onsdag 27. desember 2023]. Tilgjengeleg frå: https://www.helsenorge.no/nn/hjelpetilbud-i-kommunene/helsestasjon-0-5-ar/6-manederskontroll/'],['Helsedirektoratet. Konsultasjon når barnet er 6 måneder. [Internett]. Oslo: Direktoratet for e-helse; oppdatert mandag 28. august 2023 [hentet onsdag 27. desember 2023]. Tilgjengelig fra: https://www.helsenorge.no/hjelpetilbud-i-kommunene/helsestasjon-0-5-ar/6-manederskontroll/']
cc9d4952ee571a23be2c2f9c4c5afdcdf1cc9510,c055ce05b413c43539e55392b43a13e7dc296fd8,https://www.helsenorge.no/nn/hjelpetilbud-i-kommunene/helsestasjon-0-5-ar/6-manederskontroll/,https://www.helsenorge.no/nn/hjelpetilbud-i-kommunene/helsestasjon-0-5-ar/8-manederskontroll/,['Helsedirektoratet. Konsultasjon når barnet er 6 måneder. [Internett]. Oslo: Direktoratet for e-helse; oppdatert måndag 28. august 2023 [henta onsdag 27. desember 2023]. Tilgjengeleg frå: https://www.helsenorge.no/nn/hjelpetilbud-i-kommunene/helsestasjon-0-5-ar/6-manederskontroll/'],"['Undersøkelser', 'Barnets hodeomkrets, vekt og lengde blir målt. Barnets generelle utvikling blir undersøkt. Det innebærer at helsesykepleier undersøker barnets kropp, hørsel/syn, språk, kontakt og bevegelser. Barnet blir observert og undersøkt uten klær.', 'Forberedelse', 'Helsestasjonen er opptatt av hvordan du og barnet ditt har det. Om du har noen spørsmål eller noe du ønsker å fortelle, kan du ta dette opp i konsultasjonen. Skriv gjerne ned hva du lurer på.', 'Helsedirektoratet. Konsultasjon når barnet er 8 måneder. [Internett]. Oslo: Direktoratet for e-helse; oppdatert måndag 28. august 2023 [henta onsdag 27. desember 2023]. Tilgjengeleg frå: https://www.helsenorge.no/nn/hjelpetilbud-i-kommunene/helsestasjon-0-5-ar/8-manederskontroll/']"
cc9d4952ee571a23be2c2f9c4c5afdcdf1cc9510,6c1dfbfd1f55224c7098a62297b68c9d691064c2,https://www.helsenorge.no/nn/hjelpetilbud-i-kommunene/helsestasjon-0-5-ar/6-manederskontroll/,https://www.helsenorge.no/nn/hjelpetilbud-i-kommunene/helsestasjon-0-5-ar/15-manederskontroll/,['Helsedirektoratet. Konsultasjon når barnet er 6 måneder. [Internett]. Oslo: Direktoratet for e-helse; oppdatert måndag 28. august 2023 [henta onsdag 27. desember 2023]. Tilgjengeleg frå: https://www.helsenorge.no/nn/hjelpetilbud-i-kommunene/helsestasjon-0-5-ar/6-manederskontroll/'],"['Undersøkelser', 'Barnets vekt og lengde blir målt. Barnets generelle utvikling blir undersøkt. Det innebærer at helsesykepleier undersøker barnets kropp, hørsel/syn, språk, kontakt og bevegelser. Barnet blir observert og undersøkt uten klær.', 'Helsedirektoratet. Konsultasjon når barnet er 15 måneder . [Internett]. Oslo: Direktoratet for e-helse; oppdatert måndag 28. august 2023 [henta onsdag 27. desember 2023]. Tilgjengeleg frå: https://www.helsenorge.no/nn/hjelpetilbud-i-kommunene/helsestasjon-0-5-ar/15-manederskontroll/']"
cc9d4952ee571a23be2c2f9c4c5afdcdf1cc9510,1ae119274d7591c38232ea45ee85daf6d0be16a0,https://www.helsenorge.no/nn/hjelpetilbud-i-kommunene/helsestasjon-0-5-ar/6-manederskontroll/,https://www.helsenorge.no/hjelpetilbud-i-kommunene/helsestasjon-0-5-ar/5-manederskontroll/,['Helsedirektoratet. Konsultasjon når barnet er 6 måneder. [Internett]. Oslo: Direktoratet for e-helse; oppdatert måndag 28. august 2023 [henta onsdag 27. desember 2023]. Tilgjengeleg frå: https://www.helsenorge.no/nn/hjelpetilbud-i-kommunene/helsestasjon-0-5-ar/6-manederskontroll/'],"['Undersøkelser', 'Barnets hodeomkrets, vekt og lengde blir målt. Barnets generelle utvikling blir undersøkt. Det innebærer at helsesykepleier undersøker barnets kropp, hørsel/syn, språk, kontakt og bevegelser. Barnet blir observert og undersøkt uten klær.', 'Helsedirektoratet. Konsultasjon når barnet er 5 måneder. [Internett]. Oslo: Direktoratet for e-helse; oppdatert mandag 28. august 2023 [hentet onsdag 27. desember 2023]. Tilgjengelig fra: https://www.helsenorge.no/hjelpetilbud-i-kommunene/helsestasjon-0-5-ar/5-manederskontroll/']"
cc9d4952ee571a23be2c2f9c4c5afdcdf1cc9510,a5734b3648e90c853404c7167c64b8cc0fa068ee,https://www.helsenorge.no/nn/hjelpetilbud-i-kommunene/helsestasjon-0-5-ar/6-manederskontroll/,https://www.helsenorge.no/hjelpetilbud-i-kommunene/helsestasjon-0-5-ar/3-manederskontroll/,['Helsedirektoratet. Konsultasjon når barnet er 6 måneder. [Internett]. Oslo: Direktoratet for e-helse; oppdatert måndag 28. august 2023 [henta onsdag 27. desember 2023]. Tilgjengeleg frå: https://www.helsenorge.no/nn/hjelpetilbud-i-kommunene/helsestasjon-0-5-ar/6-manederskontroll/'],"['Undersøkelser', 'Barnets hodeomkrets, vekt og lengde blir målt. Barnets generelle utvikling blir undersøkt. Det innebærer at helsesykepleier undersøker barnets kropp, hørsel/syn, blikkontakt, språk og bevegelser. Barnet blir observert og undersøkt uten klær.', 'Helsedirektoratet. Konsultasjon når barnet er 3 måneder. [Internett]. Oslo: Direktoratet for e-helse; oppdatert mandag 28. august 2023 [hentet onsdag 27. desember 2023]. Tilgjengelig fra: https://www.helsenorge.no/hjelpetilbud-i-kommunene/helsestasjon-0-5-ar/3-manederskontroll/']"
cc9d4952ee571a23be2c2f9c4c5afdcdf1cc9510,88303bc53f4d772751c1d237bd4a2324532cdefa,https://www.helsenorge.no/nn/hjelpetilbud-i-kommunene/helsestasjon-0-5-ar/6-manederskontroll/,https://www.helsenorge.no/nn/hjelpetilbud-i-kommunene/helsestasjon-0-5-ar/5-manederskontroll/,['Helsedirektoratet. Konsultasjon når barnet er 6 måneder. [Internett]. Oslo: Direktoratet for e-helse; oppdatert måndag 28. august 2023 [henta onsdag 27. desember 2023]. Tilgjengeleg frå: https://www.helsenorge.no/nn/hjelpetilbud-i-kommunene/helsestasjon-0-5-ar/6-manederskontroll/'],"['Undersøkelser', 'Barnets hodeomkrets, vekt og lengde blir målt. Barnets generelle utvikling blir undersøkt. Det innebærer at helsesykepleier undersøker barnets kropp, hørsel/syn, språk, kontakt og bevegelser. Barnet blir observert og undersøkt uten klær.', 'Helsedirektoratet. Konsultasjon når barnet er 5 måneder. [Internett]. Oslo: Direktoratet for e-helse; oppdatert måndag 28. august 2023 [henta onsdag 27. desember 2023]. Tilgjengeleg frå: https://www.helsenorge.no/nn/hjelpetilbud-i-kommunene/helsestasjon-0-5-ar/5-manederskontroll/']"
cc9d4952ee571a23be2c2f9c4c5afdcdf1cc9510,14752bc2d9a2fd195f3e757a308a86f105baf950,https://www.helsenorge.no/nn/hjelpetilbud-i-kommunene/helsestasjon-0-5-ar/6-manederskontroll/,https://www.helsenorge.no/nn/hjelpetilbud-i-kommunene/helsestasjon-0-5-ar/3-manederskontroll/,['Helsedirektoratet. Konsultasjon når barnet er 6 måneder. [Internett]. Oslo: Direktoratet for e-helse; oppdatert måndag 28. august 2023 [henta onsdag 27. desember 2023]. Tilgjengeleg frå: https://www.helsenorge.no/nn/hjelpetilbud-i-kommunene/helsestasjon-0-5-ar/6-manederskontroll/'],"['Undersøkelser', 'Barnets hodeomkrets, vekt og lengde blir målt. Barnets generelle utvikling blir undersøkt. Det innebærer at helsesykepleier undersøker barnets kropp, hørsel/syn, blikkontakt, språk og bevegelser. Barnet blir observert og undersøkt uten klær.', 'Helsedirektoratet. Konsultasjon når barnet er 3 måneder. [Internett]. Oslo: Direktoratet for e-helse; oppdatert måndag 28. august 2023 [henta onsdag 27. desember 2023]. Tilgjengeleg frå: https://www.helsenorge.no/nn/hjelpetilbud-i-kommunene/helsestasjon-0-5-ar/3-manederskontroll/']"
cc9d4952ee571a23be2c2f9c4c5afdcdf1cc9510,8cd8f20e9ef787c2d079c0ce0bd5c15f51f26f02,https://www.helsenorge.no/nn/hjelpetilbud-i-kommunene/helsestasjon-0-5-ar/6-manederskontroll/,https://www.helsenorge.no/hjelpetilbud-i-kommunene/helsestasjon-0-5-ar/8-manederskontroll/,['Helsedirektoratet. Konsultasjon når barnet er 6 måneder. [Internett]. Oslo: Direktoratet for e-helse; oppdatert måndag 28. august 2023 [henta onsdag 27. desember 2023]. Tilgjengeleg frå: https://www.helsenorge.no/nn/hjelpetilbud-i-kommunene/helsestasjon-0-5-ar/6-manederskontroll/'],"['Undersøkelser', 'Barnets hodeomkrets, vekt og lengde blir målt. Barnets generelle utvikling blir undersøkt. Det innebærer at helsesykepleier undersøker barnets kropp, hørsel/syn, språk, kontakt og bevegelser. Barnet blir observert og undersøkt uten klær.', 'Forberedelse', 'Helsestasjonen er opptatt av hvordan du og barnet ditt har det. Om du har noen spørsmål eller noe du ønsker å fortelle, kan du ta dette opp i konsultasjonen. Skriv gjerne ned hva du lurer på.', 'Helsedirektoratet. Konsultasjon når barnet er 8 måneder. [Internett]. Oslo: Direktoratet for e-helse; oppdatert mandag 28. august 2023 [hentet onsdag 27. desember 2023]. Tilgjengelig fra: https://www.helsenorge.no/hjelpetilbud-i-kommunene/helsestasjon-0-5-ar/8-manederskontroll/']"
cc9d4952ee571a23be2c2f9c4c5afdcdf1cc9510,88310c465ae6a6d9647be1087e03e1c9b2706bb9,https://www.helsenorge.no/nn/hjelpetilbud-i-kommunene/helsestasjon-0-5-ar/6-manederskontroll/,https://www.helsenorge.no/hjelpetilbud-i-kommunene/helsestasjon-0-5-ar/4-manederskontroll/,['Helsedirektoratet. Konsultasjon når barnet er 6 måneder. [Internett]. Oslo: Direktoratet for e-helse; oppdatert måndag 28. august 2023 [henta onsdag 27. desember 2023]. Tilgjengeleg frå: https://www.helsenorge.no/nn/hjelpetilbud-i-kommunene/helsestasjon-0-5-ar/6-manederskontroll/'],"['Undersøkelser', 'Barnets hodeomkrets, vekt og lengde blir målt. Barnets generelle utvikling blir undersøkt. Det innebærer at helsesykepleier undersøker barnets kropp, hørsel/syn, språk, kontakt og bevegelser. Barnet blir observert og undersøkt uten klær.', 'Forberedelse', 'Helsestasjonen er opptatt av hvordan du og barnet ditt har det. Om du har noen spørsmål eller noe du ønsker å fortelle, kan du ta dette opp i konsultasjonen. Skriv gjerne ned hva du lurer på.', 'Helsedirektoratet. Konsultasjon når barnet er 4 måneder . [Internett]. Oslo: Direktoratet for e-helse; oppdatert onsdag 23. august 2023 [hentet onsdag 27. desember 2023]. Tilgjengelig fra: https://www.helsenorge.no/hjelpetilbud-i-kommunene/helsestasjon-0-5-ar/4-manederskontroll/']"
cc9d4952ee571a23be2c2f9c4c5afdcdf1cc9510,c74cde02cbfd9b47b077d02f156da296ba0a5c23,https://www.helsenorge.no/nn/hjelpetilbud-i-kommunene/helsestasjon-0-5-ar/6-manederskontroll/,https://www.helsenorge.no/nn/hjelpetilbud-i-kommunene/helsestasjon-0-5-ar/10-manederskontroll/,['Helsedirektoratet. Konsultasjon når barnet er 6 måneder. [Internett]. Oslo: Direktoratet for e-helse; oppdatert måndag 28. august 2023 [henta onsdag 27. desember 2023]. Tilgjengeleg frå: https://www.helsenorge.no/nn/hjelpetilbud-i-kommunene/helsestasjon-0-5-ar/6-manederskontroll/'],"['Undersøkelser', 'Barnets hodeomkrets, vekt og lengde blir målt. Barnets generelle utvikling blir undersøkt. Det innebærer at helsesykepleier undersøker barnets kropp, hørsel/syn, språk, kontakt og bevegelser. Barnet blir observert og undersøkt uten klær.', 'Forberedelse', 'Helsestasjonen er opptatt av hvordan du og barnet ditt har det. Om du har noen spørsmål eller noe du ønsker å fortelle, kan du ta dette opp i konsultasjonen. Skriv gjerne ned hva du lurer på.', 'Helsedirektoratet. Konsultasjon når barnet er 10 måneder. [Internett]. Oslo: Direktoratet for e-helse; oppdatert måndag 28. august 2023 [henta onsdag 27. desember 2023]. Tilgjengeleg frå: https://www.helsenorge.no/nn/hjelpetilbud-i-kommunene/helsestasjon-0-5-ar/10-manederskontroll/']"
c3cdbe0294840fe9d6711f24a797bdb8b652aa87,f49bfc909027f1124aef99c757b2fab9117d011d,https://www.helsenorge.no/nn/giftinformasjon/hund-og-katt/avlopsapnere/,https://www.helsenorge.no/giftinformasjon/hund-og-katt/avlopsapnere/,"['Kontakt din veterinær ved forgiftninger hos dyr', 'Giftinformasjonen. Avløpsåpnere kan gi alvorlig forgiftning hos hund og katt. [Internett]. Oslo: Direktoratet for e-helse; oppdatert tysdag 22. mars 2022 [henta onsdag 27. desember 2023]. Tilgjengeleg frå: https://www.helsenorge.no/nn/giftinformasjon/hund-og-katt/avlopsapnere/']","['Kontakt din veterinær ved forgiftninger hos dyr', 'Giftinformasjonen. Avløpsåpnere kan gi alvorlig forgiftning hos hund og katt. [Internett]. Oslo: Direktoratet for e-helse; oppdatert tirsdag 22. mars 2022 [hentet onsdag 27. desember 2023]. Tilgjengelig fra: https://www.helsenorge.no/giftinformasjon/hund-og-katt/avlopsapnere/']"
ac17b93093338ab39e1d9b1b84ac43710eb59407,19e0a1022b17992440c9c78dc55a6ea964f1c918,https://www.helsenorge.no/nn/giftinformasjon/planter-og-bar-a-a/storhjelm/,https://www.helsenorge.no/giftinformasjon/planter-og-bar-a-a/storhjelm/,['Giftinformasjonen. Storhjelm er en svært giftig plante. [Internett]. Oslo: Direktoratet for e-helse; oppdatert fredag 1. september 2023 [henta onsdag 27. desember 2023]. Tilgjengeleg frå: https://www.helsenorge.no/nn/giftinformasjon/planter-og-bar-a-a/storhjelm/'],['Giftinformasjonen. Storhjelm er en svært giftig plante. [Internett]. Oslo: Direktoratet for e-helse; oppdatert fredag 1. september 2023 [hentet onsdag 27. desember 2023]. Tilgjengelig fra: https://www.helsenorge.no/giftinformasjon/planter-og-bar-a-a/storhjelm/']
87444235e6f4908627fd35ad7834f76c9e64cb63,13c05d620e6a8928452321ece9f0750183e166a3,https://www.helsenorge.no/sykdom/infeksjon-og-betennelse/hepatitt-b/,https://www.helsenorge.no/sykdom/infeksjon-og-betennelse/hepatitt-c/,"['Oppsummering', 'Dei som er i risikosona for å bli smitta av hepatitt B, blir tilrådd å vaksinere seg for å førebyggje sjukdom. Mange kan få vaksinen på blå resept.', 'Hepatitt B er ganske sjeldan i Noreg, men enkelte grupper har større risiko for å få hepatitt B enn andre, til dømes:', 'Personar som reiser til eller er langtidsbuande i delar av verda der hepatitt B er vanleg (inkluderer delar av Søraust-Asia, mesteparten av Stillehavet, Afrika sør for Sahara, Amazonas, delar av Midtausten, Sentral-Asia og nokre land i Aust-Europa)', 'Injiserande rusmisbrukarar, særleg om ein deler sprøyter med andre', 'Seksualpartnarar til dei som er smitta', 'Barn av ein injiserande misbrukar eller nokon som har hepatitt B', 'Personar som deler heim med nokon som er smitta av hepatitt B', 'Personar som er risikoutsette, til dømes helsepersonell, fengselstilsette og institusjonstilsette', 'Symptombilde', 'Hepatitt B er ein leverinfeksjon forårsaka av hepatitt B-viruset. Infeksjonen kan vere så mild at forløpet er utan symptom, og då treng du inga behandling. Andre gonger kan infeksjonen bli kronisk og i verste fall livstruande.', 'Risikofaktorar og førebygging', 'Bruke kondom i tilfelle du har samleie med menneske som er smitta, eller om du er usikker.', 'Unngå å dele nåler med andre rusmisbrukarar.', 'Unngå å dele hushaldningsartiklar som barberblad eller tannbørste med folk som er smitta.', 'Forsikre deg om at nålene er sterile dersom du skal ta akupunktur, tatovering eller piercing.', 'Behandling', 'Ved mistanke om nysmitte kan det bli gitt immunglobulin som injeksjon. Denne behandlinga hindrar viruset i å spreie seg til ikkje-infiserte celler i kroppen. Behandlinga verkar best dersom ho blir gitt innan 24 timar etter kontakt med viruset. Immunglobulin gir ikkje langtidsvern mot hepatitt B.', 'Prognose', 'Dei fleste blir friske av hepatitt B utan behandling, men for nokre få blir sjukdomen alvorleg og langvarig. Då kan hepatitt B-infeksjonen føre til leversvikt. Seinare kan sjukdommen utvikle seg til leverkreft eller ein leversjukdom kalla skrumplever. Spedbarn og barn har større risiko for å få den mest alvorlege typen.', 'Nasjonal kompetansetjeneste for seksuelt overførte infeksjonar', 'NKSOI formidlar kunnskap og erfaring om seksuelt overførte infeksjonar og smitteførebygging til helsepersonell og organisasjonar.']","['Hepatitt C', 'Hepatitt C er en virusinfeksjon som kan gi leverbetennelse og påfølgende leverskade. Ikke alle blir syke etter å ha blitt smittet med viruset. Det finnes effektiv, kortvarig og trygg behandling som gjør at de aller fleste som er smittet med viruset blir friske.', 'Sykdomsforløp', 'Slik smitter hepatitt C', 'Hepatitt C smitter ved direkte kontakt med infisert blod, eller indirekte kontakt med infisert gjenstand. Viruset kan også smitte seksuelt, men risikoen er lav. Smitte med hepatitt C-viruset skyldes derfor ofte:', 'Deling av utstyr for injisering eller sniffing av rusmidler, som sprøyter, kokekar, skyllevann, filter og snifferør.', 'Overføring fra smitteførende mor til barn under svangerskap og fødsel.', 'Annen blodkontakt, som for eksempel ved felles bruk av barbersaker eller tannbørste, eller tatovering eller piercing under dårlige hygieniske forhold.', 'Blant menn som har sex med menn når seksuell praksis kan medføre slimhinneskader i endetarm eller anus.', 'I Norge smitter sykdommen vanligvis ved deling av utstyr for injisering av rusmidler. Det er ikke alltid man finner forklaring på hvordan smitten ble overført. Man kan ikke bli smittet av hepatitt C ved berøring eller kyssing, heller ikke ved å dele husholdningsartikler som tallerkener, kniver eller gafler. Hepatitt C overføres ikke ved amming.', 'Symptomer på hepatitt C', 'Hepatitt C kan gi milde symptomer som tretthet, feber og kvalme, men mange er helt symptomfrie. Andre igjen opplever at symptomene kommer og går.', 'Sannsynligheten for å få symptomer er størst dersom infeksjonen har vart lenge og gitt leverskade. Dersom hepatitt C-viruset fortsetter å ødelegge leveren over lang tid, kan plagene bli mer alvorlige.', 'Sykdomsforløp', 'Hepatitt C er en virussykdom som angriper leveren og kan ha et akutt eller kronisk forløp. Omtrent en femtedel av dem som blir smittet vil få symptomer i løpet av 2 uker til seks måneder etter smittetidspunktet. Noen ganger sørger immunforsvaret for at kroppen kvitter seg med viruset uten behandling. Det skjer i 15 – 45 prosent av tilfellene, de fleste i løpet av de første 6 månedene etter smitte. Personer som kvitter seg med infeksjonen vil ikke danne immunitet mot hepatitt C, og kan bli smittet på nytt.', 'Mellom 55 – 85 prosent av dem som blir smittet utvikler kronisk hepatitt C. Noen mennesker lever med kronisk infeksjon i mange år uten helseproblemer. Viruset kan hos noen skade leveren og gir arrdannelse (skrumplever eller cirrhose). Dette kan føre til leversvikt eller leverkreft som begge er livstruende tilstander.', 'Utredning, diagnose og testing', 'Flere grupper i Norge testes rutinemessig for hepatitt C, for eksempel blodgivere ved hver blodtapping.', 'De fleste som har kronisk hepatitt C har ingen eller få symptomer. Det er derfor viktig at personer som kan ha blitt utsatt for smitte tilbys test. Dette gjelder særlig:', 'personer som har fått tatovering under utilfredsstillende hygieniske forhold', 'pasienter som har fått tannbehandling, profesjonell barbering og lignende i land med høy forekomst av hepatitt C', 'personer som har hatt sex med personer med HCV-infeksjon', 'barn født av mødre med HCV-infeksjon', 'Testing av hepatitt C', 'Test for hepatitt C kan man få utført hos alle fastleger eller ved andre legekontorer. Hvis legen vurderer at du kan ha utsatt deg for smitterisiko, er prøven og konsultasjonen gratis. Testing for hepatitt C utføres også ved mange lavterskeltilbud for personer som injiserer rusmidler.', 'Hvis man ønsker en hepatitt C-test uten at legen foreslår det, bør man forklare hvorfor man ønsker en slik test. I utgangspunktet bør ingen som ønsker å teste seg for hepatitt C bli avvist. Legen har ansvar for å vurdere om det er grunnlag for å ta en test.', 'Alle gravide som tilhører en av gruppene som bør undersøkes for hepatitt C, bør tilbys test for hepatitt C. Testen tas fortrinnsvis ved første konsultasjon i svangerskapet. Innvandrere fra land med høy forekomst av hepatitt C blir tilbudt testing innen tre måneder etter ankomst til Norge.', 'Slik stilles hepatitt C-diagnosen', 'Ved mistanke om smitte med hepatitt C, vil legen kartlegge om du er i risikogruppen og ta blodprøver. Blodprøven vil vise om du en gang har blitt smittet med hepatitt C-viruset og om du har kvittet deg med viruset eller har en kronisk infeksjon. Ved en påvist kronisk infeksjon vil du få tilbud om behandling.', 'Behandling av hepatitt C', 'Behandling for hepatitt C er effektiv, kortvarig og trygg. I Norge kan alle som er smittet med hepatitt C få behandling gratis. Behandlingen varer normalt i 8 - 12 uker, og over 95 prosent av de behandlede kvitter seg med viruset, og anses dermed som helbredet. De fleste opplever ingen eller kun lette bivirkninger, som for eksempel tretthet. Etter vellykket behandling vil man ikke lenger kunne smitte andre.', 'Sikkerhet og effekt av behandling av gravide for å redusere smitte fra mor til barn er ikke utredet og anbefales derfor ikke. Gjennomgått behandling gir ikke beskyttelse mot å bli smittet på nytt dersom man fortsetter med risikofylt atferd.', 'Er du blant dem som har fått skrumplever etter å ha vært smittet med hepatitt C i mange år kan det bli nødvendig med levertransplantasjon. Dette er en stor operasjon, men det kan redde livet til personer med alvorlig leverskade.', 'I noen tilfeller vil legen anbefale pasienter som har hatt hepatitt C å ta vaksiner som beskytter mot hepatitt A og hepatitt B. Hvis du allerede er smittet med disse virusene, i tillegg til hepatitt C, kan dette fremskynde skade på leveren.', 'Forebygging', 'Det viktigste forebyggende tiltaket mot hepatitt C-smitte i Norge er at personer som injiserer rusmidler ikke bør dele sprøyter eller annet brukerutstyr, som filtre og kokekar, med andre.', 'Det finnes ingen vaksine mot hepatitt C.', 'Nasjonal strategiplan', 'I tråd med FNs globale bærekraftsmål og Verdens helseorganisasjons (WHOs) globale helsestrategi har Norge som mål å eliminere hepatitt C som folkehelseproblem innen 2030. Helse- og omsorgsdepartementet lanserte en nasjonal strategi mot virale hepatitter i 2016, som ble videreutviklet i 2018.']"
b1e816f1de4a3ab839e87caf752209845d91d421,4ca30079abda8b35eecca0ea9ca8af62d2e62dfa,https://www.helsenorge.no/lt/undersokelse-og-behandling/fosterdiagnostikk/,https://www.helsenorge.no/undersokelse-og-behandling/fosterdiagnostikk/,"['Daugiau apie tris tiriamas trisomijas', 'Dauguma vaisių, turinčių trisomiją 13, žūsta nėštumo metu. Vaikai, gimę su trisomija 13, paprastai turi sunkių apsigimimų ar raidos sutrikimų ir paprastai miršta netrukus po gimimo.', 'Trisomi 18 - Edwards', 'Dauguma vaisių, turinčių trisomiją 18, žūsta nėštumo metu. Vaikai, gimę su trisomija 18, paprastai turi sunkių apsigimimų ar raidos sutrikimų ir paprastai miršta netrukus po gimimo.', 'Trisomi 21 - Downs', 'Vaikai, gimę su trisomija 21, gali turėti pažeistų organų. Dažniausiai tai būna širdies yda. Jie turi įvairaus laipsnio raidos sutrikimų ir jiems būdingą išvaizdą. Vaikams reikalinga medicininė priežiūra.', 'Ką reiškia NIPT rezultatas', 'NIPT parodo, ar jūsų vaisiui yra padidėjusi trisomijos rizika.', 'Gautas neigiamas atsakymas reiškia, kad rizika pagimdyti vaiką su trisomija labai maža.', 'Gautas teigiamas atsakymas reiškia, kad yra nemaža rizika pagimdyti vaiką su trisomija. Jums bus pasiūlyta atlikti daugiau tyrimų.', 'Kartais tyrimas neparodo aiškaus atsakymo, ir vaisių reikia ištirti nuodugniau.', 'Helsedirektoratet. Vaisiaus diagnostika. [Internet]. Oslo: The Directorate of e-health; updated 2022 m. kovo 18 d., penktadienis [retrieved 2023 m. gruodžio 27 d., trečiadienis]. Available from: https://www.helsenorge.no/lt/undersokelse-og-behandling/fosterdiagnostikk/']","['Fosterdiagnostikk', 'Fosterdiagnostikk er undersøkelser av fosterets helsetilstand. Disse undersøkelsene kan gi informasjon om fosterets genetiske egenskaper, om det eventuelt har spesielle sykdommer eller har utviklingsavvik.', 'Hva er fosterdiagnostikk?', 'Fosterdiagnostikk kan gi informasjon om fosterets helse og genetiske egenskaper og omfatter ultralydundersøkelser, morkakeprøve eller fostervannsprøve.', 'Det er også mulig å få informasjon om fosterets egenskaper ved å analysere en blodprøve fra den gravide. Dette kalles NIPT (non invasiv prenatal test).', 'Fosterdiagnostikk omfatter ofte en kombinasjon av ulike undersøkelser, for eksempel ultralydundersøkelse og NIPT eller ultralydundersøkelse og morkakeprøve.', 'Hvis du ønsker å ta imot tilbudet om fosterdiagnostikk, bør du ta kontakt med jordmor eller fastlege tidlig i svangerskapet. De kan gi deg informasjon om tilbudet. Du må ha en henvisning for å få tilbud om fosterdiagnostikk i den offentlige helsetjenesten.', 'Fosterdiagnostikk i den offentlige helsetjenesten er gratis. Hvis du ikke har rett til tilbud om NIPT gjennom den offentlige helsetjenesten, kan du på få utført undersøkelsen hos private virksomheter, mot betaling.', 'Fosterdiagnostikk er frivillig', 'Det er du som bestemmer om du ønsker å ta imot tilbud om fosterdiagnostikk.', 'Det er en fordel at du og eventuelt partneren din orienterer dere om hva fosterdiagnostikk innebærer før første svangerskapskonsultasjon. Da er det enklere for dere å stille spørsmål på konsultasjonen.', 'Jordmor eller lege vil gi deg nøytral informasjon om fosterdiagnostikk ved første konsultasjon, og du kan stille spørsmål. Slik kan du/dere får et bedre grunnlag for å ta den beslutningen om fosterdiagnostikk som er riktig for deg eller dere.', 'Har du har behov for tolk, bør du opplyse om dette når du bestiller timen.', 'Hvis du velger å få utført fosterdiagnostikk, må du samtykke skriftlig til at undersøkelsene skal gjennomføres.', 'Rett til informasjon om undersøkelsene', 'Før undersøkelsen har du og din partner har rett til å få informasjon. Du vil få informasjon tilpasset den undersøkelse det er snakk om. Du bør få informasjon om:', 'Når resultatet er klart', 'Hvis undersøkelsen viser at fosteret kan ha en sykdom eller et utviklingsavvik, skal du få mer informasjon om:', 'den aktuelle sykdommen eller tilstanden', 'om det er nødvendig med flere undersøkelser for å få en sikker diagnose', 'gjeldende rettigheter, oppfølging og aktuelle hjelpetiltak', 'Dilemmaer kan oppstå', 'Det er en fordel at du reflekterer over dilemmaer som kan oppstå ved fosterdiagnostikk. Selv om de fleste fostre er friske, vil noen gravide oppleve at undersøkelsene gir uventet informasjon, for eksempel at fosteret har en sykdom eller et større eller mindre utviklingsavvik. Dette kan stille deg overfor vanskelige valg knyttet til svangerskapet.', 'Undersøkelsene kan, som mange andre undersøkelser, gi usikre funn som krever videre utredning for å komme frem til et svar. I slike tilfeller kan ventetiden være belastende.', 'Tilbud om ultralydundersøkelse og NIPT', 'Alle gravide skal få tilbud om ultralydundersøkelse i uke 11 til 14. Tilbudet er etablert i alle helseregioner og gis gjennom den offentlige helsetjenesten, og er gratis. De fleste vil få tilbudet ved sitt lokalsykehus. Du får mer informasjon om ditt lokale tilbud når du er på den første svangerskapskonsultasjonen.', 'Tilbud om NIPT', 'Gravide som er 35 år eller eldre ved termin får også tilbud om en blodprøve for å undersøke om fosteret kan ha en ekstra kopi av bestemte kromosomer (NIPT for trisomi 13, 18 eller 21). Dette gjelder også gravide med spesiell indikasjon. Tilbudet er gratis.', 'Gravide som er under 35 år ved termin kan be om NIPT ved en godkjent privat virksomhet, og må betale for undersøkelsen.', 'Se film om NIPT og ultralydundersøkelsen i uke 11-14 (Oslo universitetssykehus):', 'Video fra OUS om fosterdiagnostikk', 'Denne videoen er hentet fra YouTube, som har egne vilkår og betingelser.', 'en ultralydundersøkelse viser at fosteret kan ha et utviklingsavvik, eller NIPT viser at fosteret kan ha en trisomi.', 'du har økt risiko for å få et foster eller barn med alvorlig utviklingsavvik eller alvorlig arvelig sykdom, som for eksempel cystisk fibrose og spinal muskelatrofi.', 'du/dere tidligere har fått et foster eller barn med alvorlig sykdom eller utviklingsavvik', 'Du kan få henvisning til fostermedisinsk senter/medisinsk-genetisk avdeling fra primærhelsetjenesten eller lokalsykehus.', 'Hvis du og ev. partner er i en svært vanskelig livssituasjon og ikke vil klare belastningen med et barn med alvorlig sykdom eller tilstand, kan du få tilbud om ultralydundersøkelse i uke 11-14 og NIPT gjennom den offentlige spesialisthelsetjenesten, ved lokalsykehuset.', 'Genetisk veiledning ved risiko for alvorlig arvelig sykdom hos foster eller barn', 'Du har rett til genetisk veiledning hvis du vet at det er en alvorlig, arvelig sykdom i din eller din partners familie, og at det er en økt risiko for at du kan få et barn med samme sykdom. Dette har du også rett til hvis du tidligere har fått et barn med alvorlig sykdom eller utviklingsavvik.', 'Hvis du har rett til genetisk veiledning, kan du bli henvist til et universitetssykehus med medisinsk-genetisk eller fostermedisinsk avdeling i din helseregion.', 'Du vil få veiledning av helsepersonell med spesialkompetanse. Dette er som regel en genetisk veileder eller en spesialist i medisinsk genetikk ved universitetssykehuset.', 'Du vil få informasjon om:', 'medisinske fakta om tilstanden som det undersøkes for', 'hvilken type fosterdiagnostisk undersøkelse som kan gi informasjon om sykdommen og hvor lang tid det tar å få svar', 'hvor stor sannsynlighet det er for å få et barn med sykdommen', 'hvordan sykdommen kan utvikle seg', 'hvilke behandlingsmuligheter som er tilgjengelige', 'Ultralyd i uke 11 til 14', 'Ved ultralydundersøkelsen i uke 11 til 14 vil jordmor eller lege undersøke om fosteret er i live, vurdere fosterets alder/ svangerskapets lengde og undersøke hele kroppen til fosteret (hode, armer, bein, mage og så videre). De fleste fostre utvikler seg normalt.', 'Ultralydundersøkelsen vil vise om det er ett eller flere fostre. Hvis det er tvillinger, er det viktig å undersøke om de har felles morkake eller ikke. Tvillinger med felles morkake trenger spesiell oppfølging.', 'Ultralydundersøkelsen kan gi tidlig informasjon om en del alvorlige tilstander og utviklingsavvik hos fosteret. Den kan også gi informasjon om tilstander som krever spesiell oppfølging av deg og/eller av fosteret.', 'Vurdering av nakkeoppklaring (nakkefold)', 'Mellom uke 11 og 14 i svangerskapet har alle fostre en liten hevelse under huden i nakken – en nakkeoppklaring. Hvis nakkeoppklaringen er større enn forventet, kan jordmor eller lege som gjør ultralydundersøkelsen måle tykkelsen på nakkeoppklaringen.', 'Økt nakkeoppklaring kan være et tegn på at fosteret kan ha en kromosomforandring, for eksempel trisomi 13, 18 eller 21. Sannsynlighet for trisomi 13, 18 og 21 kan vurderes ut fra størrelsen på nakkeoppklaringen sammen med annen informasjon om deg og fosteret.', 'Trisomi 13, 18 eller 21 er en kromosomforandring. Det betyr at fosteret har en ekstra kopi av kromosom 13, 18 eller 21.', 'Den vanligste av disse er trisomi 21, også kjent som Downs syndrom.', 'En økt nakkeoppklaring kan også ses ved andre tilstander, som for eksempel hjertefeil eller andre genetiske sykdommer. Fosteret kan være helt friskt selv om undersøkelsen viser en økt nakkeoppklaring.', 'Om undersøkelsen', 'Undersøkelsen utføres vanligvis med ultralyd på magen, men noen ganger gir ultralyd via skjeden (vagina) bedre oversikt.', 'Undersøkelsen gjør ikke vondt og er ikke farlig for fosteret. Undersøkelsen, inkludert informasjon fra jordmor eller lege, tar ca. 45 minutter.', 'Hvis ultralydundersøkelsen viser tegn til at fosteret kan ha trisomi 13, 18 eller 21, eller et utviklingsavvik, vil du få tilbud om videre utredning, som regel ved et fostermedisinsk senter.', 'Ved tegn på trisomi, kan det noen ganger være aktuelt å ta en morkake- eller fostervannsprøve, fordi resultatet fra disse prøvene kan gi en sikker diagnose.', 'NIPT for trisomi 13, 18 og 21', 'NIPT (Non-invasiv prenatal test) er en analyse av en blodprøve fra gravide for å få informasjon om fosteret.', 'Hos alle gravide finnes det fritt DNA (arvestoff) fra morkaken i blodet. Ved å analysere fritt DNA fra morkaken, kan man få informasjon om genetiske egenskaper hos fosteret. Det er fordi DNA i morkaken og fosterets DNA vanligvis er likt.', 'NIPT blir brukt for å undersøke om et foster har økt sannsynlighet for bestemte kromosomforandringer: trisomi 13, 18 eller 21. Hvis NIPT viser økt sannsynlighet for trisomi, anbefales det å gjøre videre diagnostikk (morkake- eller fostervannsprøve) før man kan være helt sikker.', 'Trisomi er en kromosomforandring. NIPT kan vise om fosteret har en ekstra kopi av kromosom 13, 18 eller 21. Disse er kjent som', 'Blodprøven til NIPT blir vanligvis tatt i forbindelse med ultralydundersøkelsen i uke 11 til 14. De fleste gravide får tilbudet ved lokalsykehus.', 'Det er ikke tillatt å ta blodprøve til NIPT før uke 10+0 i svangerskapet.', 'NIPT kan ikke utføres for å undersøke eller få opplysninger om fosterets kjønn (eneste unntak er NIPT for å undersøke kjønnsbundet sykdom).', 'Hvem kan tilby NIPT?', 'Det er kun virksomheter som er godkjent av Helsedirektoratet som kan ta blodprøve til NIPT. Prøven sendes til et laboratorium som utfører analysen. Gravide som er over 35 år vil få tilbud om NIPT ved godkjent offentlig lokalsykehus.', 'Helsepersonell ved virksomheter uten godkjenning har ikke lov til å ta blodprøve til NIPT.', 'Privat tilbud', 'Godkjente private virksomheter kan tilby NIPT, men de har ikke godkjenning for andre typer fosterdiagnostikk, som for eksempel ultralydundersøkelsen i uke 11 til 14 (se over).', 'Før prøven tas, må jordmor eller gynekolog gjøre en enklere ultralydundersøkelse der formålet er å se at fosteret lever, avklare antall fostre og bestemme alder på fosteret. Dette har betydning for analyse av prøven.', 'Tilbudet i private virksomheter dekkes ikke av den offentlige svangerskapsomsorgen.', 'De private virksomhetene bruker stort sett analyselaboratorier i utlandet (Norden/EU og eventuelt USA). Helsedirektoratet stiller krav om at laboratoriene oppfyller europeiske krav til datasikkerhet. Laboratoriene har ikke lov til å bruke materialet eller informasjonen de mottar til andre formål enn NIPT-analyse for trisomi 13, 18 og 21.', 'Hvor lang tid tar det å få svar på undersøkelsen?', 'Du vil få svar på NIPT-analysen i løpet av 10 til 16 arbeidsdager. Du blir kontaktet på den måten som er avtalt mellom deg og lege/jordmor.', 'Jordmor eller lege vil informere deg om resultatet, hvor sikkert testresultatet er og om det kan bli behov for flere prøver i etterkant.', 'I de fleste tilfeller viser ikke NIPT tegn til trisomi hos fosteret, og da er det ikke behov for flere prøver.', 'Du får tilbud om videre oppfølging ved fostermedisinsk senter. Sykehus eller klinikker som tilbyr NIPT har rutiner for å henvise gravide til oppfølgende undersøkelser ved fostermedisinsk senter.', 'NIPT eller NIPD for andre tilstander', 'NIPT for å bestemme kjønn', 'Kjønnsbundet sykdom skyldes i hovedsak genfeil som sitter på X-kromosomet.', 'Du kan få tilbud om NIPT hvis det er en økt sannsynlighet for at du eller dere vil få et barn med en alvorlig, arvelig kjønnsbundet sykdom som rammer gutter. NIPT gjøres i slike tilfeller for å bestemme fosterets kjønn. Hvis både gutter og jenter rammes, er det mer aktuelt å undersøke genfeilen ved hjelp av morkakeprøve, fostervannsprøve eller NIPD.', 'Ofte vet du eller dere om sannsynligheten for kjønnsbundet sykdom på forhånd, og har fått genetisk veiledning før svangerskapet.', 'For å få tilbud om NIPT for å bestemme fosterets kjønn, må jordmor eller lege henvise deg til medisinsk-genetisk avdeling eller fostermedisinsk senter.', 'Testen er svært presis for å bestemme fosterets kjønn, men den kan ikke vise om det kommende barnet vil få sykdommen eller ikke.', 'Hvis fosteret er en gutt, vil du derfor få tilbud om en morkakeprøve eller fostervannsprøve for å finne ut om fosteret har den aktuelle genfeilen. Morkakeprøve eller fostervannsprøve vil gi et sikkert svar.', 'Hvis fosteret er en jente, er det ikke nødvendig med flere fosterdiagnostiske undersøkelser.', 'NIPD for sykdommer knyttet til bestemte gener', 'Du kan få tilbud om NIPD (non-invasiv prenatal diagnostikk) hvis det er en økt sannsynlighet for at du eller dere vil få et barn med alvorlig, arvelig sykdom som er knyttet til et bestemt gen.', 'I de fleste tilfeller er det snakk om en genfeil som kan gi alvorlig sykdom. Genfeilen kan være påvist hos deg eller barnets far (dominant arvegang) eller hos begge (recessiv arvegang).', 'For å få fosterdiagnostikk med NIPD, må du bli henvist til medisinsk-genetisk avdeling eller fostermedisinsk senter. Du har rett til genetisk veiledning i forkant av undersøkelsen.', 'Det er utviklet NIPD for flere alvorlige, arvelige sykdommer knyttet til et enkelt gen. Medisinsk-genetiske avdelinger vet om det er mulig å tilby deg NIPD i stedet for morkakeprøve eller fostervannsprøve.', 'NIPD-analysen må som regel ""skreddersys"" for den enkelte kvinne eller paret.', 'Morkakeprøve', 'Morkakeprøve er en analyse av celler fra morkaken. Morkaken utvikles fra det befruktede egget. Arvestoffet i morkaken er derfor (oftest) det samme som i fosteret.', 'Morkakeprøve gir svar på om fosteret har en medfødt eller arvelig sykdom/tilstand. Trisomi 13, 18 eller 21 er eksempler på medfødte tilstander.', 'Hvordan foregår morkakeprøve?', 'Først gjøres det en ultralydundersøkelse for å finne ut hvilken metode som er mest velegnet. Dette avhenger av hvor morkaken din er plassert.', 'Under ultralydveiledningen stikkes det en nål gjennom bukveggen din og inn i morkaken. Deretter suges det ut litt vev fra morkaken.', 'Alternativt føres det en liten klype/kanyle via livmorhalsen din og inn til morkaken, før det tas ut litt vev.', 'Prøvetagningen kan gjøre litt vondt. Smerten oppleves forskjellig fra kvinne til kvinne, men for de fleste er det omtrent som når det blir tatt en celleprøve fra livmorhalsen.', 'Etter at prøven er tatt, er det ofte anbefalt at du venter cirka 15 minutter før du forlater sykehuset. Du kan bli anbefalt å ta det litt mer med ro i to til tre dager etter undersøkelsen. Du vil vanligvis ikke ha behov for sykmelding.', 'Hvor lang tid tar det å få svar på undersøkelsen?', 'Hvor lang tid det tar før du får et svar på prøven, avhenger av hva du skal testes for. Du får vanligvis svar i løpet av 3 til 7 dager. Noen analyser tar lenger tid.', 'Du vil få informasjon om svartid når du får genetisk veiledning, eller når prøven av deg tas. Svaret blir sendt til deg i et brev, eller formidlet over telefon.', 'I cirka to prosent av tilfellene gir morkakeprøven et usikkert svar, og da kan det være nødvendig å kontrollere resultatet med en fostervannsprøve.', 'Er det noen risiko forbundet med undersøkelsen?', 'Opptil 0,5 prosent av de som tar morkakeprøve kan få en komplikasjon som skyldes prøvetakingen, deriblant utilsiktet abort. Aborten skjer da vanligvis i løpet av den første uken etter at prøven er tatt.', 'Fostervannsprøve', 'Ved en fostervannsprøve undersøkes fosterets celler fra fostervannet. Fostervannsprøve gir svar på om fosteret har en medfødt eller arvelig sykdom/tilstand. Trisomi 13, 18 eller 21 er eksempler på medfødte tilstander.', 'Fostervannsprøve tas som regel seinere i svangerskapet enn morkakeprøve; den kan tas etter svangerskapsuke 15.', 'Hvem får tilbud om fostervannsprøve?', 'Du kan få tilbud om fostervannsprøve hvis', 'det er påvist høy risiko eller sannsynlighet for trisomi hos fosteret (ved NIPT)', 'det er økt risiko for at fosteret kan ha en alvorlig, arvelig sykdom eller tilstand', 'For å få utført en fostervannsprøve, må du få henvisning til avdeling for medisinsk genetikk eller fostermedisinsk senter. Du vil få veiledning og informasjon om undersøkelsen i forkant.', 'Fostervannsprøve tas vanligvis mellom svangerskapsuke 15 og 16.', 'Hvordan foregår fostervannsprøve?', 'Før fostervannsprøven blir tatt, gjøres det en ultralydundersøkelse for å finne ut hvor stort fosteret er, hvor morkaken din ligger og hvor det er best å stikke inn nålen.', 'Under ultralydveiledningen stikkes det en tynn nål inn i livmorhulen din. Deretter suges det ut cirka 15 ml fostervann. Dette kan gjøre litt vondt, omtrent som en vanlig blodprøve.', 'Etter at prøven er tatt, er det anbefalt at du venter cirka 15 minutter før du forlater sykehuset. Du kan bli anbefalt å ta det litt mer med ro i to til tre dager etter undersøkelsen. Du vil vanligvis ikke ha behov for sykmelding.', 'Hvor lang tid tar det å få svar på undersøkelsen?', 'Hvor lang tid det tar før du får et svar på prøven, avhenger av hva du skal testes for. Du får vanligvis et svar innen 7 til 10 dager. Noen analyser tar lenger tid.', 'Du vil få informasjon om svartid når du får genetisk veiledning, eller når prøven av deg tas. Svaret blir sendt til deg i et brev, eller formidlet over telefon.', 'Er det risiko forbundet med fostervannsprøven?', 'Opptil 0,5 prosent av dem som tar en fostervannsprøve kan få en komplikasjon på grunn av selve prøvetakingen, deriblant en spontanabort. Aborten skjer da vanligvis i løpet av den første uken etter at prøven er tatt.']"
b1e816f1de4a3ab839e87caf752209845d91d421,23c5132018d5e31f5f52160ae65fc001de42d741,https://www.helsenorge.no/lt/undersokelse-og-behandling/fosterdiagnostikk/,https://www.helsenorge.no/se/undersokelse-og-behandling/fosterdiagnostikk/,"['Daugiau apie tris tiriamas trisomijas', 'Dauguma vaisių, turinčių trisomiją 13, žūsta nėštumo metu. Vaikai, gimę su trisomija 13, paprastai turi sunkių apsigimimų ar raidos sutrikimų ir paprastai miršta netrukus po gimimo.', 'Trisomi 18 - Edwards', 'Dauguma vaisių, turinčių trisomiją 18, žūsta nėštumo metu. Vaikai, gimę su trisomija 18, paprastai turi sunkių apsigimimų ar raidos sutrikimų ir paprastai miršta netrukus po gimimo.', 'Trisomi 21 - Downs', 'Vaikai, gimę su trisomija 21, gali turėti pažeistų organų. Dažniausiai tai būna širdies yda. Jie turi įvairaus laipsnio raidos sutrikimų ir jiems būdingą išvaizdą. Vaikams reikalinga medicininė priežiūra.', 'Ką reiškia NIPT rezultatas', 'NIPT parodo, ar jūsų vaisiui yra padidėjusi trisomijos rizika.', 'Gautas neigiamas atsakymas reiškia, kad rizika pagimdyti vaiką su trisomija labai maža.', 'Gautas teigiamas atsakymas reiškia, kad yra nemaža rizika pagimdyti vaiką su trisomija. Jums bus pasiūlyta atlikti daugiau tyrimų.', 'Kartais tyrimas neparodo aiškaus atsakymo, ir vaisių reikia ištirti nuodugniau.', 'Helsedirektoratet. Vaisiaus diagnostika. [Internet]. Oslo: The Directorate of e-health; updated 2022 m. kovo 18 d., penktadienis [retrieved 2023 m. gruodžio 27 d., trečiadienis]. Available from: https://www.helsenorge.no/lt/undersokelse-og-behandling/fosterdiagnostikk/']","['Fosterdiagnostikk', 'Fosterdiagnostikk er undersøkelser av fosterets helsetilstand. Disse undersøkelsene kan gi informasjon om fosterets genetiske egenskaper, om det eventuelt har spesielle sykdommer eller har utviklingsavvik.', 'Hva er fosterdiagnostikk?', 'Fosterdiagnostikk kan gi informasjon om fosterets helse og genetiske egenskaper og omfatter ultralydundersøkelser, morkakeprøve eller fostervannsprøve.', 'Det er også mulig å få informasjon om fosterets egenskaper ved å analysere en blodprøve fra den gravide. Dette kalles NIPT (non invasiv prenatal test).', 'Fosterdiagnostikk omfatter ofte en kombinasjon av ulike undersøkelser, for eksempel ultralydundersøkelse og NIPT eller ultralydundersøkelse og morkakeprøve.', 'Hvis du ønsker å ta imot tilbudet om fosterdiagnostikk, bør du ta kontakt med jordmor eller fastlege tidlig i svangerskapet. De kan gi deg informasjon om tilbudet. Du må ha en henvisning for å få tilbud om fosterdiagnostikk i den offentlige helsetjenesten.', 'Fosterdiagnostikk i den offentlige helsetjenesten er gratis. Hvis du ikke har rett til tilbud om NIPT gjennom den offentlige helsetjenesten, kan du på få utført undersøkelsen hos private virksomheter, mot betaling.', 'Fosterdiagnostikk er frivillig', 'Det er du som bestemmer om du ønsker å ta imot tilbud om fosterdiagnostikk.', 'Det er en fordel at du og eventuelt partneren din orienterer dere om hva fosterdiagnostikk innebærer før første svangerskapskonsultasjon. Da er det enklere for dere å stille spørsmål på konsultasjonen.', 'Jordmor eller lege vil gi deg nøytral informasjon om fosterdiagnostikk ved første konsultasjon, og du kan stille spørsmål. Slik kan du/dere får et bedre grunnlag for å ta den beslutningen om fosterdiagnostikk som er riktig for deg eller dere.', 'Har du har behov for tolk, bør du opplyse om dette når du bestiller timen.', 'Hvis du velger å få utført fosterdiagnostikk, må du samtykke skriftlig til at undersøkelsene skal gjennomføres.', 'Rett til informasjon om undersøkelsene', 'Før undersøkelsen har du og din partner har rett til å få informasjon. Du vil få informasjon tilpasset den undersøkelse det er snakk om. Du bør få informasjon om:', 'Når resultatet er klart', 'Hvis undersøkelsen viser at fosteret kan ha en sykdom eller et utviklingsavvik, skal du få mer informasjon om:', 'den aktuelle sykdommen eller tilstanden', 'om det er nødvendig med flere undersøkelser for å få en sikker diagnose', 'gjeldende rettigheter, oppfølging og aktuelle hjelpetiltak', 'Dilemmaer kan oppstå', 'Det er en fordel at du reflekterer over dilemmaer som kan oppstå ved fosterdiagnostikk. Selv om de fleste fostre er friske, vil noen gravide oppleve at undersøkelsene gir uventet informasjon, for eksempel at fosteret har en sykdom eller et større eller mindre utviklingsavvik. Dette kan stille deg overfor vanskelige valg knyttet til svangerskapet.', 'Undersøkelsene kan, som mange andre undersøkelser, gi usikre funn som krever videre utredning for å komme frem til et svar. I slike tilfeller kan ventetiden være belastende.', 'Tilbud om ultralydundersøkelse og NIPT', 'Alle gravide skal få tilbud om ultralydundersøkelse i uke 11 til 14. Tilbudet er etablert i alle helseregioner og gis gjennom den offentlige helsetjenesten, og er gratis. De fleste vil få tilbudet ved sitt lokalsykehus. Du får mer informasjon om ditt lokale tilbud når du er på den første svangerskapskonsultasjonen.', 'Tilbud om NIPT', 'Gravide som er 35 år eller eldre ved termin får også tilbud om en blodprøve for å undersøke om fosteret kan ha en ekstra kopi av bestemte kromosomer (NIPT for trisomi 13, 18 eller 21). Dette gjelder også gravide med spesiell indikasjon. Tilbudet er gratis.', 'Gravide som er under 35 år ved termin kan be om NIPT ved en godkjent privat virksomhet, og må betale for undersøkelsen.', 'Se film om NIPT og ultralydundersøkelsen i uke 11-14 (Oslo universitetssykehus):', 'Video fra OUS om fosterdiagnostikk', 'Dát video lea váldon YouTubes. Fertet dohkkehit YouTubea eavttuid ja meriid, jus áiggut geahččat dan.', 'en ultralydundersøkelse viser at fosteret kan ha et utviklingsavvik, eller NIPT viser at fosteret kan ha en trisomi.', 'du har økt risiko for å få et foster eller barn med alvorlig utviklingsavvik eller alvorlig arvelig sykdom, som for eksempel cystisk fibrose og spinal muskelatrofi.', 'du/dere tidligere har fått et foster eller barn med alvorlig sykdom eller utviklingsavvik', 'Du kan få henvisning til fostermedisinsk senter/medisinsk-genetisk avdeling fra primærhelsetjenesten eller lokalsykehus.', 'Hvis du og ev. partner er i en svært vanskelig livssituasjon og ikke vil klare belastningen med et barn med alvorlig sykdom eller tilstand, kan du få tilbud om ultralydundersøkelse i uke 11-14 og NIPT gjennom den offentlige spesialisthelsetjenesten, ved lokalsykehuset.', 'Genetisk veiledning ved risiko for alvorlig arvelig sykdom hos foster eller barn', 'Du har rett til genetisk veiledning hvis du vet at det er en alvorlig, arvelig sykdom i din eller din partners familie, og at det er en økt risiko for at du kan få et barn med samme sykdom. Dette har du også rett til hvis du tidligere har fått et barn med alvorlig sykdom eller utviklingsavvik.', 'Hvis du har rett til genetisk veiledning, kan du bli henvist til et universitetssykehus med medisinsk-genetisk eller fostermedisinsk avdeling i din helseregion.', 'Du vil få veiledning av helsepersonell med spesialkompetanse. Dette er som regel en genetisk veileder eller en spesialist i medisinsk genetikk ved universitetssykehuset.', 'Du vil få informasjon om:', 'medisinske fakta om tilstanden som det undersøkes for', 'hvilken type fosterdiagnostisk undersøkelse som kan gi informasjon om sykdommen og hvor lang tid det tar å få svar', 'hvor stor sannsynlighet det er for å få et barn med sykdommen', 'hvordan sykdommen kan utvikle seg', 'hvilke behandlingsmuligheter som er tilgjengelige', 'Ultralyd i uke 11 til 14', 'Ved ultralydundersøkelsen i uke 11 til 14 vil jordmor eller lege undersøke om fosteret er i live, vurdere fosterets alder/ svangerskapets lengde og undersøke hele kroppen til fosteret (hode, armer, bein, mage og så videre). De fleste fostre utvikler seg normalt.', 'Ultralydundersøkelsen vil vise om det er ett eller flere fostre. Hvis det er tvillinger, er det viktig å undersøke om de har felles morkake eller ikke. Tvillinger med felles morkake trenger spesiell oppfølging.', 'Ultralydundersøkelsen kan gi tidlig informasjon om en del alvorlige tilstander og utviklingsavvik hos fosteret. Den kan også gi informasjon om tilstander som krever spesiell oppfølging av deg og/eller av fosteret.', 'Vurdering av nakkeoppklaring (nakkefold)', 'Mellom uke 11 og 14 i svangerskapet har alle fostre en liten hevelse under huden i nakken – en nakkeoppklaring. Hvis nakkeoppklaringen er større enn forventet, kan jordmor eller lege som gjør ultralydundersøkelsen måle tykkelsen på nakkeoppklaringen.', 'Økt nakkeoppklaring kan være et tegn på at fosteret kan ha en kromosomforandring, for eksempel trisomi 13, 18 eller 21. Sannsynlighet for trisomi 13, 18 og 21 kan vurderes ut fra størrelsen på nakkeoppklaringen sammen med annen informasjon om deg og fosteret.', 'Trisomi 13, 18 eller 21 er en kromosomforandring. Det betyr at fosteret har en ekstra kopi av kromosom 13, 18 eller 21.', 'Den vanligste av disse er trisomi 21, også kjent som Downs syndrom.', 'En økt nakkeoppklaring kan også ses ved andre tilstander, som for eksempel hjertefeil eller andre genetiske sykdommer. Fosteret kan være helt friskt selv om undersøkelsen viser en økt nakkeoppklaring.', 'Om undersøkelsen', 'Undersøkelsen utføres vanligvis med ultralyd på magen, men noen ganger gir ultralyd via skjeden (vagina) bedre oversikt.', 'Undersøkelsen gjør ikke vondt og er ikke farlig for fosteret. Undersøkelsen, inkludert informasjon fra jordmor eller lege, tar ca. 45 minutter.', 'Hvis ultralydundersøkelsen viser tegn til at fosteret kan ha trisomi 13, 18 eller 21, eller et utviklingsavvik, vil du få tilbud om videre utredning, som regel ved et fostermedisinsk senter.', 'Ved tegn på trisomi, kan det noen ganger være aktuelt å ta en morkake- eller fostervannsprøve, fordi resultatet fra disse prøvene kan gi en sikker diagnose.', 'NIPT for trisomi 13, 18 og 21', 'NIPT (Non-invasiv prenatal test) er en analyse av en blodprøve fra gravide for å få informasjon om fosteret.', 'Hos alle gravide finnes det fritt DNA (arvestoff) fra morkaken i blodet. Ved å analysere fritt DNA fra morkaken, kan man få informasjon om genetiske egenskaper hos fosteret. Det er fordi DNA i morkaken og fosterets DNA vanligvis er likt.', 'NIPT blir brukt for å undersøke om et foster har økt sannsynlighet for bestemte kromosomforandringer: trisomi 13, 18 eller 21. Hvis NIPT viser økt sannsynlighet for trisomi, anbefales det å gjøre videre diagnostikk (morkake- eller fostervannsprøve) før man kan være helt sikker.', 'Trisomi er en kromosomforandring. NIPT kan vise om fosteret har en ekstra kopi av kromosom 13, 18 eller 21. Disse er kjent som', 'Blodprøven til NIPT blir vanligvis tatt i forbindelse med ultralydundersøkelsen i uke 11 til 14. De fleste gravide får tilbudet ved lokalsykehus.', 'Det er ikke tillatt å ta blodprøve til NIPT før uke 10+0 i svangerskapet.', 'NIPT kan ikke utføres for å undersøke eller få opplysninger om fosterets kjønn (eneste unntak er NIPT for å undersøke kjønnsbundet sykdom).', 'Hvem kan tilby NIPT?', 'Det er kun virksomheter som er godkjent av Helsedirektoratet som kan ta blodprøve til NIPT. Prøven sendes til et laboratorium som utfører analysen. Gravide som er over 35 år vil få tilbud om NIPT ved godkjent offentlig lokalsykehus.', 'Helsepersonell ved virksomheter uten godkjenning har ikke lov til å ta blodprøve til NIPT.', 'Privat tilbud', 'Godkjente private virksomheter kan tilby NIPT, men de har ikke godkjenning for andre typer fosterdiagnostikk, som for eksempel ultralydundersøkelsen i uke 11 til 14 (se over).', 'Før prøven tas, må jordmor eller gynekolog gjøre en enklere ultralydundersøkelse der formålet er å se at fosteret lever, avklare antall fostre og bestemme alder på fosteret. Dette har betydning for analyse av prøven.', 'Tilbudet i private virksomheter dekkes ikke av den offentlige svangerskapsomsorgen.', 'De private virksomhetene bruker stort sett analyselaboratorier i utlandet (Norden/EU og eventuelt USA). Helsedirektoratet stiller krav om at laboratoriene oppfyller europeiske krav til datasikkerhet. Laboratoriene har ikke lov til å bruke materialet eller informasjonen de mottar til andre formål enn NIPT-analyse for trisomi 13, 18 og 21.', 'Hvor lang tid tar det å få svar på undersøkelsen?', 'Du vil få svar på NIPT-analysen i løpet av 10 til 16 arbeidsdager. Du blir kontaktet på den måten som er avtalt mellom deg og lege/jordmor.', 'Jordmor eller lege vil informere deg om resultatet, hvor sikkert testresultatet er og om det kan bli behov for flere prøver i etterkant.', 'I de fleste tilfeller viser ikke NIPT tegn til trisomi hos fosteret, og da er det ikke behov for flere prøver.', 'Du får tilbud om videre oppfølging ved fostermedisinsk senter. Sykehus eller klinikker som tilbyr NIPT har rutiner for å henvise gravide til oppfølgende undersøkelser ved fostermedisinsk senter.', 'NIPT eller NIPD for andre tilstander', 'NIPT for å bestemme kjønn', 'Kjønnsbundet sykdom skyldes i hovedsak genfeil som sitter på X-kromosomet.', 'Du kan få tilbud om NIPT hvis det er en økt sannsynlighet for at du eller dere vil få et barn med en alvorlig, arvelig kjønnsbundet sykdom som rammer gutter. NIPT gjøres i slike tilfeller for å bestemme fosterets kjønn. Hvis både gutter og jenter rammes, er det mer aktuelt å undersøke genfeilen ved hjelp av morkakeprøve, fostervannsprøve eller NIPD.', 'Ofte vet du eller dere om sannsynligheten for kjønnsbundet sykdom på forhånd, og har fått genetisk veiledning før svangerskapet.', 'For å få tilbud om NIPT for å bestemme fosterets kjønn, må jordmor eller lege henvise deg til medisinsk-genetisk avdeling eller fostermedisinsk senter.', 'Testen er svært presis for å bestemme fosterets kjønn, men den kan ikke vise om det kommende barnet vil få sykdommen eller ikke.', 'Hvis fosteret er en gutt, vil du derfor få tilbud om en morkakeprøve eller fostervannsprøve for å finne ut om fosteret har den aktuelle genfeilen. Morkakeprøve eller fostervannsprøve vil gi et sikkert svar.', 'Hvis fosteret er en jente, er det ikke nødvendig med flere fosterdiagnostiske undersøkelser.', 'NIPD for sykdommer knyttet til bestemte gener', 'Du kan få tilbud om NIPD (non-invasiv prenatal diagnostikk) hvis det er en økt sannsynlighet for at du eller dere vil få et barn med alvorlig, arvelig sykdom som er knyttet til et bestemt gen.', 'I de fleste tilfeller er det snakk om en genfeil som kan gi alvorlig sykdom. Genfeilen kan være påvist hos deg eller barnets far (dominant arvegang) eller hos begge (recessiv arvegang).', 'For å få fosterdiagnostikk med NIPD, må du bli henvist til medisinsk-genetisk avdeling eller fostermedisinsk senter. Du har rett til genetisk veiledning i forkant av undersøkelsen.', 'Det er utviklet NIPD for flere alvorlige, arvelige sykdommer knyttet til et enkelt gen. Medisinsk-genetiske avdelinger vet om det er mulig å tilby deg NIPD i stedet for morkakeprøve eller fostervannsprøve.', 'NIPD-analysen må som regel ""skreddersys"" for den enkelte kvinne eller paret.', 'Morkakeprøve', 'Morkakeprøve er en analyse av celler fra morkaken. Morkaken utvikles fra det befruktede egget. Arvestoffet i morkaken er derfor (oftest) det samme som i fosteret.', 'Morkakeprøve gir svar på om fosteret har en medfødt eller arvelig sykdom/tilstand. Trisomi 13, 18 eller 21 er eksempler på medfødte tilstander.', 'Hvordan foregår morkakeprøve?', 'Først gjøres det en ultralydundersøkelse for å finne ut hvilken metode som er mest velegnet. Dette avhenger av hvor morkaken din er plassert.', 'Under ultralydveiledningen stikkes det en nål gjennom bukveggen din og inn i morkaken. Deretter suges det ut litt vev fra morkaken.', 'Alternativt føres det en liten klype/kanyle via livmorhalsen din og inn til morkaken, før det tas ut litt vev.', 'Prøvetagningen kan gjøre litt vondt. Smerten oppleves forskjellig fra kvinne til kvinne, men for de fleste er det omtrent som når det blir tatt en celleprøve fra livmorhalsen.', 'Etter at prøven er tatt, er det ofte anbefalt at du venter cirka 15 minutter før du forlater sykehuset. Du kan bli anbefalt å ta det litt mer med ro i to til tre dager etter undersøkelsen. Du vil vanligvis ikke ha behov for sykmelding.', 'Hvor lang tid tar det å få svar på undersøkelsen?', 'Hvor lang tid det tar før du får et svar på prøven, avhenger av hva du skal testes for. Du får vanligvis svar i løpet av 3 til 7 dager. Noen analyser tar lenger tid.', 'Du vil få informasjon om svartid når du får genetisk veiledning, eller når prøven av deg tas. Svaret blir sendt til deg i et brev, eller formidlet over telefon.', 'I cirka to prosent av tilfellene gir morkakeprøven et usikkert svar, og da kan det være nødvendig å kontrollere resultatet med en fostervannsprøve.', 'Er det noen risiko forbundet med undersøkelsen?', 'Opptil 0,5 prosent av de som tar morkakeprøve kan få en komplikasjon som skyldes prøvetakingen, deriblant utilsiktet abort. Aborten skjer da vanligvis i løpet av den første uken etter at prøven er tatt.', 'Fostervannsprøve', 'Ved en fostervannsprøve undersøkes fosterets celler fra fostervannet. Fostervannsprøve gir svar på om fosteret har en medfødt eller arvelig sykdom/tilstand. Trisomi 13, 18 eller 21 er eksempler på medfødte tilstander.', 'Fostervannsprøve tas som regel seinere i svangerskapet enn morkakeprøve; den kan tas etter svangerskapsuke 15.', 'Hvem får tilbud om fostervannsprøve?', 'Du kan få tilbud om fostervannsprøve hvis', 'det er påvist høy risiko eller sannsynlighet for trisomi hos fosteret (ved NIPT)', 'det er økt risiko for at fosteret kan ha en alvorlig, arvelig sykdom eller tilstand', 'For å få utført en fostervannsprøve, må du få henvisning til avdeling for medisinsk genetikk eller fostermedisinsk senter. Du vil få veiledning og informasjon om undersøkelsen i forkant.', 'Fostervannsprøve tas vanligvis mellom svangerskapsuke 15 og 16.', 'Hvordan foregår fostervannsprøve?', 'Før fostervannsprøven blir tatt, gjøres det en ultralydundersøkelse for å finne ut hvor stort fosteret er, hvor morkaken din ligger og hvor det er best å stikke inn nålen.', 'Under ultralydveiledningen stikkes det en tynn nål inn i livmorhulen din. Deretter suges det ut cirka 15 ml fostervann. Dette kan gjøre litt vondt, omtrent som en vanlig blodprøve.', 'Etter at prøven er tatt, er det anbefalt at du venter cirka 15 minutter før du forlater sykehuset. Du kan bli anbefalt å ta det litt mer med ro i to til tre dager etter undersøkelsen. Du vil vanligvis ikke ha behov for sykmelding.', 'Hvor lang tid tar det å få svar på undersøkelsen?', 'Hvor lang tid det tar før du får et svar på prøven, avhenger av hva du skal testes for. Du får vanligvis et svar innen 7 til 10 dager. Noen analyser tar lenger tid.', 'Du vil få informasjon om svartid når du får genetisk veiledning, eller når prøven av deg tas. Svaret blir sendt til deg i et brev, eller formidlet over telefon.', 'Er det risiko forbundet med fostervannsprøven?', 'Opptil 0,5 prosent av dem som tar en fostervannsprøve kan få en komplikasjon på grunn av selve prøvetakingen, deriblant en spontanabort. Aborten skjer da vanligvis i løpet av den første uken etter at prøven er tatt.']"
8a170cfa932115560a7f7b359e49875637b81624,94dda222ea90344db51faa6b9fe26096b9fce2e2,https://www.helsenorge.no/lt/snus-og-roykeslutt/tips-for-a-slutte-a-royke/,https://www.helsenorge.no/snus-og-roykeslutt/tips-for-a-slutte-a-royke/,"['Patarimai, kaip mesti rūkyti', 'Metimo dieną visiškai nustokite rūkyti!', 'Vartokite vaistus ar kitas priemones', 'Pasiruošimas mesti rūkyti', 'Vieniems naudinga iš anksto numatyti metimo dieną ir likusį laiką skirti pasiruošimui. Kitiems geriau mesti iš karto.', 'Jei šiandien numatysite metimo dieną po 2–4 savaičių, turėsite daug laiko pasiruošti. Nuspręskite, ar norite iš anksto pradėti mažinti surūkomų cigarečių kiekį, ar rūkyti kaip įprastai iki metimo dienos.', 'Iki metimo dienos jums reikėtų pakeisti rūkymo įpročius. Pradėkite rūkyti kitose vietose ir kitu laiku, nei esate įpratęs.', 'Stenkitės neberūkyti įprastose situacijose, kai anksčiau prisidegdavote cigaretę, pavyzdžiui, iškart po valgio. Tai jums padės pakeisti įpročius ir sumažinti rūkymą.', 'Užsirašykite visas priežastis, kurios tik ateina į galvą, ir turėkite jas po ranka tomis dienomis, kai jausite, kad motyvacija sumažėjo.', 'Numatykite, kaip malšinsite rūkymo potraukį', 'Rūkymo potraukis yra susijęs su abstinencijos simptomais ir su įgytu įpročiu. Paprastai jis praeina per kelias minutes. Nikotino preparatai šį potraukį gali sumažinti, tačiau taip pat turite pakeisti savo įpročius. Numatykite, ką darysite pajutę rūkymo potraukį. Priemonės gali būti įvairios: išgerti stiklinę vandens, paskambinti draugui ar išeiti pasivaikščioti.', 'Nerimaujate dėl nikotino abstinencijos? Prieš mesdami rūkyti pasitarkite su šeimos gydytoju ar vaistininku dėl įvairių pagalbinių priemonių. Jei pažįstate ką nors, kas metė rūkyti, išklausykite jų patarimų ir patirties.', 'Kaip nepasiduoti pagundoms', 'Apgalvokite, su kokiomis pagundomis teks susidurti. Kokiose situacijose bus sunkiausia atsisakyti cigaretės? Iš anksto įsivaizduokite šias situacijas ir numatykite vieną ar keletą sprendimų. Susikurkite planą „jeigu – tai“:', 'Jei vakarėlyje man pasiūlys cigaretę, tai atsakysiu „ačiū, aš nerūkau“.', 'Jei pajausiu potraukį rūkyti, tai išgersiu stiklinę šalto vandens.', 'Pirmosios kelios dienos paprastai būna sunkiausios, tada patariama vengti kai kurių situacijų ir vietų.', 'Metimo dieną visiškai nustokite rūkyti!', 'Nė karto net neužsitraukite. Visi abstinencijos simptomai metus rūkyti praeis – tik svarbu nerūkyti. Jei retkarčiais rūkysite, potraukio niekada neatsikratysite.', 'Maistas, gėrimai ir fizinis aktyvumas', 'Per pirmąsias savaites metus rūkyti gali būti nestabilus cukraus kiekis kraujyje, todėl svarbu tinkamai ir reguliariai maitintis. Rekomenduojami keturi pagrindiniai valgymai ir užkandžiai, pavyzdžiui, vaisiai ar duonos trapučiai.', 'Kai kurie žmonės metę rūkyti priauga svorio. Jei norite to išvengti, sąmoningai stebėkite, kuo pakeičiate rūkymą.', 'Troškulį malšinkite vandeniu ir gerkite jo dažniau nei įprastai. Pajutus rūkymo potraukį, gali padėti pora stiklinių vandens.', 'Bloga savijauta praeis', 'Sunkiausios būna pirmosios dienos, tačiau abstinencijos simptomai daugumai žmonių praeina per 2–4 savaites. Negalavimus gali sumažinti nikotino preparatai arba receptiniai vaistai.', 'Kol organizmas ir smegenų atlygio sistema pratinsis gyventi be nikotino, gali pablogėti jūsų savijauta, kamuoti prislėgta nuotaika. Tačiau tai praeis, tik reikia ištverti.', 'Atlygis', 'Apdovanokite save už tai, kad laikotės sprendimo. Atidėkite pinigus, kuriuos būtumėte išleidęs cigaretėms, savo norimam pirkiniui. Pradžia dažnai būna sunkiausia, tad skirkite sau pirmąjį prizą jau po paros. Ir antrojo prizo per ilgai neatidėliokite.', 'Norėdami mesti rūkyti galite pasikonsultuoti savo savivaldybės sveikos gyvensenos centre. Konsultacijai jus gali nukreipti šeimos gydytojas ar kitas medicinos darbuotojas arba NAV. Taip pat į sveikos gyvensenos centrą galite kreiptis savarankiškai.', 'Helsedirektoratet. Patarimai, kaip mesti rūkyti. [Internet]. Oslo: The Directorate of e-health; updated 2022 m. sausio 12 d., trečiadienis [retrieved 2023 m. gruodžio 27 d., trečiadienis]. Available from: https://www.helsenorge.no/lt/snus-og-roykeslutt/tips-for-a-slutte-a-royke/']","['Gode grunner gir god motivasjon', 'Skriv ned alle grunnene du kommer på, og ha det lett tilgjengelig de dagene der du ikke føler deg like motivert.', 'Planlegg for røyksuget', 'Et røyksug går som regel over etter noen minutter. Planlegg hva du skal gjøre i stedet for å røyke når du får røyksug. Det kan være alt fra å drikke et glass vann til å ringe en venn eller gå en tur.', 'Gruer du deg for nikotinabstinens? Bruk dagene i forkant til å snakke med fastlegen eller apoteket om ulike typer hjelpemidler. Lytt gjerne til anbefalinger fra dem du kjenner som har sluttet.', 'Hvordan møte fristelser', 'Tenk gjennom hvilke fristelser som vil komme. I hvilke situasjoner vil det være vanskeligst å la være ta en røyk? Se for deg disse situasjonene på forhånd, og bestem deg for én eller flere løsninger. Lag dine egne «hvis-så»-planer:', 'Hvis jeg blir tilbudt røyk på fest, så skal jeg si nei takk, jeg røyker ikke.', 'Hvis jeg får røyksug, så skal jeg drikke et glass kaldt vann.', 'De første dagene er gjerne verst, så enkelte situasjoner og steder kan det være lurt å unngå helt akkurat da.', 'På sluttedagen – kutt røyken helt!', 'Ikke ta ett eneste trekk. Alle abstinensplager du kan oppleve etter at du har sluttet å røyke, går over – bare du ikke røyker. Dersom du røyker av og til, blir du aldri kvitt røyksuget.', 'Du kan få en nedtur og tenke at alt føles tungt og trist mens kroppen og hjernens belønningssystem omstiller seg til livet uten nikotin. Men det går over om du holder ut og søker støtte hos dem rundt deg.', 'Idrettsutøvere bruker visualisering for å nå målene sine – gjør det du også! Tenk på situasjoner hvor du tidligere røykte. Se for deg den samme situasjonen, men at du ikke røyker, og at du synes det er ok! Bildet du lager forteller deg at det går bra! Gjør dette så ofte du kan.', 'Belønninger', 'Premier deg selv for at du holder fast ved beslutningen. Sett av pengene som du ellers hadde brukt på røyk til å kjøpe noe du ønsker deg. Begynnelsen er ofte verst, så gi deg selv den første premien gjerne allerede etter ett døgn. Ikke vent for lenge med neste premie.', 'Bruk legemidler eller annen hjelp', 'Anbefalingene fra Helsedirektoratet er å slutte ved hjelp av en kombinasjon av legemidler til røykeslutt og samtalestøtte. Nikotinlegemidler lindrer abstinensplager ved røykeslutt og dobler sjansen for å lykkes. Det er viktig å følge anbefalt dosering. Den vanligste feilen ved bruk av nikotinlegemidler er å bruke for svak dosering. Spør på apoteket.', '28 dager uten røyk', 'Mange synes det er vanskelig å tenke at de aldri mer skal røyke. Derfor er det et tips å se for seg at du skal klare å være røykfri i 28 dager. Klarer du å holde deg røykfri i 28 dager, femdobles sjansen for å klare å slutte for godt.', 'Ta små skritt – én dag av gangen – og plutselig har du klart 28 dager uten røyk. Det å senke terskelen for å gjøre et slutteforsøk, samt gi hjelp og støtte gjennom 28 dager, vil skape mulighet for mestring av en hverdag uten røyking. Bruk for eksempel denne røykesluttkalenderen fra Helsedirektoratet.', 'Se hvordan det gikk med andre som slutta i 28 dager', 'Du som vil slutte kan finne inspirasjon i å følge fem røykere i deres forsøk på å bli røykfri. Røykerne tok oss med på opp- og nedturer og viste den reelle hverdagen til en som ønsker å bli kvitt røyken for godt.', 'Helsedirektoratet. Tips for å slutte å røyke. [Internett]. Oslo: Direktoratet for e-helse; oppdatert onsdag 12. januar 2022 [hentet onsdag 27. desember 2023]. Tilgjengelig fra: https://www.helsenorge.no/snus-og-roykeslutt/tips-for-a-slutte-a-royke/']"
37edabbfbc42e5c95073e7cedde2f93301f4afc7,94dda222ea90344db51faa6b9fe26096b9fce2e2,https://www.helsenorge.no/sq/snus-og-roykeslutt/tips-for-a-slutte-a-royke/,https://www.helsenorge.no/snus-og-roykeslutt/tips-for-a-slutte-a-royke/,"['Këshilla për të lënë duhanin', 'Në ditën e lënies së duhanit – ndërprite duhanin krejtësisht!', 'Përdorni ilaçe ose mjete të tjera ndihmëse', 'Përgatitja për të lënë duhanin', 'Për disa është më e lehtë të lënë duhanin kur caktojnë një datë finale dhe e shfrytëzojnë kohën e mbetur për t’u përgatitur për këtë. Për disa të tjerë është më e dobishme që ta lënë menjëherë.', 'Nëse ju vendosni sot se do ta lini duhanin pas 2 – 4 javësh, atëherë ju keni kohë të mjaftueshme për t’u përgatitur. Vendosni nëse do ta pakësoni gradualisht pirjen e duhanit, apo nëse do të pini duhan si zakonisht deri në ditën kur do ta lini.', 'Deri në ditën kur do të lini duhanin, ju duhet të ndryshoni rutinën e pirjes së duhanit. Këtë mund ta bëni duke pirë duhan në orare dhe vende të tjera nga ato të zakonshmet.', 'Përpiquni të evitoni pirjen e duhanit në situatat tipike në të cilat ju pini duhan, për shembull, menjëherë pas të ngrënit. Kjo do t’iu ndihmojë që të hiqni dorë nga zakonet e pirjes së duhanit dhe të pakësoni gradualisht pirjen e tij.', 'Arsyet e forta sjellin motivim të mirë', 'Pse doni ta lini duhanin?', 'Për çfarë do të kurseni para nga lënia e duhanit?', 'Shkruani të gjitha arsyet që ju vijnë në mendje dhe mbajini pranë gjatë ditëve kur nuk ndiheni aq të motivuar.', 'Planifikoni për të përballuar dëshirën për të pirë duhan', 'Dëshira për të pirë duhan përfshin si abstinencën ashtu edhe rutinat e të pirit të duhanit. Dëshira për të pirë duhan kalon si rregull pas disa minutash. Ilaçet që përmbajnë nikotinë mund të ulin dëshirën e të pirit të duhanit, por edhe ju duhet të ndryshoni rutinat tuaja. Planifikoni se çfarë do të bëni në vend që të pini duhan kur ju vjen dëshira për këtë. Për këtë mund të bëni gjithçka, që nga pirja e një gote me ujë deri tek marrja në telefon e një shoku ose dalja për shëtitje.', 'Jeni në ankth për abstinencën nga nikotina? Shfrytëzojini ditët përpara lënies së duhanit për të folur me mjekun e familjes ose farmacistin për lloje të ndryshme të mjeteve ndihmëse. Është e dobishme të dëgjoni këshillat dhe të njiheni me përvojat e të njohurve tuaj që kanë lënë duhanin.', 'Si të përballoni tundimin për të pirë duhan', 'Mendoni për tundimet me të cilat do të përballeni. Në cilat situata do të jetë më e vështirë të shmangni pirjen e duhanit? Imagjinoni këto situata që më parë dhe vendosni për një ose më shumë zgjidhje të mundshme. Përgatisni planet tuaja “nëse – atëherë”:', 'Nëse më ofrojnë që të pi duhan në një festë, atëherë do të them “jo faleminderit, unë nuk pi duhan”;', 'Nëse kam dëshirë për të pirë duhan, atëherë do të pi një gotë ujë të ftohtë.', 'Zakonisht, ditët e para janë më të vështirat, prandaj mund të jetë një ide e mirë që të shmangni krejtësisht gjatë kësaj periudhe, situata dhe vende të caktuara.', 'Në ditën e lënies së duhanit – ndërprite duhanin krejtësisht!', 'Mos e thithni as edhe njëherë të vetme. Të gjitha shqetësimet e abstinencës që ju mund të përjetoni pasi të keni lënë duhanin do të kalojnë, me kusht që ju të mos pini duhan. Nëse ju pini duhan herë pas here, ju kurrë nuk do të shpëtoni nga dëshira për të pirë duhan.', 'Kujdesuni për ushqimin, lëngjet dhe aktivitetin fizik', 'Në javët e para pas lënies së duhanit, sheqeri në gjak mund të lëvizë dhe për këtë arsye është e rëndësishme që të hani siç duhet dhe në mënyrë të rregullt. Rekomandohet që të konsumohen katër vakte dhe vakte të ndërmjetme si për shembull fruta ose një fetë bukë e thekur.', 'Disa njerëz vërejnë se ata shtojnë në peshë pas lënies së duhanit. Bëni kujdes se me çfarë e zëvendësoni duhanin nëse dëshironi që ta shmangni shtimin në peshë.', 'Pini ujë për të shuar etjen dhe më shpesh se zakonisht. Një gotë ujë mund të ndihmojë kundër dëshirës për të pirë duhan.', 'Merruni me aktivitet fizik më shumë se zakonisht. Ecja me ritëm të shpejtë i lehtëson shqetësimet e abstinencës dhe pengon shtimin në peshë.', 'Mërzia kalon', 'Ditët e para janë më të vështirat, por për shumicën e njerëzve shqetësimet e abstinencës kalojnë brenda 2 – 4 javësh. Ilaçet me nikotinë ose ilaçet me recetë mund të lehtësojnë shqetësimet e abstinencës.', 'Juve mund t’iu pushtojë mërzia dhe të mendoni se gjithçka ndjehet e rëndë dhe e trishtë gjatë kohës që trupi dhe sistemi i shpërblimit i trurit përshtaten për jetën pa nikotinë. Por, kjo kalon nëse ju jeni këmbëngulës.', 'Shpërblimet', 'Shpërblejeni veten për këmbënguljen për të mos u tërhequr nga vendimi juaj. Grumbulloni veçmas paratë që do t’i kishit shpenzuar për duhan për të blerë diçka që dëshironi. Fillimi është më shpesh pjesa më e vështirë, prandaj, jepjani vetes shpërblimin e parë që pas një dite. Mos prisni shumë gjatë për të dhënë shpërblimin e dytë.', 'Përdorni ilaçe ose mjete të tjera ndihmëse', 'Drejtoria e Përgjithshme e Shëndetësisë rekomandon që duhani të lihet me ndihmën e ilaçeve për lënien e duhanit dhe këshillave nga profesionistë të fushës. Ilaçet që përmbajnë nikotinë lehtësojnë shqetësimet e abstinencës gjatë lënies së duhanit dhe dyfishojnë mundësinë e suksesit. Është e rëndësishme që të respektoni dozën e rekomanduar. Gabimi më i zakonshëm kur përdorni ilaçe me nikotinë është përdorimi i dozave më të ulëta se ç’duhen. Pyesni në farmaci.', 'Ju mund të merrni këshilla mbi lënien e duhanit në qendrën e mirëqenies në komunën tuaj. Mjeku i familjes, Zyra e Punës dhe Mirëqenies (NAV) ose një punonjës tjetër i shëndetësisë mund të dërgojnë një rekomandim tek qendra e mirëqenies, ose ju mund të kontaktoni vetë qendrën drejtpërsëdrejti.', 'Helsedirektoratet. Këshilla për të lënë duhanin. [Internet]. Oslo: The Directorate of e-health; updated e mërkurë, 12 janar 2022 [retrieved e mërkurë, 27 dhjetor 2023]. Available from: https://www.helsenorge.no/sq/snus-og-roykeslutt/tips-for-a-slutte-a-royke/']","['Gode grunner gir god motivasjon', 'Skriv ned alle grunnene du kommer på, og ha det lett tilgjengelig de dagene der du ikke føler deg like motivert.', 'Planlegg for røyksuget', 'Et røyksug går som regel over etter noen minutter. Planlegg hva du skal gjøre i stedet for å røyke når du får røyksug. Det kan være alt fra å drikke et glass vann til å ringe en venn eller gå en tur.', 'Gruer du deg for nikotinabstinens? Bruk dagene i forkant til å snakke med fastlegen eller apoteket om ulike typer hjelpemidler. Lytt gjerne til anbefalinger fra dem du kjenner som har sluttet.', 'Hvordan møte fristelser', 'Tenk gjennom hvilke fristelser som vil komme. I hvilke situasjoner vil det være vanskeligst å la være ta en røyk? Se for deg disse situasjonene på forhånd, og bestem deg for én eller flere løsninger. Lag dine egne «hvis-så»-planer:', 'Hvis jeg blir tilbudt røyk på fest, så skal jeg si nei takk, jeg røyker ikke.', 'Hvis jeg får røyksug, så skal jeg drikke et glass kaldt vann.', 'De første dagene er gjerne verst, så enkelte situasjoner og steder kan det være lurt å unngå helt akkurat da.', 'På sluttedagen – kutt røyken helt!', 'Ikke ta ett eneste trekk. Alle abstinensplager du kan oppleve etter at du har sluttet å røyke, går over – bare du ikke røyker. Dersom du røyker av og til, blir du aldri kvitt røyksuget.', 'Du kan få en nedtur og tenke at alt føles tungt og trist mens kroppen og hjernens belønningssystem omstiller seg til livet uten nikotin. Men det går over om du holder ut og søker støtte hos dem rundt deg.', 'Idrettsutøvere bruker visualisering for å nå målene sine – gjør det du også! Tenk på situasjoner hvor du tidligere røykte. Se for deg den samme situasjonen, men at du ikke røyker, og at du synes det er ok! Bildet du lager forteller deg at det går bra! Gjør dette så ofte du kan.', 'Belønninger', 'Premier deg selv for at du holder fast ved beslutningen. Sett av pengene som du ellers hadde brukt på røyk til å kjøpe noe du ønsker deg. Begynnelsen er ofte verst, så gi deg selv den første premien gjerne allerede etter ett døgn. Ikke vent for lenge med neste premie.', 'Bruk legemidler eller annen hjelp', 'Anbefalingene fra Helsedirektoratet er å slutte ved hjelp av en kombinasjon av legemidler til røykeslutt og samtalestøtte. Nikotinlegemidler lindrer abstinensplager ved røykeslutt og dobler sjansen for å lykkes. Det er viktig å følge anbefalt dosering. Den vanligste feilen ved bruk av nikotinlegemidler er å bruke for svak dosering. Spør på apoteket.', '28 dager uten røyk', 'Mange synes det er vanskelig å tenke at de aldri mer skal røyke. Derfor er det et tips å se for seg at du skal klare å være røykfri i 28 dager. Klarer du å holde deg røykfri i 28 dager, femdobles sjansen for å klare å slutte for godt.', 'Ta små skritt – én dag av gangen – og plutselig har du klart 28 dager uten røyk. Det å senke terskelen for å gjøre et slutteforsøk, samt gi hjelp og støtte gjennom 28 dager, vil skape mulighet for mestring av en hverdag uten røyking. Bruk for eksempel denne røykesluttkalenderen fra Helsedirektoratet.', 'Se hvordan det gikk med andre som slutta i 28 dager', 'Du som vil slutte kan finne inspirasjon i å følge fem røykere i deres forsøk på å bli røykfri. Røykerne tok oss med på opp- og nedturer og viste den reelle hverdagen til en som ønsker å bli kvitt røyken for godt.', 'Helsedirektoratet. Tips for å slutte å røyke. [Internett]. Oslo: Direktoratet for e-helse; oppdatert onsdag 12. januar 2022 [hentet onsdag 27. desember 2023]. Tilgjengelig fra: https://www.helsenorge.no/snus-og-roykeslutt/tips-for-a-slutte-a-royke/']"
5d4f127b8ffc807f85f502e92d2f29c0b73dc61b,07cc2a2c4785175e5d3b4a0af2d9e59536e8f986,https://www.helsenorge.no/en/poison-information/planter-og-bar-a-a/fresia/,https://www.helsenorge.no/en/poison-information/planter-og-bar-a-a/fuksia/,"['Symptom ved forgiftning med freesia', 'Førstehjelp ved uhell med freesia', 'Fjern eventuelle planterestar fra munn', 'Gi litt å drikke for å fjerne restar eller ubehageleg smak frå munnen', 'Skildring av freesia', '\u200bFreesia er ei slekt med 20 artar opprinneleg frå Sør-Afrika. I Noreg dyrkast den stort sett berre i drivhus og drivbenkar.', 'Freesia er ein populær snittblom med lang stilk og lange, smale blad. Blomane er velluktande, 3–4 cm store og avsmala til eit trangt rør nedtil. Blomane dyrkast ofte som hybridar med varierande fargar.', 'The Norwegian Poisons Information Centre. Freesia. [Internet]. Oslo: The Directorate of e-health; updated Wednesday, May 5, 2021 [retrieved Wednesday, December 27, 2023]. Available from: https://www.helsenorge.no/en/poison-information/planter-og-bar-a-a/fresia/']","['Symptomer ved forgiftning med fuksia', 'Fuksia er en lite farlig planteslekt, og vi forventer ikke symptomer ved en liten smak.', 'Førstehjelp ved uhell med fuksia', 'Fjern eventuelle planterester fra munnen.', 'Gi gjerne litt å drikke for å fjerne rester eller ubehagelig smak fra munnen.', 'Beskrivelse av fuksia', '\u200bFuksia er en slekt bestående av rundt 100 arter, og mange av disse er små busker eller trær. De fleste kultivarene til bruk som stue- og hageplanter er hybrider og dyrkes ofte frem på grunn av sine vakre, hengende blomster.', 'The Norwegian Poisons Information Centre. Fuksia. [Internet]. Oslo: The Directorate of e-health; updated Wednesday, May 5, 2021 [retrieved Wednesday, December 27, 2023]. Available from: https://www.helsenorge.no/en/poison-information/planter-og-bar-a-a/fuksia/']"
078be7972d0d89a1de6379c2959db7a8f85aa9f3,ebd62161ad1cc05aed17447f8595db5abfe4b434,https://www.helsenorge.no/lt/snus-og-roykeslutt/fordeler-ved-a-slutte-a-royke/,https://www.helsenorge.no/snus-og-roykeslutt/fordeler-ved-a-slutte-a-royke/,"['Helsedirektoratet. Metimo rūkyti nauda. [Internet]. Oslo: The Directorate of e-health; updated 2022 m. sausio 3 d., pirmadienis [retrieved 2023 m. gruodžio 27 d., trečiadienis]. Available from: https://www.helsenorge.no/lt/snus-og-roykeslutt/fordeler-ved-a-slutte-a-royke/']","['24 timer etter røykeslutt', '72 timer etter røykeslutt', 'Lungene er nå i bedring, og lunge\u200b\u200bkapasiteten øker.', 'Nikotinsug og abstinens er kanskje blitt sterkere nå, men holder du ut, vil det føles bedre i dagene som kommer. Plagene er som regel helt borte etter få uker.', 'Uker etter røykeslutt', '\u200b2–12 uker etter røykeslutt', 'Blodsirkulasjonen og lungekapasiteten din har nå blitt såpass mye bedre at det kjennes lettere å bevege seg raskt. Du har fått økt blodsirkulasjon også i ryggvirvlene, og dermed har du redusert risikoen for ryggproblemer.', 'Huden din har nå begynt å få tilbake et friskt, rødlig skjær. Det er redusert risiko for og bedre helbredelse av tannkjøttsykdom. Smaks- og luktesansene dine har våknet til liv, så mat og drikke smaker bedre', 'Er du kvinne, har du fått økt mulighet til å bli gravid om du ønsker det.', 'Du har fått bedret blodomløp. Er du mann, kan dette gi bedre ereksjon.', 'Måneder etter røykeslutt', '\u200b4–6 måneder etter røykeslutt', 'Flimmerhårene i luftrørene skal nå være friskmeldt, og de arbeider nå for fullt med å rense opp i lungene. Du har fått mindre hoste og slimdannelse.', 'Kroppen er nå i gang med å reparere skadene som røykingen forårsaket i blodårene. Faren for at du skal rammes av en blodpropp er mye mindre enn da du røykte.', 'Helsedirektoratet. Fordeler ved å slutte å røyke. [Internett]. Oslo: Direktoratet for e-helse; oppdatert mandag 3. januar 2022 [hentet onsdag 27. desember 2023]. Tilgjengelig fra: https://www.helsenorge.no/snus-og-roykeslutt/fordeler-ved-a-slutte-a-royke/']"
159d1881dc760facbb2a305b2e90891eeb069b2e,6c2732d97fe5625637187e2549415fffc3aa583f,https://www.helsenorge.no/nn/klage-og-erstatning/slik-sender-du-en-rettighetsklage/,https://www.helsenorge.no/klage-og-erstatning/slik-sender-du-en-rettighetsklage/,['Statsforvalteren. Slik sender du en rettighetsklage. [Internett]. Oslo: Direktoratet for e-helse; oppdatert fredag 3. september 2021 [henta onsdag 27. desember 2023]. Tilgjengeleg frå: https://www.helsenorge.no/nn/klage-og-erstatning/slik-sender-du-en-rettighetsklage/'],['Statsforvalteren. Slik sender du en rettighetsklage. [Internett]. Oslo: Direktoratet for e-helse; oppdatert fredag 3. september 2021 [hentet onsdag 27. desember 2023]. Tilgjengelig fra: https://www.helsenorge.no/klage-og-erstatning/slik-sender-du-en-rettighetsklage/']
959b15afbb676547c18137e15b60a29d97c7eb31,4e556147afc0e87451fd0707447b2330f9d00dd2,https://www.helsenorge.no/nn/giftinformasjon/hund-og-katt/p-piller/,https://www.helsenorge.no/giftinformasjon/hund-og-katt/p-piller/,"['Kontakt din veterinær ved forgiftninger hos dyr', 'Giftinformasjonen. P-piller er lite giftig for hund og katt. [Internett]. Oslo: Direktoratet for e-helse; oppdatert torsdag 17. mars 2022 [henta onsdag 27. desember 2023]. Tilgjengeleg frå: https://www.helsenorge.no/nn/giftinformasjon/hund-og-katt/p-piller/']","['Kontakt din veterinær ved forgiftninger hos dyr', 'Giftinformasjonen. P-piller er lite giftig for hund og katt. [Internett]. Oslo: Direktoratet for e-helse; oppdatert torsdag 17. mars 2022 [hentet onsdag 27. desember 2023]. Tilgjengelig fra: https://www.helsenorge.no/giftinformasjon/hund-og-katt/p-piller/']"
486b0832f9c91a8af31218ea84f39805246d1f43,bbd7d3201ea2ee650838271b13c7764caaee462b,https://www.helsenorge.no/en/poison-information/planter-og-bar-a-a/pinselilje/,https://www.helsenorge.no/en/poison-information/planter-og-bar-a-a/paskelilje/,"['Pinselilje inneheld irriterande plantesaft', 'Pinselilje (Narcissus poeticus) inneheld irriterande plantesaft. Løken inneheld mest av dei irriterande stoffa. Å smake litt på ei pinselilje er ikkje farleg, men kontakt Giftinformasjonen dersom barnet har ete av løken eller større mengder av planta.', 'Symptom ved forgifting med pinselilje', 'Førstehjelp ved forgifting med pinselilje', 'Kontakt Giftinformasjonen (22 59 13 00) dersom barnet ditt har ete litt av løken eller større mengder plantemateriale av pinselilje.', 'Beskriving av pinselilje', '\u200bPinselilje er ei løkplante som ofte blir 20–50 cm høg. Frå løken veks det 4–5 linjeforma blad og eit stivt skaft med éin blome. Blomen har kvite blomedekkblad og ofte gul bikrone med raud kant. Pinselilje blømer i april–mai.', 'The Norwegian Poison Information Centre offers a helpline to provide assistance when needed']","['Påskelilje har irriterende plantesaft', 'Påskelilje (Narcissus pseudonarcissus) har irriterende plantesaft. Løken inneholder mest av de irriterende stoffene. Å smake litt på en påskelilje er ikke farlig. Kontakt Giftinformasjonen dersom barnet ditt har spist av løken eller større mengder av planten.', 'Contact the Norwegian Poisons Information Centre if you suspect a poisoning', 'The Norwegian Poisons Information Centre. Påskelilje har irriterende plantesaft. [Internet]. Oslo: The Directorate of e-health; updated Tuesday, August 17, 2021 [retrieved Wednesday, December 27, 2023]. Available from: https://www.helsenorge.no/en/poison-information/planter-og-bar-a-a/paskelilje/']"
91daed7c72dfefee4e3ed785359be7e87320adb3,e2c9348474c52ae44a4c10b0ce9dcfd2750ed217,https://www.helsenorge.no/nn/hjelpetilbud-i-kommunene/helsestasjon-0-5-ar/12-manederskontroll/,https://www.helsenorge.no/nn/hjelpetilbud-i-kommunene/helsestasjon-0-5-ar/17-18-manederskontroll/,['Helsedirektoratet. Konsultasjon når barnet er 12 måneder . [Internett]. Oslo: Direktoratet for e-helse; oppdatert måndag 28. august 2023 [henta onsdag 27. desember 2023]. Tilgjengeleg frå: https://www.helsenorge.no/nn/hjelpetilbud-i-kommunene/helsestasjon-0-5-ar/12-manederskontroll/'],"['Undersøkelser', 'Barnets vekt og lengde blir målt. Barnets generelle utvikling blir undersøkt. Det innebærer at helsesykepleier undersøker barnets kropp, hørsel/syn, språk, kontakt og bevegelser. Barnet blir observert og undersøkt uten klær.', 'Forberedelse', 'Helsestasjonen er opptatt av hvordan du og barnet ditt har det. Om du har noen spørsmål eller noe du ønsker å fortelle, kan du ta dette opp i konsultasjonen. Skriv gjerne ned hva du lurer på.', 'Helsedirektoratet. Konsultasjon når barnet er 17–18 måneder. [Internett]. Oslo: Direktoratet for e-helse; oppdatert måndag 28. august 2023 [henta onsdag 27. desember 2023]. Tilgjengeleg frå: https://www.helsenorge.no/nn/hjelpetilbud-i-kommunene/helsestasjon-0-5-ar/17-18-manederskontroll/']"
91daed7c72dfefee4e3ed785359be7e87320adb3,510e73349a8126fcaac2562a989790fa5ba4156b,https://www.helsenorge.no/nn/hjelpetilbud-i-kommunene/helsestasjon-0-5-ar/12-manederskontroll/,https://www.helsenorge.no/nn/hjelpetilbud-i-kommunene/helsestasjon-0-5-ar/4-manederskontroll/,['Helsedirektoratet. Konsultasjon når barnet er 12 måneder . [Internett]. Oslo: Direktoratet for e-helse; oppdatert måndag 28. august 2023 [henta onsdag 27. desember 2023]. Tilgjengeleg frå: https://www.helsenorge.no/nn/hjelpetilbud-i-kommunene/helsestasjon-0-5-ar/12-manederskontroll/'],"['Undersøkelser', 'Barnets hodeomkrets, vekt og lengde blir målt. Barnets generelle utvikling blir undersøkt. Det innebærer at helsesykepleier undersøker barnets kropp, hørsel/syn, språk, kontakt og bevegelser. Barnet blir observert og undersøkt uten klær.', 'Forberedelse', 'Helsestasjonen er opptatt av hvordan du og barnet ditt har det. Om du har noen spørsmål eller noe du ønsker å fortelle, kan du ta dette opp i konsultasjonen. Skriv gjerne ned hva du lurer på.', 'Helsedirektoratet. Konsultasjon når barnet er 4 måneder . [Internett]. Oslo: Direktoratet for e-helse; oppdatert onsdag 23. august 2023 [henta onsdag 27. desember 2023]. Tilgjengeleg frå: https://www.helsenorge.no/nn/hjelpetilbud-i-kommunene/helsestasjon-0-5-ar/4-manederskontroll/']"
91daed7c72dfefee4e3ed785359be7e87320adb3,fb58603395bb40fcb92cc770114b1a8bef55df00,https://www.helsenorge.no/nn/hjelpetilbud-i-kommunene/helsestasjon-0-5-ar/12-manederskontroll/,https://www.helsenorge.no/hjelpetilbud-i-kommunene/helsestasjon-0-5-ar/12-manederskontroll/,['Helsedirektoratet. Konsultasjon når barnet er 12 måneder . [Internett]. Oslo: Direktoratet for e-helse; oppdatert måndag 28. august 2023 [henta onsdag 27. desember 2023]. Tilgjengeleg frå: https://www.helsenorge.no/nn/hjelpetilbud-i-kommunene/helsestasjon-0-5-ar/12-manederskontroll/'],['Helsedirektoratet. Konsultasjon når barnet er 12 måneder . [Internett]. Oslo: Direktoratet for e-helse; oppdatert mandag 28. august 2023 [hentet onsdag 27. desember 2023]. Tilgjengelig fra: https://www.helsenorge.no/hjelpetilbud-i-kommunene/helsestasjon-0-5-ar/12-manederskontroll/']
91daed7c72dfefee4e3ed785359be7e87320adb3,c055ce05b413c43539e55392b43a13e7dc296fd8,https://www.helsenorge.no/nn/hjelpetilbud-i-kommunene/helsestasjon-0-5-ar/12-manederskontroll/,https://www.helsenorge.no/nn/hjelpetilbud-i-kommunene/helsestasjon-0-5-ar/8-manederskontroll/,['Helsedirektoratet. Konsultasjon når barnet er 12 måneder . [Internett]. Oslo: Direktoratet for e-helse; oppdatert måndag 28. august 2023 [henta onsdag 27. desember 2023]. Tilgjengeleg frå: https://www.helsenorge.no/nn/hjelpetilbud-i-kommunene/helsestasjon-0-5-ar/12-manederskontroll/'],"['Undersøkelser', 'Barnets hodeomkrets, vekt og lengde blir målt. Barnets generelle utvikling blir undersøkt. Det innebærer at helsesykepleier undersøker barnets kropp, hørsel/syn, språk, kontakt og bevegelser. Barnet blir observert og undersøkt uten klær.', 'Forberedelse', 'Helsestasjonen er opptatt av hvordan du og barnet ditt har det. Om du har noen spørsmål eller noe du ønsker å fortelle, kan du ta dette opp i konsultasjonen. Skriv gjerne ned hva du lurer på.', 'Helsedirektoratet. Konsultasjon når barnet er 8 måneder. [Internett]. Oslo: Direktoratet for e-helse; oppdatert måndag 28. august 2023 [henta onsdag 27. desember 2023]. Tilgjengeleg frå: https://www.helsenorge.no/nn/hjelpetilbud-i-kommunene/helsestasjon-0-5-ar/8-manederskontroll/']"
91daed7c72dfefee4e3ed785359be7e87320adb3,6c1dfbfd1f55224c7098a62297b68c9d691064c2,https://www.helsenorge.no/nn/hjelpetilbud-i-kommunene/helsestasjon-0-5-ar/12-manederskontroll/,https://www.helsenorge.no/nn/hjelpetilbud-i-kommunene/helsestasjon-0-5-ar/15-manederskontroll/,['Helsedirektoratet. Konsultasjon når barnet er 12 måneder . [Internett]. Oslo: Direktoratet for e-helse; oppdatert måndag 28. august 2023 [henta onsdag 27. desember 2023]. Tilgjengeleg frå: https://www.helsenorge.no/nn/hjelpetilbud-i-kommunene/helsestasjon-0-5-ar/12-manederskontroll/'],"['Undersøkelser', 'Barnets vekt og lengde blir målt. Barnets generelle utvikling blir undersøkt. Det innebærer at helsesykepleier undersøker barnets kropp, hørsel/syn, språk, kontakt og bevegelser. Barnet blir observert og undersøkt uten klær.', 'Helsedirektoratet. Konsultasjon når barnet er 15 måneder . [Internett]. Oslo: Direktoratet for e-helse; oppdatert måndag 28. august 2023 [henta onsdag 27. desember 2023]. Tilgjengeleg frå: https://www.helsenorge.no/nn/hjelpetilbud-i-kommunene/helsestasjon-0-5-ar/15-manederskontroll/']"
91daed7c72dfefee4e3ed785359be7e87320adb3,88303bc53f4d772751c1d237bd4a2324532cdefa,https://www.helsenorge.no/nn/hjelpetilbud-i-kommunene/helsestasjon-0-5-ar/12-manederskontroll/,https://www.helsenorge.no/nn/hjelpetilbud-i-kommunene/helsestasjon-0-5-ar/5-manederskontroll/,['Helsedirektoratet. Konsultasjon når barnet er 12 måneder . [Internett]. Oslo: Direktoratet for e-helse; oppdatert måndag 28. august 2023 [henta onsdag 27. desember 2023]. Tilgjengeleg frå: https://www.helsenorge.no/nn/hjelpetilbud-i-kommunene/helsestasjon-0-5-ar/12-manederskontroll/'],"['Undersøkelser', 'Barnets hodeomkrets, vekt og lengde blir målt. Barnets generelle utvikling blir undersøkt. Det innebærer at helsesykepleier undersøker barnets kropp, hørsel/syn, språk, kontakt og bevegelser. Barnet blir observert og undersøkt uten klær.', 'Helsedirektoratet. Konsultasjon når barnet er 5 måneder. [Internett]. Oslo: Direktoratet for e-helse; oppdatert måndag 28. august 2023 [henta onsdag 27. desember 2023]. Tilgjengeleg frå: https://www.helsenorge.no/nn/hjelpetilbud-i-kommunene/helsestasjon-0-5-ar/5-manederskontroll/']"
91daed7c72dfefee4e3ed785359be7e87320adb3,14752bc2d9a2fd195f3e757a308a86f105baf950,https://www.helsenorge.no/nn/hjelpetilbud-i-kommunene/helsestasjon-0-5-ar/12-manederskontroll/,https://www.helsenorge.no/nn/hjelpetilbud-i-kommunene/helsestasjon-0-5-ar/3-manederskontroll/,['Helsedirektoratet. Konsultasjon når barnet er 12 måneder . [Internett]. Oslo: Direktoratet for e-helse; oppdatert måndag 28. august 2023 [henta onsdag 27. desember 2023]. Tilgjengeleg frå: https://www.helsenorge.no/nn/hjelpetilbud-i-kommunene/helsestasjon-0-5-ar/12-manederskontroll/'],"['Undersøkelser', 'Barnets hodeomkrets, vekt og lengde blir målt. Barnets generelle utvikling blir undersøkt. Det innebærer at helsesykepleier undersøker barnets kropp, hørsel/syn, blikkontakt, språk og bevegelser. Barnet blir observert og undersøkt uten klær.', 'Helsedirektoratet. Konsultasjon når barnet er 3 måneder. [Internett]. Oslo: Direktoratet for e-helse; oppdatert måndag 28. august 2023 [henta onsdag 27. desember 2023]. Tilgjengeleg frå: https://www.helsenorge.no/nn/hjelpetilbud-i-kommunene/helsestasjon-0-5-ar/3-manederskontroll/']"
91daed7c72dfefee4e3ed785359be7e87320adb3,6a2388ebaa7046390352f069288c8d930d048aa1,https://www.helsenorge.no/nn/hjelpetilbud-i-kommunene/helsestasjon-0-5-ar/12-manederskontroll/,https://www.helsenorge.no/hjelpetilbud-i-kommunene/helsestasjon-0-5-ar/15-manederskontroll/,['Helsedirektoratet. Konsultasjon når barnet er 12 måneder . [Internett]. Oslo: Direktoratet for e-helse; oppdatert måndag 28. august 2023 [henta onsdag 27. desember 2023]. Tilgjengeleg frå: https://www.helsenorge.no/nn/hjelpetilbud-i-kommunene/helsestasjon-0-5-ar/12-manederskontroll/'],"['Undersøkelser', 'Barnets vekt og lengde blir målt. Barnets generelle utvikling blir undersøkt. Det innebærer at helsesykepleier undersøker barnets kropp, hørsel/syn, språk, kontakt og bevegelser. Barnet blir observert og undersøkt uten klær.', 'Helsedirektoratet. Konsultasjon når barnet er 15 måneder . [Internett]. Oslo: Direktoratet for e-helse; oppdatert mandag 28. august 2023 [hentet onsdag 27. desember 2023]. Tilgjengelig fra: https://www.helsenorge.no/hjelpetilbud-i-kommunene/helsestasjon-0-5-ar/15-manederskontroll/']"
91daed7c72dfefee4e3ed785359be7e87320adb3,e85634ef05c5c7bcae37b502a506f3029eeec8ef,https://www.helsenorge.no/nn/hjelpetilbud-i-kommunene/helsestasjon-0-5-ar/12-manederskontroll/,https://www.helsenorge.no/hjelpetilbud-i-kommunene/helsestasjon-0-5-ar/10-manederskontroll/,['Helsedirektoratet. Konsultasjon når barnet er 12 måneder . [Internett]. Oslo: Direktoratet for e-helse; oppdatert måndag 28. august 2023 [henta onsdag 27. desember 2023]. Tilgjengeleg frå: https://www.helsenorge.no/nn/hjelpetilbud-i-kommunene/helsestasjon-0-5-ar/12-manederskontroll/'],"['Undersøkelser', 'Barnets hodeomkrets, vekt og lengde blir målt. Barnets generelle utvikling blir undersøkt. Det innebærer at helsesykepleier undersøker barnets kropp, hørsel/syn, språk, kontakt og bevegelser. Barnet blir observert og undersøkt uten klær.', 'Forberedelse', 'Helsestasjonen er opptatt av hvordan du og barnet ditt har det. Om du har noen spørsmål eller noe du ønsker å fortelle, kan du ta dette opp i konsultasjonen. Skriv gjerne ned hva du lurer på.', 'Helsedirektoratet. Konsultasjon når barnet er 10 måneder. [Internett]. Oslo: Direktoratet for e-helse; oppdatert mandag 28. august 2023 [hentet onsdag 27. desember 2023]. Tilgjengelig fra: https://www.helsenorge.no/hjelpetilbud-i-kommunene/helsestasjon-0-5-ar/10-manederskontroll/']"
91daed7c72dfefee4e3ed785359be7e87320adb3,c74cde02cbfd9b47b077d02f156da296ba0a5c23,https://www.helsenorge.no/nn/hjelpetilbud-i-kommunene/helsestasjon-0-5-ar/12-manederskontroll/,https://www.helsenorge.no/nn/hjelpetilbud-i-kommunene/helsestasjon-0-5-ar/10-manederskontroll/,['Helsedirektoratet. Konsultasjon når barnet er 12 måneder . [Internett]. Oslo: Direktoratet for e-helse; oppdatert måndag 28. august 2023 [henta onsdag 27. desember 2023]. Tilgjengeleg frå: https://www.helsenorge.no/nn/hjelpetilbud-i-kommunene/helsestasjon-0-5-ar/12-manederskontroll/'],"['Undersøkelser', 'Barnets hodeomkrets, vekt og lengde blir målt. Barnets generelle utvikling blir undersøkt. Det innebærer at helsesykepleier undersøker barnets kropp, hørsel/syn, språk, kontakt og bevegelser. Barnet blir observert og undersøkt uten klær.', 'Forberedelse', 'Helsestasjonen er opptatt av hvordan du og barnet ditt har det. Om du har noen spørsmål eller noe du ønsker å fortelle, kan du ta dette opp i konsultasjonen. Skriv gjerne ned hva du lurer på.', 'Helsedirektoratet. Konsultasjon når barnet er 10 måneder. [Internett]. Oslo: Direktoratet for e-helse; oppdatert måndag 28. august 2023 [henta onsdag 27. desember 2023]. Tilgjengeleg frå: https://www.helsenorge.no/nn/hjelpetilbud-i-kommunene/helsestasjon-0-5-ar/10-manederskontroll/']"
