nynorsk_doc_hash,bokmaal_doc_hash,nynorsk_url,bokmaal_url,nynorsk_fulltext,bokmaal_fulltext
0818d6c8573b246d49486f58fc2176261c4fb2c2,b43ff547c81beab6350ed2d27e2a61047e9a1eb8,https://www.ntnu.no/ilu/studenttillitsvalgte,https://www.ntnu.no/ipl/studenttillitsvalgte,"['Instituttillitsvalde', 'Har du spørsmål til dei instituttillitsvalde?', 'Viss du har innspel eller spørsmål om studiet eller om rettane dine som student, kan du kontakte ein av ITV-ane dine. Du kan kontakte ITV-ane ved Institutt for lærerutdanning på e-post.', 'Viss du har spørsmål om studieprogrammet ditt, kan du òg kontakte PTV-en din. Alle ITV-ar og PTV-ar har teieplikt.', 'Tilbakemeldingar i enkeltemne', 'Har du tilbakemelding i enkeltemne, kan du ta direkte kontakt med referansestudentane for det aktuelle emnet ditt. Dei kan ta saker vidare til programtillitsvalde eller instituttillitsvalde viss det er naudsynt. Du kan finne ut kven som er referansestudent for eit emne på emnesidene i Blackboard.', 'Gjelder tilbakemeldinga di avvik (dvs. saker som ikkje gjeld undervisninga direkte), kan du bruka NTNU sitt elektroniske avvikssystem.']","['Studenttillitsvalgte - Institutt for pedagogikk og livslang læring', 'Studenttillitsvalgte ved Institutt for pedagogikk og livslang læring', 'Studenttillitsvalgte ved Institutt for pedagogikk og livslang læring', 'Hvis du i løpet av semesteret har tilbakemeldinger eller spørsmål om studiet eller om dine rettigheter som student, kan du kontakte en av dine to instituttillitsvalgte (ITV). Hvis du har spørsmål om studieprogrammet ditt, kan du også kontakte din programstillitsvalgte (PTV). Alle ITV-er og PTV-er har skrevet under taushetserklæring.', 'Tilbakemelding', 'For tilbakemelding på enkeltemner kan du ta direkte kontakt med referansestudentene for det aktuelle emnet. De kan ta saker videre til PTV eller ITV om nødvendig. Du kan finne ut hvem som er referansestudent for et emne på emnesidene i Blackboard.']"
ee19bf1521e24d86a968a1b032d79922bd777028,42b404d6e3e72b667acb27cfe4d149ea7cb154df,https://www.ntnu.no/studieinformasjon/siving/eldre/97-98/2/24032.htm,https://www.ntnu.no/studieinformasjon/siving/eldre/97-98/2/24062.htm,"['Mål: Gje ei vidare fordjupning og forståelse av data frå borehol, målemetodar brukte i borehol, kva informasjonspotensiale desse har og bruk av slike data i integrert evaluering av reservoareigenskapar.', 'Forutsetning: Faget byggjer på fag 24020 Boreholslogging eller tilsvarande kunnskapar.', 'Innhold: Kurset fokuserer på utvalde emne om metodar for innsamling og tolking av brønndata: Grunnleggande petrofysiske synspunkt og relasjonar. Kvalitetskontroll av data. Radiometriske metodar i opne og fora borehol: Spektrometri - naturleg og indusert, nøytron levetidsmålingar (vassmetning bak foringsrøret). Elektrisk og akustiske bilete av boreholsveggen. Måling under boring, MWD - logging i og tolking av loggar frå horisontale brønnar. Opptak og analyse av borekjerner - feilkjelder ved slike data. Vassmetningsmodellar i skifrige formasjonar. Datamaskintolking av brønndata. Studentane skal i kurset skrive og presentere ein rapport om eit emne basert på eigne studium av litteratur og/eller data.', 'Undervisningsform: Forelesning, obligatoriske øvingar og bearbeiding av data ved hjelp av programvare for tolking av brønndata. Semesterprosjekt. Undervisninga foregår på engelsk dersom masterstudentar velger faget.']","['Mål: Faget skal gi inngående kjennskap til fysikalske forhold, prinsipper og metoder som vedrører utvinning av olje og gass fra reservoarer.', 'Forutsetning: Det forutsettes eksamen i fag 24073 Strømning i porøse media og 24064 Reservoarfluiders egenskaper eller tilsvarende kunnskaper.', 'Innhold: Faget omfatter naturlige og tilførte energikilder, og analyse av deres innvirkning på utvinningsgraden av olje og gass fra forskjellige typer reservoarer. Temaoversikt: Olje\xad, gass\xad og gasskondensatsystemer; mikroskopisk og makroskopisk fortregningseffektivitet; naturlige drivmekanismer; injeksjon av vann og gass; materialbalanseberegninger; strømningsligninger; brønnmønstre.', 'Undervisningsform: Forelesninger og obligatoriske regneøvinger. Øvingene teller 25% ved fastsettelse av sluttkarakteren i faget. Undervisningen foregår på engelsk.']"
ee19bf1521e24d86a968a1b032d79922bd777028,6356a1d8d2ee740b19f2f21c0ac7811155e0c7bc,https://www.ntnu.no/studieinformasjon/siving/eldre/97-98/2/24032.htm,https://www.ntnu.no/studieinformasjon/siving/eldre/97-98/2/24030.htm,"['Mål: Gje ei vidare fordjupning og forståelse av data frå borehol, målemetodar brukte i borehol, kva informasjonspotensiale desse har og bruk av slike data i integrert evaluering av reservoareigenskapar.', 'Forutsetning: Faget byggjer på fag 24020 Boreholslogging eller tilsvarande kunnskapar.', 'Innhold: Kurset fokuserer på utvalde emne om metodar for innsamling og tolking av brønndata: Grunnleggande petrofysiske synspunkt og relasjonar. Kvalitetskontroll av data. Radiometriske metodar i opne og fora borehol: Spektrometri - naturleg og indusert, nøytron levetidsmålingar (vassmetning bak foringsrøret). Elektrisk og akustiske bilete av boreholsveggen. Måling under boring, MWD - logging i og tolking av loggar frå horisontale brønnar. Opptak og analyse av borekjerner - feilkjelder ved slike data. Vassmetningsmodellar i skifrige formasjonar. Datamaskintolking av brønndata. Studentane skal i kurset skrive og presentere ein rapport om eit emne basert på eigne studium av litteratur og/eller data.', 'Undervisningsform: Forelesning, obligatoriske øvingar og bearbeiding av data ved hjelp av programvare for tolking av brønndata. Semesterprosjekt. Undervisninga foregår på engelsk dersom masterstudentar velger faget.']","['Innhold: Årsaker til at boreslamvolumet i et borehull blir ustabilt, hvordan detektere høytrykksoner under boreprosessen, herunder standard og avansert dc-eksponent metode, trykkontrollutstyr på flytende borerigger, innstengningsprosedyre, prosedyre for utsirkulering av gass, trykkontroll simulatorer for pc-bruk som inkluderer effekter som gassløslighet, gassens stigehastighet og dispergeringseffekter.']"
ee19bf1521e24d86a968a1b032d79922bd777028,595cf62ae4c67ce15f416e10048cf7d91eb4e374,https://www.ntnu.no/studieinformasjon/siving/eldre/97-98/2/24032.htm,https://www.ntnu.no/studieinformasjon/siving/eldre/97-98/2/21002.htm,"['Mål: Gje ei vidare fordjupning og forståelse av data frå borehol, målemetodar brukte i borehol, kva informasjonspotensiale desse har og bruk av slike data i integrert evaluering av reservoareigenskapar.', 'Forutsetning: Faget byggjer på fag 24020 Boreholslogging eller tilsvarande kunnskapar.', 'Innhold: Kurset fokuserer på utvalde emne om metodar for innsamling og tolking av brønndata: Grunnleggande petrofysiske synspunkt og relasjonar. Kvalitetskontroll av data. Radiometriske metodar i opne og fora borehol: Spektrometri - naturleg og indusert, nøytron levetidsmålingar (vassmetning bak foringsrøret). Elektrisk og akustiske bilete av boreholsveggen. Måling under boring, MWD - logging i og tolking av loggar frå horisontale brønnar. Opptak og analyse av borekjerner - feilkjelder ved slike data. Vassmetningsmodellar i skifrige formasjonar. Datamaskintolking av brønndata. Studentane skal i kurset skrive og presentere ein rapport om eit emne basert på eigne studium av litteratur og/eller data.', 'Undervisningsform: Forelesning, obligatoriske øvingar og bearbeiding av data ved hjelp av programvare for tolking av brønndata. Semesterprosjekt. Undervisninga foregår på engelsk dersom masterstudentar velger faget.']","['Mål: Faget er en innledning til studiet av jordklodens mineralske råstoffressurser \xad fornybare og ikke\xadfornybare.', 'Forutsetning: Kunnskaper tilsvarende geologiske fag i 1. og 2. årskurs.', 'Innhold: En beskrivelse av hovedtrekkene hos ressurstypene: Faste metalliske og ikke\xadmetalliske mineralforekomster, bygnings\xad og prydstener, pukk og grus, jordolje (petroleum), naturgass, kull, grunnvann og jordvarme. Diskusjon av ressurser og reserver, fordelingen av ressursene geografisk så vel som geologisk, optimal utnyttelse i forhold til omgivelsene, resirkulering, miljø og forbruk av ressurser.', 'Undervisningsform: Forelesninger. Karakter fastsettes med grunnlag i øvinger.', 'Kursmateriell: Craig, Vaughan & Skinner: Resources of the Earth, Prentice Hall Inc.']"
ee19bf1521e24d86a968a1b032d79922bd777028,b541f6ebc101f4719b40cf3df2f5dc4b5d5a7c28,https://www.ntnu.no/studieinformasjon/siving/eldre/97-98/2/24032.htm,https://www.ntnu.no/studieinformasjon/siving/eldre/97-98/2/21540.htm,"['Mål: Gje ei vidare fordjupning og forståelse av data frå borehol, målemetodar brukte i borehol, kva informasjonspotensiale desse har og bruk av slike data i integrert evaluering av reservoareigenskapar.', 'Forutsetning: Faget byggjer på fag 24020 Boreholslogging eller tilsvarande kunnskapar.', 'Innhold: Kurset fokuserer på utvalde emne om metodar for innsamling og tolking av brønndata: Grunnleggande petrofysiske synspunkt og relasjonar. Kvalitetskontroll av data. Radiometriske metodar i opne og fora borehol: Spektrometri - naturleg og indusert, nøytron levetidsmålingar (vassmetning bak foringsrøret). Elektrisk og akustiske bilete av boreholsveggen. Måling under boring, MWD - logging i og tolking av loggar frå horisontale brønnar. Opptak og analyse av borekjerner - feilkjelder ved slike data. Vassmetningsmodellar i skifrige formasjonar. Datamaskintolking av brønndata. Studentane skal i kurset skrive og presentere ein rapport om eit emne basert på eigne studium av litteratur og/eller data.', 'Undervisningsform: Forelesning, obligatoriske øvingar og bearbeiding av data ved hjelp av programvare for tolking av brønndata. Semesterprosjekt. Undervisninga foregår på engelsk dersom masterstudentar velger faget.']","['Innhold: Faget omhandler rapportering av resultater fra ingeniørgeologiske undersøkelser, bruk av resultatene til prosjektering og planlegging og utarbeidelse av anbudsbeskrivelser. Norske standarder innen fagområdet vil bli gjennomgått, og enkelte internasjonale omtalt. Eksempler fra planlagte og fullførte anlegg i Norge og utlandet vil utgjøre en vesentlig del av faget.', 'Undervisningsform: Studentene vil bli satt sammen i grupper for bearbeiding av et valgt prosjekt. Studier av tilgjengelig kart, flyfoto, litteratur og korte feltundersøkelser vil danne grunnlag for utarbeidelse av en foreløpig og en endelig rapport. Feltundervisningen er obligatorisk. Parallelt med prosjektbearbeidelsen vil det bli gitt en serie forelesninger over utvalgte, relevante emner. Karakter for prosjektrapportene inngår i den endelige karakteren.', 'Kursmateriell: Utleverte artikler og standarder knyttet til forelesningene.']"
ee19bf1521e24d86a968a1b032d79922bd777028,f4a9f80c67c4ec5a216b7f7bb252a27cd79ac56d,https://www.ntnu.no/studieinformasjon/siving/eldre/97-98/2/24032.htm,https://www.ntnu.no/studieinformasjon/siving/eldre/97-98/2/24059.htm,"['Mål: Gje ei vidare fordjupning og forståelse av data frå borehol, målemetodar brukte i borehol, kva informasjonspotensiale desse har og bruk av slike data i integrert evaluering av reservoareigenskapar.', 'Forutsetning: Faget byggjer på fag 24020 Boreholslogging eller tilsvarande kunnskapar.', 'Innhold: Kurset fokuserer på utvalde emne om metodar for innsamling og tolking av brønndata: Grunnleggande petrofysiske synspunkt og relasjonar. Kvalitetskontroll av data. Radiometriske metodar i opne og fora borehol: Spektrometri - naturleg og indusert, nøytron levetidsmålingar (vassmetning bak foringsrøret). Elektrisk og akustiske bilete av boreholsveggen. Måling under boring, MWD - logging i og tolking av loggar frå horisontale brønnar. Opptak og analyse av borekjerner - feilkjelder ved slike data. Vassmetningsmodellar i skifrige formasjonar. Datamaskintolking av brønndata. Studentane skal i kurset skrive og presentere ein rapport om eit emne basert på eigne studium av litteratur og/eller data.', 'Undervisningsform: Forelesning, obligatoriske øvingar og bearbeiding av data ved hjelp av programvare for tolking av brønndata. Semesterprosjekt. Undervisninga foregår på engelsk dersom masterstudentar velger faget.']","['Mål: Faget skal gi inngående kjennskap til de viktigste reservoarparametrene, med spesiell vekt på kapillærtrykk og relativ permeabilitet.', 'Forutsetning: Fag 24073 Strømning i porøse media.', 'Innhold: Introduksjon til laboratorieutstyr og prosedyrer. Måling av fluidmetning, porøsitet, permeabilitet, viskositet, grenseflatespenning og kontaktvinkel. Flerfase strømning i porøse media. Kapillærtrykk i reservoaret og måling av kapillærtrykk med porøs plate-metoden og sentrifuge-metoden. Teoretiske aspekter ved relativ permeabilitet, to- og tre-fase relativ permeabilitet korrelasjoner og måling av relativ permeabilitet med metoder basert på stabil og ustabil strømning.']"
ee19bf1521e24d86a968a1b032d79922bd777028,d735392b8d0513583c90d97b749477aa278985ed,https://www.ntnu.no/studieinformasjon/siving/eldre/97-98/2/24032.htm,https://www.ntnu.no/studieinformasjon/siving/eldre/97-98/2/24063.htm,"['Mål: Gje ei vidare fordjupning og forståelse av data frå borehol, målemetodar brukte i borehol, kva informasjonspotensiale desse har og bruk av slike data i integrert evaluering av reservoareigenskapar.', 'Forutsetning: Faget byggjer på fag 24020 Boreholslogging eller tilsvarande kunnskapar.', 'Innhold: Kurset fokuserer på utvalde emne om metodar for innsamling og tolking av brønndata: Grunnleggande petrofysiske synspunkt og relasjonar. Kvalitetskontroll av data. Radiometriske metodar i opne og fora borehol: Spektrometri - naturleg og indusert, nøytron levetidsmålingar (vassmetning bak foringsrøret). Elektrisk og akustiske bilete av boreholsveggen. Måling under boring, MWD - logging i og tolking av loggar frå horisontale brønnar. Opptak og analyse av borekjerner - feilkjelder ved slike data. Vassmetningsmodellar i skifrige formasjonar. Datamaskintolking av brønndata. Studentane skal i kurset skrive og presentere ein rapport om eit emne basert på eigne studium av litteratur og/eller data.', 'Undervisningsform: Forelesning, obligatoriske øvingar og bearbeiding av data ved hjelp av programvare for tolking av brønndata. Semesterprosjekt. Undervisninga foregår på engelsk dersom masterstudentar velger faget.']","['Innhold: Faget utvikler partielle differensialligninger for enfase og flerfase strømning i porøse materialer, og numeriske løsningsmetoder av disse ved hjelp av differansemetoder. Temaoversikt: Oppsummering av viktige bergarts\xad og fluidegenskaper. Utledning av partielle differensialligninger. Numerisk løsning ved bruk av differansemetoder. Metoder for løsning av ikkelineære og lineære ligningssystemer. Modelltyper.', 'Undervisningsform: Forelesninger og obligatoriske programmeringsøvinger. Øvingene teller 25% ved fastsettelse av sluttkarakteren i faget. Undervisningen foregår på engelsk.']"
ee19bf1521e24d86a968a1b032d79922bd777028,2b1eeb78340422af756ab853c72ba74f4bcbe6a3,https://www.ntnu.no/studieinformasjon/siving/eldre/97-98/2/24032.htm,https://www.ntnu.no/studieinformasjon/siving/eldre/97-98/2/24018.htm,"['Mål: Gje ei vidare fordjupning og forståelse av data frå borehol, målemetodar brukte i borehol, kva informasjonspotensiale desse har og bruk av slike data i integrert evaluering av reservoareigenskapar.', 'Forutsetning: Faget byggjer på fag 24020 Boreholslogging eller tilsvarande kunnskapar.', 'Innhold: Kurset fokuserer på utvalde emne om metodar for innsamling og tolking av brønndata: Grunnleggande petrofysiske synspunkt og relasjonar. Kvalitetskontroll av data. Radiometriske metodar i opne og fora borehol: Spektrometri - naturleg og indusert, nøytron levetidsmålingar (vassmetning bak foringsrøret). Elektrisk og akustiske bilete av boreholsveggen. Måling under boring, MWD - logging i og tolking av loggar frå horisontale brønnar. Opptak og analyse av borekjerner - feilkjelder ved slike data. Vassmetningsmodellar i skifrige formasjonar. Datamaskintolking av brønndata. Studentane skal i kurset skrive og presentere ein rapport om eit emne basert på eigne studium av litteratur og/eller data.', 'Undervisningsform: Forelesning, obligatoriske øvingar og bearbeiding av data ved hjelp av programvare for tolking av brønndata. Semesterprosjekt. Undervisninga foregår på engelsk dersom masterstudentar velger faget.']","['Mål: Faget skal gi en forståelse av hvordan forskjellige geofysiske metoder kan bidra til å kartlegge undergrunnen for miljøtekniske og ingeniørgeologiske formål, d.v.s. leting etter grunnvann, kartlegging av forurensing, kartlegging av løsmasser og fjellkvalitet, m.m.']"
ee19bf1521e24d86a968a1b032d79922bd777028,966f128375d24904b21f69d49b71514430f6bf37,https://www.ntnu.no/studieinformasjon/siving/eldre/97-98/2/24032.htm,https://www.ntnu.no/studieinformasjon/siving/eldre/97-98/2/24006.htm,"['Mål: Gje ei vidare fordjupning og forståelse av data frå borehol, målemetodar brukte i borehol, kva informasjonspotensiale desse har og bruk av slike data i integrert evaluering av reservoareigenskapar.', 'Forutsetning: Faget byggjer på fag 24020 Boreholslogging eller tilsvarande kunnskapar.', 'Innhold: Kurset fokuserer på utvalde emne om metodar for innsamling og tolking av brønndata: Grunnleggande petrofysiske synspunkt og relasjonar. Kvalitetskontroll av data. Radiometriske metodar i opne og fora borehol: Spektrometri - naturleg og indusert, nøytron levetidsmålingar (vassmetning bak foringsrøret). Elektrisk og akustiske bilete av boreholsveggen. Måling under boring, MWD - logging i og tolking av loggar frå horisontale brønnar. Opptak og analyse av borekjerner - feilkjelder ved slike data. Vassmetningsmodellar i skifrige formasjonar. Datamaskintolking av brønndata. Studentane skal i kurset skrive og presentere ein rapport om eit emne basert på eigne studium av litteratur og/eller data.', 'Undervisningsform: Forelesning, obligatoriske øvingar og bearbeiding av data ved hjelp av programvare for tolking av brønndata. Semesterprosjekt. Undervisninga foregår på engelsk dersom masterstudentar velger faget.']","['Mål: Faget skal gi en generell og bred innføring i leting etter og utvinning av petroleum.', 'Forutsetning: Ingen.', 'Innhold: Metoder og prosedyrer for boring og komplettering. Produksjon og strømningstekniske betraktninger. Konseptbeskrivelse av bunnfaste plattformer, flytende fartøy og undervanns produksjonssystemer. Drift og vedlikehold av plattform\xad og undervannskompletterte brønner.']"
ee19bf1521e24d86a968a1b032d79922bd777028,a1b5b47c451f58281e25b88e268f5cb67004f7ca,https://www.ntnu.no/studieinformasjon/siving/eldre/97-98/2/24032.htm,https://www.ntnu.no/studieinformasjon/siving/eldre/97-98/2/24034.htm,"['Mål: Gje ei vidare fordjupning og forståelse av data frå borehol, målemetodar brukte i borehol, kva informasjonspotensiale desse har og bruk av slike data i integrert evaluering av reservoareigenskapar.', 'Forutsetning: Faget byggjer på fag 24020 Boreholslogging eller tilsvarande kunnskapar.', 'Innhold: Kurset fokuserer på utvalde emne om metodar for innsamling og tolking av brønndata: Grunnleggande petrofysiske synspunkt og relasjonar. Kvalitetskontroll av data. Radiometriske metodar i opne og fora borehol: Spektrometri - naturleg og indusert, nøytron levetidsmålingar (vassmetning bak foringsrøret). Elektrisk og akustiske bilete av boreholsveggen. Måling under boring, MWD - logging i og tolking av loggar frå horisontale brønnar. Opptak og analyse av borekjerner - feilkjelder ved slike data. Vassmetningsmodellar i skifrige formasjonar. Datamaskintolking av brønndata. Studentane skal i kurset skrive og presentere ein rapport om eit emne basert på eigne studium av litteratur og/eller data.', 'Undervisningsform: Forelesning, obligatoriske øvingar og bearbeiding av data ved hjelp av programvare for tolking av brønndata. Semesterprosjekt. Undervisninga foregår på engelsk dersom masterstudentar velger faget.']","['Undervisningsform: Forelesninger, regne- og laboratorieøvinger. Studentene skal skrive og presentere en semesterrapport på basis av litteraturstudium og dataanalyse. Undervisningen foregår på engelsk dersom masterstudenter velger faget.']"
ee19bf1521e24d86a968a1b032d79922bd777028,0a4de4783afd94e0081f8fb6691a1d2f1a80478a,https://www.ntnu.no/studieinformasjon/siving/eldre/97-98/2/24032.htm,https://www.ntnu.no/studieinformasjon/siving/eldre/97-98/2/20536.htm,"['Mål: Gje ei vidare fordjupning og forståelse av data frå borehol, målemetodar brukte i borehol, kva informasjonspotensiale desse har og bruk av slike data i integrert evaluering av reservoareigenskapar.', 'Forutsetning: Faget byggjer på fag 24020 Boreholslogging eller tilsvarande kunnskapar.', 'Innhold: Kurset fokuserer på utvalde emne om metodar for innsamling og tolking av brønndata: Grunnleggande petrofysiske synspunkt og relasjonar. Kvalitetskontroll av data. Radiometriske metodar i opne og fora borehol: Spektrometri - naturleg og indusert, nøytron levetidsmålingar (vassmetning bak foringsrøret). Elektrisk og akustiske bilete av boreholsveggen. Måling under boring, MWD - logging i og tolking av loggar frå horisontale brønnar. Opptak og analyse av borekjerner - feilkjelder ved slike data. Vassmetningsmodellar i skifrige formasjonar. Datamaskintolking av brønndata. Studentane skal i kurset skrive og presentere ein rapport om eit emne basert på eigne studium av litteratur og/eller data.', 'Undervisningsform: Forelesning, obligatoriske øvingar og bearbeiding av data ved hjelp av programvare for tolking av brønndata. Semesterprosjekt. Undervisninga foregår på engelsk dersom masterstudentar velger faget.']","['Mål: Faget tar sikte på å gi forståelse for hvordan olje og gass dannes og akkumuleres i jordskorpa, samt å få en oversikt over den geologiske utvikling av norsk kontinentalsokkel.', 'Forutsetning: Kunnskaper tilsvarende fag 20505 Geologi, innføring (se studieplan for 1996/97) og 20548 Sedimentologi og stratigrafi.', 'Innhold: Sammensetning og klassifisering av petroleum. Forhold som kontrollerer produksjon og akkumulasjon av organisk materiale. Klassifisering av organisk materiale, kerogentyper. Modning av organisk materiale, dannelse av olje og gass. Kildebergartersanalyse. Primær og sekundær migrasjon. Reservoarbergarter. De geologiske faktorer som kontrollerer porøsitet og permeabilitet. Avsetningsmiljøets betydning for reservoarkvalitet. Klassifikasjon og dannelse av hydrokarbonfeller. Bassengtyper og petroleumspotensiale. Geologisk utvikling av norsk kontinentalsokkel. Eksempler på norske olje\xad og gassfelt.']"
ee19bf1521e24d86a968a1b032d79922bd777028,e1453b3c0a542bbc5353241eefd237f36a59e39c,https://www.ntnu.no/studieinformasjon/siving/eldre/97-98/2/24032.htm,https://www.ntnu.no/studieinformasjon/siving/eldre/97-98/2/20526.htm,"['Mål: Gje ei vidare fordjupning og forståelse av data frå borehol, målemetodar brukte i borehol, kva informasjonspotensiale desse har og bruk av slike data i integrert evaluering av reservoareigenskapar.', 'Forutsetning: Faget byggjer på fag 24020 Boreholslogging eller tilsvarande kunnskapar.', 'Innhold: Kurset fokuserer på utvalde emne om metodar for innsamling og tolking av brønndata: Grunnleggande petrofysiske synspunkt og relasjonar. Kvalitetskontroll av data. Radiometriske metodar i opne og fora borehol: Spektrometri - naturleg og indusert, nøytron levetidsmålingar (vassmetning bak foringsrøret). Elektrisk og akustiske bilete av boreholsveggen. Måling under boring, MWD - logging i og tolking av loggar frå horisontale brønnar. Opptak og analyse av borekjerner - feilkjelder ved slike data. Vassmetningsmodellar i skifrige formasjonar. Datamaskintolking av brønndata. Studentane skal i kurset skrive og presentere ein rapport om eit emne basert på eigne studium av litteratur og/eller data.', 'Undervisningsform: Forelesning, obligatoriske øvingar og bearbeiding av data ved hjelp av programvare for tolking av brønndata. Semesterprosjekt. Undervisninga foregår på engelsk dersom masterstudentar velger faget.']","['Innhold: Norges berggrunnsgeologi samt emner fra Europas og verdens geologi. En går mer i detalj med faglitteratur om følgende emner: Riftdannelse og det permiske Oslofeltet, med tre dager feltundervisning; fjellkjededannelse og den kaledonske fjellkjede i Midt-Norge; fjellkjedekollapse/ekstensjon og devonfeltene i Vest-Norge.']"
ee19bf1521e24d86a968a1b032d79922bd777028,c0044ce3b461a169ce027d97489f76d791c11de8,https://www.ntnu.no/studieinformasjon/siving/eldre/97-98/2/24032.htm,https://www.ntnu.no/studieinformasjon/siving/eldre/97-98/2/21042.htm,"['Mål: Gje ei vidare fordjupning og forståelse av data frå borehol, målemetodar brukte i borehol, kva informasjonspotensiale desse har og bruk av slike data i integrert evaluering av reservoareigenskapar.', 'Forutsetning: Faget byggjer på fag 24020 Boreholslogging eller tilsvarande kunnskapar.', 'Innhold: Kurset fokuserer på utvalde emne om metodar for innsamling og tolking av brønndata: Grunnleggande petrofysiske synspunkt og relasjonar. Kvalitetskontroll av data. Radiometriske metodar i opne og fora borehol: Spektrometri - naturleg og indusert, nøytron levetidsmålingar (vassmetning bak foringsrøret). Elektrisk og akustiske bilete av boreholsveggen. Måling under boring, MWD - logging i og tolking av loggar frå horisontale brønnar. Opptak og analyse av borekjerner - feilkjelder ved slike data. Vassmetningsmodellar i skifrige formasjonar. Datamaskintolking av brønndata. Studentane skal i kurset skrive og presentere ein rapport om eit emne basert på eigne studium av litteratur og/eller data.', 'Undervisningsform: Forelesning, obligatoriske øvingar og bearbeiding av data ved hjelp av programvare for tolking av brønndata. Semesterprosjekt. Undervisninga foregår på engelsk dersom masterstudentar velger faget.']","['Mål: Faget tar sikte på å utdype anvendelsen av de ressursgeologiske metoder som er behandlet i fag 21041 Ressursgeologi VK, og vise hvorledes ressursestimering kan være et utgangspunkt for etablering av prospekteringsstrategier samt danne forutsetninger for ressursforvaltning.', 'Forutsetning: Fag 21041 Ressursgeologi VK.', ""Innhold: Faget vil omfatte de viktigste arbeids\xad og tolkningsprosedyrer i forbindelse med et komplett ressursgeologisk program, fra estimering av et område's ressurspotensial til integrert prospektering på regionalnivå, oppfølgingsnivå og detaljnivå. Det vil videre bli vist hvorledes ressursestimater kan brukes som grunnlag for etablering av prospekterings\xadstrategier samt være rammebetingelser for ressursforvaltning. Øvingene vil omfatte litteraturstudium, og rette seg mot den enkeltes interesser innen hydrogeologi, malmforekomstgeologi, petroleumsgeologi eller andre fossile brennstoffer. I tillegg vil ressursforvaltnings\xad og ressursøkonomiske problemer bli behandlet."", 'Undervisningsform: Forelesninger og øvinger. Øvingene er obligatoriske og må være godkjent for å få adgang til eksamen. Øvingene teller 25% i den endelige karakteren.']"
ee19bf1521e24d86a968a1b032d79922bd777028,3ba03fb055d773f59d6c98e4e573ae2578c782fc,https://www.ntnu.no/studieinformasjon/siving/eldre/97-98/2/24032.htm,https://www.ntnu.no/studieinformasjon/siving/eldre/97-98/2/24065.htm,"['Mål: Gje ei vidare fordjupning og forståelse av data frå borehol, målemetodar brukte i borehol, kva informasjonspotensiale desse har og bruk av slike data i integrert evaluering av reservoareigenskapar.', 'Forutsetning: Faget byggjer på fag 24020 Boreholslogging eller tilsvarande kunnskapar.', 'Innhold: Kurset fokuserer på utvalde emne om metodar for innsamling og tolking av brønndata: Grunnleggande petrofysiske synspunkt og relasjonar. Kvalitetskontroll av data. Radiometriske metodar i opne og fora borehol: Spektrometri - naturleg og indusert, nøytron levetidsmålingar (vassmetning bak foringsrøret). Elektrisk og akustiske bilete av boreholsveggen. Måling under boring, MWD - logging i og tolking av loggar frå horisontale brønnar. Opptak og analyse av borekjerner - feilkjelder ved slike data. Vassmetningsmodellar i skifrige formasjonar. Datamaskintolking av brønndata. Studentane skal i kurset skrive og presentere ein rapport om eit emne basert på eigne studium av litteratur og/eller data.', 'Undervisningsform: Forelesning, obligatoriske øvingar og bearbeiding av data ved hjelp av programvare for tolking av brønndata. Semesterprosjekt. Undervisninga foregår på engelsk dersom masterstudentar velger faget.']","['Mål: Faget skal utvikle ferdigheter i bruk av numeriske teknikker og datamaskin for løsning av tekniske problemer i petroleumsfagene.', 'Forutsetning: Ingen.', 'Innhold: Faget omfatter metoder for kurvetilpasning, numerisk derivasjon, integrasjon, interpolasjon, ligningsløsning, løsning av ligningssystemer, statistiske metoder, numerisk løsning av differensialligninger m.m. anvendt på typiske problemstillinger som dekkes av petroleumsfagene. Det legges stor vekt på individuelle programmeringsøvinger og kjøring av programpakker på instituttets datamaskiner.', 'Undervisningsform: Forelesninger og omfattende programmeringsøvinger (Fortran).']"
ee19bf1521e24d86a968a1b032d79922bd777028,1be2a599d064c744fb4350e86105be7d97eb49d4,https://www.ntnu.no/studieinformasjon/siving/eldre/97-98/2/24032.htm,https://www.ntnu.no/studieinformasjon/siving/eldre/97-98/2/24076.htm,"['Mål: Gje ei vidare fordjupning og forståelse av data frå borehol, målemetodar brukte i borehol, kva informasjonspotensiale desse har og bruk av slike data i integrert evaluering av reservoareigenskapar.', 'Forutsetning: Faget byggjer på fag 24020 Boreholslogging eller tilsvarande kunnskapar.', 'Innhold: Kurset fokuserer på utvalde emne om metodar for innsamling og tolking av brønndata: Grunnleggande petrofysiske synspunkt og relasjonar. Kvalitetskontroll av data. Radiometriske metodar i opne og fora borehol: Spektrometri - naturleg og indusert, nøytron levetidsmålingar (vassmetning bak foringsrøret). Elektrisk og akustiske bilete av boreholsveggen. Måling under boring, MWD - logging i og tolking av loggar frå horisontale brønnar. Opptak og analyse av borekjerner - feilkjelder ved slike data. Vassmetningsmodellar i skifrige formasjonar. Datamaskintolking av brønndata. Studentane skal i kurset skrive og presentere ein rapport om eit emne basert på eigne studium av litteratur og/eller data.', 'Undervisningsform: Forelesning, obligatoriske øvingar og bearbeiding av data ved hjelp av programvare for tolking av brønndata. Semesterprosjekt. Undervisninga foregår på engelsk dersom masterstudentar velger faget.']","['Mål: Man tar sikte på å gi en grunnleggende innføring i det matematiske grunnlaget for brønntesting.', 'Forutsetning: Fag 24061 Brønntesting og 75020 Matematikk 2 eller tilsvarende kunnskaper.', 'Innhold: Typekurver: Logaritmisk derivert. Kvadratrot derivert. Filtrering av støy. Anvendelse på trykkoppbygging og fler\xadrate tester. Kildefunksjoner: Kilder i form av linjer og plan. Effekten av grenser. Horisontale brønner: Tolkningsteknikk. Dimensjonsløse variable. Laplace transformasjonen: Repetisjon av Laplace transformasjonen, løsning av differensiallikninger. Elementært om Bessel funksjoner. Konvulsjon og dekonvulsjon. Numeriske teknikker. Spesielle tester: Impuls tester. Konstant trykk tester. Oppsprukne reservoarer: Effekten av porøse lag med og uten krysstrømning. Lagdelte reservoarer: Effekten av porøse lag med og uten krysstrømning. Flerfase strømning: Pseudo potensial funksjoner. Grunnlaget for brønntesting. Anvendelse av teoriene.']"
ee19bf1521e24d86a968a1b032d79922bd777028,5b920380d3efcd293c19c85d5fb55c964afe4e34,https://www.ntnu.no/studieinformasjon/siving/eldre/97-98/2/24032.htm,https://www.ntnu.no/studieinformasjon/siving/eldre/97-98/4/44032.htm,"['Mål: Gje ei vidare fordjupning og forståelse av data frå borehol, målemetodar brukte i borehol, kva informasjonspotensiale desse har og bruk av slike data i integrert evaluering av reservoareigenskapar.', 'Forutsetning: Faget byggjer på fag 24020 Boreholslogging eller tilsvarande kunnskapar.', 'Innhold: Kurset fokuserer på utvalde emne om metodar for innsamling og tolking av brønndata: Grunnleggande petrofysiske synspunkt og relasjonar. Kvalitetskontroll av data. Radiometriske metodar i opne og fora borehol: Spektrometri - naturleg og indusert, nøytron levetidsmålingar (vassmetning bak foringsrøret). Elektrisk og akustiske bilete av boreholsveggen. Måling under boring, MWD - logging i og tolking av loggar frå horisontale brønnar. Opptak og analyse av borekjerner - feilkjelder ved slike data. Vassmetningsmodellar i skifrige formasjonar. Datamaskintolking av brønndata. Studentane skal i kurset skrive og presentere ein rapport om eit emne basert på eigne studium av litteratur og/eller data.', 'Undervisningsform: Forelesning, obligatoriske øvingar og bearbeiding av data ved hjelp av programvare for tolking av brønndata. Semesterprosjekt. Undervisninga foregår på engelsk dersom masterstudentar velger faget.']","['Mål: Faget skal gi kunnskap om vanlig brukte kretsløsninger for analoge elektroniske kretser og ferdighet i beregning og konstruksjon.', 'Forutsetning: Fag 40050 Kretsteknikk (se studieplan for 1996/97) eller tilsvarende kunnskaper.', 'Innhold: Faget gir en innføring i analyse og konstruksjon av analoge elektroniske kretser. Emner er anvendelser av dioder, transistorer og operasjonsforsterkere, bruk av modeller og ekvivalentskjema. Hovedvekt legges på småsignalanalyse. Analyse av forsterkere og beskrivelse av viktige egenskaper. Bruk av datamaskinprogram for analyse.']"
ee19bf1521e24d86a968a1b032d79922bd777028,624090fe6b3923fc81773aaaa804660569aa284e,https://www.ntnu.no/studieinformasjon/siving/eldre/97-98/2/24032.htm,https://www.ntnu.no/studieinformasjon/siving/eldre/97-98/2/21031.htm,"['Mål: Gje ei vidare fordjupning og forståelse av data frå borehol, målemetodar brukte i borehol, kva informasjonspotensiale desse har og bruk av slike data i integrert evaluering av reservoareigenskapar.', 'Forutsetning: Faget byggjer på fag 24020 Boreholslogging eller tilsvarande kunnskapar.', 'Innhold: Kurset fokuserer på utvalde emne om metodar for innsamling og tolking av brønndata: Grunnleggande petrofysiske synspunkt og relasjonar. Kvalitetskontroll av data. Radiometriske metodar i opne og fora borehol: Spektrometri - naturleg og indusert, nøytron levetidsmålingar (vassmetning bak foringsrøret). Elektrisk og akustiske bilete av boreholsveggen. Måling under boring, MWD - logging i og tolking av loggar frå horisontale brønnar. Opptak og analyse av borekjerner - feilkjelder ved slike data. Vassmetningsmodellar i skifrige formasjonar. Datamaskintolking av brønndata. Studentane skal i kurset skrive og presentere ein rapport om eit emne basert på eigne studium av litteratur og/eller data.', 'Undervisningsform: Forelesning, obligatoriske øvingar og bearbeiding av data ved hjelp av programvare for tolking av brønndata. Semesterprosjekt. Undervisninga foregår på engelsk dersom masterstudentar velger faget.']","['Mål: Faget tar sikte på å gi kjennskap til de viktigste analysemetodene for undersøkelser av relevante geologiske materialer i felt og laboratorium, herunder metodenes anvendelse og nøyaktighet.', 'Forutsetning: Ingen spesielle.', 'Innhold: De vanligste metodene som benyttes for undersøkelser av mineraler, bergarter og grunnvann vil bli gjennomgått: metoder for knusing og separering, mineral- og elementidentifisering (bl.a. mikroskopering, røntgenmetoder, kjemiske metoder og DTA); ulike fysiske metoder anvendt på bergarter, løsmasser og vann; måling av Eh, Ph og salinitet.', 'Undervisningsform: Feltøvingene er en selvstendig og avsluttende del på en uke som gjennomføres mellom 7. og 8. semester (rapport må godkjennes). Forelesningene gjennomføres i sin helhet i de 3-4 første ukene i semestret. På laboratoriet arbeides det i små grupper. Labundervisningen starter med at gruppene samler inn undersøkelsesmateriale i felt. Øvelse i rapportskriving er en viktig del av kurset, og hver gruppe leverer rapport ved semesterets slutt. Denne skal telle 50% i sluttkarakteren.']"
ee19bf1521e24d86a968a1b032d79922bd777028,415bd6f3ef8a976c8152f15c61650903431aab9e,https://www.ntnu.no/studieinformasjon/siving/eldre/97-98/2/24032.htm,https://www.ntnu.no/studieinformasjon/siving/eldre/97-98/2/21012.htm,"['Mål: Gje ei vidare fordjupning og forståelse av data frå borehol, målemetodar brukte i borehol, kva informasjonspotensiale desse har og bruk av slike data i integrert evaluering av reservoareigenskapar.', 'Forutsetning: Faget byggjer på fag 24020 Boreholslogging eller tilsvarande kunnskapar.', 'Innhold: Kurset fokuserer på utvalde emne om metodar for innsamling og tolking av brønndata: Grunnleggande petrofysiske synspunkt og relasjonar. Kvalitetskontroll av data. Radiometriske metodar i opne og fora borehol: Spektrometri - naturleg og indusert, nøytron levetidsmålingar (vassmetning bak foringsrøret). Elektrisk og akustiske bilete av boreholsveggen. Måling under boring, MWD - logging i og tolking av loggar frå horisontale brønnar. Opptak og analyse av borekjerner - feilkjelder ved slike data. Vassmetningsmodellar i skifrige formasjonar. Datamaskintolking av brønndata. Studentane skal i kurset skrive og presentere ein rapport om eit emne basert på eigne studium av litteratur og/eller data.', 'Undervisningsform: Forelesning, obligatoriske øvingar og bearbeiding av data ved hjelp av programvare for tolking av brønndata. Semesterprosjekt. Undervisninga foregår på engelsk dersom masterstudentar velger faget.']","['Mål: Faget tar sikte på å gi en innføring i geokjemiske prinsipper og vise hvorledes disse prinsippene kan anvendes innen ressursgeologiske problemstillinger.', 'Forutsetning: Fag 21002 Ressursgeologi GK.', 'Innhold: Faget dekker overflatemiljøets geokjemi og omfatter studiet av dispersjonsprosesser og de resulterende anomalibilder, samt statistiske og ikke\xadstatistiske metoder for tolkning av data. Ressursgeologiske problemstillinger vil bli gjennomgått.', 'Undervisningsform: Forelesninger samt en øving av bearbeidelse av data.', 'Kursmateriell: A.W. Rose, H. Hawkes and J. Webb: Geochemistry in Mineral Exploration, Academic Press.']"
ee19bf1521e24d86a968a1b032d79922bd777028,547da87bcb5a8b412bc198e8b8fc2d5685ab8ad5,https://www.ntnu.no/studieinformasjon/siving/eldre/97-98/2/24032.htm,https://www.ntnu.no/studieinformasjon/siving/eldre/97-98/2/24016.htm,"['Mål: Gje ei vidare fordjupning og forståelse av data frå borehol, målemetodar brukte i borehol, kva informasjonspotensiale desse har og bruk av slike data i integrert evaluering av reservoareigenskapar.', 'Forutsetning: Faget byggjer på fag 24020 Boreholslogging eller tilsvarande kunnskapar.', 'Innhold: Kurset fokuserer på utvalde emne om metodar for innsamling og tolking av brønndata: Grunnleggande petrofysiske synspunkt og relasjonar. Kvalitetskontroll av data. Radiometriske metodar i opne og fora borehol: Spektrometri - naturleg og indusert, nøytron levetidsmålingar (vassmetning bak foringsrøret). Elektrisk og akustiske bilete av boreholsveggen. Måling under boring, MWD - logging i og tolking av loggar frå horisontale brønnar. Opptak og analyse av borekjerner - feilkjelder ved slike data. Vassmetningsmodellar i skifrige formasjonar. Datamaskintolking av brønndata. Studentane skal i kurset skrive og presentere ein rapport om eit emne basert på eigne studium av litteratur og/eller data.', 'Undervisningsform: Forelesning, obligatoriske øvingar og bearbeiding av data ved hjelp av programvare for tolking av brønndata. Semesterprosjekt. Undervisninga foregår på engelsk dersom masterstudentar velger faget.']",['Mål: Faget skal gi en forståelse av hvordan forskjellige geofysiske metoder kan bidra til kartlegging av elektrisk ledende malmforekomster. Gjennom praktiske målinger skal deltakerne lære å bruke instrumenter og utstyr samt bearbeide og tolke måledataene.']
ee19bf1521e24d86a968a1b032d79922bd777028,445c3a49cb0da41c535cc56b7d66fe50f0d9e04d,https://www.ntnu.no/studieinformasjon/siving/eldre/97-98/2/24032.htm,https://www.ntnu.no/studieinformasjon/siving/eldre/97-98/2/21032.htm,"['Mål: Gje ei vidare fordjupning og forståelse av data frå borehol, målemetodar brukte i borehol, kva informasjonspotensiale desse har og bruk av slike data i integrert evaluering av reservoareigenskapar.', 'Forutsetning: Faget byggjer på fag 24020 Boreholslogging eller tilsvarande kunnskapar.', 'Innhold: Kurset fokuserer på utvalde emne om metodar for innsamling og tolking av brønndata: Grunnleggande petrofysiske synspunkt og relasjonar. Kvalitetskontroll av data. Radiometriske metodar i opne og fora borehol: Spektrometri - naturleg og indusert, nøytron levetidsmålingar (vassmetning bak foringsrøret). Elektrisk og akustiske bilete av boreholsveggen. Måling under boring, MWD - logging i og tolking av loggar frå horisontale brønnar. Opptak og analyse av borekjerner - feilkjelder ved slike data. Vassmetningsmodellar i skifrige formasjonar. Datamaskintolking av brønndata. Studentane skal i kurset skrive og presentere ein rapport om eit emne basert på eigne studium av litteratur og/eller data.', 'Undervisningsform: Forelesning, obligatoriske øvingar og bearbeiding av data ved hjelp av programvare for tolking av brønndata. Semesterprosjekt. Undervisninga foregår på engelsk dersom masterstudentar velger faget.']","['Mål: Faget sikter på å gi en oversikt over en del hovedtyper av metalliske og ikke\xadmetalliske mineralforekomster, deres geologiske miljøer, geokjemi, mineralogi, strukturgeologi og dannelsesmåter.', 'Forutsetning: Fag 21002 Ressursgeologi GK.', 'Innhold: Fordelingen av økonomiske mineralforekomster i rom og tid, paleotektoniske betraktninger. Beskrivelser av et utvalg av de hovedforekomsttyper med vekt på deres platetektoniske beliggenhet, litologisk\xadstratigrafiske miljøer, mineralogi\xadgeokjemi, morfologi og strukturelle trekk. Laboratorieundersøkelser av prøver i makroskopisk og mikroskopisk skala, studier av kart og andre tegninger.', 'Undervisningsform: Forelesninger, laboratorieøvinger samt obligatorisk feltundervisning. Øvingsrapportene og eventuelle litteraturoppgaver skal innleveres og vil bli bedømt. De vil telle i den endelige karakteren.', 'Kursmateriell: Egne forelesningsnotater. Utvalgte deler av kurante tekstbøker og tidsskrifter.']"
ee19bf1521e24d86a968a1b032d79922bd777028,04995b7bb21ee212d69c9789d58c65c045268863,https://www.ntnu.no/studieinformasjon/siving/eldre/97-98/2/24032.htm,https://www.ntnu.no/studieinformasjon/siving/eldre/97-98/2/24029.htm,"['Mål: Gje ei vidare fordjupning og forståelse av data frå borehol, målemetodar brukte i borehol, kva informasjonspotensiale desse har og bruk av slike data i integrert evaluering av reservoareigenskapar.', 'Forutsetning: Faget byggjer på fag 24020 Boreholslogging eller tilsvarande kunnskapar.', 'Innhold: Kurset fokuserer på utvalde emne om metodar for innsamling og tolking av brønndata: Grunnleggande petrofysiske synspunkt og relasjonar. Kvalitetskontroll av data. Radiometriske metodar i opne og fora borehol: Spektrometri - naturleg og indusert, nøytron levetidsmålingar (vassmetning bak foringsrøret). Elektrisk og akustiske bilete av boreholsveggen. Måling under boring, MWD - logging i og tolking av loggar frå horisontale brønnar. Opptak og analyse av borekjerner - feilkjelder ved slike data. Vassmetningsmodellar i skifrige formasjonar. Datamaskintolking av brønndata. Studentane skal i kurset skrive og presentere ein rapport om eit emne basert på eigne studium av litteratur og/eller data.', 'Undervisningsform: Forelesning, obligatoriske øvingar og bearbeiding av data ved hjelp av programvare for tolking av brønndata. Semesterprosjekt. Undervisninga foregår på engelsk dersom masterstudentar velger faget.']","['Innhold: Tolkning av todimensjonale og tredimensjonale seismiske data på grafisk arbeidsstasjon. Fremstilling av seismiske tidskonturkart. Dybdekonvertering av seismiske tidskart (både fra stakkseksjoner og tidsmigrerte seksjoner). Inversjon av seismiske data etter stakk. Tredimensjonal seismisk modellering vha. stråleteori. Bruk av seismisk modellering til å planlegge seismiske datainnsamling.', 'Undervisningsform: Forelesninger og øvinger på arbeidsstasjon. Øvingene teller 60 % ved fastsettelse av sluttkarakteren i faget. Undervisningen foregår på engelsk dersom masterstudenter velger faget.']"
ee19bf1521e24d86a968a1b032d79922bd777028,277d3c960fc2dbbd48204221c56733d00e21531c,https://www.ntnu.no/studieinformasjon/siving/eldre/97-98/2/24032.htm,https://www.ntnu.no/studieinformasjon/siving/eldre/97-98/2/20502.htm,"['Mål: Gje ei vidare fordjupning og forståelse av data frå borehol, målemetodar brukte i borehol, kva informasjonspotensiale desse har og bruk av slike data i integrert evaluering av reservoareigenskapar.', 'Forutsetning: Faget byggjer på fag 24020 Boreholslogging eller tilsvarande kunnskapar.', 'Innhold: Kurset fokuserer på utvalde emne om metodar for innsamling og tolking av brønndata: Grunnleggande petrofysiske synspunkt og relasjonar. Kvalitetskontroll av data. Radiometriske metodar i opne og fora borehol: Spektrometri - naturleg og indusert, nøytron levetidsmålingar (vassmetning bak foringsrøret). Elektrisk og akustiske bilete av boreholsveggen. Måling under boring, MWD - logging i og tolking av loggar frå horisontale brønnar. Opptak og analyse av borekjerner - feilkjelder ved slike data. Vassmetningsmodellar i skifrige formasjonar. Datamaskintolking av brønndata. Studentane skal i kurset skrive og presentere ein rapport om eit emne basert på eigne studium av litteratur og/eller data.', 'Undervisningsform: Forelesning, obligatoriske øvingar og bearbeiding av data ved hjelp av programvare for tolking av brønndata. Semesterprosjekt. Undervisninga foregår på engelsk dersom masterstudentar velger faget.']","['Mål: Faget tar sikte på å gi en grundigere kunnskap om de viktigste deler av mineralogien og en systematisk innføring i uorganisk geokjemi.', 'Forutsetning: Grunnleggende kunnskaper i kjemi og mineralogi tilsvarende fag 20501 Mineraler og bergarter.', 'Innhold: Mineraldelen av faget inneholder utvalgte deler av krystallkjemi og systematisk mineralogi. I geokjemidelen gjennomgås grunnstoffenes fordeling i universet, herunder månen og jorda, og lovene som bestemmer denne fordelingen. Dessuten gjennomgås vannløsningers geokjemi og isotopgeokjemi, herunder både stabile og radioaktive isotoper. I øvingene gjennomgås de praktiske sidene ved optisk bestemmelse av mineraler med polarisasjonsmikroskop, både for gjennomfallende og reflektert lys.', 'Undervisningsform: Forelesninger, øvingsundervisning i grupper. Øvingsundervisningen avluttes med 2 prøver som teller 40% i sluttkarakteren.']"
ee19bf1521e24d86a968a1b032d79922bd777028,f4477b48b3b2d34909116877133cefd635e681dc,https://www.ntnu.no/studieinformasjon/siving/eldre/97-98/2/24032.htm,https://www.ntnu.no/studieinformasjon/siving/eldre/97-98/2/20527.htm,"['Mål: Gje ei vidare fordjupning og forståelse av data frå borehol, målemetodar brukte i borehol, kva informasjonspotensiale desse har og bruk av slike data i integrert evaluering av reservoareigenskapar.', 'Forutsetning: Faget byggjer på fag 24020 Boreholslogging eller tilsvarande kunnskapar.', 'Innhold: Kurset fokuserer på utvalde emne om metodar for innsamling og tolking av brønndata: Grunnleggande petrofysiske synspunkt og relasjonar. Kvalitetskontroll av data. Radiometriske metodar i opne og fora borehol: Spektrometri - naturleg og indusert, nøytron levetidsmålingar (vassmetning bak foringsrøret). Elektrisk og akustiske bilete av boreholsveggen. Måling under boring, MWD - logging i og tolking av loggar frå horisontale brønnar. Opptak og analyse av borekjerner - feilkjelder ved slike data. Vassmetningsmodellar i skifrige formasjonar. Datamaskintolking av brønndata. Studentane skal i kurset skrive og presentere ein rapport om eit emne basert på eigne studium av litteratur og/eller data.', 'Undervisningsform: Forelesning, obligatoriske øvingar og bearbeiding av data ved hjelp av programvare for tolking av brønndata. Semesterprosjekt. Undervisninga foregår på engelsk dersom masterstudentar velger faget.']","['Mål: Faget gir innføring i strukturgeologi dvs. om bergartens reaksjoner overfor mekanisk påvirkning under varierende forhold.', 'Forutsetning: Fag 20505 Geologi, innføring (se studieplan for 1996/97) eller tilsvarende kunnskaper.', 'Innhold: Ut fra grunnbegrepene spenning og tøyning omhandles geologiske strukturer som forkastninger, sprekker, folder, foliasjoner osv. og forhold mellom slike strukturer og tektoniske fenomener som fjellkjede\xad og bassengdannelse. Øvinger består i visualisering og beregning av foldete, forkastete og roterte bergartslag, spesielt hvordan slike lag fremkommer på geologisk kart.', 'Undervisningsform: Forelesninger og øvinger. Som verktøy brukes i stor grad stereografisk projeksjon. Ved studieretningene Ingeniørgeologi og bergteknikk og Ressursgeologi avholdes 2,5 ukers obligatoriske feltøvinger mellom 6. og 7. semester (1,5 uke ved studieretning Petroleumsgeofag).']"
ee19bf1521e24d86a968a1b032d79922bd777028,26a6d5de9f83ce8bcc99dd5b8b97cb41dfffd5f1,https://www.ntnu.no/studieinformasjon/siving/eldre/97-98/2/24032.htm,https://www.ntnu.no/studieinformasjon/siving/eldre/97-98/2/20503.htm,"['Mål: Gje ei vidare fordjupning og forståelse av data frå borehol, målemetodar brukte i borehol, kva informasjonspotensiale desse har og bruk av slike data i integrert evaluering av reservoareigenskapar.', 'Forutsetning: Faget byggjer på fag 24020 Boreholslogging eller tilsvarande kunnskapar.', 'Innhold: Kurset fokuserer på utvalde emne om metodar for innsamling og tolking av brønndata: Grunnleggande petrofysiske synspunkt og relasjonar. Kvalitetskontroll av data. Radiometriske metodar i opne og fora borehol: Spektrometri - naturleg og indusert, nøytron levetidsmålingar (vassmetning bak foringsrøret). Elektrisk og akustiske bilete av boreholsveggen. Måling under boring, MWD - logging i og tolking av loggar frå horisontale brønnar. Opptak og analyse av borekjerner - feilkjelder ved slike data. Vassmetningsmodellar i skifrige formasjonar. Datamaskintolking av brønndata. Studentane skal i kurset skrive og presentere ein rapport om eit emne basert på eigne studium av litteratur og/eller data.', 'Undervisningsform: Forelesning, obligatoriske øvingar og bearbeiding av data ved hjelp av programvare for tolking av brønndata. Semesterprosjekt. Undervisninga foregår på engelsk dersom masterstudentar velger faget.']","['Mål: Faget skal gi bred innsikt i bergartsdannende prosesser og videregående petrografi.', 'Forutsetning: Bygger på kunnskaper tilsvarende fag 20501 Mineraler og bergarter, 20502 Mineralogi og geokjemi og gode basiskunnskaper i generell geologi og kjemi.', 'Innhold: Det gis en grundig innføring i magmatiske, sedimentære og metamorfe bergarters systematikk og dannelse. I øvingene studeres bergarter og malmer i håndstykke og ved hjelp av polarisasjonsmikroskop.', 'Undervisningsform: Forelesninger, laboratorieøvinger og obligatorisk ekskursjon. Karakter gis på grunnlag av inntil tre skriftlige øvinger og en prøve i mikroskopi.']"
ee19bf1521e24d86a968a1b032d79922bd777028,9421e22fc0b5ac48316dd73b48f630a1b96484ae,https://www.ntnu.no/studieinformasjon/siving/eldre/97-98/2/24032.htm,https://www.ntnu.no/studieinformasjon/siving/eldre/97-98/2/24027.htm,"['Mål: Gje ei vidare fordjupning og forståelse av data frå borehol, målemetodar brukte i borehol, kva informasjonspotensiale desse har og bruk av slike data i integrert evaluering av reservoareigenskapar.', 'Forutsetning: Faget byggjer på fag 24020 Boreholslogging eller tilsvarande kunnskapar.', 'Innhold: Kurset fokuserer på utvalde emne om metodar for innsamling og tolking av brønndata: Grunnleggande petrofysiske synspunkt og relasjonar. Kvalitetskontroll av data. Radiometriske metodar i opne og fora borehol: Spektrometri - naturleg og indusert, nøytron levetidsmålingar (vassmetning bak foringsrøret). Elektrisk og akustiske bilete av boreholsveggen. Måling under boring, MWD - logging i og tolking av loggar frå horisontale brønnar. Opptak og analyse av borekjerner - feilkjelder ved slike data. Vassmetningsmodellar i skifrige formasjonar. Datamaskintolking av brønndata. Studentane skal i kurset skrive og presentere ein rapport om eit emne basert på eigne studium av litteratur og/eller data.', 'Undervisningsform: Forelesning, obligatoriske øvingar og bearbeiding av data ved hjelp av programvare for tolking av brønndata. Semesterprosjekt. Undervisninga foregår på engelsk dersom masterstudentar velger faget.']","['Undervisningsform: Forelesninger og øvinger. 1 ukes obligatorisk feltkurs i forbindelse med faget mellom 6. og 7. semester (obligatorisk kun for studenter som har faget obligatorisk i fagkretsen). Kurset foregår på Svalbard i august.', 'Kursmateriell: J. Hospers: Interpretation of seismic reflection data (2 parts), Third edition 1991, kompendium.']"
ee19bf1521e24d86a968a1b032d79922bd777028,b4b02439946bfa806c02d818b7c6bad83bfd4df6,https://www.ntnu.no/studieinformasjon/siving/eldre/97-98/2/24032.htm,https://www.ntnu.no/studieinformasjon/siving/eldre/97-98/5/54032.htm,"['Mål: Gje ei vidare fordjupning og forståelse av data frå borehol, målemetodar brukte i borehol, kva informasjonspotensiale desse har og bruk av slike data i integrert evaluering av reservoareigenskapar.', 'Forutsetning: Faget byggjer på fag 24020 Boreholslogging eller tilsvarande kunnskapar.', 'Innhold: Kurset fokuserer på utvalde emne om metodar for innsamling og tolking av brønndata: Grunnleggande petrofysiske synspunkt og relasjonar. Kvalitetskontroll av data. Radiometriske metodar i opne og fora borehol: Spektrometri - naturleg og indusert, nøytron levetidsmålingar (vassmetning bak foringsrøret). Elektrisk og akustiske bilete av boreholsveggen. Måling under boring, MWD - logging i og tolking av loggar frå horisontale brønnar. Opptak og analyse av borekjerner - feilkjelder ved slike data. Vassmetningsmodellar i skifrige formasjonar. Datamaskintolking av brønndata. Studentane skal i kurset skrive og presentere ein rapport om eit emne basert på eigne studium av litteratur og/eller data.', 'Undervisningsform: Forelesning, obligatoriske øvingar og bearbeiding av data ved hjelp av programvare for tolking av brønndata. Semesterprosjekt. Undervisninga foregår på engelsk dersom masterstudentar velger faget.']","['Mål: Gi en enhetlig og grunnleggende innføring i bioteknologiske prinsipper og metoder anvendt for å løse miljøproblemer.', 'Forutsetning: Maksimalt 24 studenter vil kunne ta dette faget. Studenter bør ha kunnskaper innen fagene biokjemi og mikrobiologi, helst 54028 Mikrobiologi eller 54025 Biologisk kjemi og miljø.', 'Innhold: Grunnleggende emner omfatter mikrobiell vekst og metabolisme, sentrale biologiske prosesser og mikrobiell økologi. Anvendte emner konsentreres om biologisk vannrensing, avløpsvann, økologisk vannrensing, aktivslam, biofilmsystemer, anaerobsystemer, fjerning av N og P, toksiske og persistente forbindelser, matematisk modellering. Dessuten behandles biologisk gassrensing, fast avfall og biomasse, biogass, S-fjerning, olje, marksanering, biosensorer og bioassay, alternative produkter og prosesser, nye utviklingstrekk.']"
ee19bf1521e24d86a968a1b032d79922bd777028,40710fca5aeec9e6aa91c25698db4876dc0f3516,https://www.ntnu.no/studieinformasjon/siving/eldre/97-98/2/24032.htm,https://www.ntnu.no/studieinformasjon/siving/eldre/97-98/2/24045.htm,"['Mål: Gje ei vidare fordjupning og forståelse av data frå borehol, målemetodar brukte i borehol, kva informasjonspotensiale desse har og bruk av slike data i integrert evaluering av reservoareigenskapar.', 'Forutsetning: Faget byggjer på fag 24020 Boreholslogging eller tilsvarande kunnskapar.', 'Innhold: Kurset fokuserer på utvalde emne om metodar for innsamling og tolking av brønndata: Grunnleggande petrofysiske synspunkt og relasjonar. Kvalitetskontroll av data. Radiometriske metodar i opne og fora borehol: Spektrometri - naturleg og indusert, nøytron levetidsmålingar (vassmetning bak foringsrøret). Elektrisk og akustiske bilete av boreholsveggen. Måling under boring, MWD - logging i og tolking av loggar frå horisontale brønnar. Opptak og analyse av borekjerner - feilkjelder ved slike data. Vassmetningsmodellar i skifrige formasjonar. Datamaskintolking av brønndata. Studentane skal i kurset skrive og presentere ein rapport om eit emne basert på eigne studium av litteratur og/eller data.', 'Undervisningsform: Forelesning, obligatoriske øvingar og bearbeiding av data ved hjelp av programvare for tolking av brønndata. Semesterprosjekt. Undervisninga foregår på engelsk dersom masterstudentar velger faget.']","['Mål: Faget skal gi en generell og bred innføring i naturgassteknikk samt en oversikt over gassindustrien i Europa.', 'Forutsetning: Bygger på basisfag i 1. og 2. årskurs i siv.ing.studiet.', 'Innhold: Oljenasjonen Norge vil etterhvert bli en gassnasjon, og vi nærmer oss med raske skritt metanalderen. Produksjon og transport av naturgass til Europa krever integrering av flere fagfelt, og behovet for sivilingeniørens helhetstenkning vises tydelig i naturgassindustrien. Følgende tema tas opp: Gassmarked og -ressurser, strømning i porøse media og gassegenskaper, gassreservoar og -brønner, gasstransport, -måling og -lagring, feltutbygging, økonomi, industriell anvendelse og miljøhensyn.', 'Undervisningsform: Forelesninger, feltkurs og gjesteforelesninger. Øvinger som teller 25% ved fastsettelse av karakteren.']"
ee19bf1521e24d86a968a1b032d79922bd777028,d029a75149a2c1a7dd99b27cbccef51201c0d454,https://www.ntnu.no/studieinformasjon/siving/eldre/97-98/2/24032.htm,https://www.ntnu.no/studieinformasjon/siving/eldre/97-98/2/24041.htm,"['Mål: Gje ei vidare fordjupning og forståelse av data frå borehol, målemetodar brukte i borehol, kva informasjonspotensiale desse har og bruk av slike data i integrert evaluering av reservoareigenskapar.', 'Forutsetning: Faget byggjer på fag 24020 Boreholslogging eller tilsvarande kunnskapar.', 'Innhold: Kurset fokuserer på utvalde emne om metodar for innsamling og tolking av brønndata: Grunnleggande petrofysiske synspunkt og relasjonar. Kvalitetskontroll av data. Radiometriske metodar i opne og fora borehol: Spektrometri - naturleg og indusert, nøytron levetidsmålingar (vassmetning bak foringsrøret). Elektrisk og akustiske bilete av boreholsveggen. Måling under boring, MWD - logging i og tolking av loggar frå horisontale brønnar. Opptak og analyse av borekjerner - feilkjelder ved slike data. Vassmetningsmodellar i skifrige formasjonar. Datamaskintolking av brønndata. Studentane skal i kurset skrive og presentere ein rapport om eit emne basert på eigne studium av litteratur og/eller data.', 'Undervisningsform: Forelesning, obligatoriske øvingar og bearbeiding av data ved hjelp av programvare for tolking av brønndata. Semesterprosjekt. Undervisninga foregår på engelsk dersom masterstudentar velger faget.']","['Mål: Faget skal gi en oversikt over de viktigste elementene som inngår i et typisk boreprogram.', 'Forutsetning: Fag 24042 Maskinsystemer i boring og produksjon.', 'Innhold: Boreslammets rheologi, tetthet og filteregenskaper, leirmineralogi og dets reaksjon med vann, polymerer anvendt i boreslam, oljebasert boreslam, kjemisk og mekanisk hullstabilitet, laminært og turbulent friksjonstap i rør, temperaturen og trykkets påvirkning på rheologi og væsketetthet, transport av borekaks og utfellinger i høyavvikshull, hydraulisk optimalisering, sementering av foringsrør, pluggsementering, gassmigrasjon i sement.', 'Undervisningsform: Forelesninger, øvinger og borevæskelaboratorieøvinger. Undervisningen foregår på engelsk dersom masterstudenter velger faget.']"
ee19bf1521e24d86a968a1b032d79922bd777028,a9e2ecb94a3af35e7469d3b1795087f59160d7cd,https://www.ntnu.no/studieinformasjon/siving/eldre/97-98/2/24032.htm,https://www.ntnu.no/studieinformasjon/siving/eldre/97-98/2/24024.htm,"['Mål: Gje ei vidare fordjupning og forståelse av data frå borehol, målemetodar brukte i borehol, kva informasjonspotensiale desse har og bruk av slike data i integrert evaluering av reservoareigenskapar.', 'Forutsetning: Faget byggjer på fag 24020 Boreholslogging eller tilsvarande kunnskapar.', 'Innhold: Kurset fokuserer på utvalde emne om metodar for innsamling og tolking av brønndata: Grunnleggande petrofysiske synspunkt og relasjonar. Kvalitetskontroll av data. Radiometriske metodar i opne og fora borehol: Spektrometri - naturleg og indusert, nøytron levetidsmålingar (vassmetning bak foringsrøret). Elektrisk og akustiske bilete av boreholsveggen. Måling under boring, MWD - logging i og tolking av loggar frå horisontale brønnar. Opptak og analyse av borekjerner - feilkjelder ved slike data. Vassmetningsmodellar i skifrige formasjonar. Datamaskintolking av brønndata. Studentane skal i kurset skrive og presentere ein rapport om eit emne basert på eigne studium av litteratur og/eller data.', 'Undervisningsform: Forelesning, obligatoriske øvingar og bearbeiding av data ved hjelp av programvare for tolking av brønndata. Semesterprosjekt. Undervisninga foregår på engelsk dersom masterstudentar velger faget.']","['Mål: Faget skal gi en oversikt over og teoretisk forståelse av hvordan seismiske bølger forplanter seg i jorden, spesielt med henblikk på anvendelser av refleksjonsseismikk i eksplorasjon (anvendt seismikk).']"
ee19bf1521e24d86a968a1b032d79922bd777028,68cf17ff2f37a465502dc521090ab56155451516,https://www.ntnu.no/studieinformasjon/siving/eldre/97-98/2/24032.htm,https://www.ntnu.no/studieinformasjon/siving/eldre/97-98/2/24040.htm,"['Mål: Gje ei vidare fordjupning og forståelse av data frå borehol, målemetodar brukte i borehol, kva informasjonspotensiale desse har og bruk av slike data i integrert evaluering av reservoareigenskapar.', 'Forutsetning: Faget byggjer på fag 24020 Boreholslogging eller tilsvarande kunnskapar.', 'Innhold: Kurset fokuserer på utvalde emne om metodar for innsamling og tolking av brønndata: Grunnleggande petrofysiske synspunkt og relasjonar. Kvalitetskontroll av data. Radiometriske metodar i opne og fora borehol: Spektrometri - naturleg og indusert, nøytron levetidsmålingar (vassmetning bak foringsrøret). Elektrisk og akustiske bilete av boreholsveggen. Måling under boring, MWD - logging i og tolking av loggar frå horisontale brønnar. Opptak og analyse av borekjerner - feilkjelder ved slike data. Vassmetningsmodellar i skifrige formasjonar. Datamaskintolking av brønndata. Studentane skal i kurset skrive og presentere ein rapport om eit emne basert på eigne studium av litteratur og/eller data.', 'Undervisningsform: Forelesning, obligatoriske øvingar og bearbeiding av data ved hjelp av programvare for tolking av brønndata. Semesterprosjekt. Undervisninga foregår på engelsk dersom masterstudentar velger faget.']","['Mål: Faget gir en innføring i metodene for høyavviks- og horisontalboring, identifiserer forhold som er av betydning og gir innblikk i beregninger som er nødvendig for planlegging og gjennomføring av slike borehull.', 'Forutsetning: Fag 24021 Formasjonsmekanikk i boring og produksjon, 24041 Brønnvæsker og brønnhydraulikk og 24042 Maskinsystemer i boring og produksjon.', 'Innhold: Avviksboring; historikk og bakgrunn. Aktualitet, betraktninger om fordel/ulempe og metodikk for beregning av hensiktsmessighet i forhold til alternativer. Gjennomgår basisutstyr og metodikk for boring av avvikshull, aksialbevegelse, rotasjon og pumping, dessuten basismetodikk og utstyr for sikring av borehullet, slam og foringsrørsystemer. Gjennomgår spesielle metoder og utstyr for retningsforandring og -kontroll, aktuell borebanekompleksitet og tilhørende utstyr og systemer. Videre metoder for beregning av borebanen, målnøyaktighet. Kraft- og effektbalanser i høyavviks- og horisontale hull, roterende streng/ikke-roterende. Borestreng i strekk/kompresjon, bukling og buklingskriterier, registrering av bukling, konsekvenser. Anbringelse av skyvkraft foran i strengen, konsepter, virkning og konsekvenser. Boring av tynnhull, tynnhullsstreng, endring av grensebetingelser ved boring av tynnhull. Boring med kveilerør, fordel/ulemper, metodikk og utstyr, kraft- og effektbalanser ved bruk av kveilerør.', 'Undervisningsform: Forelesninger og øvinger. Innslag av gjesteforelesere fra industrien. Undervisningen foregår på engelsk dersom masterstudenter velger faget.', 'Kursmateriell: Eget kompendium. Aktuelle lærebøker oppgis ved kursets begynnelse.']"
ee19bf1521e24d86a968a1b032d79922bd777028,6e7335996e49bd52df9475155994fb92312b7aa3,https://www.ntnu.no/studieinformasjon/siving/eldre/97-98/2/24032.htm,https://www.ntnu.no/studieinformasjon/siving/eldre/97-98/2/24048.htm,"['Mål: Gje ei vidare fordjupning og forståelse av data frå borehol, målemetodar brukte i borehol, kva informasjonspotensiale desse har og bruk av slike data i integrert evaluering av reservoareigenskapar.', 'Forutsetning: Faget byggjer på fag 24020 Boreholslogging eller tilsvarande kunnskapar.', 'Innhold: Kurset fokuserer på utvalde emne om metodar for innsamling og tolking av brønndata: Grunnleggande petrofysiske synspunkt og relasjonar. Kvalitetskontroll av data. Radiometriske metodar i opne og fora borehol: Spektrometri - naturleg og indusert, nøytron levetidsmålingar (vassmetning bak foringsrøret). Elektrisk og akustiske bilete av boreholsveggen. Måling under boring, MWD - logging i og tolking av loggar frå horisontale brønnar. Opptak og analyse av borekjerner - feilkjelder ved slike data. Vassmetningsmodellar i skifrige formasjonar. Datamaskintolking av brønndata. Studentane skal i kurset skrive og presentere ein rapport om eit emne basert på eigne studium av litteratur og/eller data.', 'Undervisningsform: Forelesning, obligatoriske øvingar og bearbeiding av data ved hjelp av programvare for tolking av brønndata. Semesterprosjekt. Undervisninga foregår på engelsk dersom masterstudentar velger faget.']","['Mål: Faget tar sikte på å utvide og utdype kunnskapen innen brønnmekanikk og brønnhydraulikk.', 'Forutsetning: Fag 24047 Petroleumsproduksjon 2 eller tilsvarende.', 'Innhold: Oppbygging og design av injeksjons- og produksjonsbrønner. Brønnutstyr og utstyrsoppbygging. Operasjoner og prosesser knyttet til brønnkomplettering. I tillegg vil to av følgende emner bli dekket: Formasjonsskade, stimulering, undervannskomplettering, sandkontroll, produksjonslogging, produksjon fra horisontale brønner og modellering av fler-fase strømning i olje og gassbrønner.', 'Undervisningsform: Forelesninger og øvinger. Øvingene teller 20% ved fastsettelse av sluttkarakteren i faget. Undervisningen foregår på engelsk dersom masterstudenter velger faget.']"
ee19bf1521e24d86a968a1b032d79922bd777028,9d8a632392ca2e9e86a3577aa99951e481512a05,https://www.ntnu.no/studieinformasjon/siving/eldre/97-98/2/24032.htm,https://www.ntnu.no/studieinformasjon/siving/eldre/97-98/2/24061.htm,"['Mål: Gje ei vidare fordjupning og forståelse av data frå borehol, målemetodar brukte i borehol, kva informasjonspotensiale desse har og bruk av slike data i integrert evaluering av reservoareigenskapar.', 'Forutsetning: Faget byggjer på fag 24020 Boreholslogging eller tilsvarande kunnskapar.', 'Innhold: Kurset fokuserer på utvalde emne om metodar for innsamling og tolking av brønndata: Grunnleggande petrofysiske synspunkt og relasjonar. Kvalitetskontroll av data. Radiometriske metodar i opne og fora borehol: Spektrometri - naturleg og indusert, nøytron levetidsmålingar (vassmetning bak foringsrøret). Elektrisk og akustiske bilete av boreholsveggen. Måling under boring, MWD - logging i og tolking av loggar frå horisontale brønnar. Opptak og analyse av borekjerner - feilkjelder ved slike data. Vassmetningsmodellar i skifrige formasjonar. Datamaskintolking av brønndata. Studentane skal i kurset skrive og presentere ein rapport om eit emne basert på eigne studium av litteratur og/eller data.', 'Undervisningsform: Forelesning, obligatoriske øvingar og bearbeiding av data ved hjelp av programvare for tolking av brønndata. Semesterprosjekt. Undervisninga foregår på engelsk dersom masterstudentar velger faget.']","['Mål: Tar sikte på å gi en grunnleggende innføring i praktisk brønntesting.', 'Forutsetning: Det er ønskelig med fag 24073 Strømning i porøse media eller tilsvarende kunnskaper.', 'Innhold: Utvikling av fundamentale ligninger for væske og gassstrømning i homogene reservoarer. Anvendelse på enkeltbrønner. Testanalyse for olje\xad og gassbrønner. Trykkfalls\xad, trykkoppbyggings\xad og flerrate tester analyseres ved typekurver og semilog analyse. Analyse av interferens tester. Det vil bli lagt vekt på praktisk anvendelse av teorien på problemstillinger relevant for norske felter. Elementær testanalyse. Diagnoseplott, typekurver og spesialiserte plott. Idealiserte tester. Praktiske problemer. Virkelige testdata. Støy.', 'Undervisningsform: Forelesninger og regneøvinger. Et bestemt antall øvinger kreves godkjent for adgang til eksamen. Dette antall blir gitt ved kursets begynnelse.', 'Kursmateriell: J.F. Stanislav and C.S. Kabir: Pressure Transient Analysis, Prentice Hall, New Jersey 1990.']"
ee19bf1521e24d86a968a1b032d79922bd777028,72c1a1a2e48a5c57b833263b11314bba67d61e4d,https://www.ntnu.no/studieinformasjon/siving/eldre/97-98/2/24032.htm,https://www.ntnu.no/studieinformasjon/siving/eldre/97-98/2/24073.htm,"['Mål: Gje ei vidare fordjupning og forståelse av data frå borehol, målemetodar brukte i borehol, kva informasjonspotensiale desse har og bruk av slike data i integrert evaluering av reservoareigenskapar.', 'Forutsetning: Faget byggjer på fag 24020 Boreholslogging eller tilsvarande kunnskapar.', 'Innhold: Kurset fokuserer på utvalde emne om metodar for innsamling og tolking av brønndata: Grunnleggande petrofysiske synspunkt og relasjonar. Kvalitetskontroll av data. Radiometriske metodar i opne og fora borehol: Spektrometri - naturleg og indusert, nøytron levetidsmålingar (vassmetning bak foringsrøret). Elektrisk og akustiske bilete av boreholsveggen. Måling under boring, MWD - logging i og tolking av loggar frå horisontale brønnar. Opptak og analyse av borekjerner - feilkjelder ved slike data. Vassmetningsmodellar i skifrige formasjonar. Datamaskintolking av brønndata. Studentane skal i kurset skrive og presentere ein rapport om eit emne basert på eigne studium av litteratur og/eller data.', 'Undervisningsform: Forelesning, obligatoriske øvingar og bearbeiding av data ved hjelp av programvare for tolking av brønndata. Semesterprosjekt. Undervisninga foregår på engelsk dersom masterstudentar velger faget.']","['Mål: Faget skal gi studentene en innføring i porøse mediers egenskaper, fluidegenskaper og bergart/fluid samvirket og de fundamentale ligninger for en- og fler-fase strømning i porøse media.', 'Forutsetning: Ingen.', 'Innhold: Praktiske anvendelser innen petroleumsteknologi, grunnvannshydrologi, geoteknikk, jordbruk, VVS-teknikk, kjemiteknikk og miljø/forurensning. Repetisjon av fundamentale fluidmekanikk-begreper og fluidparametre som tetthet, viskositet og kompressibilitet. Bergartsparametrene porestørrelsesfordeling, kornstørrelsesfordeling og overflateareal og disse parametrenes innflytelse på de ulike typer porøsitet og permeabilitet blir behandlet. Permeabilitet blir videre belyst ved Darcys lov, Klinkenberg korreksjonen, Kozeny-Carman-ligningene og høyhastighetstrømning. Flerfaseparametrene kapillærtrykk og relativ permeabilitet blir introdusert sammen med de fundamentale ligningene for flerfase strømning.']"
ee19bf1521e24d86a968a1b032d79922bd777028,5dd72e8835be719ddbf615b9aee18acc1664544c,https://www.ntnu.no/studieinformasjon/siving/eldre/97-98/2/24032.htm,https://www.ntnu.no/studieinformasjon/siving/eldre/97-98/2/20562.htm,"['Mål: Gje ei vidare fordjupning og forståelse av data frå borehol, målemetodar brukte i borehol, kva informasjonspotensiale desse har og bruk av slike data i integrert evaluering av reservoareigenskapar.', 'Forutsetning: Faget byggjer på fag 24020 Boreholslogging eller tilsvarande kunnskapar.', 'Innhold: Kurset fokuserer på utvalde emne om metodar for innsamling og tolking av brønndata: Grunnleggande petrofysiske synspunkt og relasjonar. Kvalitetskontroll av data. Radiometriske metodar i opne og fora borehol: Spektrometri - naturleg og indusert, nøytron levetidsmålingar (vassmetning bak foringsrøret). Elektrisk og akustiske bilete av boreholsveggen. Måling under boring, MWD - logging i og tolking av loggar frå horisontale brønnar. Opptak og analyse av borekjerner - feilkjelder ved slike data. Vassmetningsmodellar i skifrige formasjonar. Datamaskintolking av brønndata. Studentane skal i kurset skrive og presentere ein rapport om eit emne basert på eigne studium av litteratur og/eller data.', 'Undervisningsform: Forelesning, obligatoriske øvingar og bearbeiding av data ved hjelp av programvare for tolking av brønndata. Semesterprosjekt. Undervisninga foregår på engelsk dersom masterstudentar velger faget.']","['Mål: Faget tar sikte på å gi en forståelse av hvordan geologi/sedimentologi brukes i reservoarbeskrivelse og \xadmodellering.', 'Forutsetning: Bygger på kunnskaper tilsvarende fag 24020 Boreholslogging, 20536 Petroleumsgeologi og 20548 Sedimentologi og stratigrafi.', 'Innhold: Faget gjennomgår de viktigste prinsippene ved geologisk reservoarbeskrivelse og modellering basert på borehullsdata, logger, prøvemateriale og annen tilgjengelig informasjon som seismikk og reservoartester. Videre hvordan geologisk informasjon samles og benyttes i løpet av produksjonsperioden for å kunne produsere hydrokarbonfeltene mer effektivt. Obligatoriske øvinger vil være tolkning og analyse av syntetiske og virkelige data fra hydrokarbonfelt.']"
ee19bf1521e24d86a968a1b032d79922bd777028,60704f0316b3cb404a18c2a9a4dcd5597df9b64d,https://www.ntnu.no/studieinformasjon/siving/eldre/97-98/2/24032.htm,https://www.ntnu.no/studieinformasjon/siving/eldre/97-98/2/21033.htm,"['Mål: Gje ei vidare fordjupning og forståelse av data frå borehol, målemetodar brukte i borehol, kva informasjonspotensiale desse har og bruk av slike data i integrert evaluering av reservoareigenskapar.', 'Forutsetning: Faget byggjer på fag 24020 Boreholslogging eller tilsvarande kunnskapar.', 'Innhold: Kurset fokuserer på utvalde emne om metodar for innsamling og tolking av brønndata: Grunnleggande petrofysiske synspunkt og relasjonar. Kvalitetskontroll av data. Radiometriske metodar i opne og fora borehol: Spektrometri - naturleg og indusert, nøytron levetidsmålingar (vassmetning bak foringsrøret). Elektrisk og akustiske bilete av boreholsveggen. Måling under boring, MWD - logging i og tolking av loggar frå horisontale brønnar. Opptak og analyse av borekjerner - feilkjelder ved slike data. Vassmetningsmodellar i skifrige formasjonar. Datamaskintolking av brønndata. Studentane skal i kurset skrive og presentere ein rapport om eit emne basert på eigne studium av litteratur og/eller data.', 'Undervisningsform: Forelesning, obligatoriske øvingar og bearbeiding av data ved hjelp av programvare for tolking av brønndata. Semesterprosjekt. Undervisninga foregår på engelsk dersom masterstudentar velger faget.']","['Mål: Faget tar sikte på å gi studentene kunnskaper i materialegenskapene til faste mineralske råstoffer som har betydning for en økonomisk utnyttelse.', 'Forutsetning: Kunnskaper tilsvarende fag 21032 Mineralforekomstgeologi, samt kunnskaper i optisk mineralogi tilsvarende det som undervises i fag 20502 Mineralogi og geokjemi eller i fag 20503 Petrologi.', 'Innhold: Forelesningene dekker mineralogiske/mineralkjemiske og teksturelle forhold som har betydning for utnyttelsen av faste mineralske råstoffer samt andre viktige faktorer som størrelse, beliggenhet, gehalt, bi-produkt, skadelige elementer, verdifulle elementer etc. Bruksområder av mineraler, metoder til å undersøke mineraler med hensyn på å bestemme tekniske aspekter for en økonomisk utnyttelse og produktkvalitet er sentrale emner. Gjennomgang av nasjonal mineralproduksjon, samt viktige markedsaspekter for mineralske produkter. Basisteknologi for utnyttelse av mineraler. I øvingene vil det gjennomgås eksempler på viktige mineralske råstoffer og studentene skal undersøke forskjellige materialer med utarbeidelse av lab.rapporter. Både makroskopiske og mikroskopiske teknikker skal brukes, herunder bildeanalyse og andre kvantitative teknikker.', 'Undervisningsform: Forelesninger, laboratorieøvinger, litteraturstudier, feltundervisning. Øvingsrapporter og litteraturoppgaver bedømmes og teller 25 % i fastsettelse av den endelige karakteren.', 'Kursmateriell: Kompendium og utvalgte emner fra lærebøker og artikler.']"
b80ab352c8e8a82f44d2c66d770b79617c188c63,8dac81b920285b450106691ff83ae638c311484a,https://www.ntnu.no/studieinformasjon/siving/eldre/96-97/2/24020.htm,https://www.ntnu.no/studieinformasjon/siving/eldre/96-97/2/24018.htm,"['Innhold: Grunnleggande petrofysiske begrep og likningar. Dei viktigaste logge\xadmetodane: Elektriske, elektromagnetiske, radiometriske, akustiske og geometriske målingar. Samanheng mellom dei målte parametrane og bergartanes porøsitet, væske/gass\xadmetning, litologi og leirinnhald. I øvingsopplegget blir det lagt stor vekt på arbeid med loggdata og praktisk tolkingsteknikk.']","['Mål: Faget skal gi en forståelse av hvordan forskjellige geofysiske metoder kan bidra til å kartlegge undergrunnen for ingeniørgeologiske formål, leting etter grunnvann, kartlegging av forurensing o.l.', 'Undervisningsform: Forelesninger, feltøvinger, regneøvinger og tolkning. Om sommeren, før kurset, inngår geofysiske målinger som en del av et obligatorisk feltkurs i fag 21534 Geologiske analysemetoder.', 'Kursmateriell: P. Kearey og M. Brooks: An Introduction to Geophysical Exploration, Blackwell Scientific Publications, 2. utg. 1991.']"
b80ab352c8e8a82f44d2c66d770b79617c188c63,87af5458f384120d5b54ad6747ad31f572880d03,https://www.ntnu.no/studieinformasjon/siving/eldre/96-97/2/24020.htm,https://www.ntnu.no/studieinformasjon/siving/eldre/96-97/2/20502.htm,"['Innhold: Grunnleggande petrofysiske begrep og likningar. Dei viktigaste logge\xadmetodane: Elektriske, elektromagnetiske, radiometriske, akustiske og geometriske målingar. Samanheng mellom dei målte parametrane og bergartanes porøsitet, væske/gass\xadmetning, litologi og leirinnhald. I øvingsopplegget blir det lagt stor vekt på arbeid med loggdata og praktisk tolkingsteknikk.']","['Mål: Faget tar sikte på å gi en grundigere kunnskap om de viktigste deler av mineralogien og en systematisk innføring i uorganisk geokjemi.', 'Forutsetning: Grunnleggende kunnskaper i kjemi og mineralogi tilsvarende fag 20501 Mineraler og bergarter.', 'Innhold: Mineraldelen av faget inneholder utvalgte deler av krystallkjemi og systematisk mineralogi. I geokjemidelen gjennomgås grunnstoffenes fordeling i universet, herunder månen og jorda, og lovene som bestemmer denne fordelingen. Dessuten gjennomgås vannløsningers geokjemi og isotopgeokjemi, herunder både stabile og radioaktive isotoper. I øvingene gjennomgås de praktiske sidene ved optisk bestemmelse av mineraler med polarisasjonsmikroskop, både for gjennomfallende og reflektert lys.', 'Undervisningsform: Forelesninger, øvingsundervisning i grupper. Øvingsundervisningen avluttes med 2 prøver som teller 40 % i sluttkarakteren.']"
b80ab352c8e8a82f44d2c66d770b79617c188c63,4f7d85f8279c1d7c4e2766cfb00f2d1ecdc58765,https://www.ntnu.no/studieinformasjon/siving/eldre/96-97/2/24020.htm,https://www.ntnu.no/studieinformasjon/siving/eldre/96-97/2/23020.htm,"['Innhold: Grunnleggande petrofysiske begrep og likningar. Dei viktigaste logge\xadmetodane: Elektriske, elektromagnetiske, radiometriske, akustiske og geometriske målingar. Samanheng mellom dei målte parametrane og bergartanes porøsitet, væske/gass\xadmetning, litologi og leirinnhald. I øvingsopplegget blir det lagt stor vekt på arbeid med loggdata og praktisk tolkingsteknikk.']","['Mål: Faget tar utgangspunkt i varmelærens første og andre hovedsetning og tar sikte på å gi grunnlag for å forstå, samt ferdighet i å beskrive og regne på metallurgiske systemer og problemstillinger.', 'Forutsetning: Forkunnskaper som gitt i fag 50513 Termodynamikk og 23530 Fasediagrammer.', 'Innhold: Masse og entalpibalanser, kalorimetri, likevektsberegninger for reaksjoner i gassblandinger og mellom gass og rene kondenserte faser. Smelter og oppløsningers termodynamikk, termodynamisk behandling av tilstandsdiagrammer. Fortynnede multikomponentsystemers termodynamikk med eksempler fra stål og tilhørende slagg/metall\xadlikevekter. Elementær statistisk termodynamikk og modeller for beregning av aktivitetsforhold i flytende legeringer, saltblandinger og slagger. Reaksjonskinetikk spesielt rettet mot heterogene reaksjoner.', 'Undervisningsform: Forelesninger kombinert med regneeksempler, regneøvinger og enkle laboratorieeksperimenter.']"
b80ab352c8e8a82f44d2c66d770b79617c188c63,8304e88dd1e76548877e9a69b7dbabcd11704e11,https://www.ntnu.no/studieinformasjon/siving/eldre/96-97/2/24020.htm,https://www.ntnu.no/studieinformasjon/siving/eldre/96-97/2/20526.htm,"['Innhold: Grunnleggande petrofysiske begrep og likningar. Dei viktigaste logge\xadmetodane: Elektriske, elektromagnetiske, radiometriske, akustiske og geometriske målingar. Samanheng mellom dei målte parametrane og bergartanes porøsitet, væske/gass\xadmetning, litologi og leirinnhald. I øvingsopplegget blir det lagt stor vekt på arbeid med loggdata og praktisk tolkingsteknikk.']","['Mål: Målet er å bli kjent med geologi av Norge og Europa, bruk av geologisk kart og fagartikler.', 'Forutsetning: Fag 20505 Geologi, innføring og 20527 Strukturgeologi.', 'Innhold: Norges berggrunnsgeologi samt en oversikt over Norges kvartærgeologi og Europas geologi. Man går mer i detalj med faglitteratur om følgende emner: Tafrogenese (det permiske Oslofeltet, inkl. to dager feltundervisning), orogenese (den kaledonske fjellkjeden i midt\xad og/eller nord\xadNorge), fjellkjedekollapse/ekstensjon (devonfeltene i vest\xadNorge).']"
b80ab352c8e8a82f44d2c66d770b79617c188c63,5c1fabe687aa2b7f357b315ff80da67be5a2156b,https://www.ntnu.no/studieinformasjon/siving/eldre/96-97/2/24020.htm,https://www.ntnu.no/studieinformasjon/siving/eldre/96-97/2/20011.htm,"['Innhold: Grunnleggande petrofysiske begrep og likningar. Dei viktigaste logge\xadmetodane: Elektriske, elektromagnetiske, radiometriske, akustiske og geometriske målingar. Samanheng mellom dei målte parametrane og bergartanes porøsitet, væske/gass\xadmetning, litologi og leirinnhald. I øvingsopplegget blir det lagt stor vekt på arbeid med loggdata og praktisk tolkingsteknikk.']","['For studenter ved Fakultet for berg-, petroleums- og metallurgifags linje A som tar 4. årskurs som deltid, f.eks. ved Universitetsstudiene på Svalbard (UNIS).', 'Mål: Faget tar sikte på at studentene skal lære å arbeide systematisk innenfor et aktuelt tema, skaffe seg detaljkunnskaper innen emnet gjennom litteraturstudier og praktisk arbeid og formulere resultatet av studiet i en rapport.', 'Forutsetning: Ingen.', 'Innhold: Emne for prosjektet blir valgt ut i samarbeid mellom student og faglærer. I faget inngår opplæring i skriftlig og muntlig presentasjon.', 'Undervisningsform: Forelesning i presentasjons\xad og rapporteringsteknikk. Prosjektarbeid på egen hånd med veiledning.', 'Kursmateriell: Patricia A. Robinson: Fundamentals of Technical Writing, Houghton Miffin Co. 1985, og/eller Torlaug Løkensgard Hoel: Tanke blir tekst, Det norske samlaget 1992.']"
b80ab352c8e8a82f44d2c66d770b79617c188c63,fa0aaafcd3ec10686fd0e564e437c4bd986c70ed,https://www.ntnu.no/studieinformasjon/siving/eldre/96-97/2/24020.htm,https://www.ntnu.no/studieinformasjon/siving/eldre/96-97/2/21042.htm,"['Innhold: Grunnleggande petrofysiske begrep og likningar. Dei viktigaste logge\xadmetodane: Elektriske, elektromagnetiske, radiometriske, akustiske og geometriske målingar. Samanheng mellom dei målte parametrane og bergartanes porøsitet, væske/gass\xadmetning, litologi og leirinnhald. I øvingsopplegget blir det lagt stor vekt på arbeid med loggdata og praktisk tolkingsteknikk.']","['Mål: Faget tar sikte på å utdype anvendelsen av de ressursgeologiske metoder som er behandlet i fag 21041 Ressursgeologi VK, og vise hvorledes ressursestimering kan være et utgangspunkt for etablering av prospekteringsstrategier samt danne forutsetninger for ressursforvaltning.', 'Forutsetning: Fag 21041 Ressursgeologi VK.', ""Innhold: Faget vil omfatte de viktigste arbeids\xad og tolkningsprosedyrer i forbindelse med et komplett ressursgeologisk program, fra estimering av et område's ressurspotensial til integrert prospektering på regionalnivå, oppfølgingsnivå og detaljnivå. Det vil videre bli vist hvorledes ressursestimater kan brukes som grunnlag for etablering av prospekterings\xadstrategier samt være rammebetingelser for ressursforvaltning. Øvingene vil omfatte litteraturstudium, og rette seg mot den enkeltes interesser innen hydrogeologi, malmforekomstgeologi, petroleumsgeologi eller andre fossile brennstoffer. I tillegg vil ressursforvaltnings\xad og ressursøkonomiske problemer bli behandlet."", 'Undervisningsform: Forelesninger og øvinger. Øvingene er obligatoriske og må være godkjent for å få adgang til eksamen. Øvingene teller 25 % i den endelige karakteren.']"
b80ab352c8e8a82f44d2c66d770b79617c188c63,7761324405ec0f0302c0d444fd6cf9e29be51f53,https://www.ntnu.no/studieinformasjon/siving/eldre/96-97/2/24020.htm,https://www.ntnu.no/studieinformasjon/siving/eldre/96-97/2/24063.htm,"['Innhold: Grunnleggande petrofysiske begrep og likningar. Dei viktigaste logge\xadmetodane: Elektriske, elektromagnetiske, radiometriske, akustiske og geometriske målingar. Samanheng mellom dei målte parametrane og bergartanes porøsitet, væske/gass\xadmetning, litologi og leirinnhald. I øvingsopplegget blir det lagt stor vekt på arbeid med loggdata og praktisk tolkingsteknikk.']","['Innhold: Faget utvikler partielle differensialligninger for enfase og flerfase strømning i porøse materialer, og numeriske løsningsmetoder av disse ved hjelp av differansemetoder. Temaoversikt: Oppsummering av viktige bergarts\xad og fluidegenskaper. Utledning av partielle differensialligninger. Numerisk løsning ved bruk av differansemetoder. Metoder for løsning av ikkelineære og lineære ligningssystemer. Modelltyper.']"
b80ab352c8e8a82f44d2c66d770b79617c188c63,ee0f269382174c4eac9ae1f3534f8eb9a66b4dc5,https://www.ntnu.no/studieinformasjon/siving/eldre/96-97/2/24020.htm,https://www.ntnu.no/studieinformasjon/siving/eldre/96-97/2/20527.htm,"['Innhold: Grunnleggande petrofysiske begrep og likningar. Dei viktigaste logge\xadmetodane: Elektriske, elektromagnetiske, radiometriske, akustiske og geometriske målingar. Samanheng mellom dei målte parametrane og bergartanes porøsitet, væske/gass\xadmetning, litologi og leirinnhald. I øvingsopplegget blir det lagt stor vekt på arbeid med loggdata og praktisk tolkingsteknikk.']","['Mål: Faget gir innføring i strukturgeologi dvs. om bergartens reaksjoner overfor mekanisk påvirkning under varierende forhold.', 'Forutsetning: Fag 20505 Geologi, innføring eller tilsvarende kunnskaper.', 'Innhold: Ut fra grunnbegrepene spenning og tøyning omhandles geologiske strukturer som forkastninger, sprekker, folder, foliasjoner osv. og forhold mellom slike strukturer og tektoniske fenomener som fjellkjede\xad og bassengdannelse. Øvinger består i visualisering og beregning av foldete, forkastete og roterte bergartslag, spesielt hvordan slike lag fremkommer på geologisk kart.', 'Undervisningsform: Forelesninger og øvinger. Som verktøy brukes i stor grad stereografisk projeksjon. Ved studieretningene Ingeniørgeologi og bergteknikk og Ressursgeologi avholdes 2,5 ukers obligatoriske feltøvinger mellom 6. og 7. semester (1,5 uke ved studieretning Petroleumsgeofag).']"
b80ab352c8e8a82f44d2c66d770b79617c188c63,a136dd4ff87803247e234e066763ca590fff751f,https://www.ntnu.no/studieinformasjon/siving/eldre/96-97/2/24020.htm,https://www.ntnu.no/studieinformasjon/siving/eldre/96-97/2/20501.htm,"['Innhold: Grunnleggande petrofysiske begrep og likningar. Dei viktigaste logge\xadmetodane: Elektriske, elektromagnetiske, radiometriske, akustiske og geometriske målingar. Samanheng mellom dei målte parametrane og bergartanes porøsitet, væske/gass\xadmetning, litologi og leirinnhald. I øvingsopplegget blir det lagt stor vekt på arbeid med loggdata og praktisk tolkingsteknikk.']","['Mål: Faget tar sikte på å gi studentene kunnskaper om grunnleggende forhold i krystallografi, mineralogi og bergartslære. Studentene skal lære å identifisere et gitt antall mineraler og bergarter.', 'Forutsetning: Bakgrunn i generell geologi og kjemi.', 'Innhold: Faget gir en innføring i grunnleggende krystallografi og mineralkjemi, samt de viktigste kriteriene for identifikasjon og klassifikasjon av mineraler. Noen viktige mineraler beskrives. Mineralers fysiske egenskaper samt noen anvendelsesområder gjennomgås. I bergartsdelen gis innføring i dannelse, mineralsammensetning og klassifikasjon av bergarter. Stor vekt legges på praktisk mineral\xad og bergartsbestemmelse.', 'Undervisningsform: Forelesninger, demonstrasjoner og øvinger i mineral\xad og bergartsidentifikasjon. Øvingsundervisningen avsluttes med prøve som teller 25 % i sluttkarakteren.', 'Kursmateriell: Kompendium og utlevert materiale fra forelesninger. Stuffprøver.']"
b80ab352c8e8a82f44d2c66d770b79617c188c63,02d53b63c6037cfebea5cfd217f8fbcb9fda662d,https://www.ntnu.no/studieinformasjon/siving/eldre/96-97/2/24020.htm,https://www.ntnu.no/studieinformasjon/siving/eldre/96-97/2/24029.htm,"['Innhold: Grunnleggande petrofysiske begrep og likningar. Dei viktigaste logge\xadmetodane: Elektriske, elektromagnetiske, radiometriske, akustiske og geometriske målingar. Samanheng mellom dei målte parametrane og bergartanes porøsitet, væske/gass\xadmetning, litologi og leirinnhald. I øvingsopplegget blir det lagt stor vekt på arbeid med loggdata og praktisk tolkingsteknikk.']","['Innhold: Tolkning av todimensjonale og tredimensjonale seismiske data på grafisk arbeidsstasjon. Fremstilling av seismiske tidskonturkart. Dybdekonvertering av seismiske tidskart (både fra stakkseksjoner og tidsmigrerte seksjoner). Inversjon av seismiske data etter stakk. Tredimensjonal seismisk modellering vha. stråleteori. Bruk av seismisk modellering til å planlegge seismiske datainnsamling.', 'Undervisningsform: Forelesninger og øvinger på arbeidsstasjon. Øvingene teller 60 % ved fastsettelse av sluttkarakteren i faget.', 'Undervisningen foregår på engelsk dersom masterstudenter velger faget.']"
b80ab352c8e8a82f44d2c66d770b79617c188c63,ac3a6acbec8cf524ebf696925a431252d4092ad4,https://www.ntnu.no/studieinformasjon/siving/eldre/96-97/2/24020.htm,https://www.ntnu.no/studieinformasjon/siving/eldre/96-97/2/23003.htm,"['Innhold: Grunnleggande petrofysiske begrep og likningar. Dei viktigaste logge\xadmetodane: Elektriske, elektromagnetiske, radiometriske, akustiske og geometriske målingar. Samanheng mellom dei målte parametrane og bergartanes porøsitet, væske/gass\xadmetning, litologi og leirinnhald. I øvingsopplegget blir det lagt stor vekt på arbeid med loggdata og praktisk tolkingsteknikk.']","['Mål: Hensikten med faget er å gi studentene en orientering om norsk metallurgisk og materialteknologisk industri og å vise hvorledes det teoretiske/teknologiske grunnlaget for denne industrien bygger på grunnfagene kjemi, fysikk, mekanikk.', 'Forutsetning: Ingen.', 'Innhold: Kort gjennomgang av de metallurgiske råstoffer og framskaffelse av disse, med spesiell vekt på norske forhold, deretter en elementær gjennomgang av de metallurgiske framstillingsmetoder og deres tilknytning til kjemi. Deretter gis en elementær gjennomgang av den atomære oppbyggingen av de teknologiske materialene og en kvalitativ beskrivelse av sammenhengen mellom atomær oppbygging og bruksegenskaper.']"
b80ab352c8e8a82f44d2c66d770b79617c188c63,4f7c25203c1a29c1b39625ea62cb6d6b9fec8443,https://www.ntnu.no/studieinformasjon/siving/eldre/96-97/2/24020.htm,https://www.ntnu.no/studieinformasjon/siving/eldre/96-97/2/24048.htm,"['Innhold: Grunnleggande petrofysiske begrep og likningar. Dei viktigaste logge\xadmetodane: Elektriske, elektromagnetiske, radiometriske, akustiske og geometriske målingar. Samanheng mellom dei målte parametrane og bergartanes porøsitet, væske/gass\xadmetning, litologi og leirinnhald. I øvingsopplegget blir det lagt stor vekt på arbeid med loggdata og praktisk tolkingsteknikk.']","['Mål: Faget tar sikte på å utvide og utdype kunnskapen innen brønnmekanikk og brønnhydraulikk.', 'Forutsetning: Fag 24047 Petroleumsproduksjon 2 eller tilsvarende.', 'Innhold: Oppbygging og design av injeksjons- og produksjonsbrønner. Brønnutstyr og utstyrsoppbygging. Operasjoner og prosesser knyttet til brønnkomplettering. I tillegg vil to av følgende emner bli dekket: Formasjonsskade, stimulering, undervannskomplettering, sandkontroll, produksjonslogging, produksjon fra horisontale brønner og modellering av fler-fase strømning i olje og gassbrønner.', 'Undervisningsform: Forelesninger og øvinger. Øvingene teller 20 % ved fastsettelse av sluttkarakteren i faget. Undervisningen foregår på engelsk dersom masterstudenter velger faget.']"
b80ab352c8e8a82f44d2c66d770b79617c188c63,4892f55ca5b4fabd8b6f3b3b33e8b2dfa396b129,https://www.ntnu.no/studieinformasjon/siving/eldre/96-97/2/24020.htm,https://www.ntnu.no/studieinformasjon/siving/eldre/96-97/2/20010.htm,"['Innhold: Grunnleggande petrofysiske begrep og likningar. Dei viktigaste logge\xadmetodane: Elektriske, elektromagnetiske, radiometriske, akustiske og geometriske målingar. Samanheng mellom dei målte parametrane og bergartanes porøsitet, væske/gass\xadmetning, litologi og leirinnhald. I øvingsopplegget blir det lagt stor vekt på arbeid med loggdata og praktisk tolkingsteknikk.']","['For studenter i 4. årskurs ved Fakultet for berg-, petroleums- og metallurgifags linje A og Master of Science-studenter.', 'Mål: Faget tar sikte på at studentene skal lære å arbeide systematisk innenfor et aktuelt tema, skaffe seg detaljkunnskaper innen emnet gjennom litteraturstudier og praktisk arbeid og formulere resultatet av studiet i en rapport.', 'Forutsetning: Ingen.', 'Innhold: Emne for prosjektet blir valgt ut i samarbeid mellom student og faglærer. I faget inngår opplæring i skriftlig og muntlig presentasjon.', 'Undervisningsform: Forelesning i presentasjons\xad og rapporteringsteknikk. Prosjektarbeid på egen hånd med veiledning.', 'Kursmateriell: Patricia A. Robinson: Fundamentals of Technical Writing, Houghton Miffin Co. 1985, og/eller Torlaug Løkensgard Hoel: Tanke blir tekst, Det norske samlaget 1992.']"
b80ab352c8e8a82f44d2c66d770b79617c188c63,a6353cd00643f6b56da38f9c7e00afd047f62cb9,https://www.ntnu.no/studieinformasjon/siving/eldre/96-97/2/24020.htm,https://www.ntnu.no/studieinformasjon/siving/eldre/96-97/2/24028.htm,"['Innhold: Grunnleggande petrofysiske begrep og likningar. Dei viktigaste logge\xadmetodane: Elektriske, elektromagnetiske, radiometriske, akustiske og geometriske målingar. Samanheng mellom dei målte parametrane og bergartanes porøsitet, væske/gass\xadmetning, litologi og leirinnhald. I øvingsopplegget blir det lagt stor vekt på arbeid med loggdata og praktisk tolkingsteknikk.']","['Mål: Faget skal gi kunnskaper om moderne teknikker for prosessering av gravimetriske og magnetiske data.', 'Forutsetning: Fag 24010 Anvendt geofysikk eller tilsvarende forkunnskaper.', 'Innhold: Potensial\xadfelt\xadmetoder. Teori og praksis. Innføring i potensialteori. Gravimetri: Gravimetriske målinger (land og sjø), korreksjoner og utregninger av gravitasjonsfeltet. Prosessering av gravimetriske data: Anomaliseparasjon, den andrederiverte til feltet, opp\xad og nedføring av feltet. Magnetometri: Magnetiske målinger fra fly og til sjøs, prosessering og tolkning av anomalier i det magnetiske totalfeltet.', 'Undervisningsform: Forelesninger og øvinger. Undervisningen foregår på engelsk dersom masterstudenter velger faget.']"
b80ab352c8e8a82f44d2c66d770b79617c188c63,fbc1d12da5ffe1d35d3997ad923112036ba1868e,https://www.ntnu.no/studieinformasjon/siving/eldre/96-97/2/24020.htm,https://www.ntnu.no/studieinformasjon/siving/eldre/96-97/2/24013.htm,"['Innhold: Grunnleggande petrofysiske begrep og likningar. Dei viktigaste logge\xadmetodane: Elektriske, elektromagnetiske, radiometriske, akustiske og geometriske målingar. Samanheng mellom dei målte parametrane og bergartanes porøsitet, væske/gass\xadmetning, litologi og leirinnhald. I øvingsopplegget blir det lagt stor vekt på arbeid med loggdata og praktisk tolkingsteknikk.']","['Mål: Faget skal gi innføring i EDB-baserte tolkningsmetoder innen magnetometri og gravimetri og gi ferdigheter i bruk av PC-tolkningsstasjon på potensialfeltdata.', 'Forutsetning: Fag 24010 Anvendt geofysikk, 24028 Gravimetri og magnetometri.', 'Innhold: Teori direkte og indirekte metoder (bl.a. Autokorrelasjonsmetoden, Werner dekonvolusjon, Euler dekonvolusjon, Talwani 2D og 2.5D, minste kvadraters metode), petrofysikk (bergartenes magnetiske egenskaper og tetthet), 2D Fourier filtrering, bildebehandling, geografisk informasjonssystem, tilgjengelige aeromagnetiske, gravimetriske og petrofysiske data i Norge. Øvingene består i tolkning av dyp til basement, kartlegging av forkastninger og intrasedimentære vulkanitter og bruk av aeromagnetiske, gravimetriske og petrofysiske databaser.', 'Undervisningsform: Forelesninger og øvinger på PC.', 'Undervisningen foregår på engelsk dersom masterstudenter velger faget.']"
b80ab352c8e8a82f44d2c66d770b79617c188c63,8533ef13c30734b17f6d1e1b4aec2edf5f2fc5fe,https://www.ntnu.no/studieinformasjon/siving/eldre/96-97/2/24020.htm,https://www.ntnu.no/studieinformasjon/siving/eldre/96-97/2/20505.htm,"['Innhold: Grunnleggande petrofysiske begrep og likningar. Dei viktigaste logge\xadmetodane: Elektriske, elektromagnetiske, radiometriske, akustiske og geometriske målingar. Samanheng mellom dei målte parametrane og bergartanes porøsitet, væske/gass\xadmetning, litologi og leirinnhald. I øvingsopplegget blir det lagt stor vekt på arbeid med loggdata og praktisk tolkingsteknikk.']","['Mål: Målet er å lære om jordens dannelse, dens utvikling og oppbygning for å gi økt perspektiv om geologiske ressurser og geologiske konsekvenser av menneskelig aktivitet.', 'Forutsetning: Ingen.', 'Innhold: Jordens plass i solsystemet, dens dannelse og struktur; mineraler, bergarter og fossiler; forvitring, erosjon og landskap; vannsyklus og grunnvann; sediment\xadavsetninger av elver, vind, og isbreer; samspillet mellom hav, bergarter, og atmosfære; magmatisme og vulkanisme; metamorfose og skorpedeformasjon; jordskjelv og seismologi; magnetisme; tyngdekraft og gravimetri; global platetektonikk; ikke\xadfornybare ressurser, Norges geologi; jordens geologisk og biologisk utvikling gjennom geologisk tid. Øvinger i bestemmelse av mineraler, bergarter, og fossiler; bruk av geologisk kart og \xadprofiler. Det inngår 5 dagers obligatorisk feltundervisning, bl.a. i Oslofeltet.']"
b80ab352c8e8a82f44d2c66d770b79617c188c63,003699440128ee6888c39af22286aa9fb2d4bf3e,https://www.ntnu.no/studieinformasjon/siving/eldre/96-97/2/24020.htm,https://www.ntnu.no/studieinformasjon/siving/eldre/96-97/2/24040.htm,"['Innhold: Grunnleggande petrofysiske begrep og likningar. Dei viktigaste logge\xadmetodane: Elektriske, elektromagnetiske, radiometriske, akustiske og geometriske målingar. Samanheng mellom dei målte parametrane og bergartanes porøsitet, væske/gass\xadmetning, litologi og leirinnhald. I øvingsopplegget blir det lagt stor vekt på arbeid med loggdata og praktisk tolkingsteknikk.']","['Mål: Faget gir en innføring i metodene for høyavviks- og horisontalboring, identifiserer forhold som er av betydning og gir innblikk i beregninger som er nødvendig for planlegging og gjennomføring av slike borehull.', 'Forutsetning: Fag 24021 Formasjonsmekanikk i boring og produksjon, 24041 Brønnstabilisering og brønnsikring og 24042 Maskinsystemer i boring og produksjon.', 'Innhold: Avviksboring; historikk og bakgrunn. Aktualitet, betraktninger om fordel/ulempe og metodikk for beregning av hensiktsmessighet i forhold til alternativer. Gjennomgår basisutstyr og metodikk for boring av avvikshull, aksialbevegelse, rotasjon og pumping, dessuten basismetodikk og utstyr for sikring av borehullet, slam og foringsrørsystemer. Gjennomgår spesielle metoder og utstyr for retningsforandring og -kontroll, aktuell borebanekompleksitet og tilhørende utstyr og systemer. Videre metoder for beregning av borebanen, målnøyaktighet. Kraft- og effektbalanser i høyavviks- og horisontale hull, roterende streng/ikke-roterende. Borestreng i strekk/kompresjon, bukling og buklingskriterier, registrering av bukling, konsekvenser. Anbringelse av skyvkraft foran i strengen, konsepter, virkning og konsekvenser. Boring av tynnhull, tynnhullsstreng, endring av grensebetingelser ved boring av tynnhull. Boring med kveilerør, fordel/ulemper, metodikk og utstyr, kraft- og effektbalanser ved bruk av kveilerør.', 'Undervisningsform: Forelesninger og øvinger.', 'Undervisningen foregår på engelsk dersom masterstudenter velger faget. Innslag av gjesteforelesere fra industrien.', 'Kursmateriell: Eget kompendium. Aktuelle lærebøker oppgis ved kursets begynnelse.']"
b80ab352c8e8a82f44d2c66d770b79617c188c63,b2cf7da3d5d8c0bfa1faeee07fd9c95fec122adb,https://www.ntnu.no/studieinformasjon/siving/eldre/96-97/2/24020.htm,https://www.ntnu.no/studieinformasjon/siving/eldre/96-97/2/24045.htm,"['Innhold: Grunnleggande petrofysiske begrep og likningar. Dei viktigaste logge\xadmetodane: Elektriske, elektromagnetiske, radiometriske, akustiske og geometriske målingar. Samanheng mellom dei målte parametrane og bergartanes porøsitet, væske/gass\xadmetning, litologi og leirinnhald. I øvingsopplegget blir det lagt stor vekt på arbeid med loggdata og praktisk tolkingsteknikk.']","['Mål: Faget skal gi en generell og bred innføring i naturgassteknikk samt en oversikt over gassindustrien i Europa.', 'Forutsetning: Bygger på basisfag i 1. og 2. årskurs i siv.ing.studiet.', 'Innhold: Oljenasjonen Norge vil etterhvert bli en gassnasjon, og vi nærmer oss med raske skritt metanalderen. Produksjon og transport av naturgass til Europa krever integrering av flere fagfelt, og behovet for sivilingeniørens helhetstenkning vises tydelig i naturgassindustrien. Følgende tema tas opp: Gassmarked og -ressurser, strømning i porøse media og gassegenskaper, gassreservoar og -brønner, gasstransport, -måling og -lagring, feltutbygging, økonomi, industriell anvendelse og miljøhensyn.', 'Undervisningsform: Forelesninger og gjesteforelesninger. Øvinger som teller 25 % ved fastsettelse av karakteren.']"
b80ab352c8e8a82f44d2c66d770b79617c188c63,6407524190716fc4330afe8deed8cc611ddefe23,https://www.ntnu.no/studieinformasjon/siving/eldre/96-97/2/24020.htm,https://www.ntnu.no/studieinformasjon/siving/eldre/96-97/2/24078.htm,"['Innhold: Grunnleggande petrofysiske begrep og likningar. Dei viktigaste logge\xadmetodane: Elektriske, elektromagnetiske, radiometriske, akustiske og geometriske målingar. Samanheng mellom dei målte parametrane og bergartanes porøsitet, væske/gass\xadmetning, litologi og leirinnhald. I øvingsopplegget blir det lagt stor vekt på arbeid med loggdata og praktisk tolkingsteknikk.']","['Mål: Faget skal gi inngående kjennskap til teknologien bak spredning av forurensning og rensing av jord.', 'Forutsetning: Fag innen hydrogeologi eller petroleums reservoarteknikk.', 'Innhold: Faget beskriver forskjellige situasjoner som forårsaker rensing av jord, spredning av forurensning og metodene for rensingen, tekniske/økonomiske/miljømessige betraktninger som bør tas hensyn til i vurdering av den enkelte situasjonen. Strømning i porøse bergarter; fukting og flerfase strømning; kjemisk likevekt og blandbar fortrengning; enkelbrønns oppførsel (hydrodynamic); relevante emner innen kjemi og biologi.', 'Undervisningsform: Forelesninger, regneøvinger og evt. ekskursjon eller praktisk prosjektarbeid.', 'Undervisningen foregår på engelsk dersom masterstudenter velger faget.']"
b80ab352c8e8a82f44d2c66d770b79617c188c63,d75bb3279c90625521fa735924b48e9dd5246c74,https://www.ntnu.no/studieinformasjon/siving/eldre/96-97/2/24020.htm,https://www.ntnu.no/studieinformasjon/siving/eldre/96-97/2/24041.htm,"['Innhold: Grunnleggande petrofysiske begrep og likningar. Dei viktigaste logge\xadmetodane: Elektriske, elektromagnetiske, radiometriske, akustiske og geometriske målingar. Samanheng mellom dei målte parametrane og bergartanes porøsitet, væske/gass\xadmetning, litologi og leirinnhald. I øvingsopplegget blir det lagt stor vekt på arbeid med loggdata og praktisk tolkingsteknikk.']","['Mål: Faget skal gi en oversikt over de viktigste elementene som inngår i et typisk boreprogram.', 'Forutsetning: Fag 24042 Maskinsystemer i boring og produksjon.', 'Innhold: Boreslammets oppbygging, framstilling og karakterisering med standard måleutstyr. Leirmineralets betydning for boreslam og formasjonsstabilitet, væskemekanikk for ikke-Newtonske væsker, måling av skjærkrefter, friksjonstap. Trykkontrollutstyr. Materialer og metodikk for sementering av foringsrør i borehullet, samt metoder for kvalitetskontroll og ettersementering. Abnormale poretrykk. Oppsprekking/slamtap, borehullsstabilitet. Deteksjon av høytrykkssoner, ustabil brønn, innstengningsrutiner, utsirkuleringsprosedyrer (trykkontroll), grunn gass problematikk. Øvingene består av laboratorieøvinger i testing og kontroll av boreslam samt obligatoriske (2/3) regneøvinger.']"
b80ab352c8e8a82f44d2c66d770b79617c188c63,3918e22c6415aa8f9293196a8fb7bf0997abaee9,https://www.ntnu.no/studieinformasjon/siving/eldre/96-97/2/24020.htm,https://www.ntnu.no/studieinformasjon/siving/eldre/96-97/2/21012.htm,"['Innhold: Grunnleggande petrofysiske begrep og likningar. Dei viktigaste logge\xadmetodane: Elektriske, elektromagnetiske, radiometriske, akustiske og geometriske målingar. Samanheng mellom dei målte parametrane og bergartanes porøsitet, væske/gass\xadmetning, litologi og leirinnhald. I øvingsopplegget blir det lagt stor vekt på arbeid med loggdata og praktisk tolkingsteknikk.']","['Mål: Faget tar sikte på å gi en innføring i geokjemiske prinsipper og vise hvorledes disse prinsippene kan anvendes innen ressursgeologiske problemstillinger.', 'Forutsetning: Fag 21002 Ressursgeologi GK.', 'Innhold: Faget dekker overflatemiljøets geokjemi og omfatter studiet av dispersjonsprosesser og de resulterende anomalibilder, samt statistiske og ikke\xadstatistiske metoder for tolkning av data. Ressursgeologiske problemstillinger vil bli gjennomgått.', 'Undervisningsform: Forelesninger samt en øving av bearbeidelse av data.', 'Kursmateriell: A.W. Rose, H. Hawkes og J. Webb: Geochemistry in Mineral Exploration, Academic Press.']"
b80ab352c8e8a82f44d2c66d770b79617c188c63,2ed4043e433844af7499592276eaef10b8259c5a,https://www.ntnu.no/studieinformasjon/siving/eldre/96-97/2/24020.htm,https://www.ntnu.no/studieinformasjon/siving/eldre/96-97/2/24030.htm,"['Innhold: Grunnleggande petrofysiske begrep og likningar. Dei viktigaste logge\xadmetodane: Elektriske, elektromagnetiske, radiometriske, akustiske og geometriske målingar. Samanheng mellom dei målte parametrane og bergartanes porøsitet, væske/gass\xadmetning, litologi og leirinnhald. I øvingsopplegget blir det lagt stor vekt på arbeid med loggdata og praktisk tolkingsteknikk.']","['Mål: Gi et innblikk i de spesielle problemer som oppstår ved boring av dype, varme brønner.', 'Forutsetning: Fag 24041 Brønnstabilisering og brønnsikring.', 'Innhold: Fremdriftsstrategi ved boring i dype og harde formasjoner karakterisert ved langsom boring og bruk av mye tid for å skifte en utslitt borekrone; boreprosessen på matematisk form, optimalisering av mekaniske og hydrauliske boreparametre. Gass i boreslam, gassens løselighet ved store trykk, ekspansjonseffekter, reelt trykkprofil ved transport av gass i dype, lange brønner. Emulsjoners betydning i dype hull, sementeringsproblem i dype hull.']"
b80ab352c8e8a82f44d2c66d770b79617c188c63,b7fc3752be1b63dd339e57d48e788b69302bcffe,https://www.ntnu.no/studieinformasjon/siving/eldre/96-97/2/24020.htm,https://www.ntnu.no/studieinformasjon/siving/eldre/96-97/2/24062.htm,"['Innhold: Grunnleggande petrofysiske begrep og likningar. Dei viktigaste logge\xadmetodane: Elektriske, elektromagnetiske, radiometriske, akustiske og geometriske målingar. Samanheng mellom dei målte parametrane og bergartanes porøsitet, væske/gass\xadmetning, litologi og leirinnhald. I øvingsopplegget blir det lagt stor vekt på arbeid med loggdata og praktisk tolkingsteknikk.']","['Mål: Faget skal gi inngående kjennskap til fysikalske forhold, prinsipper og metoder som vedrører utvinning av olje og gass fra reservoarer.', 'Forutsetning: Det forutsettes eksamen i fag 24073 Strømning i porøse media og 24064 Reservoarfluiders egenskaper eller tilsvarende kunnskaper.', 'Innhold: Faget omfatter naturlige og tilførte energikilder, og analyse av deres innvirkning på utvinningsgraden av olje og gass fra forskjellige typer reservoarer. Temaoversikt: Olje\xad, gass\xad og gasskondensatsystemer; mikroskopisk og makroskopisk fortregningseffektivitet; naturlige drivmekanismer; injeksjon av vann og gass; materialbalanseberegninger; strømningsligninger; brønnmønstre.']"
67053c2f94ebf8696fc7e3bf270f896b8f36476e,42b404d6e3e72b667acb27cfe4d149ea7cb154df,https://www.ntnu.no/studieinformasjon/siving/eldre/97-98/2/24020.htm,https://www.ntnu.no/studieinformasjon/siving/eldre/97-98/2/24062.htm,"['Innhold: Grunnleggande petrofysiske begrep og likningar. Dei viktigaste logge\xadmetodane: Elektriske, elektromagnetiske, radiometriske, akustiske, nukleær magnetisk resonans, (NMR) og geometriske målingar. Samanheng mellom dei målte parametrane og bergartanes porøsitet, væske/gass\xadmetning, litologi og leirinnhald. I øvingsopplegget blir det lagt stor vekt på arbeid med loggdata og praktisk tolkingsteknikk.']","['Mål: Faget skal gi inngående kjennskap til fysikalske forhold, prinsipper og metoder som vedrører utvinning av olje og gass fra reservoarer.', 'Forutsetning: Det forutsettes eksamen i fag 24073 Strømning i porøse media og 24064 Reservoarfluiders egenskaper eller tilsvarende kunnskaper.', 'Innhold: Faget omfatter naturlige og tilførte energikilder, og analyse av deres innvirkning på utvinningsgraden av olje og gass fra forskjellige typer reservoarer. Temaoversikt: Olje\xad, gass\xad og gasskondensatsystemer; mikroskopisk og makroskopisk fortregningseffektivitet; naturlige drivmekanismer; injeksjon av vann og gass; materialbalanseberegninger; strømningsligninger; brønnmønstre.', 'Undervisningsform: Forelesninger og obligatoriske regneøvinger. Øvingene teller 25% ved fastsettelse av sluttkarakteren i faget. Undervisningen foregår på engelsk.']"
67053c2f94ebf8696fc7e3bf270f896b8f36476e,6356a1d8d2ee740b19f2f21c0ac7811155e0c7bc,https://www.ntnu.no/studieinformasjon/siving/eldre/97-98/2/24020.htm,https://www.ntnu.no/studieinformasjon/siving/eldre/97-98/2/24030.htm,"['Innhold: Grunnleggande petrofysiske begrep og likningar. Dei viktigaste logge\xadmetodane: Elektriske, elektromagnetiske, radiometriske, akustiske, nukleær magnetisk resonans, (NMR) og geometriske målingar. Samanheng mellom dei målte parametrane og bergartanes porøsitet, væske/gass\xadmetning, litologi og leirinnhald. I øvingsopplegget blir det lagt stor vekt på arbeid med loggdata og praktisk tolkingsteknikk.']","['Innhold: Årsaker til at boreslamvolumet i et borehull blir ustabilt, hvordan detektere høytrykksoner under boreprosessen, herunder standard og avansert dc-eksponent metode, trykkontrollutstyr på flytende borerigger, innstengningsprosedyre, prosedyre for utsirkulering av gass, trykkontroll simulatorer for pc-bruk som inkluderer effekter som gassløslighet, gassens stigehastighet og dispergeringseffekter.']"
67053c2f94ebf8696fc7e3bf270f896b8f36476e,dc3ca8f16f58ad6961a4ef762b17a3c3c0f6afba,https://www.ntnu.no/studieinformasjon/siving/eldre/97-98/2/24020.htm,https://www.ntnu.no/studieinformasjon/siving/eldre/97-98/2/20560.htm,"['Innhold: Grunnleggande petrofysiske begrep og likningar. Dei viktigaste logge\xadmetodane: Elektriske, elektromagnetiske, radiometriske, akustiske, nukleær magnetisk resonans, (NMR) og geometriske målingar. Samanheng mellom dei målte parametrane og bergartanes porøsitet, væske/gass\xadmetning, litologi og leirinnhald. I øvingsopplegget blir det lagt stor vekt på arbeid med loggdata og praktisk tolkingsteknikk.']","['Mål: Faget tar sikte på å gi et inngående kjennskap til de prosesser som bestemmer reservoarbergarters kvalitet, spesielt porøsitets\xad og permeabilitetsegenskaper, overtrykksforhold og hydrokarbonmigrering.', 'Forutsetning: Bygger på kunnskaper tilsvarende fag 20548 Sedimentologi og stratigrafi.', 'Innhold: Faget omfatter de fysiske og kjemiske forandringer som skjer i sedimenter fra de er avsatt og til de kommer ned på 5\xad6 km\'s dyp. Hovedvekten legges på prosesser som fører til bevaring, ødeleggelse og nydannelse av porøsitet i potensielle reservoarbergarter for hydrokarboner. Både siliklastiske og karbonatbergarter vil bli gjennomgått. Utvalgte ""case""\xadhistorier vil bli brukt som illustrasjoner. Obligatoriske øvinger vil være tolkning av sedimentpetrografiske og mineralogiske analyser for vurdering av graden av diagenese og reservoarkvalitet. En del av øvingene vil være gjennomgang og presentasjon av utvalgte artikler.']"
67053c2f94ebf8696fc7e3bf270f896b8f36476e,f468694e15f9faf9aede1b53c376e27aff15f326,https://www.ntnu.no/studieinformasjon/siving/eldre/97-98/2/24020.htm,https://www.ntnu.no/studieinformasjon/siving/eldre/97-98/2/20011.htm,"['Innhold: Grunnleggande petrofysiske begrep og likningar. Dei viktigaste logge\xadmetodane: Elektriske, elektromagnetiske, radiometriske, akustiske, nukleær magnetisk resonans, (NMR) og geometriske målingar. Samanheng mellom dei målte parametrane og bergartanes porøsitet, væske/gass\xadmetning, litologi og leirinnhald. I øvingsopplegget blir det lagt stor vekt på arbeid med loggdata og praktisk tolkingsteknikk.']","['For studenter ved Fakultet for geofag og petroleumsteknologi som tar 4. årskurs som deltid, f.eks. ved Universitetsstudiene på Svalbard (UNIS).', 'Mål: Faget tar sikte på at studentene skal lære å arbeide systematisk innenfor et aktuelt tema, skaffe seg detaljkunnskaper innen emnet gjennom litteraturstudier og praktisk arbeid og formulere resultatet av studiet i en rapport.', 'Forutsetning: Ingen.', 'Innhold: Emne for prosjektet blir valgt ut i samarbeid mellom student og faglærer. I faget inngår opplæring i skriftlig og muntlig presentasjon.', 'Undervisningsform: Forelesning i presentasjons\xad og rapporteringsteknikk. Prosjektarbeid på egen hånd med veiledning.', 'Kursmateriell: Patricia A. Robinson: Fundamentals of Technical Writing, Houghton Miffin Co. 1985, og/eller Torlaug Løkensgard Hoel: Tanke blir tekst, Det norske samlaget 1992.']"
67053c2f94ebf8696fc7e3bf270f896b8f36476e,595cf62ae4c67ce15f416e10048cf7d91eb4e374,https://www.ntnu.no/studieinformasjon/siving/eldre/97-98/2/24020.htm,https://www.ntnu.no/studieinformasjon/siving/eldre/97-98/2/21002.htm,"['Innhold: Grunnleggande petrofysiske begrep og likningar. Dei viktigaste logge\xadmetodane: Elektriske, elektromagnetiske, radiometriske, akustiske, nukleær magnetisk resonans, (NMR) og geometriske målingar. Samanheng mellom dei målte parametrane og bergartanes porøsitet, væske/gass\xadmetning, litologi og leirinnhald. I øvingsopplegget blir det lagt stor vekt på arbeid med loggdata og praktisk tolkingsteknikk.']","['Mål: Faget er en innledning til studiet av jordklodens mineralske råstoffressurser \xad fornybare og ikke\xadfornybare.', 'Forutsetning: Kunnskaper tilsvarende geologiske fag i 1. og 2. årskurs.', 'Innhold: En beskrivelse av hovedtrekkene hos ressurstypene: Faste metalliske og ikke\xadmetalliske mineralforekomster, bygnings\xad og prydstener, pukk og grus, jordolje (petroleum), naturgass, kull, grunnvann og jordvarme. Diskusjon av ressurser og reserver, fordelingen av ressursene geografisk så vel som geologisk, optimal utnyttelse i forhold til omgivelsene, resirkulering, miljø og forbruk av ressurser.', 'Undervisningsform: Forelesninger. Karakter fastsettes med grunnlag i øvinger.', 'Kursmateriell: Craig, Vaughan & Skinner: Resources of the Earth, Prentice Hall Inc.']"
67053c2f94ebf8696fc7e3bf270f896b8f36476e,b541f6ebc101f4719b40cf3df2f5dc4b5d5a7c28,https://www.ntnu.no/studieinformasjon/siving/eldre/97-98/2/24020.htm,https://www.ntnu.no/studieinformasjon/siving/eldre/97-98/2/21540.htm,"['Innhold: Grunnleggande petrofysiske begrep og likningar. Dei viktigaste logge\xadmetodane: Elektriske, elektromagnetiske, radiometriske, akustiske, nukleær magnetisk resonans, (NMR) og geometriske målingar. Samanheng mellom dei målte parametrane og bergartanes porøsitet, væske/gass\xadmetning, litologi og leirinnhald. I øvingsopplegget blir det lagt stor vekt på arbeid med loggdata og praktisk tolkingsteknikk.']","['Innhold: Faget omhandler rapportering av resultater fra ingeniørgeologiske undersøkelser, bruk av resultatene til prosjektering og planlegging og utarbeidelse av anbudsbeskrivelser. Norske standarder innen fagområdet vil bli gjennomgått, og enkelte internasjonale omtalt. Eksempler fra planlagte og fullførte anlegg i Norge og utlandet vil utgjøre en vesentlig del av faget.', 'Undervisningsform: Studentene vil bli satt sammen i grupper for bearbeiding av et valgt prosjekt. Studier av tilgjengelig kart, flyfoto, litteratur og korte feltundersøkelser vil danne grunnlag for utarbeidelse av en foreløpig og en endelig rapport. Feltundervisningen er obligatorisk. Parallelt med prosjektbearbeidelsen vil det bli gitt en serie forelesninger over utvalgte, relevante emner. Karakter for prosjektrapportene inngår i den endelige karakteren.', 'Kursmateriell: Utleverte artikler og standarder knyttet til forelesningene.']"
67053c2f94ebf8696fc7e3bf270f896b8f36476e,f4a9f80c67c4ec5a216b7f7bb252a27cd79ac56d,https://www.ntnu.no/studieinformasjon/siving/eldre/97-98/2/24020.htm,https://www.ntnu.no/studieinformasjon/siving/eldre/97-98/2/24059.htm,"['Innhold: Grunnleggande petrofysiske begrep og likningar. Dei viktigaste logge\xadmetodane: Elektriske, elektromagnetiske, radiometriske, akustiske, nukleær magnetisk resonans, (NMR) og geometriske målingar. Samanheng mellom dei målte parametrane og bergartanes porøsitet, væske/gass\xadmetning, litologi og leirinnhald. I øvingsopplegget blir det lagt stor vekt på arbeid med loggdata og praktisk tolkingsteknikk.']","['Mål: Faget skal gi inngående kjennskap til de viktigste reservoarparametrene, med spesiell vekt på kapillærtrykk og relativ permeabilitet.', 'Forutsetning: Fag 24073 Strømning i porøse media.', 'Innhold: Introduksjon til laboratorieutstyr og prosedyrer. Måling av fluidmetning, porøsitet, permeabilitet, viskositet, grenseflatespenning og kontaktvinkel. Flerfase strømning i porøse media. Kapillærtrykk i reservoaret og måling av kapillærtrykk med porøs plate-metoden og sentrifuge-metoden. Teoretiske aspekter ved relativ permeabilitet, to- og tre-fase relativ permeabilitet korrelasjoner og måling av relativ permeabilitet med metoder basert på stabil og ustabil strømning.']"
67053c2f94ebf8696fc7e3bf270f896b8f36476e,d735392b8d0513583c90d97b749477aa278985ed,https://www.ntnu.no/studieinformasjon/siving/eldre/97-98/2/24020.htm,https://www.ntnu.no/studieinformasjon/siving/eldre/97-98/2/24063.htm,"['Innhold: Grunnleggande petrofysiske begrep og likningar. Dei viktigaste logge\xadmetodane: Elektriske, elektromagnetiske, radiometriske, akustiske, nukleær magnetisk resonans, (NMR) og geometriske målingar. Samanheng mellom dei målte parametrane og bergartanes porøsitet, væske/gass\xadmetning, litologi og leirinnhald. I øvingsopplegget blir det lagt stor vekt på arbeid med loggdata og praktisk tolkingsteknikk.']","['Innhold: Faget utvikler partielle differensialligninger for enfase og flerfase strømning i porøse materialer, og numeriske løsningsmetoder av disse ved hjelp av differansemetoder. Temaoversikt: Oppsummering av viktige bergarts\xad og fluidegenskaper. Utledning av partielle differensialligninger. Numerisk løsning ved bruk av differansemetoder. Metoder for løsning av ikkelineære og lineære ligningssystemer. Modelltyper.', 'Undervisningsform: Forelesninger og obligatoriske programmeringsøvinger. Øvingene teller 25% ved fastsettelse av sluttkarakteren i faget. Undervisningen foregår på engelsk.']"
67053c2f94ebf8696fc7e3bf270f896b8f36476e,d59a0b04aadb5e02f454d91abc7a11cddd780a8c,https://www.ntnu.no/studieinformasjon/siving/eldre/97-98/2/24020.htm,https://www.ntnu.no/studieinformasjon/siving/eldre/97-98/2/20500.htm,"['Innhold: Grunnleggande petrofysiske begrep og likningar. Dei viktigaste logge\xadmetodane: Elektriske, elektromagnetiske, radiometriske, akustiske, nukleær magnetisk resonans, (NMR) og geometriske målingar. Samanheng mellom dei målte parametrane og bergartanes porøsitet, væske/gass\xadmetning, litologi og leirinnhald. I øvingsopplegget blir det lagt stor vekt på arbeid med loggdata og praktisk tolkingsteknikk.']",['Mål: Målet er å lære om jorden - dens materialer og utvikling - for å gi økt perspektiv om ufornybare geologiske ressurser og geologiske konsekvenser av menneskelig aktivitet. Faget gir samtidig det nødvendige grunnlaget for videregående og mer anvendte geologifag.']
67053c2f94ebf8696fc7e3bf270f896b8f36476e,2b1eeb78340422af756ab853c72ba74f4bcbe6a3,https://www.ntnu.no/studieinformasjon/siving/eldre/97-98/2/24020.htm,https://www.ntnu.no/studieinformasjon/siving/eldre/97-98/2/24018.htm,"['Innhold: Grunnleggande petrofysiske begrep og likningar. Dei viktigaste logge\xadmetodane: Elektriske, elektromagnetiske, radiometriske, akustiske, nukleær magnetisk resonans, (NMR) og geometriske målingar. Samanheng mellom dei målte parametrane og bergartanes porøsitet, væske/gass\xadmetning, litologi og leirinnhald. I øvingsopplegget blir det lagt stor vekt på arbeid med loggdata og praktisk tolkingsteknikk.']","['Mål: Faget skal gi en forståelse av hvordan forskjellige geofysiske metoder kan bidra til å kartlegge undergrunnen for miljøtekniske og ingeniørgeologiske formål, d.v.s. leting etter grunnvann, kartlegging av forurensing, kartlegging av løsmasser og fjellkvalitet, m.m.']"
67053c2f94ebf8696fc7e3bf270f896b8f36476e,966f128375d24904b21f69d49b71514430f6bf37,https://www.ntnu.no/studieinformasjon/siving/eldre/97-98/2/24020.htm,https://www.ntnu.no/studieinformasjon/siving/eldre/97-98/2/24006.htm,"['Innhold: Grunnleggande petrofysiske begrep og likningar. Dei viktigaste logge\xadmetodane: Elektriske, elektromagnetiske, radiometriske, akustiske, nukleær magnetisk resonans, (NMR) og geometriske målingar. Samanheng mellom dei målte parametrane og bergartanes porøsitet, væske/gass\xadmetning, litologi og leirinnhald. I øvingsopplegget blir det lagt stor vekt på arbeid med loggdata og praktisk tolkingsteknikk.']","['Mål: Faget skal gi en generell og bred innføring i leting etter og utvinning av petroleum.', 'Forutsetning: Ingen.', 'Innhold: Metoder og prosedyrer for boring og komplettering. Produksjon og strømningstekniske betraktninger. Konseptbeskrivelse av bunnfaste plattformer, flytende fartøy og undervanns produksjonssystemer. Drift og vedlikehold av plattform\xad og undervannskompletterte brønner.']"
67053c2f94ebf8696fc7e3bf270f896b8f36476e,a1b5b47c451f58281e25b88e268f5cb67004f7ca,https://www.ntnu.no/studieinformasjon/siving/eldre/97-98/2/24020.htm,https://www.ntnu.no/studieinformasjon/siving/eldre/97-98/2/24034.htm,"['Innhold: Grunnleggande petrofysiske begrep og likningar. Dei viktigaste logge\xadmetodane: Elektriske, elektromagnetiske, radiometriske, akustiske, nukleær magnetisk resonans, (NMR) og geometriske målingar. Samanheng mellom dei målte parametrane og bergartanes porøsitet, væske/gass\xadmetning, litologi og leirinnhald. I øvingsopplegget blir det lagt stor vekt på arbeid med loggdata og praktisk tolkingsteknikk.']","['Undervisningsform: Forelesninger, regne- og laboratorieøvinger. Studentene skal skrive og presentere en semesterrapport på basis av litteraturstudium og dataanalyse. Undervisningen foregår på engelsk dersom masterstudenter velger faget.']"
67053c2f94ebf8696fc7e3bf270f896b8f36476e,e1453b3c0a542bbc5353241eefd237f36a59e39c,https://www.ntnu.no/studieinformasjon/siving/eldre/97-98/2/24020.htm,https://www.ntnu.no/studieinformasjon/siving/eldre/97-98/2/20526.htm,"['Innhold: Grunnleggande petrofysiske begrep og likningar. Dei viktigaste logge\xadmetodane: Elektriske, elektromagnetiske, radiometriske, akustiske, nukleær magnetisk resonans, (NMR) og geometriske målingar. Samanheng mellom dei målte parametrane og bergartanes porøsitet, væske/gass\xadmetning, litologi og leirinnhald. I øvingsopplegget blir det lagt stor vekt på arbeid med loggdata og praktisk tolkingsteknikk.']","['Innhold: Norges berggrunnsgeologi samt emner fra Europas og verdens geologi. En går mer i detalj med faglitteratur om følgende emner: Riftdannelse og det permiske Oslofeltet, med tre dager feltundervisning; fjellkjededannelse og den kaledonske fjellkjede i Midt-Norge; fjellkjedekollapse/ekstensjon og devonfeltene i Vest-Norge.']"
67053c2f94ebf8696fc7e3bf270f896b8f36476e,c0044ce3b461a169ce027d97489f76d791c11de8,https://www.ntnu.no/studieinformasjon/siving/eldre/97-98/2/24020.htm,https://www.ntnu.no/studieinformasjon/siving/eldre/97-98/2/21042.htm,"['Innhold: Grunnleggande petrofysiske begrep og likningar. Dei viktigaste logge\xadmetodane: Elektriske, elektromagnetiske, radiometriske, akustiske, nukleær magnetisk resonans, (NMR) og geometriske målingar. Samanheng mellom dei målte parametrane og bergartanes porøsitet, væske/gass\xadmetning, litologi og leirinnhald. I øvingsopplegget blir det lagt stor vekt på arbeid med loggdata og praktisk tolkingsteknikk.']","['Mål: Faget tar sikte på å utdype anvendelsen av de ressursgeologiske metoder som er behandlet i fag 21041 Ressursgeologi VK, og vise hvorledes ressursestimering kan være et utgangspunkt for etablering av prospekteringsstrategier samt danne forutsetninger for ressursforvaltning.', 'Forutsetning: Fag 21041 Ressursgeologi VK.', ""Innhold: Faget vil omfatte de viktigste arbeids\xad og tolkningsprosedyrer i forbindelse med et komplett ressursgeologisk program, fra estimering av et område's ressurspotensial til integrert prospektering på regionalnivå, oppfølgingsnivå og detaljnivå. Det vil videre bli vist hvorledes ressursestimater kan brukes som grunnlag for etablering av prospekterings\xadstrategier samt være rammebetingelser for ressursforvaltning. Øvingene vil omfatte litteraturstudium, og rette seg mot den enkeltes interesser innen hydrogeologi, malmforekomstgeologi, petroleumsgeologi eller andre fossile brennstoffer. I tillegg vil ressursforvaltnings\xad og ressursøkonomiske problemer bli behandlet."", 'Undervisningsform: Forelesninger og øvinger. Øvingene er obligatoriske og må være godkjent for å få adgang til eksamen. Øvingene teller 25% i den endelige karakteren.']"
67053c2f94ebf8696fc7e3bf270f896b8f36476e,3ba03fb055d773f59d6c98e4e573ae2578c782fc,https://www.ntnu.no/studieinformasjon/siving/eldre/97-98/2/24020.htm,https://www.ntnu.no/studieinformasjon/siving/eldre/97-98/2/24065.htm,"['Innhold: Grunnleggande petrofysiske begrep og likningar. Dei viktigaste logge\xadmetodane: Elektriske, elektromagnetiske, radiometriske, akustiske, nukleær magnetisk resonans, (NMR) og geometriske målingar. Samanheng mellom dei målte parametrane og bergartanes porøsitet, væske/gass\xadmetning, litologi og leirinnhald. I øvingsopplegget blir det lagt stor vekt på arbeid med loggdata og praktisk tolkingsteknikk.']","['Mål: Faget skal utvikle ferdigheter i bruk av numeriske teknikker og datamaskin for løsning av tekniske problemer i petroleumsfagene.', 'Forutsetning: Ingen.', 'Innhold: Faget omfatter metoder for kurvetilpasning, numerisk derivasjon, integrasjon, interpolasjon, ligningsløsning, løsning av ligningssystemer, statistiske metoder, numerisk løsning av differensialligninger m.m. anvendt på typiske problemstillinger som dekkes av petroleumsfagene. Det legges stor vekt på individuelle programmeringsøvinger og kjøring av programpakker på instituttets datamaskiner.', 'Undervisningsform: Forelesninger og omfattende programmeringsøvinger (Fortran).']"
67053c2f94ebf8696fc7e3bf270f896b8f36476e,1be2a599d064c744fb4350e86105be7d97eb49d4,https://www.ntnu.no/studieinformasjon/siving/eldre/97-98/2/24020.htm,https://www.ntnu.no/studieinformasjon/siving/eldre/97-98/2/24076.htm,"['Innhold: Grunnleggande petrofysiske begrep og likningar. Dei viktigaste logge\xadmetodane: Elektriske, elektromagnetiske, radiometriske, akustiske, nukleær magnetisk resonans, (NMR) og geometriske målingar. Samanheng mellom dei målte parametrane og bergartanes porøsitet, væske/gass\xadmetning, litologi og leirinnhald. I øvingsopplegget blir det lagt stor vekt på arbeid med loggdata og praktisk tolkingsteknikk.']","['Mål: Man tar sikte på å gi en grunnleggende innføring i det matematiske grunnlaget for brønntesting.', 'Forutsetning: Fag 24061 Brønntesting og 75020 Matematikk 2 eller tilsvarende kunnskaper.', 'Innhold: Typekurver: Logaritmisk derivert. Kvadratrot derivert. Filtrering av støy. Anvendelse på trykkoppbygging og fler\xadrate tester. Kildefunksjoner: Kilder i form av linjer og plan. Effekten av grenser. Horisontale brønner: Tolkningsteknikk. Dimensjonsløse variable. Laplace transformasjonen: Repetisjon av Laplace transformasjonen, løsning av differensiallikninger. Elementært om Bessel funksjoner. Konvulsjon og dekonvulsjon. Numeriske teknikker. Spesielle tester: Impuls tester. Konstant trykk tester. Oppsprukne reservoarer: Effekten av porøse lag med og uten krysstrømning. Lagdelte reservoarer: Effekten av porøse lag med og uten krysstrømning. Flerfase strømning: Pseudo potensial funksjoner. Grunnlaget for brønntesting. Anvendelse av teoriene.']"
67053c2f94ebf8696fc7e3bf270f896b8f36476e,415bd6f3ef8a976c8152f15c61650903431aab9e,https://www.ntnu.no/studieinformasjon/siving/eldre/97-98/2/24020.htm,https://www.ntnu.no/studieinformasjon/siving/eldre/97-98/2/21012.htm,"['Innhold: Grunnleggande petrofysiske begrep og likningar. Dei viktigaste logge\xadmetodane: Elektriske, elektromagnetiske, radiometriske, akustiske, nukleær magnetisk resonans, (NMR) og geometriske målingar. Samanheng mellom dei målte parametrane og bergartanes porøsitet, væske/gass\xadmetning, litologi og leirinnhald. I øvingsopplegget blir det lagt stor vekt på arbeid med loggdata og praktisk tolkingsteknikk.']","['Mål: Faget tar sikte på å gi en innføring i geokjemiske prinsipper og vise hvorledes disse prinsippene kan anvendes innen ressursgeologiske problemstillinger.', 'Forutsetning: Fag 21002 Ressursgeologi GK.', 'Innhold: Faget dekker overflatemiljøets geokjemi og omfatter studiet av dispersjonsprosesser og de resulterende anomalibilder, samt statistiske og ikke\xadstatistiske metoder for tolkning av data. Ressursgeologiske problemstillinger vil bli gjennomgått.', 'Undervisningsform: Forelesninger samt en øving av bearbeidelse av data.', 'Kursmateriell: A.W. Rose, H. Hawkes and J. Webb: Geochemistry in Mineral Exploration, Academic Press.']"
67053c2f94ebf8696fc7e3bf270f896b8f36476e,547da87bcb5a8b412bc198e8b8fc2d5685ab8ad5,https://www.ntnu.no/studieinformasjon/siving/eldre/97-98/2/24020.htm,https://www.ntnu.no/studieinformasjon/siving/eldre/97-98/2/24016.htm,"['Innhold: Grunnleggande petrofysiske begrep og likningar. Dei viktigaste logge\xadmetodane: Elektriske, elektromagnetiske, radiometriske, akustiske, nukleær magnetisk resonans, (NMR) og geometriske målingar. Samanheng mellom dei målte parametrane og bergartanes porøsitet, væske/gass\xadmetning, litologi og leirinnhald. I øvingsopplegget blir det lagt stor vekt på arbeid med loggdata og praktisk tolkingsteknikk.']",['Mål: Faget skal gi en forståelse av hvordan forskjellige geofysiske metoder kan bidra til kartlegging av elektrisk ledende malmforekomster. Gjennom praktiske målinger skal deltakerne lære å bruke instrumenter og utstyr samt bearbeide og tolke måledataene.']
67053c2f94ebf8696fc7e3bf270f896b8f36476e,445c3a49cb0da41c535cc56b7d66fe50f0d9e04d,https://www.ntnu.no/studieinformasjon/siving/eldre/97-98/2/24020.htm,https://www.ntnu.no/studieinformasjon/siving/eldre/97-98/2/21032.htm,"['Innhold: Grunnleggande petrofysiske begrep og likningar. Dei viktigaste logge\xadmetodane: Elektriske, elektromagnetiske, radiometriske, akustiske, nukleær magnetisk resonans, (NMR) og geometriske målingar. Samanheng mellom dei målte parametrane og bergartanes porøsitet, væske/gass\xadmetning, litologi og leirinnhald. I øvingsopplegget blir det lagt stor vekt på arbeid med loggdata og praktisk tolkingsteknikk.']","['Mål: Faget sikter på å gi en oversikt over en del hovedtyper av metalliske og ikke\xadmetalliske mineralforekomster, deres geologiske miljøer, geokjemi, mineralogi, strukturgeologi og dannelsesmåter.', 'Forutsetning: Fag 21002 Ressursgeologi GK.', 'Innhold: Fordelingen av økonomiske mineralforekomster i rom og tid, paleotektoniske betraktninger. Beskrivelser av et utvalg av de hovedforekomsttyper med vekt på deres platetektoniske beliggenhet, litologisk\xadstratigrafiske miljøer, mineralogi\xadgeokjemi, morfologi og strukturelle trekk. Laboratorieundersøkelser av prøver i makroskopisk og mikroskopisk skala, studier av kart og andre tegninger.', 'Undervisningsform: Forelesninger, laboratorieøvinger samt obligatorisk feltundervisning. Øvingsrapportene og eventuelle litteraturoppgaver skal innleveres og vil bli bedømt. De vil telle i den endelige karakteren.', 'Kursmateriell: Egne forelesningsnotater. Utvalgte deler av kurante tekstbøker og tidsskrifter.']"
67053c2f94ebf8696fc7e3bf270f896b8f36476e,04995b7bb21ee212d69c9789d58c65c045268863,https://www.ntnu.no/studieinformasjon/siving/eldre/97-98/2/24020.htm,https://www.ntnu.no/studieinformasjon/siving/eldre/97-98/2/24029.htm,"['Innhold: Grunnleggande petrofysiske begrep og likningar. Dei viktigaste logge\xadmetodane: Elektriske, elektromagnetiske, radiometriske, akustiske, nukleær magnetisk resonans, (NMR) og geometriske målingar. Samanheng mellom dei målte parametrane og bergartanes porøsitet, væske/gass\xadmetning, litologi og leirinnhald. I øvingsopplegget blir det lagt stor vekt på arbeid med loggdata og praktisk tolkingsteknikk.']","['Innhold: Tolkning av todimensjonale og tredimensjonale seismiske data på grafisk arbeidsstasjon. Fremstilling av seismiske tidskonturkart. Dybdekonvertering av seismiske tidskart (både fra stakkseksjoner og tidsmigrerte seksjoner). Inversjon av seismiske data etter stakk. Tredimensjonal seismisk modellering vha. stråleteori. Bruk av seismisk modellering til å planlegge seismiske datainnsamling.', 'Undervisningsform: Forelesninger og øvinger på arbeidsstasjon. Øvingene teller 60 % ved fastsettelse av sluttkarakteren i faget. Undervisningen foregår på engelsk dersom masterstudenter velger faget.']"
67053c2f94ebf8696fc7e3bf270f896b8f36476e,277d3c960fc2dbbd48204221c56733d00e21531c,https://www.ntnu.no/studieinformasjon/siving/eldre/97-98/2/24020.htm,https://www.ntnu.no/studieinformasjon/siving/eldre/97-98/2/20502.htm,"['Innhold: Grunnleggande petrofysiske begrep og likningar. Dei viktigaste logge\xadmetodane: Elektriske, elektromagnetiske, radiometriske, akustiske, nukleær magnetisk resonans, (NMR) og geometriske målingar. Samanheng mellom dei målte parametrane og bergartanes porøsitet, væske/gass\xadmetning, litologi og leirinnhald. I øvingsopplegget blir det lagt stor vekt på arbeid med loggdata og praktisk tolkingsteknikk.']","['Mål: Faget tar sikte på å gi en grundigere kunnskap om de viktigste deler av mineralogien og en systematisk innføring i uorganisk geokjemi.', 'Forutsetning: Grunnleggende kunnskaper i kjemi og mineralogi tilsvarende fag 20501 Mineraler og bergarter.', 'Innhold: Mineraldelen av faget inneholder utvalgte deler av krystallkjemi og systematisk mineralogi. I geokjemidelen gjennomgås grunnstoffenes fordeling i universet, herunder månen og jorda, og lovene som bestemmer denne fordelingen. Dessuten gjennomgås vannløsningers geokjemi og isotopgeokjemi, herunder både stabile og radioaktive isotoper. I øvingene gjennomgås de praktiske sidene ved optisk bestemmelse av mineraler med polarisasjonsmikroskop, både for gjennomfallende og reflektert lys.', 'Undervisningsform: Forelesninger, øvingsundervisning i grupper. Øvingsundervisningen avluttes med 2 prøver som teller 40% i sluttkarakteren.']"
67053c2f94ebf8696fc7e3bf270f896b8f36476e,f4477b48b3b2d34909116877133cefd635e681dc,https://www.ntnu.no/studieinformasjon/siving/eldre/97-98/2/24020.htm,https://www.ntnu.no/studieinformasjon/siving/eldre/97-98/2/20527.htm,"['Innhold: Grunnleggande petrofysiske begrep og likningar. Dei viktigaste logge\xadmetodane: Elektriske, elektromagnetiske, radiometriske, akustiske, nukleær magnetisk resonans, (NMR) og geometriske målingar. Samanheng mellom dei målte parametrane og bergartanes porøsitet, væske/gass\xadmetning, litologi og leirinnhald. I øvingsopplegget blir det lagt stor vekt på arbeid med loggdata og praktisk tolkingsteknikk.']","['Mål: Faget gir innføring i strukturgeologi dvs. om bergartens reaksjoner overfor mekanisk påvirkning under varierende forhold.', 'Forutsetning: Fag 20505 Geologi, innføring (se studieplan for 1996/97) eller tilsvarende kunnskaper.', 'Innhold: Ut fra grunnbegrepene spenning og tøyning omhandles geologiske strukturer som forkastninger, sprekker, folder, foliasjoner osv. og forhold mellom slike strukturer og tektoniske fenomener som fjellkjede\xad og bassengdannelse. Øvinger består i visualisering og beregning av foldete, forkastete og roterte bergartslag, spesielt hvordan slike lag fremkommer på geologisk kart.', 'Undervisningsform: Forelesninger og øvinger. Som verktøy brukes i stor grad stereografisk projeksjon. Ved studieretningene Ingeniørgeologi og bergteknikk og Ressursgeologi avholdes 2,5 ukers obligatoriske feltøvinger mellom 6. og 7. semester (1,5 uke ved studieretning Petroleumsgeofag).']"
67053c2f94ebf8696fc7e3bf270f896b8f36476e,26a6d5de9f83ce8bcc99dd5b8b97cb41dfffd5f1,https://www.ntnu.no/studieinformasjon/siving/eldre/97-98/2/24020.htm,https://www.ntnu.no/studieinformasjon/siving/eldre/97-98/2/20503.htm,"['Innhold: Grunnleggande petrofysiske begrep og likningar. Dei viktigaste logge\xadmetodane: Elektriske, elektromagnetiske, radiometriske, akustiske, nukleær magnetisk resonans, (NMR) og geometriske målingar. Samanheng mellom dei målte parametrane og bergartanes porøsitet, væske/gass\xadmetning, litologi og leirinnhald. I øvingsopplegget blir det lagt stor vekt på arbeid med loggdata og praktisk tolkingsteknikk.']","['Mål: Faget skal gi bred innsikt i bergartsdannende prosesser og videregående petrografi.', 'Forutsetning: Bygger på kunnskaper tilsvarende fag 20501 Mineraler og bergarter, 20502 Mineralogi og geokjemi og gode basiskunnskaper i generell geologi og kjemi.', 'Innhold: Det gis en grundig innføring i magmatiske, sedimentære og metamorfe bergarters systematikk og dannelse. I øvingene studeres bergarter og malmer i håndstykke og ved hjelp av polarisasjonsmikroskop.', 'Undervisningsform: Forelesninger, laboratorieøvinger og obligatorisk ekskursjon. Karakter gis på grunnlag av inntil tre skriftlige øvinger og en prøve i mikroskopi.']"
67053c2f94ebf8696fc7e3bf270f896b8f36476e,9421e22fc0b5ac48316dd73b48f630a1b96484ae,https://www.ntnu.no/studieinformasjon/siving/eldre/97-98/2/24020.htm,https://www.ntnu.no/studieinformasjon/siving/eldre/97-98/2/24027.htm,"['Innhold: Grunnleggande petrofysiske begrep og likningar. Dei viktigaste logge\xadmetodane: Elektriske, elektromagnetiske, radiometriske, akustiske, nukleær magnetisk resonans, (NMR) og geometriske målingar. Samanheng mellom dei målte parametrane og bergartanes porøsitet, væske/gass\xadmetning, litologi og leirinnhald. I øvingsopplegget blir det lagt stor vekt på arbeid med loggdata og praktisk tolkingsteknikk.']","['Undervisningsform: Forelesninger og øvinger. 1 ukes obligatorisk feltkurs i forbindelse med faget mellom 6. og 7. semester (obligatorisk kun for studenter som har faget obligatorisk i fagkretsen). Kurset foregår på Svalbard i august.', 'Kursmateriell: J. Hospers: Interpretation of seismic reflection data (2 parts), Third edition 1991, kompendium.']"
67053c2f94ebf8696fc7e3bf270f896b8f36476e,0195c4df493ea95eb1d8b5c0248b064365a43bbb,https://www.ntnu.no/studieinformasjon/siving/eldre/97-98/2/24020.htm,https://www.ntnu.no/studieinformasjon/siving/eldre/97-98/9/92020.htm,"['Innhold: Grunnleggande petrofysiske begrep og likningar. Dei viktigaste logge\xadmetodane: Elektriske, elektromagnetiske, radiometriske, akustiske, nukleær magnetisk resonans, (NMR) og geometriske målingar. Samanheng mellom dei målte parametrane og bergartanes porøsitet, væske/gass\xadmetning, litologi og leirinnhald. I øvingsopplegget blir det lagt stor vekt på arbeid med loggdata og praktisk tolkingsteknikk.']","['Mål: Faget skal gi en innføring i bedriftsøkonomiske og samfunnsøkonomiske problemstillinger.', 'Forutsetning: Ingen.', 'Innhold: Fagets innhold kan belyses gjennom følgende temaeksempler: Bedriftens økonomiske tilpasning under ulike markedsforhold (fullkommen konkurranse, monopol, oligopol). Hvilke forhold har innflytelse på markedsetterspørselen? Hvordan bestemmes prisene under ulike konkurransebetingelser? Hvilke forhold har innflytelse på produksjonen; om produksjonsteori og teknologiske endringer. Regulering av økonomisk virksomhet med vekt på forurensningskontroll. Noe vekt legges også på rettsregler for konkurranseregulering.', 'Undervisningsform: Auditorieforelesninger. Et bestemt antall øvinger kreves godkjent for å få adgang til eksamen. Kravene til obligatorisk øvingsarbeid fastlegges ved kursets begynnelse.']"
67053c2f94ebf8696fc7e3bf270f896b8f36476e,40710fca5aeec9e6aa91c25698db4876dc0f3516,https://www.ntnu.no/studieinformasjon/siving/eldre/97-98/2/24020.htm,https://www.ntnu.no/studieinformasjon/siving/eldre/97-98/2/24045.htm,"['Innhold: Grunnleggande petrofysiske begrep og likningar. Dei viktigaste logge\xadmetodane: Elektriske, elektromagnetiske, radiometriske, akustiske, nukleær magnetisk resonans, (NMR) og geometriske målingar. Samanheng mellom dei målte parametrane og bergartanes porøsitet, væske/gass\xadmetning, litologi og leirinnhald. I øvingsopplegget blir det lagt stor vekt på arbeid med loggdata og praktisk tolkingsteknikk.']","['Mål: Faget skal gi en generell og bred innføring i naturgassteknikk samt en oversikt over gassindustrien i Europa.', 'Forutsetning: Bygger på basisfag i 1. og 2. årskurs i siv.ing.studiet.', 'Innhold: Oljenasjonen Norge vil etterhvert bli en gassnasjon, og vi nærmer oss med raske skritt metanalderen. Produksjon og transport av naturgass til Europa krever integrering av flere fagfelt, og behovet for sivilingeniørens helhetstenkning vises tydelig i naturgassindustrien. Følgende tema tas opp: Gassmarked og -ressurser, strømning i porøse media og gassegenskaper, gassreservoar og -brønner, gasstransport, -måling og -lagring, feltutbygging, økonomi, industriell anvendelse og miljøhensyn.', 'Undervisningsform: Forelesninger, feltkurs og gjesteforelesninger. Øvinger som teller 25% ved fastsettelse av karakteren.']"
67053c2f94ebf8696fc7e3bf270f896b8f36476e,d029a75149a2c1a7dd99b27cbccef51201c0d454,https://www.ntnu.no/studieinformasjon/siving/eldre/97-98/2/24020.htm,https://www.ntnu.no/studieinformasjon/siving/eldre/97-98/2/24041.htm,"['Innhold: Grunnleggande petrofysiske begrep og likningar. Dei viktigaste logge\xadmetodane: Elektriske, elektromagnetiske, radiometriske, akustiske, nukleær magnetisk resonans, (NMR) og geometriske målingar. Samanheng mellom dei målte parametrane og bergartanes porøsitet, væske/gass\xadmetning, litologi og leirinnhald. I øvingsopplegget blir det lagt stor vekt på arbeid med loggdata og praktisk tolkingsteknikk.']","['Mål: Faget skal gi en oversikt over de viktigste elementene som inngår i et typisk boreprogram.', 'Forutsetning: Fag 24042 Maskinsystemer i boring og produksjon.', 'Innhold: Boreslammets rheologi, tetthet og filteregenskaper, leirmineralogi og dets reaksjon med vann, polymerer anvendt i boreslam, oljebasert boreslam, kjemisk og mekanisk hullstabilitet, laminært og turbulent friksjonstap i rør, temperaturen og trykkets påvirkning på rheologi og væsketetthet, transport av borekaks og utfellinger i høyavvikshull, hydraulisk optimalisering, sementering av foringsrør, pluggsementering, gassmigrasjon i sement.', 'Undervisningsform: Forelesninger, øvinger og borevæskelaboratorieøvinger. Undervisningen foregår på engelsk dersom masterstudenter velger faget.']"
67053c2f94ebf8696fc7e3bf270f896b8f36476e,67c97bedaf7ae586d2012415f78ceee66e9707c0,https://www.ntnu.no/studieinformasjon/siving/eldre/97-98/2/24020.htm,https://www.ntnu.no/studieinformasjon/siving/eldre/97-98/2/20501.htm,"['Innhold: Grunnleggande petrofysiske begrep og likningar. Dei viktigaste logge\xadmetodane: Elektriske, elektromagnetiske, radiometriske, akustiske, nukleær magnetisk resonans, (NMR) og geometriske målingar. Samanheng mellom dei målte parametrane og bergartanes porøsitet, væske/gass\xadmetning, litologi og leirinnhald. I øvingsopplegget blir det lagt stor vekt på arbeid med loggdata og praktisk tolkingsteknikk.']","['Mål: Faget tar sikte på å gi studentene kunnskaper om grunnleggende forhold i krystallografi, mineralogi og bergartslære. Studentene skal lære å identifisere et gitt antall mineraler og bergarter.', 'Forutsetning: Bakgrunn i generell geologi og kjemi.', 'Innhold: Faget gir en innføring i grunnleggende krystallografi og mineralkjemi, samt de viktigste kriteriene for identifikasjon og klassifikasjon av mineraler. Noen viktige mineraler beskrives. Mineralers fysiske egenskaper samt noen anvendelsesområder gjennomgås. I bergartsdelen gis innføring i dannelse, mineralsammensetning og klassifikasjon av bergarter. Stor vekt legges på praktisk mineral\xad og bergartsbestemmelse.', 'Undervisningsform: Forelesninger, demonstrasjoner og øvinger i mineral\xad og bergartsidentifikasjon. Øvingsundervisningen avsluttes med prøve som teller 25% i sluttkarakteren.']"
67053c2f94ebf8696fc7e3bf270f896b8f36476e,a9e2ecb94a3af35e7469d3b1795087f59160d7cd,https://www.ntnu.no/studieinformasjon/siving/eldre/97-98/2/24020.htm,https://www.ntnu.no/studieinformasjon/siving/eldre/97-98/2/24024.htm,"['Innhold: Grunnleggande petrofysiske begrep og likningar. Dei viktigaste logge\xadmetodane: Elektriske, elektromagnetiske, radiometriske, akustiske, nukleær magnetisk resonans, (NMR) og geometriske målingar. Samanheng mellom dei målte parametrane og bergartanes porøsitet, væske/gass\xadmetning, litologi og leirinnhald. I øvingsopplegget blir det lagt stor vekt på arbeid med loggdata og praktisk tolkingsteknikk.']","['Mål: Faget skal gi en oversikt over og teoretisk forståelse av hvordan seismiske bølger forplanter seg i jorden, spesielt med henblikk på anvendelser av refleksjonsseismikk i eksplorasjon (anvendt seismikk).']"
67053c2f94ebf8696fc7e3bf270f896b8f36476e,68cf17ff2f37a465502dc521090ab56155451516,https://www.ntnu.no/studieinformasjon/siving/eldre/97-98/2/24020.htm,https://www.ntnu.no/studieinformasjon/siving/eldre/97-98/2/24040.htm,"['Innhold: Grunnleggande petrofysiske begrep og likningar. Dei viktigaste logge\xadmetodane: Elektriske, elektromagnetiske, radiometriske, akustiske, nukleær magnetisk resonans, (NMR) og geometriske målingar. Samanheng mellom dei målte parametrane og bergartanes porøsitet, væske/gass\xadmetning, litologi og leirinnhald. I øvingsopplegget blir det lagt stor vekt på arbeid med loggdata og praktisk tolkingsteknikk.']","['Mål: Faget gir en innføring i metodene for høyavviks- og horisontalboring, identifiserer forhold som er av betydning og gir innblikk i beregninger som er nødvendig for planlegging og gjennomføring av slike borehull.', 'Forutsetning: Fag 24021 Formasjonsmekanikk i boring og produksjon, 24041 Brønnvæsker og brønnhydraulikk og 24042 Maskinsystemer i boring og produksjon.', 'Innhold: Avviksboring; historikk og bakgrunn. Aktualitet, betraktninger om fordel/ulempe og metodikk for beregning av hensiktsmessighet i forhold til alternativer. Gjennomgår basisutstyr og metodikk for boring av avvikshull, aksialbevegelse, rotasjon og pumping, dessuten basismetodikk og utstyr for sikring av borehullet, slam og foringsrørsystemer. Gjennomgår spesielle metoder og utstyr for retningsforandring og -kontroll, aktuell borebanekompleksitet og tilhørende utstyr og systemer. Videre metoder for beregning av borebanen, målnøyaktighet. Kraft- og effektbalanser i høyavviks- og horisontale hull, roterende streng/ikke-roterende. Borestreng i strekk/kompresjon, bukling og buklingskriterier, registrering av bukling, konsekvenser. Anbringelse av skyvkraft foran i strengen, konsepter, virkning og konsekvenser. Boring av tynnhull, tynnhullsstreng, endring av grensebetingelser ved boring av tynnhull. Boring med kveilerør, fordel/ulemper, metodikk og utstyr, kraft- og effektbalanser ved bruk av kveilerør.', 'Undervisningsform: Forelesninger og øvinger. Innslag av gjesteforelesere fra industrien. Undervisningen foregår på engelsk dersom masterstudenter velger faget.', 'Kursmateriell: Eget kompendium. Aktuelle lærebøker oppgis ved kursets begynnelse.']"
67053c2f94ebf8696fc7e3bf270f896b8f36476e,6e7335996e49bd52df9475155994fb92312b7aa3,https://www.ntnu.no/studieinformasjon/siving/eldre/97-98/2/24020.htm,https://www.ntnu.no/studieinformasjon/siving/eldre/97-98/2/24048.htm,"['Innhold: Grunnleggande petrofysiske begrep og likningar. Dei viktigaste logge\xadmetodane: Elektriske, elektromagnetiske, radiometriske, akustiske, nukleær magnetisk resonans, (NMR) og geometriske målingar. Samanheng mellom dei målte parametrane og bergartanes porøsitet, væske/gass\xadmetning, litologi og leirinnhald. I øvingsopplegget blir det lagt stor vekt på arbeid med loggdata og praktisk tolkingsteknikk.']","['Mål: Faget tar sikte på å utvide og utdype kunnskapen innen brønnmekanikk og brønnhydraulikk.', 'Forutsetning: Fag 24047 Petroleumsproduksjon 2 eller tilsvarende.', 'Innhold: Oppbygging og design av injeksjons- og produksjonsbrønner. Brønnutstyr og utstyrsoppbygging. Operasjoner og prosesser knyttet til brønnkomplettering. I tillegg vil to av følgende emner bli dekket: Formasjonsskade, stimulering, undervannskomplettering, sandkontroll, produksjonslogging, produksjon fra horisontale brønner og modellering av fler-fase strømning i olje og gassbrønner.', 'Undervisningsform: Forelesninger og øvinger. Øvingene teller 20% ved fastsettelse av sluttkarakteren i faget. Undervisningen foregår på engelsk dersom masterstudenter velger faget.']"
67053c2f94ebf8696fc7e3bf270f896b8f36476e,9d8a632392ca2e9e86a3577aa99951e481512a05,https://www.ntnu.no/studieinformasjon/siving/eldre/97-98/2/24020.htm,https://www.ntnu.no/studieinformasjon/siving/eldre/97-98/2/24061.htm,"['Innhold: Grunnleggande petrofysiske begrep og likningar. Dei viktigaste logge\xadmetodane: Elektriske, elektromagnetiske, radiometriske, akustiske, nukleær magnetisk resonans, (NMR) og geometriske målingar. Samanheng mellom dei målte parametrane og bergartanes porøsitet, væske/gass\xadmetning, litologi og leirinnhald. I øvingsopplegget blir det lagt stor vekt på arbeid med loggdata og praktisk tolkingsteknikk.']","['Mål: Tar sikte på å gi en grunnleggende innføring i praktisk brønntesting.', 'Forutsetning: Det er ønskelig med fag 24073 Strømning i porøse media eller tilsvarende kunnskaper.', 'Innhold: Utvikling av fundamentale ligninger for væske og gassstrømning i homogene reservoarer. Anvendelse på enkeltbrønner. Testanalyse for olje\xad og gassbrønner. Trykkfalls\xad, trykkoppbyggings\xad og flerrate tester analyseres ved typekurver og semilog analyse. Analyse av interferens tester. Det vil bli lagt vekt på praktisk anvendelse av teorien på problemstillinger relevant for norske felter. Elementær testanalyse. Diagnoseplott, typekurver og spesialiserte plott. Idealiserte tester. Praktiske problemer. Virkelige testdata. Støy.', 'Undervisningsform: Forelesninger og regneøvinger. Et bestemt antall øvinger kreves godkjent for adgang til eksamen. Dette antall blir gitt ved kursets begynnelse.', 'Kursmateriell: J.F. Stanislav and C.S. Kabir: Pressure Transient Analysis, Prentice Hall, New Jersey 1990.']"
67053c2f94ebf8696fc7e3bf270f896b8f36476e,72c1a1a2e48a5c57b833263b11314bba67d61e4d,https://www.ntnu.no/studieinformasjon/siving/eldre/97-98/2/24020.htm,https://www.ntnu.no/studieinformasjon/siving/eldre/97-98/2/24073.htm,"['Innhold: Grunnleggande petrofysiske begrep og likningar. Dei viktigaste logge\xadmetodane: Elektriske, elektromagnetiske, radiometriske, akustiske, nukleær magnetisk resonans, (NMR) og geometriske målingar. Samanheng mellom dei målte parametrane og bergartanes porøsitet, væske/gass\xadmetning, litologi og leirinnhald. I øvingsopplegget blir det lagt stor vekt på arbeid med loggdata og praktisk tolkingsteknikk.']","['Mål: Faget skal gi studentene en innføring i porøse mediers egenskaper, fluidegenskaper og bergart/fluid samvirket og de fundamentale ligninger for en- og fler-fase strømning i porøse media.', 'Forutsetning: Ingen.', 'Innhold: Praktiske anvendelser innen petroleumsteknologi, grunnvannshydrologi, geoteknikk, jordbruk, VVS-teknikk, kjemiteknikk og miljø/forurensning. Repetisjon av fundamentale fluidmekanikk-begreper og fluidparametre som tetthet, viskositet og kompressibilitet. Bergartsparametrene porestørrelsesfordeling, kornstørrelsesfordeling og overflateareal og disse parametrenes innflytelse på de ulike typer porøsitet og permeabilitet blir behandlet. Permeabilitet blir videre belyst ved Darcys lov, Klinkenberg korreksjonen, Kozeny-Carman-ligningene og høyhastighetstrømning. Flerfaseparametrene kapillærtrykk og relativ permeabilitet blir introdusert sammen med de fundamentale ligningene for flerfase strømning.']"
67053c2f94ebf8696fc7e3bf270f896b8f36476e,5dd72e8835be719ddbf615b9aee18acc1664544c,https://www.ntnu.no/studieinformasjon/siving/eldre/97-98/2/24020.htm,https://www.ntnu.no/studieinformasjon/siving/eldre/97-98/2/20562.htm,"['Innhold: Grunnleggande petrofysiske begrep og likningar. Dei viktigaste logge\xadmetodane: Elektriske, elektromagnetiske, radiometriske, akustiske, nukleær magnetisk resonans, (NMR) og geometriske målingar. Samanheng mellom dei målte parametrane og bergartanes porøsitet, væske/gass\xadmetning, litologi og leirinnhald. I øvingsopplegget blir det lagt stor vekt på arbeid med loggdata og praktisk tolkingsteknikk.']","['Mål: Faget tar sikte på å gi en forståelse av hvordan geologi/sedimentologi brukes i reservoarbeskrivelse og \xadmodellering.', 'Forutsetning: Bygger på kunnskaper tilsvarende fag 24020 Boreholslogging, 20536 Petroleumsgeologi og 20548 Sedimentologi og stratigrafi.', 'Innhold: Faget gjennomgår de viktigste prinsippene ved geologisk reservoarbeskrivelse og modellering basert på borehullsdata, logger, prøvemateriale og annen tilgjengelig informasjon som seismikk og reservoartester. Videre hvordan geologisk informasjon samles og benyttes i løpet av produksjonsperioden for å kunne produsere hydrokarbonfeltene mer effektivt. Obligatoriske øvinger vil være tolkning og analyse av syntetiske og virkelige data fra hydrokarbonfelt.']"
67053c2f94ebf8696fc7e3bf270f896b8f36476e,8eca79907f5f0ea71798c3cf50fbb575b0fbd33c,https://www.ntnu.no/studieinformasjon/siving/eldre/97-98/2/24020.htm,https://www.ntnu.no/studieinformasjon/siving/eldre/97-98/2/20010.htm,"['Innhold: Grunnleggande petrofysiske begrep og likningar. Dei viktigaste logge\xadmetodane: Elektriske, elektromagnetiske, radiometriske, akustiske, nukleær magnetisk resonans, (NMR) og geometriske målingar. Samanheng mellom dei målte parametrane og bergartanes porøsitet, væske/gass\xadmetning, litologi og leirinnhald. I øvingsopplegget blir det lagt stor vekt på arbeid med loggdata og praktisk tolkingsteknikk.']","['For studenter i 4. årskurs ved Fakultet for geofag og petroleumsteknologi og Master of Science-studenter.', 'Mål: Faget tar sikte på at studentene skal lære å arbeide systematisk innenfor et aktuelt tema, skaffe seg detaljkunnskaper innen emnet gjennom litteraturstudier og praktisk arbeid og formulere resultatet av studiet i en rapport.', 'Forutsetning: Ingen.', 'Innhold: Emne for prosjektet blir valgt ut i samarbeid mellom student og faglærer. I faget inngår opplæring i skriftlig og muntlig presentasjon.', 'Undervisningsform: Forelesning i presentasjons\xad og rapporteringsteknikk. Prosjektarbeid på egen hånd med veiledning.', 'Kursmateriell: Patricia A. Robinson: Fundamentals of Technical Writing, Houghton Miffin Co. 1985, og/eller Torlaug Løkensgard Hoel: Tanke blir tekst, Det norske samlaget 1992.']"
270e11cf35ebbec3bdd2a41f04ae4482d73d5bec,4c0e68a4a6b209dbe6babeb4cb8e8b24fb752a94,https://www.ntnu.no/studier/balit/studiemiljo,https://www.ntnu.no/studier/malit/studiemiljo,"['Studiemiljø - Nordisk og litteraturvitenskap - bachelorstudium', 'Studiemiljø', 'Allmenn litteraturvitenskap - bachelorstudium', 'Studiemiljø', 'Studiemiljø og linjeforeining', 'Linjeforeninga Gengangere er felles for studentar ved nordisk og allmenn litteraturvitskap og arrangerer mellom anna kvissar, teaterturar og festar, til tillegg til å ha ansvar for faglege arrangement.', 'Kvart år blir det arrangert «Prix de Gengangere» der tilsette, forelesarar, studentar og andre på seksjonane for nordisk og litteraturvitskap blir sette ekstra pris på ved prisutdelingar.', 'For mange er Fadderveka det første møtet med det sosiale rundt studentlivet. I fadderveka stiller linjeforeininga med fadrar, og i løpet av desse vekene får du gode høve til å bli kjend med medstudentane dine.', 'Instituttet har også eit skriftleg miljø: Vi husar eit tidsskrift som blir drive av og for studentar, riss, som publiserer både meldingar, fagprosa og skjønnlitterære bidrag skrive av studentar og tilsette.', 'Dette seier studentane', 'Lurer du på korleis det er å vera student på allmenn litteraturvitskap på NTNU?']","['Studiemiljø - Allmenn litteraturvitenskap - masterstudium', 'Studiemiljø', 'Allmenn litteraturvitenskap - masterstudium', 'Studiemiljø', 'Studiemiljø og linjeforening', 'Linjeforeninga Gengangere er felles for studenter ved nordisk og allmenn literaturvitenskap og arrangerer blant annet quizer, teaterturer og fester, til tillegg til å ha ansvar for faglige arrangement.', 'Hvert år arrangeres Prix de Gengangere hvor ansatte, forelesere, studenter og andre på seksjonene for nordisk og litteraturvitenskap settes ekstra pris på ved prisutdelinger.', 'For mange er Fadderuka det første møtet med det sosiale rundt studentlivet. I fadderuka stiller linjeforeningen med faddere, og i løpet av disse ukene får du gode muligheter til å bli kjent med medstudentene dine.', 'Instituttet har også et skriftlig miljø: vi huser et tidsskrift som drives av og for studenter - riss - som publiserer både anmeldelser, fagprosa og skjønnlitterære bidrag skrevet av studenter og ansatte.', 'Dette sier studentene', 'Lurer du på hvordan det er å være student på master i allmenn litteraturvitenskap på NTNU?']"
12db11024f63e5d726513f0c168a015db185c221,79df0f3c6431a6760c1792cce9f8d49565e3a9b5,https://www.ntnu.no/studier/mfyspl/laeringsmal,https://www.ntnu.no/studier/mspl/laeringsmal,"['Hva lærer jeg - Fysisk planlegging - masterstudium', 'Hva lærer jeg', 'Fysisk planlegging - masterstudium (2-årig)', 'Hva lærer du?', 'Jahn Ivar Kjølseth/NTNU', 'Fysisk planlegging tilbyr spesialisering i å forme planar etter plan- og bygningslova. Studentane skal mellom anna utarbeide stedsanalysar, framstille kart og geografiske analyser med GIS-verktøy, jobbe tverrfagleg med å utvikle arealplanar, og presentere dei grafisk i verktøy som Adobe Indesign og Illustrator.', 'Programmet legg serleg vekt på eit overordna berekraftsperspektiv, samanhengen mellom arealbruk og transport, og bruk av digitale og GIS-baserte verktøy. Undervisninga er ein kombinasjon av teoretiske studiar og praktisk prosjektarbeid.', 'Kunnskap i praksis', 'Å studere fysisk planlegging ved NTNU i Trondheim er spesielt interessant fordi byen står midt i ein byutviklingsprosess. Mange område er under planlegging, ein ny sentrumsstrategi for utvikling av Trondheim fram mot 2050 skal utformast, og det er mange aktivitetar som går føre seg i samband med dette. Som student kan du praktisere det du lærer gjennom studiet og også kunne ha innverknad på byutviklinga.', 'Tverrfaglig samarbeid', 'Arbeid med fysiske planar krev kompetanse innan mange fagfelt og samarbeid mellom ulike fagområde. Det tverrfaglege aspektet er ivareteke ved at masterprogrammet inneheld stor fagleg breidde og studentane har ulike utdanningsbakgrunnar. Fysisk planlegging møter ofte interessemotsetnader som må handterast gjennom samarbeid og opne planprosessar. Programmet legg derfor stor vekt på prosesskompetanse. Studentane får erfaring i å gjennomføre tverrfaglege planprosessar gjennom prosjektarbeid i grupper. Denne kompetansen er det eit stort behov for både i offentlege etatar og private verksemder.', 'Entreprenørskap, innovasjon og nytenking', 'Masterprogrammet har tett kontakt opp mot ulike delar av offentlege og private verksemder innan fysisk planlegging, og dei vitskapleg tilsette driv forsking og utvikling innan alle delar av faget. Det er ei tett kopling mellom undervisning og forsking. Og mange reelle caser, prosjektoppgåver og masteroppgåver blir gjennomført i samarbeid med kommunar og andre aktørar innan planlegging.', 'Ulike bakgrunner', 'Studiet eignar seg for bachelorkandidatar eller tilsvarande med relevant fagbakgrunn og interesse for fysisk planlegging, tverrfagleg samarbeid, formelle og uformelle planprosessar. Eksempel på udanningsbakgrunn er arealplanlegging, ingeniørfag, formingsfag, transportfag, samfunnsfag, kulturminne, naturforvaltning/økologi, økonomi, administrasjon og leiing, og pedagogikk. Eksempel på relevant praksis er arbeid innan fysisk planlegging og leiar for ein planleggingsrelevant sektor, stab eller institusjon i privat eller offentleg verksemd.', 'Fullført studium gjev graden master i fysisk planlegging. Studiet er tilgangsavgrensa, med 40 studieplassar.', 'Læringsutbytte', 'studyprogramme-info-portlet', 'Læringsutbytte', 'En student som har fullført programmet, forventes å ha oppnådd følgende læringsutbytte, definert i kunnskap, ferdigheter og generell kompetanse:', 'Kunnskap', 'Kandidaten', '• har inngåande teoretisk og praktisk kunnskap om berekraftig planlegging, utforming og bruk av våre fysiske omgivnader • har inngåande kunnskap om og forståing av Plan- og bygningslova og kjennskap til andre relevante lover og regelverk knytt til fysisk planlegging', '• har god kunnskap om fagområdet sine vitskapelege teoriar, metodar og verktøy', '• har god kunnskap om og forståing av naturgitte og samfunnsmessige rammer for fysisk planlegging og berekraftig utvikling', 'Ferdigheter', 'Kandidaten', '• kan arbeide sjølvstendig med faglege problemstillingar i tråd med yrkesetiske og faglege normer', '• kan leie og gjennomføre tverrfagleg planleggingsprosessar og utgreiingsarbeid og samarbeide konstruktivt om fleirfaglege planleggingsoppgåver', '• kan bruke relevante metodar for forsking og utvikling innan fagområdet', '• kan handtere ulike digitale og GIS-baserte verktøy og planleggingsmetodar for å utarbeide arealplanar etter Plan- og bygningslova', 'Byplanleggere må lære av forretningsutviklere, mener forskere ved SINTEF og NTNU. Kunnskap om innbyggernes ønsker, behov og forventninger er helt nødvendig når man skal utvikle et bærekraftig byområde.']","['Hva lærer jeg - Master i spesialsykepleie', 'Hva lærer jeg', 'Master i spesialsykepleie', 'Hva lærer du?', 'Formålet med spesialutdanningen er å utdanne velkvalifiserte profesjonsutøvere med kompetanse til å ivareta akutt og/eller kritisk syke pasienter. De ulike studieretninger i utdanningen skal sikre at kandidaten har avanserte kunnskaper, ferdigheter og generell kompetanse til at utøve faglig forsvarlig pasient- og familiesentrert sykepleie til pasienter innen målgruppen', 'Med tilegnet kunnskap om vitenskapsteori, forskningsmetoder og øvelse i kritisk tenkning og kunnskapshåndtering, samt analyse av faglige problemstillinger, vil du i tillegg utvikle ferdigheter til å kunne bidra til en forskningsbasert utvikling av faget og tjenestene.', 'Les læringsutbyttebeskrivelsene nedenfor for mer detaljert informasjon om det totale læringsutbyttet i utdanningen.', 'Læringsutbytte', 'En student som har fullført programmet, forventes å ha oppnådd følgende læringsutbytte, definert i kunnskap, ferdigheter og generell kompetanse:', 'Kunnskaper', 'Kan analysere faglige problemstillinger med utgangspunkt i fagområdets historie, tradisjoner, egenart og plass i samfunnet', 'Har inngående kunnskap om helse- og omsorgstjenestens organisering, rammer og relevant lovverk', 'Har avansert kunnskap om fysiologiske og patofysiologiske prosesser med særlig relevans for akutt og/eller kritisk sykdom samt behandling av disse relatert til spesialsykepleieområdet', 'Har inngående kunnskap om farmakologi, legemidler og legemiddelhåndtering relatert til spesialsykepleieområdet', 'Ferdigheter', 'Kan selvstendig utføre kliniske observasjoner, vurderinger og beslutninger samt iverksette nødvendige tiltak i i akutte og/eller komplekse pasientsituasjoner.', 'Kan selvstendig analysere og vurdere pasientens situasjon for å forebygge, behandle og lindre smerte og ubehag', 'Kan anvende relevante kunnskaper om smittevern og infeksjonsforebyggende tiltak', 'Kan anvende digital kompetanse, bistå i utviklingen av og bruke egnet teknologi inkludert relevant medisinsk utstyr.', 'Kan bruke relevante metoder i kommunikasjon, samhandling og veiledning til pasienter og pårørende i komplekse situasjoner, samt analysere målgruppens helsekompetanse for å fremme brukermedvirkning og tilpassede tjenester', 'Kan bruke pedagogiske prinsipper og metoder til å undervise og veilede studenter og kolleger', 'Kan analysere uønskede hendelser og bidra til systematisk læring for å ivareta kvalitet og pasientsikkerhet', 'Kan analysere og forholde seg kritisk til teori og ulike informasjonskilder og anvende disse til å strukturere og formulere faglige resonnementer innen relevant spesialsykepleieområde', 'Kan gjennomføre et selvstendig avgrenset spesialsykepleiefaglig forsknings- eller kvalitetsarbeid under veiledning i tråd med forskningsetiske prinsipper', 'Kan anvende og formidle forsknings- eller kvalitetsarbeid for å bidra til utvikling av spesialsykepleiefaget og helsetjenesten', 'Læringsutbytte', 'studyprogramme-info-portlet', 'Kort om studieprogrammet', 'Master i spesialsykepleie bygger på bachelorutdanning i sykepleie eller tilsvarende og norsk autorisasjon som sykepleier. Fullført utdanning på 120 studiepoeng gir mastergrad i spesialsykepleie og kvalifiserer for arbeid som spesialsykepleier med handlingskompetanse til å bidra i utviklings og forbedringsarbeid, samt kompetanse til å drive og utvikle kunnskapsbasert praksis innen eget ansvarsområde.', 'Studieplan er basert på Forskrift om nasjonale retningslinjer for anestesi-, barne-, intensiv-, operasjon-, og kreftsykepleie fastsatt av Kunnskapsdepartementet 1.januar 2022.', 'Studenter kan velge å avslutte utdanningen etter 90 studiepoeng og har da fullført videreutdanning i anestesi, - barne, -intensiv, -operasjons- eller kreftsykepleie (ABIOK) og kvalifiserer også til arbeid som spesialsykepleier, samt til å medvirke i utvikling av kunnskapsbasert praksis innen eget ansvarsområde.', 'Formålet med spesialutdanningen er å utdanne velkvalifiserte profesjonsutøvere med kompetanse til å ivareta akutt og/eller kritisk syke pasienter. De ulike studieretninger i utdanningen skal sikre at kandidaten har avanserte kunnskaper, ferdigheter og generell kompetanse til at utøve faglig forsvarlig pasient- og familiesentrert sykepleie til pasienter innen målgruppen.', 'Utdanningen skal sikre kompetanse og holdninger som danner grunnlag for likeverdige tjenestetilbud for alle grupper i samfunnet, deriblant samers status som urfolk og deres rettigheter til språklige og kulturelt tilrettelagte tjenester.', 'Kandidaten skal etter endt utdanning kunne bidra til en bærekraftig utvikling av helsetjenesten i takt med demografiske og teknologiske endringer og kunne medvirke til innovasjon, endrings- og forbedringsarbeid.', 'Masterprogrammet vil tilbys både i Gjøvik, Trondheim og Ålesund, men alle studiebyer vil ikke ha tilbud om alle studieretninger.', 'Studieprogrammet vil integrere de fem ulike spesialistutdanningene som organiseres som']"
8bb38d215a4fdcbf73eff4d717d230a43821eddc,479209e01d83c2adbe9adeadad1fc73c8cf8e889,https://www.ntnu.no/studieinformasjon/siving/eldre/97-98/1/14006.htm,https://www.ntnu.no/studieinformasjon/siving/eldre/97-98/1/14083.htm,"['Mål: Faget gjev ei innføring i fysisk planlegging for sivilingeniørstudentar.', 'Forutsetning: Ingen.', 'Innhold: Gjennom aktuelle eksempel blir fysisk planlegging introdusert, med bidrag frå fagfelta by- og regionplanlegging, samferdselsteknikk, vegplanlegging og vassbygg. Aktuelle tema: Planleggingsoppgåver og -problem, planleggingshistorie, samordning og konfliktar, planprosess og aktørar, planleggingsteori og -metodar.']","['Mål: Faget skal gi en videregående innføring i fysisk planlegging på regionalt og kommunalt nivå og på bynivå. Faget vektlegger kunnskap som er særegent for arkitektfaget, men gir også generell kunnskap i by- og regionplanlegging med vekt på oversiktsplanlegging. Prosjektet kan gis en tematisk fokusering.', 'Forutsetning: Grunnundervisning i arkitekturfagene.', 'Innhold: Faget består av en teoridel og en prosjektdel. I teoridelen prioriteres generell kunnskap i by- og regionplanlegging og aktuelle spesialtema. Prosjektoppgaven er rettet mot diskusjon av fysiske disposisjoner og struktur på bynivå eller regionalt nivå. En del forelesninger er felles med fag 14041 og 14043.']"
8bb38d215a4fdcbf73eff4d717d230a43821eddc,5351c23a60bb833381adf9ab61f8188c04cda8eb,https://www.ntnu.no/studieinformasjon/siving/eldre/97-98/1/14006.htm,https://www.ntnu.no/studieinformasjon/siving/eldre/97-98/1/14041.htm,"['Mål: Faget gjev ei innføring i fysisk planlegging for sivilingeniørstudentar.', 'Forutsetning: Ingen.', 'Innhold: Gjennom aktuelle eksempel blir fysisk planlegging introdusert, med bidrag frå fagfelta by- og regionplanlegging, samferdselsteknikk, vegplanlegging og vassbygg. Aktuelle tema: Planleggingsoppgåver og -problem, planleggingshistorie, samordning og konfliktar, planprosess og aktørar, planleggingsteori og -metodar.']","['Mål: Fagets mål er å gi en innføring i sentrale problemstillinger og arbeidsmåter innenfor oversiktlig planlegging, med hovedvekt på oversiktlig fysisk planlegging i kommunene. Studentene skal også få kjennskap til lovgivningsmessig grunnlag og organisatoriske forutsetninger for planleggingsvirksomhet.', 'Innhold: Oversiktsplanleggingens utvikling. Hovedretninger innen teori og metode. Eksempler og drøfting av metoder for helhetsorientert samordnende planlegging, prosjektorientert og lokalsamfunnsorientert planlegging.']"
8bb38d215a4fdcbf73eff4d717d230a43821eddc,16de3b39e599c68a4fc420bd128d354d81c17289,https://www.ntnu.no/studieinformasjon/siving/eldre/97-98/1/14006.htm,https://www.ntnu.no/studieinformasjon/siving/eldre/97-98/1/11006.htm,"['Mål: Faget gjev ei innføring i fysisk planlegging for sivilingeniørstudentar.', 'Forutsetning: Ingen.', 'Innhold: Gjennom aktuelle eksempel blir fysisk planlegging introdusert, med bidrag frå fagfelta by- og regionplanlegging, samferdselsteknikk, vegplanlegging og vassbygg. Aktuelle tema: Planleggingsoppgåver og -problem, planleggingshistorie, samordning og konfliktar, planprosess og aktørar, planleggingsteori og -metodar.']","['Mål: Gi nødvendig bakgrunnsstoff til å forstå og kunne gjennomføre enkel dimensjonering av bjelker og søyler av tre, stål og betong.', 'Forutsetning: Ingen.', 'Innhold: Det gis innføring i likevekts\xad, fasthetslære og enkel bygningsstatikk. Enkle konstruksjonselementer i tre, stål og betong behandles. Teorien anvendes på beregning av oppleggs\xad, snittkrefter og enkle dimensjoneringsoppgaver.', 'Undervisningsform: Forelesninger med bruk av overhead, tavle og demonstrasjonsmateriale. Ekskursjoner til byggeplasser og laboratorier. Det gis 10 øvingsoppgaver, av disse må 7 gjennomføres.']"
8bb38d215a4fdcbf73eff4d717d230a43821eddc,92b72e88dddfb461750fd5b115648b1c5d655159,https://www.ntnu.no/studieinformasjon/siving/eldre/97-98/1/14006.htm,https://www.ntnu.no/studieinformasjon/siving/eldre/97-98/1/15060.htm,"['Mål: Faget gjev ei innføring i fysisk planlegging for sivilingeniørstudentar.', 'Forutsetning: Ingen.', 'Innhold: Gjennom aktuelle eksempel blir fysisk planlegging introdusert, med bidrag frå fagfelta by- og regionplanlegging, samferdselsteknikk, vegplanlegging og vassbygg. Aktuelle tema: Planleggingsoppgåver og -problem, planleggingshistorie, samordning og konfliktar, planprosess og aktørar, planleggingsteori og -metodar.']","['Mål: Faget tar opp forholdet mellom teori og form, med sikte på å bevisstgjøre studentene om egne holdninger og forutsetninger i en studie- og arbeidsprosess. Formålet er å etablere et personlig grunnlag for arkitektonisk forming, og å kunne forstå og ta stilling til idéstrømninger og formuttrykk i samtidsarkitekturen i den vestlige verden.', 'Forutsetning: Eksamen i fag SAA5038 Arkitektur 6.', 'Innhold: Faget knytter seg til samtidsarkitekturens søken etter nye forankringer for problemstilling og uttrykksform. Begrepet ""teori"" i denne sammenheng er i første rekke forbundet med erkjennelsesspørsmål, med opprinnelse i filosofiske retninger og ideologiske formuleringer. Faget søker i utgangspunktet å kartlegge forholdet mellom slike spørsmål og eksempler på eksperimenterende samtidsarkitektur med henblikk på å utvikle studentenes kritiske oppfatning. Siste fase omhandler mer strukturerte arkitekturteorier, og en drøfting av kriterier for ""kvalitet"", relatert til forskjellige arkitekturoppfatninger.', 'Undervisningsform: Første del av semesteret er lagt opp som en undersøkelse i fellesskap, med forelesninger, teoretiske studier og deloppgaver. Andre del av semesteret omfatter en prosjekteringsoppgave som basis for individuell formeksperimentering.']"
8bb38d215a4fdcbf73eff4d717d230a43821eddc,dda72048b9687c836285967373110acbc70321bb,https://www.ntnu.no/studieinformasjon/siving/eldre/97-98/1/14006.htm,https://www.ntnu.no/studieinformasjon/siving/eldre/97-98/1/10505.htm,"['Mål: Faget gjev ei innføring i fysisk planlegging for sivilingeniørstudentar.', 'Forutsetning: Ingen.', 'Innhold: Gjennom aktuelle eksempel blir fysisk planlegging introdusert, med bidrag frå fagfelta by- og regionplanlegging, samferdselsteknikk, vegplanlegging og vassbygg. Aktuelle tema: Planleggingsoppgåver og -problem, planleggingshistorie, samordning og konfliktar, planprosess og aktørar, planleggingsteori og -metodar.']","['Mål: Høst: Innføring i grunnleggende teknikker i tegnerisk fremstilling relatert til designområdet med vekt på form og formanalyse. Innføring i prinsipper om layout og visuell presentasjon i design.', 'Vår: Innføring i plastisk 3D problemstillinger og grunnleggende formlære. Design historie tar for seg historiske og systematiske spørsmål innenfor design. Det vil formidle kjennskap til historisk viktige designprodukter og deres teoretiske bakgrunn med henblikk på forståelse av deres plass i tekniske, produksjonsmessige, samfunnsmessige og ideologiske systemer.', 'Forutsetning: Ingen.', 'Innhold: Tegning, presentasjon. 3D form. Design historie.', 'Undervisningsform: Øvingsoppgaver, individuell veiledning (korreksjon). Forelesninger, seminarer og kollokvier. Undervisningen samordnes med undervisningen i faget SIO8001 Produktdesign 1 m/Statikk.', 'Kursmateriell: Eksempler fra billedkunst, industridesign og arkitektur.']"
8bb38d215a4fdcbf73eff4d717d230a43821eddc,966f128375d24904b21f69d49b71514430f6bf37,https://www.ntnu.no/studieinformasjon/siving/eldre/97-98/1/14006.htm,https://www.ntnu.no/studieinformasjon/siving/eldre/97-98/2/24006.htm,"['Mål: Faget gjev ei innføring i fysisk planlegging for sivilingeniørstudentar.', 'Forutsetning: Ingen.', 'Innhold: Gjennom aktuelle eksempel blir fysisk planlegging introdusert, med bidrag frå fagfelta by- og regionplanlegging, samferdselsteknikk, vegplanlegging og vassbygg. Aktuelle tema: Planleggingsoppgåver og -problem, planleggingshistorie, samordning og konfliktar, planprosess og aktørar, planleggingsteori og -metodar.']","['Mål: Faget skal gi en generell og bred innføring i leting etter og utvinning av petroleum.', 'Forutsetning: Ingen.', 'Innhold: Metoder og prosedyrer for boring og komplettering. Produksjon og strømningstekniske betraktninger. Konseptbeskrivelse av bunnfaste plattformer, flytende fartøy og undervanns produksjonssystemer. Drift og vedlikehold av plattform\xad og undervannskompletterte brønner.']"
8bb38d215a4fdcbf73eff4d717d230a43821eddc,c55d745a88e0de692c3bdf2fc537c7c479a25d08,https://www.ntnu.no/studieinformasjon/siving/eldre/97-98/1/14006.htm,https://www.ntnu.no/studieinformasjon/siving/eldre/97-98/1/14077.htm,"['Mål: Faget gjev ei innføring i fysisk planlegging for sivilingeniørstudentar.', 'Forutsetning: Ingen.', 'Innhold: Gjennom aktuelle eksempel blir fysisk planlegging introdusert, med bidrag frå fagfelta by- og regionplanlegging, samferdselsteknikk, vegplanlegging og vassbygg. Aktuelle tema: Planleggingsoppgåver og -problem, planleggingshistorie, samordning og konfliktar, planprosess og aktørar, planleggingsteori og -metodar.']","['Mål: Faget skal gi forståelse for forutsetninger og anvendbar kunnskap for gjennomføring av planlegging, infrastruktur og byggevirksomhet på et bærekraftig grunnlag i utviklingsland.', 'Forutsetning: Faget bør velges av studenter som skal ta fag SAA4079 Prosjekt i utviklingsland og fag SAA4080 Byøkologisk planlegging. Faget må velges av studenter som skal ta hovedoppgave i utviklingsland. Samkjøres med fag 14076 for Fakultet for bygg- og miljøteknikk.', 'Innhold: Planlegging for bærekraftig utvikling krever kunnskaper på et bredt tverrfaglig grunnlag. Kurset vil diskutere teori- og metodegrunnlag for bærekraftig samfunns- og byutvikling, planlegging og byggevirksomhet. Miljø-, sosioøkonomiske-, fysiske- og kulturelle faktorer skal sees i sammenheng, og ut fra ulike stedlige betingelser. Det vil legges vekt på eksempel som illustrerer ulike betingelser og institusjonelle rammer for utvikling og gjennomføring av prosjekt i bistandssamarbeid. Planlegging under krise og for igjenoppbygging etter katastrofer vil være deltema. Det skal gjennomføres øvingsoppgave med prosjektdokument ut fra FN-format.', 'Undervisningsform: Faget er et samarbeid mellom flere institutter ved Fakultet for arkitektur, plan og billedkunst og Fakultet for bygg- og miljøteknikk. Det legges vekt på tverrfaglige seminar med innledere fra andre fakultet ved NTNU, og studier av eksempel (case-studies). En studie-/øvingsoppgave skal gjennomføres.']"
8bb38d215a4fdcbf73eff4d717d230a43821eddc,131c17b5ef96f12aa5ce3ec1d0268e353a96ac5f,https://www.ntnu.no/studieinformasjon/siving/eldre/97-98/1/14006.htm,https://www.ntnu.no/studieinformasjon/siving/eldre/97-98/1/14043.htm,"['Mål: Faget gjev ei innføring i fysisk planlegging for sivilingeniørstudentar.', 'Forutsetning: Ingen.', 'Innhold: Gjennom aktuelle eksempel blir fysisk planlegging introdusert, med bidrag frå fagfelta by- og regionplanlegging, samferdselsteknikk, vegplanlegging og vassbygg. Aktuelle tema: Planleggingsoppgåver og -problem, planleggingshistorie, samordning og konfliktar, planprosess og aktørar, planleggingsteori og -metodar.']","['Mål: Faget skal gi fordypning i sentrumsproblemstillinger og sentrumsplanlegging.', 'Forutsetning: For fak. B må fag 14021 Fysisk planlegging GK 1 og 2 eller 14022 Fysisk planlegging GK 1 være bestått.', 'Innhold: Fordypningsfag. Gir informasjon og kunnskap om sentrum og sentrale funksjoners egenskaper, problemer, utvikling og planlegging gjennom forelesninger og seminarer. Analyseoppgave skal gi ny konkret innsikt i aktuelle problemstillinger. Prosjektarbeid i fag 14045 kan knyttes til faget.']"
8bb38d215a4fdcbf73eff4d717d230a43821eddc,03acbc071f126d8b5a5d28272068c506598ded33,https://www.ntnu.no/studieinformasjon/siving/eldre/97-98/1/14006.htm,https://www.ntnu.no/studieinformasjon/siving/eldre/97-98/1/10509.htm,"['Mål: Faget gjev ei innføring i fysisk planlegging for sivilingeniørstudentar.', 'Forutsetning: Ingen.', 'Innhold: Gjennom aktuelle eksempel blir fysisk planlegging introdusert, med bidrag frå fagfelta by- og regionplanlegging, samferdselsteknikk, vegplanlegging og vassbygg. Aktuelle tema: Planleggingsoppgåver og -problem, planleggingshistorie, samordning og konfliktar, planprosess og aktørar, planleggingsteori og -metodar.']","['Mål: Høst: Innføring i grunnleggende tegneriske problemstillinger med vekt på romoppfattelse og framstilling av rom og form. Vår: Innføring i fargebruk; fargeteorier og forhold mellom farger. Anvendt farge i tegning.', 'Forutsetning: Ingen. Undervisningen samordnes med undervisningen i fag SAA5013 Arkitektur 1 og SAA5017 Arkitektur 2.']"
8bb38d215a4fdcbf73eff4d717d230a43821eddc,63014bc852bd4e58b48bc38b9ff34f5533c109ef,https://www.ntnu.no/studieinformasjon/siving/eldre/97-98/1/14006.htm,https://www.ntnu.no/studieinformasjon/siving/eldre/97-98/1/14025.htm,"['Mål: Faget gjev ei innføring i fysisk planlegging for sivilingeniørstudentar.', 'Forutsetning: Ingen.', 'Innhold: Gjennom aktuelle eksempel blir fysisk planlegging introdusert, med bidrag frå fagfelta by- og regionplanlegging, samferdselsteknikk, vegplanlegging og vassbygg. Aktuelle tema: Planleggingsoppgåver og -problem, planleggingshistorie, samordning og konfliktar, planprosess og aktørar, planleggingsteori og -metodar.']","['Mål: Faget gir en innføring i anvendelse av EDB\xadmetoder i by\xad og regionplanlegging.', 'Forutsetning: Fag 14021 Fysisk planlegging GK 1 og 2, 14022 Fysisk planlegging GK 1 og SAA4060 Planleggingskunnskap for arkitekter eller tilsvarende kunnskaper.', 'Innhold: Faget tar opp planfaglig anvendelse av programvare for innsamling, lagring, analyse og presentasjon av grunnlagsdata (dataregistre, kartografi, GIS), samt programvare for utforming av planer og prosjekter (DAK). Tema som gis: Analysemodeller, dataregistre, terrengmodeller, areal\xad og landskapsanalyser, nettverksanalyser i areal- og transportplanlegging, lokaliseringsanalyser, geodata i forvaltning og planlegging.']"
8bb38d215a4fdcbf73eff4d717d230a43821eddc,2e62720d67e1ef4427622c56ff6a09613d1505a4,https://www.ntnu.no/studieinformasjon/siving/eldre/97-98/1/14006.htm,https://www.ntnu.no/studieinformasjon/siving/eldre/97-98/1/14080.htm,"['Mål: Faget gjev ei innføring i fysisk planlegging for sivilingeniørstudentar.', 'Forutsetning: Ingen.', 'Innhold: Gjennom aktuelle eksempel blir fysisk planlegging introdusert, med bidrag frå fagfelta by- og regionplanlegging, samferdselsteknikk, vegplanlegging og vassbygg. Aktuelle tema: Planleggingsoppgåver og -problem, planleggingshistorie, samordning og konfliktar, planprosess og aktørar, planleggingsteori og -metodar.']","['Mål: Faget skal gi forståelse av forutsetninger for, innhold av og metoder for gjennomføring av planlegging på et byøkologisk grunnlag.', 'Forutsetning: Studenter som har tatt fag SAA4077 Planlegging og bygging i utviklingsland, gis fortrinnsrett. Det er adgangsbegrensning. Faget erstatter fag SAA4079 Prosjekt i utviklingsland høsten 1997.', 'Innhold: Byøkologisk planlegging legger vekt på helhetlige løsninger med langsiktige ressurs-, miljø- og sosiale hensyn. Eksempler fra Norden og utviklingsland er utgangspunkt. Vekt vil legges på byfornyelse på et byøkologisk grunnlag. Prosjektarbeidet er økologisk planlegging på nabolags- og bydelsnivå i utviklingsland. Lokalsamfunnsanalyse skal legge grunnlag for tilpassede og prioriterte økologiske kriterier for planleggingen. Stedsbestemte forutsetninger skal vektlegges. Det skal arbeides med kart ved utarbeidelse av prosjektforslag.', 'Undervisningsform: Det legges vekt på tverrfaglige seminar med innledere fra Fakultet for arkitektur, plan og billedkunst og fra andre fakultet ved NTNU, og studier av eksempel (case-studies). Prosjektarbeid og diskusjoner i grupper. Det vil være feltarbeid av begrenset varighet (4-8 uker) i et utviklingsland.']"
8bb38d215a4fdcbf73eff4d717d230a43821eddc,8bf7d0794112eb460d1eb5ee715f0d6c7ae79958,https://www.ntnu.no/studieinformasjon/siving/eldre/97-98/1/14006.htm,https://www.ntnu.no/studieinformasjon/siving/eldre/97-98/1/15046.htm,"['Mål: Faget gjev ei innføring i fysisk planlegging for sivilingeniørstudentar.', 'Forutsetning: Ingen.', 'Innhold: Gjennom aktuelle eksempel blir fysisk planlegging introdusert, med bidrag frå fagfelta by- og regionplanlegging, samferdselsteknikk, vegplanlegging og vassbygg. Aktuelle tema: Planleggingsoppgåver og -problem, planleggingshistorie, samordning og konfliktar, planprosess og aktørar, planleggingsteori og -metodar.']","['Mål: Faget er en videreføring av fag SAA5038 Arkitektur 6 og omfatter prosjektering av en større bygning eller bygningsgruppe, hvor program og lokaliseringsforutsetningene er klare.', 'Forutsetning: Basiskunnskaper i arkitektur.', 'Innhold: Prosjekteringstemaene tas fra kulturliv, helse\xad og sosialsektoren, undervisning og forskning, forvaltning og næringsliv. Oppgavene skal avspeile konkrete og aktuelle behov i samfunnet og inneholde de viktigste funksjonelle, tekniske og estetiske problemelementene som forekommer i tilsvarende oppgaver i yrkespraksis.', 'Undervisningsform: Temarettet introduksjonsseminar. Prosjekteringsoppgavene utføres som selvstudium med veiledning. Temarettede forelesninger og kollokvier. Befaringer. Bedømmelse skjer på grunnlag av fremlagt prosjektmateriale hvor det legges særlig vekt på arkitektonisk helhetsløsning.']"
8bb38d215a4fdcbf73eff4d717d230a43821eddc,33235cd3aeb1caa94927b91a9ea38d2f91991c6b,https://www.ntnu.no/studieinformasjon/siving/eldre/97-98/1/14006.htm,https://www.ntnu.no/studieinformasjon/siving/eldre/97-98/1/14026.htm,"['Mål: Faget gjev ei innføring i fysisk planlegging for sivilingeniørstudentar.', 'Forutsetning: Ingen.', 'Innhold: Gjennom aktuelle eksempel blir fysisk planlegging introdusert, med bidrag frå fagfelta by- og regionplanlegging, samferdselsteknikk, vegplanlegging og vassbygg. Aktuelle tema: Planleggingsoppgåver og -problem, planleggingshistorie, samordning og konfliktar, planprosess og aktørar, planleggingsteori og -metodar.']","['Innhold: Faget tar opp byfornyelse ut fra et ressursperspektiv. Tema: (1) Historisk perspektiv. (2) Analyse av eksisterende ressurser, herunder kulturminner, boliger, service, næringsvirksomhet, trafikk og -miljø, rekreasjonsareal, befolkning. (3) Strategier, virkemidler og aktører i planprosessen. (4) Forvaltning og drift av byområder', 'Undervisningsform: Forelesninger og øvinger. Øvingene gjennomføres som gruppearbeid og teller halvparten ved fastsetting av karakter.']"
8bb38d215a4fdcbf73eff4d717d230a43821eddc,29afe28ed55e030e6886627e517330c59daba67b,https://www.ntnu.no/studieinformasjon/siving/eldre/97-98/1/14006.htm,https://www.ntnu.no/studieinformasjon/siving/eldre/97-98/1/15064.htm,"['Mål: Faget gjev ei innføring i fysisk planlegging for sivilingeniørstudentar.', 'Forutsetning: Ingen.', 'Innhold: Gjennom aktuelle eksempel blir fysisk planlegging introdusert, med bidrag frå fagfelta by- og regionplanlegging, samferdselsteknikk, vegplanlegging og vassbygg. Aktuelle tema: Planleggingsoppgåver og -problem, planleggingshistorie, samordning og konfliktar, planprosess og aktørar, planleggingsteori og -metodar.']","['Mål: Faget er en videreføring av fag SAA5038 Arkitektur 6 og omfatter prosjektering av en større bygning eller bygningsgruppe.', 'Forutsetning: Basiskunnskaper i arkitektur.', 'Innhold: Prosjekteringstemaene tas fra kulturliv, helse- og sosialsektorer, undervisning og forskning, industri og næringsliv. Oppgavene skal avspeile konkrete og aktuelle behov i samfunnet og inneholde funksjonelle, tekniske og estetiske problemstillinger som forekommer i tilsvarende oppgaver i praksis. Det legges vekt på helhetlige, arkitektoniske løsninger.']"
8bb38d215a4fdcbf73eff4d717d230a43821eddc,c7c35ada7c8436aa70bb58623b535cc57fd38350,https://www.ntnu.no/studieinformasjon/siving/eldre/97-98/1/14006.htm,https://www.ntnu.no/studieinformasjon/siving/eldre/97-98/1/14076.htm,"['Mål: Faget gjev ei innføring i fysisk planlegging for sivilingeniørstudentar.', 'Forutsetning: Ingen.', 'Innhold: Gjennom aktuelle eksempel blir fysisk planlegging introdusert, med bidrag frå fagfelta by- og regionplanlegging, samferdselsteknikk, vegplanlegging og vassbygg. Aktuelle tema: Planleggingsoppgåver og -problem, planleggingshistorie, samordning og konfliktar, planprosess og aktørar, planleggingsteori og -metodar.']","['Mål: Faget skal gi forståelse for forutsetninger og anvendbar kunnskap for gjennomføring av planlegging, infrastruktur og byggevirksomhet på et bærekraftig grunnlag i utviklingsland.', 'Forutsetning: Faget bør velges av studenter som skal ta fag SAA4079 Prosjekt i utviklingsland og fag SAA4080 Byøkologisk planlegging. Faget må velges av studenter som skal ta hovedoppgave i utviklingsland. Samkjøres med fag SAA4077 for Fakultet for arkitektur, plan og billedkunst.', 'Innhold: Planlegging for bærekraftig utvikling krever kunnskaper på et bredt tverrfaglig grunnlag. Kurset vil diskutere teori- og metodegrunnlag for bærekraftig samfunns- og byutvikling, planlegging og byggevirksomhet. Miljø-, sosioøkonomiske-, fysiske- og kulturelle faktorer skal sees i sammenheng, og ut fra ulike stedlige betingelser. Det vil legges vekt på eksempel som illustrerer ulike betingelser og institusjonelle rammer for utvikling og gjennomføring av prosjekt i bistandssamarbeid. Planlegging under krise og for igjenoppbygging etter katastrofer vil være deltema. Det skal gjennomføres øvingsoppgave med prosjektdokument ut fra FN-format.', 'Undervisningsform: Faget er et samarbeid mellom flere institutter ved Fakultet for arkitektur, plan og billedkunst og Fakultet for bygg- og miljøteknikk. Det legges vekt på tverrfaglige seminarer med innledere fra andre fakultet ved NTNU, og studier av eksempel (case-studies). En studie-/øvingsoppgave skal gjennomføres.']"
8bb38d215a4fdcbf73eff4d717d230a43821eddc,cc88cf69641c5b6b13c7b93c82e909ae56cdb425,https://www.ntnu.no/studieinformasjon/siving/eldre/97-98/1/14006.htm,https://www.ntnu.no/studieinformasjon/siving/eldre/97-98/1/14073.htm,"['Mål: Faget gjev ei innføring i fysisk planlegging for sivilingeniørstudentar.', 'Forutsetning: Ingen.', 'Innhold: Gjennom aktuelle eksempel blir fysisk planlegging introdusert, med bidrag frå fagfelta by- og regionplanlegging, samferdselsteknikk, vegplanlegging og vassbygg. Aktuelle tema: Planleggingsoppgåver og -problem, planleggingshistorie, samordning og konfliktar, planprosess og aktørar, planleggingsteori og -metodar.']","['Mål: Faget skal gi forståelse av omgivelsesproduksjonen og byens arkitektur, metoder til beskrivelse og tolking av omgivelsene og gi holdepunkter for arkitektonisk forming. Som tema tar en også opp strategier og planredskaper i byplanlegging.', 'Forutsetning: Basiskunnskaper i arkitektur.', 'Innhold: Faget består av en teoridel og en prosjektdel. Prosjektarbeidet vil bli lagt til et bestemt by\xad eller tettstedsområde der en vil studere og analysere arkitektoniske og pragmatiske forutsetninger, og utarbeide forslag til omforming av området. Teoridelen omfatter generell kunnskap om teori, metoder og redskaper i fysisk planlegging på stedsnivå. Utvidet teori inngår i fag SAA4028 Byformingshistorie og teori.']"
8bb38d215a4fdcbf73eff4d717d230a43821eddc,8aabe314beccccce5c11a8e5e3b1665401234916,https://www.ntnu.no/studieinformasjon/siving/eldre/97-98/1/14006.htm,https://www.ntnu.no/studieinformasjon/siving/eldre/97-98/1/14079.htm,"['Mål: Faget gjev ei innføring i fysisk planlegging for sivilingeniørstudentar.', 'Forutsetning: Ingen.', 'Innhold: Gjennom aktuelle eksempel blir fysisk planlegging introdusert, med bidrag frå fagfelta by- og regionplanlegging, samferdselsteknikk, vegplanlegging og vassbygg. Aktuelle tema: Planleggingsoppgåver og -problem, planleggingshistorie, samordning og konfliktar, planprosess og aktørar, planleggingsteori og -metodar.']","['Mål: Faget skal gi forståelse av forutsetninger for, innhold av og metoder for gjennomføring av prosjektorienterte, lokale planleggingstiltak i utviklingsland.', 'Forutsetning: Faget samordnes med fag SAA4077 Planlegging og bygging i utviklingsland. Studenter som har tatt dette faget gis fortrinnsrett. Det er adgangsbegrensing.', 'Innhold: Prosjektrettet planlegging som både gir kortsiktig resultat og en langsiktig bærekraftig utvikling, er en utfordring. Desentralisering og samordning innen rammene av kommunalt selvstyre er i fokus ved byfornyelse i utviklingsland. Integrert aksjonsplanlegging er et verktøy som er under utvikling, og som brukes sammen med lokale arealbruks- og aktivitetsplanlegging. Faget er prosjektrettet med feltarbeid i utviklingsland. Studier skal legge grunnlaget for å forstå årsaker og virkninger av lokale endringsprosesser i byene. Dette skal videreføres i integrerte, men veldefinerte, planleggingsprosjekt. Prosjektarbeidet vil være i nært samarbeid med lokale fagfolk og i lokalsamfunn. Det skal utarbeides et prosjektdokument i FN-format basert på feltarbeidet.', 'Undervisningsform: Seminarer. Studier av eksempel (case-studies). Prosjektarbeid og diskusjoner i grupper. Det vil være feltarbeid av begrenset varighet (4-8 uker) i et utviklingsland.']"
8bb38d215a4fdcbf73eff4d717d230a43821eddc,577b8a5050fffcf2f0cae3d576b80d64dcd06024,https://www.ntnu.no/studieinformasjon/siving/eldre/97-98/1/14006.htm,https://www.ntnu.no/studieinformasjon/siving/eldre/97-98/1/11036.htm,"['Mål: Faget gjev ei innføring i fysisk planlegging for sivilingeniørstudentar.', 'Forutsetning: Ingen.', 'Innhold: Gjennom aktuelle eksempel blir fysisk planlegging introdusert, med bidrag frå fagfelta by- og regionplanlegging, samferdselsteknikk, vegplanlegging og vassbygg. Aktuelle tema: Planleggingsoppgåver og -problem, planleggingshistorie, samordning og konfliktar, planprosess og aktørar, planleggingsteori og -metodar.']","['Mål: Med faget ønsker man å gi en dypere forståelse for spesielt valgte temaer innen bygningsteknologi. Temaene kan variere fra år til år, og det kan være spesielle problemstillinger som dukker opp.', 'Forutsetning: Bør ha gjennomført relevante grunnkurs innen fagområdet eller ha tilsvarende kunnskaper.', 'Innhold: Et av disse temaene fra A til H kan velges. A: Ressursvennlige boliger. B: Lavenergibygninger. C: Alternative energikilder. D: Klimatilpasning. E: Glassoverdekninger. F: Store konstruksjoner. G: Systembygging. H: Optimalisering av bygningskonstruksjoner. Dersom det samme år er aktuelle EEU\xadkurs innen fagområdet, samordnes dette.', 'Undervisningsform: Felles for alle studentene ved det respektive kurs, er en informasjonsdel (teori) med forelesninger. Oppgaveformen varierer. Det kan være en større hovedoppgave i form av prosjektering eller utredning. Arbeidene teller 50% i den endelige karakteren i faget.', 'Kursmateriell: Instituttet har laget egne kompendier i de fleste fagene og i tillegg blir det delt ut litteratur og forelesningsliste ved kursstart.']"
8bb38d215a4fdcbf73eff4d717d230a43821eddc,f357a99bffbf8747ecf1bde4a5d3fd0cda7b20c6,https://www.ntnu.no/studieinformasjon/siving/eldre/97-98/1/14006.htm,https://www.ntnu.no/studieinformasjon/siving/eldre/97-98/1/14060.htm,"['Mål: Faget gjev ei innføring i fysisk planlegging for sivilingeniørstudentar.', 'Forutsetning: Ingen.', 'Innhold: Gjennom aktuelle eksempel blir fysisk planlegging introdusert, med bidrag frå fagfelta by- og regionplanlegging, samferdselsteknikk, vegplanlegging og vassbygg. Aktuelle tema: Planleggingsoppgåver og -problem, planleggingshistorie, samordning og konfliktar, planprosess og aktørar, planleggingsteori og -metodar.']","['Mål: Faget gir en grunnleggende innføring i fysisk planlegging, med forming av omgivelser som det sentrale emnet.', 'Forutsetning: Ingen.', 'Innhold: Temamessig er det bygd opp om 4 hoveddeler: Analysemetoder for forståelse av omgivelsene som arkitektur. Fysisk planlegging \xad teori og metoder. Infrastruktur. Planredskaper.', 'Undervisningsform: Undervisningen i faget er samordnet med fag SAA4061 Arkitektur 5. De to fagene danner tilsammen et helhetlig undervisningstilbud der Planleggingskunnskap omfatter teori og Arkitektur 5 gir øvingsoppgaver.']"
8bb38d215a4fdcbf73eff4d717d230a43821eddc,bc2836716e808e930497462db533fdb2d6e6c4e4,https://www.ntnu.no/studieinformasjon/siving/eldre/97-98/1/14006.htm,https://www.ntnu.no/studieinformasjon/siving/eldre/97-98/1/14059.htm,"['Mål: Faget gjev ei innføring i fysisk planlegging for sivilingeniørstudentar.', 'Forutsetning: Ingen.', 'Innhold: Gjennom aktuelle eksempel blir fysisk planlegging introdusert, med bidrag frå fagfelta by- og regionplanlegging, samferdselsteknikk, vegplanlegging og vassbygg. Aktuelle tema: Planleggingsoppgåver og -problem, planleggingshistorie, samordning og konfliktar, planprosess og aktørar, planleggingsteori og -metodar.']","['Mål: Faget skal gi kjennskap til landskapsplanlegging på oversiktsnivå, med hovedvekt på analyse-metoder.', 'Forutsetning: For fak. B må fag 14021 Fysisk planlegging GK 1 og 2 eller 14022 Fysisk planlegging GK 1 være bestått.', 'Innhold: I landskapsplanlegging legges det vekt på analyse av muligheter og begrensninger i landskap og naturgrunnlag. Aktuelle tema: Problemstillinger på ulike plannivå; landskap, landskapskomponenter og landskapsøkologi; landskapsopplevelse og visuelle landskapsanalyser; analyseprosesser: Datagrunnlag, analyseteknikker og modelltyper, bruk av geografisk informajonssystem (GIS); utvikling av egnethetsmodeller og miljøkonsekvensanalyser. Prosjektarbeid i fagene 14045 og 14088 kan knyttes til faget.']"
8bb38d215a4fdcbf73eff4d717d230a43821eddc,b5e29f227385507ff968f335a8e17ee374ddb975,https://www.ntnu.no/studieinformasjon/siving/eldre/97-98/1/14006.htm,https://www.ntnu.no/studieinformasjon/siving/eldre/97-98/1/11046.htm,"['Mål: Faget gjev ei innføring i fysisk planlegging for sivilingeniørstudentar.', 'Forutsetning: Ingen.', 'Innhold: Gjennom aktuelle eksempel blir fysisk planlegging introdusert, med bidrag frå fagfelta by- og regionplanlegging, samferdselsteknikk, vegplanlegging og vassbygg. Aktuelle tema: Planleggingsoppgåver og -problem, planleggingshistorie, samordning og konfliktar, planprosess og aktørar, planleggingsteori og -metodar.']","['Mål: Faget skal gi muligheter for fordypning i utvalgte emneområder fra grunnfaget Bygningsadministrasjon etter avtale med studentgruppen i hvert tilfelle.', 'Forutsetning: Fag SAA1044 Bygningsadministrasjon.', 'Innhold: Videregående studier innenfor fagområdene administrasjon, organiasjon og økonomi i byggebransjen. Kommunikasjon og informasjon i byggebransjen, datasamordning og klassifikasjon. Organisasjonsformer, prosjektering og byggesaksutvikling. Prosjekt- og prosjekteringsledelse tillegges betydelig vekt. Systematisering av prosjekteringsmateriale og bruk av EDB i planleggingsprosessen. Forvaltning, drift og vedlikehold av bygninger. Kostnadskalkulasjon og analyser av sammenheng mellom arkitektur og økonomi. Trinnvis kalkulasjon og nettverksplanlegging.', 'Undervisningsform: Forelesninger, seminarer og veiledning i selvstudium. Øvinger og prosjektarbeid utformes individuelt eller som et samlet gruppearbeide. EEU\xadkurs inngår dersom dette arrangeres. Arbeidene teller 50% i den endelige karakteren i faget.', 'Kursmateriell: Robert Wigen: Bygningsøkonomi, Tapir.', 'Samling av artikler og foredragsreferater fra kurs og konferanser i bransjen.']"
8bb38d215a4fdcbf73eff4d717d230a43821eddc,a193b41f5b70da65d8a68ca37322b3a9420d0dfc,https://www.ntnu.no/studieinformasjon/siving/eldre/97-98/1/14006.htm,https://www.ntnu.no/studieinformasjon/siving/eldre/97-98/1/14088.htm,"['Mål: Faget gjev ei innføring i fysisk planlegging for sivilingeniørstudentar.', 'Forutsetning: Ingen.', 'Innhold: Gjennom aktuelle eksempel blir fysisk planlegging introdusert, med bidrag frå fagfelta by- og regionplanlegging, samferdselsteknikk, vegplanlegging og vassbygg. Aktuelle tema: Planleggingsoppgåver og -problem, planleggingshistorie, samordning og konfliktar, planprosess og aktørar, planleggingsteori og -metodar.']","['Mål: Faget gir en elementær innføring i forskningsmetoder for studenter som forbedredelse til arbeid med prosjektoppgaver og hovedoppgaver innenfor problemstillinger i by\xad og regionplanlegging.', 'Forutsetning: Ingen.', 'Innhold: Det gis en gjennomgåelse av forskningsmetoder (hypoteseprøvende vs. hypotesegenererende, deduktive vs. induktive) i forhold til aktuelle prosjekter og litteratur om forskningsmetode. Bidrag skal gis av gjesteforelesere fra forskjellige forskningsmiljøer (fysisk planlegging, arkitektur, sosialvitenskap). Studentene skal gjennom presentasjon av egne prosjektideer lære å vurdere egne og andres forskningsdesign. Studentene skal utarbeide skriftlig underlag for det de presenterer i form av en prosjektbeskrivelse som kan tjene som søknad til et forskningsråd.', 'Undervisningsform: Forelesninger, seminarer basert på studentprosjekter. Prosjektarbeidene teller 50% i den endelige karakteren i faget.']"
8bb38d215a4fdcbf73eff4d717d230a43821eddc,4f6d953ab2b085c5c86f01d750041cbc5c29b2a8,https://www.ntnu.no/studieinformasjon/siving/eldre/97-98/1/14006.htm,https://www.ntnu.no/studieinformasjon/siving/eldre/97-98/1/14003.htm,"['Mål: Faget gjev ei innføring i fysisk planlegging for sivilingeniørstudentar.', 'Forutsetning: Ingen.', 'Innhold: Gjennom aktuelle eksempel blir fysisk planlegging introdusert, med bidrag frå fagfelta by- og regionplanlegging, samferdselsteknikk, vegplanlegging og vassbygg. Aktuelle tema: Planleggingsoppgåver og -problem, planleggingshistorie, samordning og konfliktar, planprosess og aktørar, planleggingsteori og -metodar.']",['Undervisningsform: Undervisningen gis i samarbeid mellom flere institutter. Deler av undervisningen vil bli gjennomført som problembasert læring. Forelesninger og obligatoriske øvinger i grupper. 6 dager feltøvinger i landmåling i forbindelse med eksamensperioden. Øvingene teller i den endelige karakteren i faget.']
8bb38d215a4fdcbf73eff4d717d230a43821eddc,81d745509c600c1303f31479f538ead988f28ee7,https://www.ntnu.no/studieinformasjon/siving/eldre/97-98/1/14006.htm,https://www.ntnu.no/studieinformasjon/siving/eldre/97-98/1/14061.htm,"['Mål: Faget gjev ei innføring i fysisk planlegging for sivilingeniørstudentar.', 'Forutsetning: Ingen.', 'Innhold: Gjennom aktuelle eksempel blir fysisk planlegging introdusert, med bidrag frå fagfelta by- og regionplanlegging, samferdselsteknikk, vegplanlegging og vassbygg. Aktuelle tema: Planleggingsoppgåver og -problem, planleggingshistorie, samordning og konfliktar, planprosess og aktørar, planleggingsteori og -metodar.']","['Forutsetning: Faget samordnes med fag SAA4060 Planleggingskunnskap for arkitekter, som gir den teoretiske kunnskapen.', 'Innhold: Faget tar for seg et tettsted eller en bydel som studieområde. En gjennomgår ulike modeller for å hente kunnskap om området og ulike innfallsvinkler og metoder for fysisk planlegging i området. Hovedvekten blir lagt på å analysere og forstå de fysiske omgivelsene som arkitektur. Semester-oppgaven blir programmert av studentene selv på grunnlag av analysen av studieområdet. Dette vil være en byformingsoppgave på oversikts\xad eller detaljnivå.']"
8bb38d215a4fdcbf73eff4d717d230a43821eddc,a2fd95eab103b37dbeca7b083e687fc8b17a8915,https://www.ntnu.no/studieinformasjon/siving/eldre/97-98/1/14006.htm,https://www.ntnu.no/studieinformasjon/siving/eldre/97-98/1/14028.htm,"['Mål: Faget gjev ei innføring i fysisk planlegging for sivilingeniørstudentar.', 'Forutsetning: Ingen.', 'Innhold: Gjennom aktuelle eksempel blir fysisk planlegging introdusert, med bidrag frå fagfelta by- og regionplanlegging, samferdselsteknikk, vegplanlegging og vassbygg. Aktuelle tema: Planleggingsoppgåver og -problem, planleggingshistorie, samordning og konfliktar, planprosess og aktørar, planleggingsteori og -metodar.']","['Mål: Faget gir en innføring i den moderne europeiske byplanhistorien og teori bak byforming. Egner seg som støtte for fag SAA4073.', 'Forutsetning: Arkitektstudenter som vil ta faget, forutsettes å ha gjennomført fag SAA4060 Planleggingskunnskap for arkitekter og fag SAA3554 Arkitekturens teori og historie 3. Byggstudenter som vil ta faget, forutsettes å ha gjennomført fag 14021 Fysisk detaljplanlegging GK 1 og 2.', 'Innhold: Teoretisk studium i nyere byplanhistorie og byformingsteorier. Pensum har en obligatorisk og en sjølvalgt del. Kandidatene skriver et essay med utgangspunkt i pensumlitteraturen.', 'Undervisningsform: Undervisningen skjer i seminarform og forelesninger.', 'Kursmateriell: Kompendier. ed. R.T. Legates, F. Stout: The City Reader.']"
8bb38d215a4fdcbf73eff4d717d230a43821eddc,69d52cbd393bea3f85ff53ccf0592d5e3d9bdadc,https://www.ntnu.no/studieinformasjon/siving/eldre/97-98/1/14006.htm,https://www.ntnu.no/studieinformasjon/siving/eldre/97-98/1/15003.htm,"['Mål: Faget gjev ei innføring i fysisk planlegging for sivilingeniørstudentar.', 'Forutsetning: Ingen.', 'Innhold: Gjennom aktuelle eksempel blir fysisk planlegging introdusert, med bidrag frå fagfelta by- og regionplanlegging, samferdselsteknikk, vegplanlegging og vassbygg. Aktuelle tema: Planleggingsoppgåver og -problem, planleggingshistorie, samordning og konfliktar, planprosess og aktørar, planleggingsteori og -metodar.']","['Mål: Faget tar sikte på å oppøve evnen til å behandle interiøret som en arkitektonisk helhet.', 'Forutsetning: Bygger på undervisningen i romlaboratoriet og på interiørkurset i fag SAA5018 Arkitektur 3.', 'Innhold: Tidligere erfaring fra øvelsene i romlaboratoriet følges opp med plassering og utforming av møbelelementer i forhold til rommets aktive og passive soner, fra fri eksperimentering (lys - flate - volum) til hverdagens realitet i vårt nærmiljø.']"
8bb38d215a4fdcbf73eff4d717d230a43821eddc,f2af4cf4ee3ad61f0963a24552b2c69d763fb036,https://www.ntnu.no/studieinformasjon/siving/eldre/97-98/1/14006.htm,https://www.ntnu.no/studieinformasjon/siving/eldre/97-98/4/42006.htm,"['Mål: Faget gjev ei innføring i fysisk planlegging for sivilingeniørstudentar.', 'Forutsetning: Ingen.', 'Innhold: Gjennom aktuelle eksempel blir fysisk planlegging introdusert, med bidrag frå fagfelta by- og regionplanlegging, samferdselsteknikk, vegplanlegging og vassbygg. Aktuelle tema: Planleggingsoppgåver og -problem, planleggingshistorie, samordning og konfliktar, planprosess og aktørar, planleggingsteori og -metodar.']","['Mål: Gjennom praktisk laboratoriearbeid tar faget sikte på å belyse emner som er sentrale i elektronikklinjens fagkrets. Samtidig skal en få erfaring i bruk av måleinstrumenter og kjennskap til analoge\xad og digitale elektroniske komponenter som benyttes i signalbehandling og telekommunikasjon.', 'Forutsetning: Kunnskaper tilsvarende elektrofagene for linjens 1. og 2. årskurs.', 'Innhold: Ved målinger på enkle oppkoplinger av standard diskrete og integrerte elektronikk\xadkomponenter belyses fundamentale signalteoretiske begrep. Sentrale stikkord for fagets innhold kan være tilbakekopling, forvrengning og linearisering, automatisk forsterkningskontroll, tids\xadfrekvens\xadsammenheng gjennom Fourier\xadLaplace og Z\xadtransformasjonen, A/D og D/A omforming, koding, analog\xad og digital filtrering og modulasjon, autokorrelajon, faselåsing og synkronisering. Av komponenter som benyttes i faget vil en finne dioder, operasjonsforsterkere, felteffekt\xad og bipolar transistor, portkretser (NAND, EX\xad OR,..), spenningskomparator, D\xad og JK\xadvipper, skiftregister, tellekrets, sample\xad and hold krets, fasekomparator\xad og spenningskontrollert oscillator i faselåst sløyfe, optiske fibre og elektro-optikk.', 'Undervisningsform: Den praktiske gjennomføringen foregår i grupper a to studenter. Hver student skal skrive en rapport pr. semester.']"
8bb38d215a4fdcbf73eff4d717d230a43821eddc,ae77c14ce8cd449be7b81b6b4ad9db9741b2a788,https://www.ntnu.no/studieinformasjon/siving/eldre/97-98/1/14006.htm,https://www.ntnu.no/studieinformasjon/siving/eldre/97-98/1/10010.htm,"['Mål: Faget gjev ei innføring i fysisk planlegging for sivilingeniørstudentar.', 'Forutsetning: Ingen.', 'Innhold: Gjennom aktuelle eksempel blir fysisk planlegging introdusert, med bidrag frå fagfelta by- og regionplanlegging, samferdselsteknikk, vegplanlegging og vassbygg. Aktuelle tema: Planleggingsoppgåver og -problem, planleggingshistorie, samordning og konfliktar, planprosess og aktørar, planleggingsteori og -metodar.']","['Mål: Videregående studier innen ett eller flere av de fagområder hvor fakultetet driver forskning eller undervisning.', 'Forutsetning: Basiskunnskaper i arkitektur.', 'Innhold: Aktuelle oppgaver og problemstillinger som dukker opp utenfor rammene av den planlagte undervisning i andre videregående kurs. Oppgavene vil være knyttet til de fagområder hvor fakultetet er forpliktet til å utvikle ny innsikt og kunnskap, og hvor en undersøkelse og fordypning gjennom et samarbeid mellom lærere og studenter vil være tjenlig.', 'Undervisningsform: Prosjektarbeider, seminar og individuell veiledning.']"
6d7684061eeef4366d0d728c14a5ed89ea79ea25,ac3bb33d1f4e330776a6758c8404d5e78f31940b,https://www.ntnu.no/studieinformasjon/siving/eldre/97-98/7/74055.htm,https://www.ntnu.no/studieinformasjon/siving/eldre/97-98/7/74670.htm,"['Mål: Med utgangspunkt i generell fysikk skal faget gi ei kort innføring i generell energiproblematikk, og særlig ei innsikt i tilgangen på og utnyttinga av fornyelege energikjelder.', 'Forutsetning: Generelle kunnskapar i fysikk (faga 74141 - se studieplan for 1996/97 - og 74142 eller tilsvarande) og i fluidmekanikk (faget 61121, 61123, 61124 eller 61125).', 'Innhold: Tilgang på og bruk av konvensjonelle energikjelder. Berekraftig energi for framtida. Solenergi. Solvarme. Solceller. Bioenergi. Vasskraftenergi. Vindenergi. Havbølgjeenergi. Andre energikjelder i havet. Geotermisk energi. Samkjøring. Hydrogen som energilager. Kostnads- og miljøspørsmål vedrørande konvensjonelle og nye fornyelege energikjelder.', 'Undervisningsform: Førelesningar og øvingar.', 'Kursmateriell: Førelesningsnotat og litteratur som det blir opplyst om når undervisninga startar.']","['Mål: Faget tar sikte på å gi kunnskap om fysiske prinsipper og metoder brukt i medisinsk diagnostikk og terapi, med særlig vekt på utstyr og prinsipper for bildedannelse.', 'Forutsetning: Fag 74252 Anvendt strålingsfysikk eller likeverdige kunnskaper.', 'Innhold: Scintillasjonskamera, emisjons-tomografi (SPECT, PET), røntgenapparatur, transmisjonsdatatomografi (CT), anvendelser av medisinsk ultralyd, magnetresonans-tomografi, teoretisk beskrivelse av bildedannelse, rekonstruksjonsalgoritmer for tomografi, støy i medisinske bilder, eksempler på bildebehandling. Kvalitetsikring av avbildningsprosedyrer. Apparatur for stråleterapi, utstyr for sanntids-verifikasjon av ekstern strålebehandling, behandling med radioaktive forbindelser. Elektrisk sikkerhet ved bruk av medisinsk teknisk utstyr.', 'Undervisningsform: Forelesninger og obligatoriske laboratorieøvinger/obligatorisk ekskursjon til Det Norske Radiumhospital i Oslo.', 'Kursmateriell: S. Webb: The Physics of Medical Imaging, Adam Hilger 1990.']"
6d7684061eeef4366d0d728c14a5ed89ea79ea25,bbb1f70732290a153153b40a82f111f21aed84a5,https://www.ntnu.no/studieinformasjon/siving/eldre/97-98/7/74055.htm,https://www.ntnu.no/studieinformasjon/siving/eldre/97-98/7/74635.htm,"['Mål: Med utgangspunkt i generell fysikk skal faget gi ei kort innføring i generell energiproblematikk, og særlig ei innsikt i tilgangen på og utnyttinga av fornyelege energikjelder.', 'Forutsetning: Generelle kunnskapar i fysikk (faga 74141 - se studieplan for 1996/97 - og 74142 eller tilsvarande) og i fluidmekanikk (faget 61121, 61123, 61124 eller 61125).', 'Innhold: Tilgang på og bruk av konvensjonelle energikjelder. Berekraftig energi for framtida. Solenergi. Solvarme. Solceller. Bioenergi. Vasskraftenergi. Vindenergi. Havbølgjeenergi. Andre energikjelder i havet. Geotermisk energi. Samkjøring. Hydrogen som energilager. Kostnads- og miljøspørsmål vedrørande konvensjonelle og nye fornyelege energikjelder.', 'Undervisningsform: Førelesningar og øvingar.', 'Kursmateriell: Førelesningsnotat og litteratur som det blir opplyst om når undervisninga startar.']","['Mål: Faget tar sikte på å gi en bred innføring i de molekylære prinsipper som ligger til grunn for biomolekylers og biomolekylsystemers fysiske egenskaper, og sentrale eksperimentelle metoder for bestemmelse av slike egenskaper.']"
6d7684061eeef4366d0d728c14a5ed89ea79ea25,7d78b40419ee6b62aee88545d1c711dfd5e87e5a,https://www.ntnu.no/studieinformasjon/siving/eldre/97-98/7/74055.htm,https://www.ntnu.no/studieinformasjon/siving/eldre/97-98/7/74425.htm,"['Mål: Med utgangspunkt i generell fysikk skal faget gi ei kort innføring i generell energiproblematikk, og særlig ei innsikt i tilgangen på og utnyttinga av fornyelege energikjelder.', 'Forutsetning: Generelle kunnskapar i fysikk (faga 74141 - se studieplan for 1996/97 - og 74142 eller tilsvarande) og i fluidmekanikk (faget 61121, 61123, 61124 eller 61125).', 'Innhold: Tilgang på og bruk av konvensjonelle energikjelder. Berekraftig energi for framtida. Solenergi. Solvarme. Solceller. Bioenergi. Vasskraftenergi. Vindenergi. Havbølgjeenergi. Andre energikjelder i havet. Geotermisk energi. Samkjøring. Hydrogen som energilager. Kostnads- og miljøspørsmål vedrørande konvensjonelle og nye fornyelege energikjelder.', 'Undervisningsform: Førelesningar og øvingar.', 'Kursmateriell: Førelesningsnotat og litteratur som det blir opplyst om når undervisninga startar.']","['Mål: Faget skal gi en innføring i fysikken til sterkt ioniserte gasser, dominert av kollektive Coulombvekselvirkninger.', 'Forutsetning: Basiskunnskaper i fysikk, matematikk og mekanikk.', 'Innhold: Plasmabegrepet. Ladningsbevegelser i ytre elektriske og magnetiske felt. Magnetisk innesperring og termonuklear fusjon. Fluid-beskrivelse av plasma og av bølger i plasma. Kinetisk teori for plasma: Vlasovligningen, Landaudemping. Plasmafenomener i ionosfæren.']"
6d7684061eeef4366d0d728c14a5ed89ea79ea25,f071507a5367c5902f07e55f530e9a2dffc64905,https://www.ntnu.no/studieinformasjon/siving/eldre/97-98/7/74055.htm,https://www.ntnu.no/studieinformasjon/siving/eldre/97-98/7/74615.htm,"['Mål: Med utgangspunkt i generell fysikk skal faget gi ei kort innføring i generell energiproblematikk, og særlig ei innsikt i tilgangen på og utnyttinga av fornyelege energikjelder.', 'Forutsetning: Generelle kunnskapar i fysikk (faga 74141 - se studieplan for 1996/97 - og 74142 eller tilsvarande) og i fluidmekanikk (faget 61121, 61123, 61124 eller 61125).', 'Innhold: Tilgang på og bruk av konvensjonelle energikjelder. Berekraftig energi for framtida. Solenergi. Solvarme. Solceller. Bioenergi. Vasskraftenergi. Vindenergi. Havbølgjeenergi. Andre energikjelder i havet. Geotermisk energi. Samkjøring. Hydrogen som energilager. Kostnads- og miljøspørsmål vedrørande konvensjonelle og nye fornyelege energikjelder.', 'Undervisningsform: Førelesningar og øvingar.', 'Kursmateriell: Førelesningsnotat og litteratur som det blir opplyst om når undervisninga startar.']","['Mål: Faget tar sikte på å gi studentene en generell innføring i fysiologi og noe patologi.', 'Forutsetning: Eksamen i fag 74618 Cellebiologi 1 eller tilsvarende forkunnskaper. Pga. begrenset laboratoriekapasitet kan bare et begrenset antall studenter følge faget.', 'Innhold: Faget tar for seg de biologiske kontrollsystemer som omfatter nerve-, sanse- og muskelfysiologi, endokrinologi, og organfysiologi som omfatter hjerte og kar, lunger og luftveier, nyrer og fordøyelses-systemet. Patologi knyttes til fysiologien.']"
6d7684061eeef4366d0d728c14a5ed89ea79ea25,eb8db0005bee0702d7d015b666adc698ab6329cb,https://www.ntnu.no/studieinformasjon/siving/eldre/97-98/7/74055.htm,https://www.ntnu.no/studieinformasjon/siving/eldre/97-98/7/78050.htm,"['Mål: Med utgangspunkt i generell fysikk skal faget gi ei kort innføring i generell energiproblematikk, og særlig ei innsikt i tilgangen på og utnyttinga av fornyelege energikjelder.', 'Forutsetning: Generelle kunnskapar i fysikk (faga 74141 - se studieplan for 1996/97 - og 74142 eller tilsvarande) og i fluidmekanikk (faget 61121, 61123, 61124 eller 61125).', 'Innhold: Tilgang på og bruk av konvensjonelle energikjelder. Berekraftig energi for framtida. Solenergi. Solvarme. Solceller. Bioenergi. Vasskraftenergi. Vindenergi. Havbølgjeenergi. Andre energikjelder i havet. Geotermisk energi. Samkjøring. Hydrogen som energilager. Kostnads- og miljøspørsmål vedrørande konvensjonelle og nye fornyelege energikjelder.', 'Undervisningsform: Førelesningar og øvingar.', 'Kursmateriell: Førelesningsnotat og litteratur som det blir opplyst om når undervisninga startar.']","['Mål: Faget skal gi en innføring i metoder og teknikker for analyse, konstruksjon og forvaltning av informasjonsbehandlingssystemer.', 'Forutsetning: Datakunnskaper tilsvarende fagene i 1. og 2. årskurs.', 'Innhold: Faget gir en innføring i teknikker for analyse og konstruksjon av informasjonsbehandlingssystemer. Faget omfatter: Prinsipper for systemutvikling, informasjonsrepresentasjon, informasjonssystem\xadanalyse\xadteknikker, metoder for spesifikasjon av prosesslogikk, metoder for konstruksjon av databehandlingssystemer (modularisering, databasekonstruksjon), konfigurasjons-kontroll, systemforvaltning, organisering av systemutviklingsprosjekter, litt ytelsesvurdering.']"
6d7684061eeef4366d0d728c14a5ed89ea79ea25,90c9b8254bcbdac9650d6ae6e671f3cb49d7c061,https://www.ntnu.no/studieinformasjon/siving/eldre/97-98/7/74055.htm,https://www.ntnu.no/studieinformasjon/siving/eldre/96-97/7/74055.htm,"['Mål: Med utgangspunkt i generell fysikk skal faget gi ei kort innføring i generell energiproblematikk, og særlig ei innsikt i tilgangen på og utnyttinga av fornyelege energikjelder.', 'Forutsetning: Generelle kunnskapar i fysikk (faga 74141 - se studieplan for 1996/97 - og 74142 eller tilsvarande) og i fluidmekanikk (faget 61121, 61123, 61124 eller 61125).', 'Innhold: Tilgang på og bruk av konvensjonelle energikjelder. Berekraftig energi for framtida. Solenergi. Solvarme. Solceller. Bioenergi. Vasskraftenergi. Vindenergi. Havbølgjeenergi. Andre energikjelder i havet. Geotermisk energi. Samkjøring. Hydrogen som energilager. Kostnads- og miljøspørsmål vedrørande konvensjonelle og nye fornyelege energikjelder.', 'Undervisningsform: Førelesningar og øvingar.', 'Kursmateriell: Førelesningsnotat og litteratur som det blir opplyst om når undervisninga startar.']","['Mål: Klargjøring av muligheter og miljøkonsekvenser knyttet til industrisamfunnets globale energibehov med hovedvekt på aktuelle fysiske prosesser.', 'Forutsetning: De generelle, fakultetsvise fysikk\xadkurs.', 'Innhold: Industrisamfunnets energiforsyning blir analysert i et langsiktig, globalt perspektiv, med vekt på miljøkonsekvenser. Spesielt vil muligheter og forutsetninger for overgang til energisystem basert på kretsløpressurser bli diskutert. Hovedvekten legges på aktuelle fysiske prosesser. Følgende tema blir tatt opp: Bruken av energi i forskjellige samfunn; tradisjonelle energiressurser, omfang og miljøeffekter; varmeovergang og eksergi, muligheter for ressursøkonomisering; kjernekraft, briderreaktor og fusjon, politiske problemer og miljøproblemer; solenergi, solvarme, sol-varmekraftverk, solceller, biomasse; vindkraft, bølgekraft og geometrisk energi.']"
6d7684061eeef4366d0d728c14a5ed89ea79ea25,efef1679bb6c7f34724d41ebf2cb41a3c5530ad4,https://www.ntnu.no/studieinformasjon/siving/eldre/97-98/7/74055.htm,https://www.ntnu.no/studieinformasjon/siving/eldre/97-98/7/78005.htm,"['Mål: Med utgangspunkt i generell fysikk skal faget gi ei kort innføring i generell energiproblematikk, og særlig ei innsikt i tilgangen på og utnyttinga av fornyelege energikjelder.', 'Forutsetning: Generelle kunnskapar i fysikk (faga 74141 - se studieplan for 1996/97 - og 74142 eller tilsvarande) og i fluidmekanikk (faget 61121, 61123, 61124 eller 61125).', 'Innhold: Tilgang på og bruk av konvensjonelle energikjelder. Berekraftig energi for framtida. Solenergi. Solvarme. Solceller. Bioenergi. Vasskraftenergi. Vindenergi. Havbølgjeenergi. Andre energikjelder i havet. Geotermisk energi. Samkjøring. Hydrogen som energilager. Kostnads- og miljøspørsmål vedrørande konvensjonelle og nye fornyelege energikjelder.', 'Undervisningsform: Førelesningar og øvingar.', 'Kursmateriell: Førelesningsnotat og litteratur som det blir opplyst om når undervisninga startar.']","['Mål: Faget skal belyse sentrale sider ved datamaskiners oppbygging og virkemåte gjennom praktiske oppgaver.', 'Forutsetning: Gis i nær tilknytning til fag 78014 Datamaskiner GK og forutsetter tilsvarende kunnskaper.', 'Innhold: Man tar sikte på å belyse grunnleggende begreper og emner innen maskin\xad og programvare (maskinnær programmering) og samspillet mellom ulike funksjonelle enheter. Arbeidsoppgavene er praktiske øvinger med utgangspunkt i faget 78014, og omfatter for tiden assembly programmering, maskinnær programmering i høynivåspråk og maskinvarekonstruksjon basert på rekonfigurerbar logikk.', 'Undervisningsform: Innledende forelesninger, deretter utføres oppgavene i grupper a 2 personer i datalaboratoriet. Faget undervises med 4Ø pr. uke i siste halvdel av høstsemesteret og første halvdel av vårsemesteret.']"
6d7684061eeef4366d0d728c14a5ed89ea79ea25,0332afff2ca3f211de11c797ec92c4fe9eab770c,https://www.ntnu.no/studieinformasjon/siving/eldre/97-98/7/74055.htm,https://www.ntnu.no/studieinformasjon/siving/eldre/97-98/5/54055.htm,"['Mål: Med utgangspunkt i generell fysikk skal faget gi ei kort innføring i generell energiproblematikk, og særlig ei innsikt i tilgangen på og utnyttinga av fornyelege energikjelder.', 'Forutsetning: Generelle kunnskapar i fysikk (faga 74141 - se studieplan for 1996/97 - og 74142 eller tilsvarande) og i fluidmekanikk (faget 61121, 61123, 61124 eller 61125).', 'Innhold: Tilgang på og bruk av konvensjonelle energikjelder. Berekraftig energi for framtida. Solenergi. Solvarme. Solceller. Bioenergi. Vasskraftenergi. Vindenergi. Havbølgjeenergi. Andre energikjelder i havet. Geotermisk energi. Samkjøring. Hydrogen som energilager. Kostnads- og miljøspørsmål vedrørande konvensjonelle og nye fornyelege energikjelder.', 'Undervisningsform: Førelesningar og øvingar.', 'Kursmateriell: Førelesningsnotat og litteratur som det blir opplyst om når undervisninga startar.']","['Mål: Gi studentene en innføring i basale molekylærgenetiske prinsipper og metoder med spesiell vekt på forhold av betydning i bioteknologisk forskning og utvikling.', 'Forutsetning: Bakgrunn i biokjemi tilsvarende fag 54015 Biokjemi GK, 54017 Biokjemi VK og i mikrobiologi tilsvarende fag 54028 Mikrobiologi. På grunn av plassbegrensning kan faget bare tas etter avtale med faglærer. (Maks. antall studenter i faget er 40).', 'Innhold: Faget gir en innføring i basale prinsipper som ligger til grunn for prokaryote og eukaryote organismers molekylære genetikk. Hovedprinsippene for anvendt bruk av rekombinant DNA-teknologi vil også bli gjennomgått. Eksempler på viktige tema som vil bli tatt opp er: Genorganisering i pro- og eukaryoter, regulering av transkripsjon og translasjon, teknikker i rekombinant DNA-teknologi, plasmiders biologi og biotekniske anvendelser av kunnskapen om dette.']"
6d7684061eeef4366d0d728c14a5ed89ea79ea25,e28c6a94973a65bb4001b638fbcc2aa4435fe2a8,https://www.ntnu.no/studieinformasjon/siving/eldre/97-98/7/74055.htm,https://www.ntnu.no/studieinformasjon/siving/eldre/97-98/7/75561.htm,"['Mål: Med utgangspunkt i generell fysikk skal faget gi ei kort innføring i generell energiproblematikk, og særlig ei innsikt i tilgangen på og utnyttinga av fornyelege energikjelder.', 'Forutsetning: Generelle kunnskapar i fysikk (faga 74141 - se studieplan for 1996/97 - og 74142 eller tilsvarande) og i fluidmekanikk (faget 61121, 61123, 61124 eller 61125).', 'Innhold: Tilgang på og bruk av konvensjonelle energikjelder. Berekraftig energi for framtida. Solenergi. Solvarme. Solceller. Bioenergi. Vasskraftenergi. Vindenergi. Havbølgjeenergi. Andre energikjelder i havet. Geotermisk energi. Samkjøring. Hydrogen som energilager. Kostnads- og miljøspørsmål vedrørande konvensjonelle og nye fornyelege energikjelder.', 'Undervisningsform: Førelesningar og øvingar.', 'Kursmateriell: Førelesningsnotat og litteratur som det blir opplyst om når undervisninga startar.']","['Mål: Hensikten med faget er å gi studentene basiskunnskaper innen Markovkjedeteori slik at de senere er istand til å benytte denne teorien innenfor anvendelser som køer, pålitelighetsanalyse, tale\xad og bildebehandling, samt algoritmekonstruksjon.', 'Forutsetning: Fag 75510/75515 Statistikk 1 eller tilsvarende kunnskaper.', 'Innhold: Markovkjeder med diskret og kontinuerlig tidsparameter. Poisson\xadprosesser. Eksempler innen køteori, pålitelighetsanalyse, økonomi, samt dagligdagse problemstillinger.']"
6d7684061eeef4366d0d728c14a5ed89ea79ea25,5804d5a1d19fbfa62d6ca6595f51ad8c3932e555,https://www.ntnu.no/studieinformasjon/siving/eldre/97-98/7/74055.htm,https://www.ntnu.no/studieinformasjon/siving/eldre/97-98/7/75580.htm,"['Mål: Med utgangspunkt i generell fysikk skal faget gi ei kort innføring i generell energiproblematikk, og særlig ei innsikt i tilgangen på og utnyttinga av fornyelege energikjelder.', 'Forutsetning: Generelle kunnskapar i fysikk (faga 74141 - se studieplan for 1996/97 - og 74142 eller tilsvarande) og i fluidmekanikk (faget 61121, 61123, 61124 eller 61125).', 'Innhold: Tilgang på og bruk av konvensjonelle energikjelder. Berekraftig energi for framtida. Solenergi. Solvarme. Solceller. Bioenergi. Vasskraftenergi. Vindenergi. Havbølgjeenergi. Andre energikjelder i havet. Geotermisk energi. Samkjøring. Hydrogen som energilager. Kostnads- og miljøspørsmål vedrørande konvensjonelle og nye fornyelege energikjelder.', 'Undervisningsform: Førelesningar og øvingar.', 'Kursmateriell: Førelesningsnotat og litteratur som det blir opplyst om når undervisninga startar.']","['Mål: Faget skal gi studentene en innføring i hvordan risikoanalyser for tekniske systemer skal gjennomføres, samt en oversikt over de mest sentrale metoder og teknikker og deres anvendelser.', 'Forutsetning: Ingen.', 'Innhold: Definisjon av begreper og angrepsmåter for risikoanalyse blir drøftet. Videre vil kvalitative metoder for kartlegging av farekilder bli forklart. Slike metoder er Feilmodi og feileffektmetoden. (FMEA), Fare og operasjonsanalyse (HAZOP), og Grovanalyse av farekilder (PHA). Kurset gir også en innføring i beregning av lekkasje og spredning av væsker og gass og av konsekvenser fra brann og ulike former for eksplosjoner, eksponering og tålegrense for energi og giftige gasser. Metoder for estimering av uhellsfrekvenser vil bli drøftet. Dette omfatter bruk av historiske data, Feiltreanalyse (FTA) og Hendelsestreanalyser (ETA).', 'Undervisningsform: Forelesninger og regneøvinger. En litt større gruppeøving i anvendelse av metoder er gjort obligatorisk og teller 20% av eksamensbedømmelsen.']"
6d7684061eeef4366d0d728c14a5ed89ea79ea25,432be8d2812625c4d11a47aebce56c6feda85873,https://www.ntnu.no/studieinformasjon/siving/eldre/97-98/7/74055.htm,https://www.ntnu.no/studieinformasjon/siving/eldre/97-98/7/78052.htm,"['Mål: Med utgangspunkt i generell fysikk skal faget gi ei kort innføring i generell energiproblematikk, og særlig ei innsikt i tilgangen på og utnyttinga av fornyelege energikjelder.', 'Forutsetning: Generelle kunnskapar i fysikk (faga 74141 - se studieplan for 1996/97 - og 74142 eller tilsvarande) og i fluidmekanikk (faget 61121, 61123, 61124 eller 61125).', 'Innhold: Tilgang på og bruk av konvensjonelle energikjelder. Berekraftig energi for framtida. Solenergi. Solvarme. Solceller. Bioenergi. Vasskraftenergi. Vindenergi. Havbølgjeenergi. Andre energikjelder i havet. Geotermisk energi. Samkjøring. Hydrogen som energilager. Kostnads- og miljøspørsmål vedrørande konvensjonelle og nye fornyelege energikjelder.', 'Undervisningsform: Førelesningar og øvingar.', 'Kursmateriell: Førelesningsnotat og litteratur som det blir opplyst om når undervisninga startar.']","['Mål: Faget skal gi en oversikt over formelle modeller av informasjonssystemer, som understøtter analyse, konstruksjon, implementasjon og forvaltning.', 'Forutsetning: Fag 78050 Systemering 1.', 'Innhold: Faget omfatter datamaskinassistert analyse og konstruksjon av informasjons-behandlingssystemer, spesifikasjonsspråk, systemmodeller, konsistenstesting, realitets-modellering, metoder for modellering av interaktive systemer, konseptuell system\xadmodellering.']"
6d7684061eeef4366d0d728c14a5ed89ea79ea25,a84b6dcb7d476dfd1a0456fb27e5eab270d94dfa,https://www.ntnu.no/studieinformasjon/siving/eldre/97-98/7/74055.htm,https://www.ntnu.no/studieinformasjon/siving/eldre/97-98/7/74252.htm,"['Mål: Med utgangspunkt i generell fysikk skal faget gi ei kort innføring i generell energiproblematikk, og særlig ei innsikt i tilgangen på og utnyttinga av fornyelege energikjelder.', 'Forutsetning: Generelle kunnskapar i fysikk (faga 74141 - se studieplan for 1996/97 - og 74142 eller tilsvarande) og i fluidmekanikk (faget 61121, 61123, 61124 eller 61125).', 'Innhold: Tilgang på og bruk av konvensjonelle energikjelder. Berekraftig energi for framtida. Solenergi. Solvarme. Solceller. Bioenergi. Vasskraftenergi. Vindenergi. Havbølgjeenergi. Andre energikjelder i havet. Geotermisk energi. Samkjøring. Hydrogen som energilager. Kostnads- og miljøspørsmål vedrørande konvensjonelle og nye fornyelege energikjelder.', 'Undervisningsform: Førelesningar og øvingar.', 'Kursmateriell: Førelesningsnotat og litteratur som det blir opplyst om når undervisninga startar.']","['Mål: Faget tar sikte på å gi kunnskap om ulike former for stråling, strålingens tekniske og medisinske bruk og betydning i miljømessig sammenheng.', 'Forutsetning: Fag 74226 Atom\xad og kjernefysikk.', 'Innhold: Faget tar hovedsaklig for seg ioniserende stråling (radioaktivitet), men gir også en innføring i ikke\xadioniserende stråling (UV\xadlys, lavfrekvente elektromagnetiske felter). Hovedtemaer: Strålingskilder og deres karakteristiske data. Deteksjon av stråling og dosimetri. Vekselvirkning mellom stråling og materie, aksjonsspektra. Miljømessig strålingsbelastninger. Risikobedømmelse. Strålehygiene.']"
6d7684061eeef4366d0d728c14a5ed89ea79ea25,c91eb804d41ff53f3695df7e97f695e53b667a7c,https://www.ntnu.no/studieinformasjon/siving/eldre/97-98/7/74055.htm,https://www.ntnu.no/studieinformasjon/siving/eldre/97-98/7/74525.htm,"['Mål: Med utgangspunkt i generell fysikk skal faget gi ei kort innføring i generell energiproblematikk, og særlig ei innsikt i tilgangen på og utnyttinga av fornyelege energikjelder.', 'Forutsetning: Generelle kunnskapar i fysikk (faga 74141 - se studieplan for 1996/97 - og 74142 eller tilsvarande) og i fluidmekanikk (faget 61121, 61123, 61124 eller 61125).', 'Innhold: Tilgang på og bruk av konvensjonelle energikjelder. Berekraftig energi for framtida. Solenergi. Solvarme. Solceller. Bioenergi. Vasskraftenergi. Vindenergi. Havbølgjeenergi. Andre energikjelder i havet. Geotermisk energi. Samkjøring. Hydrogen som energilager. Kostnads- og miljøspørsmål vedrørande konvensjonelle og nye fornyelege energikjelder.', 'Undervisningsform: Førelesningar og øvingar.', 'Kursmateriell: Førelesningsnotat og litteratur som det blir opplyst om når undervisninga startar.']","['Mål: Faget skal gi kjennskap til bruk av diffraksjon og elektronmikroskopi i studier av krystallinske materialer og typiske krystalldefekter.', 'Forutsetning: Ingen.', 'Innhold: Faget behandler spredning av elektroner og fotoner og anvendelser av kinematisk teori, fouriertransformasjoner og korrelasjonsfunksjoner i diffraksjonsstudier. Dynamisk teori diskuteres med vekt på elektrondiffraksjon og \xadmikroskopi fra perfekte og ikke\xadperfekte krystallinske materialer. Det gis en innføring i krystalldefekter som dislokasjoner, stablefeil og indre grenseflater.']"
6d7684061eeef4366d0d728c14a5ed89ea79ea25,30a458435dec60f5fa365d494029f2bacde8451b,https://www.ntnu.no/studieinformasjon/siving/eldre/97-98/7/74055.htm,https://www.ntnu.no/studieinformasjon/siving/eldre/97-98/7/75055.htm,"['Mål: Med utgangspunkt i generell fysikk skal faget gi ei kort innføring i generell energiproblematikk, og særlig ei innsikt i tilgangen på og utnyttinga av fornyelege energikjelder.', 'Forutsetning: Generelle kunnskapar i fysikk (faga 74141 - se studieplan for 1996/97 - og 74142 eller tilsvarande) og i fluidmekanikk (faget 61121, 61123, 61124 eller 61125).', 'Innhold: Tilgang på og bruk av konvensjonelle energikjelder. Berekraftig energi for framtida. Solenergi. Solvarme. Solceller. Bioenergi. Vasskraftenergi. Vindenergi. Havbølgjeenergi. Andre energikjelder i havet. Geotermisk energi. Samkjøring. Hydrogen som energilager. Kostnads- og miljøspørsmål vedrørande konvensjonelle og nye fornyelege energikjelder.', 'Undervisningsform: Førelesningar og øvingar.', 'Kursmateriell: Førelesningsnotat og litteratur som det blir opplyst om når undervisninga startar.']","['Mål: Faget skal gi studentene en grundig innføring i analytiske og numeriske metoder innen fourieranalyse.', 'Forutsetning: Minimum fag 75011 Matematikk 1A, 75012 Matematikk 1B (se studieplan for 1996/97) og 75020 Matematikk 2 eller tilsvarende fag. Ønskelig også med fag 75033 Lineær analyse eller innledende kurs innen signalbehandling.', 'Innhold: Kort innføring i Lebesgue\xadintegralet. Fourier\xadrekker og integraler i en og flere dimensjoner. Fourier\xadtransformer for generaliserte funksjoner. Samplingsteoremet. Diskret fouriertransform. Anvendelser fra signalteori og bildeanalyse.']"
6d7684061eeef4366d0d728c14a5ed89ea79ea25,12ed38f2d32d9a9cdb8c7f736a21e97143a6bb9f,https://www.ntnu.no/studieinformasjon/siving/eldre/97-98/7/74055.htm,https://www.ntnu.no/studieinformasjon/siving/eldre/97-98/7/75005.htm,"['Mål: Med utgangspunkt i generell fysikk skal faget gi ei kort innføring i generell energiproblematikk, og særlig ei innsikt i tilgangen på og utnyttinga av fornyelege energikjelder.', 'Forutsetning: Generelle kunnskapar i fysikk (faga 74141 - se studieplan for 1996/97 - og 74142 eller tilsvarande) og i fluidmekanikk (faget 61121, 61123, 61124 eller 61125).', 'Innhold: Tilgang på og bruk av konvensjonelle energikjelder. Berekraftig energi for framtida. Solenergi. Solvarme. Solceller. Bioenergi. Vasskraftenergi. Vindenergi. Havbølgjeenergi. Andre energikjelder i havet. Geotermisk energi. Samkjøring. Hydrogen som energilager. Kostnads- og miljøspørsmål vedrørande konvensjonelle og nye fornyelege energikjelder.', 'Undervisningsform: Førelesningar og øvingar.', 'Kursmateriell: Førelesningsnotat og litteratur som det blir opplyst om når undervisninga startar.']","['For studenter ved Bygg- og miljøteknikk, Elektroteknikk og telekommunikasjon, Fysikk og matematikk, Datateknikk, Marin teknikk, Maskinteknikk, Teknisk design, Industriell økonomi og teknologiledelse.', 'Mål: Hovedformålet med kurset er å gi en innføring i begreper og metoder fra teorien for funksjoner av flere variable med anvendelser.', 'Forutsetning: Matematikk 1 eller tilsvarende forkunnskaper.', 'Innhold: Romkurver. Funksjoner av flere variable. Maksima og minima i to variable. Lagrangemetoden. Dobbelt- og trippelintegral. Vektoranalyse. Greens, Stokes og Gauss teoremer. Fakultetstilpassede eksempler og øvinger.', 'Undervisningsform: Forelesninger og regneøvinger. For Fysikk og matematikk: Bruk av matematisk programpakke (Maple).']"
6d7684061eeef4366d0d728c14a5ed89ea79ea25,d7b7d0d6e26436a7cea68a4d64eb2b38a2b279b7,https://www.ntnu.no/studieinformasjon/siving/eldre/97-98/7/74055.htm,https://www.ntnu.no/studieinformasjon/siving/eldre/97-98/7/75554.htm,"['Mål: Med utgangspunkt i generell fysikk skal faget gi ei kort innføring i generell energiproblematikk, og særlig ei innsikt i tilgangen på og utnyttinga av fornyelege energikjelder.', 'Forutsetning: Generelle kunnskapar i fysikk (faga 74141 - se studieplan for 1996/97 - og 74142 eller tilsvarande) og i fluidmekanikk (faget 61121, 61123, 61124 eller 61125).', 'Innhold: Tilgang på og bruk av konvensjonelle energikjelder. Berekraftig energi for framtida. Solenergi. Solvarme. Solceller. Bioenergi. Vasskraftenergi. Vindenergi. Havbølgjeenergi. Andre energikjelder i havet. Geotermisk energi. Samkjøring. Hydrogen som energilager. Kostnads- og miljøspørsmål vedrørande konvensjonelle og nye fornyelege energikjelder.', 'Undervisningsform: Førelesningar og øvingar.', 'Kursmateriell: Førelesningsnotat og litteratur som det blir opplyst om når undervisninga startar.']","['Mål: Faget skal gi en innføring i statistiske metoder for situasjoner hvor en måler flere variable på hver observasjonsenhet, og en er interessert i å utnytte alle variablene og deres samvariasjon for å studere statistiske sammenhenger.', 'Forutsetning: Fag 75510/75515 Statistikk 1 og 75520/75523 Statistikk 2 eller tilsvarende kunnskaper. Kurs i matrisemetoder anbefales.']"
6d7684061eeef4366d0d728c14a5ed89ea79ea25,6a1f06ed06b889bfc253c9f8ba52eb1350c9df29,https://www.ntnu.no/studieinformasjon/siving/eldre/97-98/7/74055.htm,https://www.ntnu.no/studieinformasjon/siving/eldre/97-98/7/75565.htm,"['Mål: Med utgangspunkt i generell fysikk skal faget gi ei kort innføring i generell energiproblematikk, og særlig ei innsikt i tilgangen på og utnyttinga av fornyelege energikjelder.', 'Forutsetning: Generelle kunnskapar i fysikk (faga 74141 - se studieplan for 1996/97 - og 74142 eller tilsvarande) og i fluidmekanikk (faget 61121, 61123, 61124 eller 61125).', 'Innhold: Tilgang på og bruk av konvensjonelle energikjelder. Berekraftig energi for framtida. Solenergi. Solvarme. Solceller. Bioenergi. Vasskraftenergi. Vindenergi. Havbølgjeenergi. Andre energikjelder i havet. Geotermisk energi. Samkjøring. Hydrogen som energilager. Kostnads- og miljøspørsmål vedrørande konvensjonelle og nye fornyelege energikjelder.', 'Undervisningsform: Førelesningar og øvingar.', 'Kursmateriell: Førelesningsnotat og litteratur som det blir opplyst om når undervisninga startar.']","['Mål: Faget skal gi en innføring i analyse av tidsrekker, dvs. serier av observasjoner som gjerne er stokastisk avhengige.', 'Forutsetning: Fag 75510/75515 Statistikk 1.', 'Innhold: Autokorrelasjon og krysskorrelasjon. Spektraltetthet, krysspekteret og estimering av disse. Lineære filter, transferfunksjoner, forsterkning og faseskift. Partiell autokorrelasjon. En generell klasse av lineære modeller, ARIMA (p,d,q). Sesongmodeller. Prediksjon av fremtidig forløp. Indentifisering av modell, estimering av parametre og testing av modeller.', 'Undervisningsform: Førelesingar, rekneøvingar og bruk av datamaskinprogrammar for å analysere en del observerte tidsrekker. En del av øvingane på datamaskiner er obligatoriske.', 'Kursmateriell: W.W. S Wei: Time Series Analysis Univariate and Multivariate Methods.']"
6d7684061eeef4366d0d728c14a5ed89ea79ea25,9f98e99e7eb9e39bf7f3f37b5f257b7ea545e400,https://www.ntnu.no/studieinformasjon/siving/eldre/97-98/7/74055.htm,https://www.ntnu.no/studieinformasjon/siving/eldre/97-98/7/75572.htm,"['Mål: Med utgangspunkt i generell fysikk skal faget gi ei kort innføring i generell energiproblematikk, og særlig ei innsikt i tilgangen på og utnyttinga av fornyelege energikjelder.', 'Forutsetning: Generelle kunnskapar i fysikk (faga 74141 - se studieplan for 1996/97 - og 74142 eller tilsvarande) og i fluidmekanikk (faget 61121, 61123, 61124 eller 61125).', 'Innhold: Tilgang på og bruk av konvensjonelle energikjelder. Berekraftig energi for framtida. Solenergi. Solvarme. Solceller. Bioenergi. Vasskraftenergi. Vindenergi. Havbølgjeenergi. Andre energikjelder i havet. Geotermisk energi. Samkjøring. Hydrogen som energilager. Kostnads- og miljøspørsmål vedrørande konvensjonelle og nye fornyelege energikjelder.', 'Undervisningsform: Førelesningar og øvingar.', 'Kursmateriell: Førelesningsnotat og litteratur som det blir opplyst om når undervisninga startar.']","['Mål: Faget tar sikte på å gi en innføring i generelle prinsipper for statistisk inferens.', 'Forutsetning: Fag 75510/75515 Statistikk 1 og 75520/75523 Statistikk 2 eller tilsvarende kunnskaper.', 'Innhold: Generelle prinsipper for statistisk inferens. Bayes- og likelihoodbasert estimering (maximum likelihood), momentmetoden og minste kvadratsums metode for konstruksjon av estimatorer. Optimalitet av estimatorer. Generell teori for intervallestimering og hypotesetesting. Asymptotiske egenskaper ved statistiske metoder.', 'Undervisningsform: Forelesninger og regneøvinger. Ingen obligatorisk innlevering av øvinger.']"
6d7684061eeef4366d0d728c14a5ed89ea79ea25,ffbc401973e4a65ab07d234a660c17138d81fd31,https://www.ntnu.no/studieinformasjon/siving/eldre/97-98/7/74055.htm,https://www.ntnu.no/studieinformasjon/siving/eldre/97-98/7/78040.htm,"['Mål: Med utgangspunkt i generell fysikk skal faget gi ei kort innføring i generell energiproblematikk, og særlig ei innsikt i tilgangen på og utnyttinga av fornyelege energikjelder.', 'Forutsetning: Generelle kunnskapar i fysikk (faga 74141 - se studieplan for 1996/97 - og 74142 eller tilsvarande) og i fluidmekanikk (faget 61121, 61123, 61124 eller 61125).', 'Innhold: Tilgang på og bruk av konvensjonelle energikjelder. Berekraftig energi for framtida. Solenergi. Solvarme. Solceller. Bioenergi. Vasskraftenergi. Vindenergi. Havbølgjeenergi. Andre energikjelder i havet. Geotermisk energi. Samkjøring. Hydrogen som energilager. Kostnads- og miljøspørsmål vedrørande konvensjonelle og nye fornyelege energikjelder.', 'Undervisningsform: Førelesningar og øvingar.', 'Kursmateriell: Førelesningsnotat og litteratur som det blir opplyst om når undervisninga startar.']","['Mål: Formålet med faget er å gi grunnleggende kunnskaper i logikk og logikkprogrammering og å belyse logikkens rolle som datateknikkens fundament.', 'Forutsetning: Fag 75026 Diskret matematikk eller tilsvarende kunnskaper.', 'Innhold: Faget begynner med en innføring i predikatlogikk: Syntaks, semantikk, bevis og modeller. Logikkprogrammeringens logiske opphav presenteres samt anvendelse av logikkprogrammering i databehandling. Grunnleggende datalogiske begreper vil bli studert, bl.a. datastrukturer, algoritmer, syntaksanalyse, interpretering og kompilering, programvarekonstruksjon og databaser. Faget vil danne grunnlaget for fag 78042 Kunnskapsteknologiske metoder.', 'Undervisningsform: Forelesninger, øvinger i klasserommet, selvstudium inklusive teori og programmeringsoppgaver.']"
6d7684061eeef4366d0d728c14a5ed89ea79ea25,40de621ba9f44c5e4f39bc3fd7af48344ad4c8ac,https://www.ntnu.no/studieinformasjon/siving/eldre/97-98/7/74055.htm,https://www.ntnu.no/studieinformasjon/siving/eldre/97-98/7/74573.htm,"['Mål: Med utgangspunkt i generell fysikk skal faget gi ei kort innføring i generell energiproblematikk, og særlig ei innsikt i tilgangen på og utnyttinga av fornyelege energikjelder.', 'Forutsetning: Generelle kunnskapar i fysikk (faga 74141 - se studieplan for 1996/97 - og 74142 eller tilsvarande) og i fluidmekanikk (faget 61121, 61123, 61124 eller 61125).', 'Innhold: Tilgang på og bruk av konvensjonelle energikjelder. Berekraftig energi for framtida. Solenergi. Solvarme. Solceller. Bioenergi. Vasskraftenergi. Vindenergi. Havbølgjeenergi. Andre energikjelder i havet. Geotermisk energi. Samkjøring. Hydrogen som energilager. Kostnads- og miljøspørsmål vedrørande konvensjonelle og nye fornyelege energikjelder.', 'Undervisningsform: Førelesningar og øvingar.', 'Kursmateriell: Førelesningsnotat og litteratur som det blir opplyst om når undervisninga startar.']","['Mål: Faget tar sikte på å gi studentene en innføring i metallenes mikrostruktur, slik den f.eks. kommer til syne ved transmisjonselektronmikroskopi (TEM), og hvordan mikrostrukturen styrer de mekaniske egenskapene.', 'Forutsetning: Det er en fordel å ha tatt fag 74525 Diffraksjon og mikrostruktur. Det forutsettes at deltakerne har noe erfaring i bruk av transmisjonselektronmikroskop (TEM).', 'Innhold: Diffusjon i enfasesystem - konstant D. Fasediagram - Fast stoff/væske. Eutektiske og peritektiske binære fasediagram. Ternære fasediagram. Homogenisering/vekst/oppløsning av partikler. Homogen og heterogen nukleasjon. Størkning av rene metaller og legeringer. Herding av metaller. Dislokasjons- og partikkelherding. Fiberforsterkning. Analyse av noen industrielle produksjonsprosesser.', 'Undervisningsform: Forelesninger, regneøvinger, laboratorieoppgaver (obligatoriske). Studentene skal presentere en vitenskapelig artikkel for de andre studentene. Obligatorisk ekskursjon til en industribedrift.']"
6d7684061eeef4366d0d728c14a5ed89ea79ea25,1b3dfe5b1bbd4a73813877f339e83237fafea985,https://www.ntnu.no/studieinformasjon/siving/eldre/97-98/7/74055.htm,https://www.ntnu.no/studieinformasjon/siving/eldre/97-98/7/74010.htm,"['Mål: Med utgangspunkt i generell fysikk skal faget gi ei kort innføring i generell energiproblematikk, og særlig ei innsikt i tilgangen på og utnyttinga av fornyelege energikjelder.', 'Forutsetning: Generelle kunnskapar i fysikk (faga 74141 - se studieplan for 1996/97 - og 74142 eller tilsvarande) og i fluidmekanikk (faget 61121, 61123, 61124 eller 61125).', 'Innhold: Tilgang på og bruk av konvensjonelle energikjelder. Berekraftig energi for framtida. Solenergi. Solvarme. Solceller. Bioenergi. Vasskraftenergi. Vindenergi. Havbølgjeenergi. Andre energikjelder i havet. Geotermisk energi. Samkjøring. Hydrogen som energilager. Kostnads- og miljøspørsmål vedrørande konvensjonelle og nye fornyelege energikjelder.', 'Undervisningsform: Førelesningar og øvingar.', 'Kursmateriell: Førelesningsnotat og litteratur som det blir opplyst om når undervisninga startar.']","['Mål: Faget gir en innføring i grunnleggende klassisk fysikk, med hovedvekt på dynamikk, svingninger og relativitetsteori.', 'Forutsetning: Ingen.', 'Innhold: Newtons bevegelseslikninger. Bevarelsessetninger i fysikken: Energi, impuls og dreieimpuls. Gravitasjon. Svingninger, med og uten dempning. Tvungne og koplede svingninger. Relativitetsteori. Kurset omfatter også en innføring i informasjonsteknologi.', 'Undervisningsform: Tavleforelesninger og regneøvinger. 2/3 av regneøvingene må være godkjent før eksamen.']"
6d7684061eeef4366d0d728c14a5ed89ea79ea25,bf173e196f223beb2e240f87a0021e9c27ad74ae,https://www.ntnu.no/studieinformasjon/siving/eldre/97-98/7/74055.htm,https://www.ntnu.no/studieinformasjon/siving/eldre/97-98/7/74800.htm,"['Mål: Med utgangspunkt i generell fysikk skal faget gi ei kort innføring i generell energiproblematikk, og særlig ei innsikt i tilgangen på og utnyttinga av fornyelege energikjelder.', 'Forutsetning: Generelle kunnskapar i fysikk (faga 74141 - se studieplan for 1996/97 - og 74142 eller tilsvarande) og i fluidmekanikk (faget 61121, 61123, 61124 eller 61125).', 'Innhold: Tilgang på og bruk av konvensjonelle energikjelder. Berekraftig energi for framtida. Solenergi. Solvarme. Solceller. Bioenergi. Vasskraftenergi. Vindenergi. Havbølgjeenergi. Andre energikjelder i havet. Geotermisk energi. Samkjøring. Hydrogen som energilager. Kostnads- og miljøspørsmål vedrørande konvensjonelle og nye fornyelege energikjelder.', 'Undervisningsform: Førelesningar og øvingar.', 'Kursmateriell: Førelesningsnotat og litteratur som det blir opplyst om når undervisninga startar.']","['Mål: Hver student tilknyttes en forskningsgruppe, fortrinnsvis ved Institutt for fysikk, og skal ved deltagelse i gruppens arbeid lære hvordan fysikere arbeider og angriper problemer.', 'Forutsetning: Ingen.', 'Innhold: Prosjekt velges av den enkelte student ut fra en omfattende og variert meny av prosjekttilbud fra det vitenskapelige personale ved Institutt for fysikk. Eksterne prosjekter kan også velges såfremt disse verken forårsaker økonomiske forpliktelser for instituttet eller forårsaker avbrudd i studentens ordinære undervisning.', 'Undervisningsform: Den eller de som har tilbudt prosjektet er ansvarlig for den faglige veiledning. Studenten skal levere skriftlig rapport for prosjektarbeidet. Frist for innlevering av prosjektarbeidet er en uke etter endt eksamensperiode ved sommereksamen.']"
6d7684061eeef4366d0d728c14a5ed89ea79ea25,d8d6c8aaadde1c4a561ae331f1b9c669e2ba481b,https://www.ntnu.no/studieinformasjon/siving/eldre/97-98/7/74055.htm,https://www.ntnu.no/studieinformasjon/siving/eldre/97-98/7/75551.htm,"['Mål: Med utgangspunkt i generell fysikk skal faget gi ei kort innføring i generell energiproblematikk, og særlig ei innsikt i tilgangen på og utnyttinga av fornyelege energikjelder.', 'Forutsetning: Generelle kunnskapar i fysikk (faga 74141 - se studieplan for 1996/97 - og 74142 eller tilsvarande) og i fluidmekanikk (faget 61121, 61123, 61124 eller 61125).', 'Innhold: Tilgang på og bruk av konvensjonelle energikjelder. Berekraftig energi for framtida. Solenergi. Solvarme. Solceller. Bioenergi. Vasskraftenergi. Vindenergi. Havbølgjeenergi. Andre energikjelder i havet. Geotermisk energi. Samkjøring. Hydrogen som energilager. Kostnads- og miljøspørsmål vedrørande konvensjonelle og nye fornyelege energikjelder.', 'Undervisningsform: Førelesningar og øvingar.', 'Kursmateriell: Førelesningsnotat og litteratur som det blir opplyst om når undervisninga startar.']","['Mål: Faget tar sikte på å vise hvordan en, selv med små forsøk der flere faktorer varierer samtidig, kan finne frem til forsøksopplegg som gir informasjon om virkningen av de enkelte faktorer og deres samspill.', 'Forutsetning: Eksamen i fag 75510/75515 Statistikk 1 eller tilsvarende kunnskaper.', 'Innhold: Krav til gode forsøksopplegg. Sammenligning av to eller flere sett observasjoner. Blokkdeling av eksperimenter. Flerfaktorforsøk. Forsøk hvor hver faktor har to nivåer (2k forsøk). Fraksjoner av 2k forsøk. Responsflatemetoder.', 'Undervisningsform: Det blir gitt vanlige tavleforelesninger og gjennomgåelse av frivillige øvinger. Dessuten må studentene planlegge, utføre og analysere et selvlaget forsøk som vil telle 10% ved eksamensbedømmelse.']"
6d7684061eeef4366d0d728c14a5ed89ea79ea25,972d25809d63c470db68626ef90b20d4d650076a,https://www.ntnu.no/studieinformasjon/siving/eldre/97-98/7/74055.htm,https://www.ntnu.no/studieinformasjon/siving/eldre/97-98/7/78058.htm,"['Mål: Med utgangspunkt i generell fysikk skal faget gi ei kort innføring i generell energiproblematikk, og særlig ei innsikt i tilgangen på og utnyttinga av fornyelege energikjelder.', 'Forutsetning: Generelle kunnskapar i fysikk (faga 74141 - se studieplan for 1996/97 - og 74142 eller tilsvarande) og i fluidmekanikk (faget 61121, 61123, 61124 eller 61125).', 'Innhold: Tilgang på og bruk av konvensjonelle energikjelder. Berekraftig energi for framtida. Solenergi. Solvarme. Solceller. Bioenergi. Vasskraftenergi. Vindenergi. Havbølgjeenergi. Andre energikjelder i havet. Geotermisk energi. Samkjøring. Hydrogen som energilager. Kostnads- og miljøspørsmål vedrørande konvensjonelle og nye fornyelege energikjelder.', 'Undervisningsform: Førelesningar og øvingar.', 'Kursmateriell: Førelesningsnotat og litteratur som det blir opplyst om når undervisninga startar.']","['Mål: Faget gir en innføring i kvantitative metoder for konstruksjon, dimensjonering, sammenligning og forbedring av datamaskinsystemer.', 'Forutsetning: Fag 78036 Operativsystemer eller tilsvarende kunnskaper.', 'Innhold: Grunnleggende begrep, måleteknikk og verktøy, belastningskarakterisering, modelleringsteknikk, kønettverksanalyse. Et informasjonssystem som en sammensetning av maskinvare, programvare og menneskelige komponenter. Ytelsesbetraktninger under systemutvikling, anskaffelse og drift.']"
6d7684061eeef4366d0d728c14a5ed89ea79ea25,f78c579c540018d324e7095b35bb3bfee4f86109,https://www.ntnu.no/studieinformasjon/siving/eldre/97-98/7/74055.htm,https://www.ntnu.no/studieinformasjon/siving/eldre/97-98/7/74640.htm,"['Mål: Med utgangspunkt i generell fysikk skal faget gi ei kort innføring i generell energiproblematikk, og særlig ei innsikt i tilgangen på og utnyttinga av fornyelege energikjelder.', 'Forutsetning: Generelle kunnskapar i fysikk (faga 74141 - se studieplan for 1996/97 - og 74142 eller tilsvarande) og i fluidmekanikk (faget 61121, 61123, 61124 eller 61125).', 'Innhold: Tilgang på og bruk av konvensjonelle energikjelder. Berekraftig energi for framtida. Solenergi. Solvarme. Solceller. Bioenergi. Vasskraftenergi. Vindenergi. Havbølgjeenergi. Andre energikjelder i havet. Geotermisk energi. Samkjøring. Hydrogen som energilager. Kostnads- og miljøspørsmål vedrørande konvensjonelle og nye fornyelege energikjelder.', 'Undervisningsform: Førelesningar og øvingar.', 'Kursmateriell: Førelesningsnotat og litteratur som det blir opplyst om når undervisninga startar.']","['Mål: Faget tar sikte på å gi en innføring i vekselvirkning mellom ioniserende stråling og biologisk materiale. Hovedvekt legges på mekanismer for generering og reparasjon av strålingsinduserte molekylære og cellulære effekter, samt bruk av ioniserende stråling i kreftterapi.', 'Forutsetning: Eksamen i fag 74252 Anvendt strålingsfysikk eller tilsvarende forkunnskaper. Ønskelig med kunnskaper i biokjemi tilsvarende fag 54015.', 'Innhold: Sentrale emner innen energideponering i biomateriale ved bestråling med ioniserende stråling, mikrodosimetri, reparasjons\xad og restitusjonsprosesser, ""dose\xadrespons""\xadrelasjoner, direkte og indirekte effekter, strålesensibiliserende og strålebeskyttende forbindelser. Hovedprinsipper for bruk av ioniserende stråling i kreftbehandling vil bli forelest, herunder ""Tid\xadDose\xadFraksjonerings""relasjoner.', 'Undervisningsform: Forelesninger ved NTNU og obligatorisk laboratoriekurs (ekskursjon) ved Det Norske Radiumhospital, Oslo.']"
6d7684061eeef4366d0d728c14a5ed89ea79ea25,fa538b720e35bef8c38b1fa8ae85ea400d6b1266,https://www.ntnu.no/studieinformasjon/siving/eldre/97-98/7/74055.htm,https://www.ntnu.no/studieinformasjon/siving/eldre/97-98/7/74440.htm,"['Mål: Med utgangspunkt i generell fysikk skal faget gi ei kort innføring i generell energiproblematikk, og særlig ei innsikt i tilgangen på og utnyttinga av fornyelege energikjelder.', 'Forutsetning: Generelle kunnskapar i fysikk (faga 74141 - se studieplan for 1996/97 - og 74142 eller tilsvarande) og i fluidmekanikk (faget 61121, 61123, 61124 eller 61125).', 'Innhold: Tilgang på og bruk av konvensjonelle energikjelder. Berekraftig energi for framtida. Solenergi. Solvarme. Solceller. Bioenergi. Vasskraftenergi. Vindenergi. Havbølgjeenergi. Andre energikjelder i havet. Geotermisk energi. Samkjøring. Hydrogen som energilager. Kostnads- og miljøspørsmål vedrørande konvensjonelle og nye fornyelege energikjelder.', 'Undervisningsform: Førelesningar og øvingar.', 'Kursmateriell: Førelesningsnotat og litteratur som det blir opplyst om når undervisninga startar.']","['Mål: Faget skal gi forskningsmessig og teknologisk nyttbart kjennskap til elektroners og ioners oppførsel i vakuum, gasser og plasma påvirket av elektromagnetiske felter.', 'Forutsetning: Basiskunnskaper i fysikk og matematikk.', 'Innhold: Faget omhandler ladede partiklers bevegelse og vekselvirkninger i vakuum, i fluider, og på overflater, under påvirkning av elektromagnetiske felter: Generelle banelikninger og teoremer. Partikkeloptikk. Enkle elastiske og uelastiske støtprosesser. Coulombvekselvirkninger, Debye\xadskjerming, grensesjikt, plasma. Elektriske overslag og utladninger. Eksempler fra viktige analytiske forsknings-instrumenter (elektronmultiplikatorer, billedomvandlere, elektronmikroskop, massespektrometre, akseleratorer), fra utladninger og plasma til bruk i industri og forskning og fra fusjonseksperimenter.']"
6d7684061eeef4366d0d728c14a5ed89ea79ea25,93d0e8fb4d74a6cd42722aa611b5c306576f2948,https://www.ntnu.no/studieinformasjon/siving/eldre/97-98/7/74055.htm,https://www.ntnu.no/studieinformasjon/siving/eldre/97-98/7/75582.htm,"['Mål: Med utgangspunkt i generell fysikk skal faget gi ei kort innføring i generell energiproblematikk, og særlig ei innsikt i tilgangen på og utnyttinga av fornyelege energikjelder.', 'Forutsetning: Generelle kunnskapar i fysikk (faga 74141 - se studieplan for 1996/97 - og 74142 eller tilsvarande) og i fluidmekanikk (faget 61121, 61123, 61124 eller 61125).', 'Innhold: Tilgang på og bruk av konvensjonelle energikjelder. Berekraftig energi for framtida. Solenergi. Solvarme. Solceller. Bioenergi. Vasskraftenergi. Vindenergi. Havbølgjeenergi. Andre energikjelder i havet. Geotermisk energi. Samkjøring. Hydrogen som energilager. Kostnads- og miljøspørsmål vedrørande konvensjonelle og nye fornyelege energikjelder.', 'Undervisningsform: Førelesningar og øvingar.', 'Kursmateriell: Førelesningsnotat og litteratur som det blir opplyst om når undervisninga startar.']","['Mål: Faget belyser problemer og angrepsmåter knyttet til analyse av sikkerhet og driftsregularitet av industrielt utstyr, slik at studentene blir i stand til å analysere levetidsdata og gjennomføre enkle pålitelighetsanalyser.', 'Forutsetning: Fag 75510/75515 Statistikk 1 eller tilsvarende.', 'Innhold: Pålitelighetsteknikkens sannsynlighetsteoretiske grunnlag. Sviktmekanismer og sviktmodeller/ levetidsfordelinger. Feilmode- og feileffektanalyse (FMEA). Feiltreanalyse. Beregning av pålitelighet og tilgjengelighet av tekniske systemer. Mål for pålitelighetsmessig betydning. Markovmetoder. Estimerings- og plotteteknikker ved analyse av (sensurerte) levetidsdata. Bayes-metoder. Periodisk testing. System med avhengige komponenter. (Kurset er identisk med, og foreleses sammen med, fag 63160 Driftssikkerhetsteknikk, pålitelighet).', 'Undervisningsform: Forelesninger og øvinger.', 'Kursmateriell: A. Høyland og M. Rausand: System Reliability Theory; Models and Statistical Methods, Wiley.']"
6d7684061eeef4366d0d728c14a5ed89ea79ea25,2073dae44537377f378ebba38a821b5494919119,https://www.ntnu.no/studieinformasjon/siving/eldre/97-98/7/74055.htm,https://www.ntnu.no/studieinformasjon/siving/eldre/97-98/7/75523.htm,"['Mål: Med utgangspunkt i generell fysikk skal faget gi ei kort innføring i generell energiproblematikk, og særlig ei innsikt i tilgangen på og utnyttinga av fornyelege energikjelder.', 'Forutsetning: Generelle kunnskapar i fysikk (faga 74141 - se studieplan for 1996/97 - og 74142 eller tilsvarande) og i fluidmekanikk (faget 61121, 61123, 61124 eller 61125).', 'Innhold: Tilgang på og bruk av konvensjonelle energikjelder. Berekraftig energi for framtida. Solenergi. Solvarme. Solceller. Bioenergi. Vasskraftenergi. Vindenergi. Havbølgjeenergi. Andre energikjelder i havet. Geotermisk energi. Samkjøring. Hydrogen som energilager. Kostnads- og miljøspørsmål vedrørande konvensjonelle og nye fornyelege energikjelder.', 'Undervisningsform: Førelesningar og øvingar.', 'Kursmateriell: Førelesningsnotat og litteratur som det blir opplyst om når undervisninga startar.']","['For studenter ved Bygg- og miljøteknikk, Elkraftteknikk og Marin teknikk.', 'Mål: Faget skal gi en videreføring av statistiske metoder analysert ved hjelp av programpakker.', 'Forutsetning: Fag 75510/75515 Statistikk 1 eller tilsvarende kunnskaper.', 'Innhold: Hypotesetesting. Variansanalyse. Binormal fordeling og korrelasjon. Enkel og multippel lineær regresjon. Residualplott og variabelutvelgelse. Transformasjoner. Kvalitetsforbedrende metoder herunder 2 k forsøk og prosesskontroll. Kontingenstabeller.', 'Undervisningsform: Forelesninger og øvinger med bruk av programpakken MINITAB. En utvalgt oppgave teller 10% ved eksamensbedømmelsen.']"
6ab62fe1e0d39fa1dac279698e947eb8182e9bbb,05527a0b9df5a3eacf57e76ebb749a4f8e0880f9,https://www.ntnu.no/studieinformasjon/siving/eldre/97-98/3/36058.htm,https://www.ntnu.no/studieinformasjon/siving/eldre/97-98/3/34528.htm,"['Mål: Faget tar sikte på å gi ei vidare innføring i digital bildebehandling i fjernmåling, flyfotogrammetri og nærfotogrammetri, med tanke på å kombinere desse fagområda med bruk av geografiske informasjonssystem (GIS).', 'Forutsetning: Bygger på fag 36043 Fotogrammetri 3 GK og 36047 Fjernmåling og informasjonssystem GK. Den som ikkje tar eksamen i fag 36043 eller 36047 tileignar seg nødvendige kunnskapar innan desse på eiga hand etter avtale med faglærar.', 'Innhold: Planlegging og gjennomføring av fotogrammetriske oppdrag med eventuelt også bruk av fjernmålingsteknikk innan arkitektur, industrimåling, kartlegging m.m., og integrasjon av den slags arbeid med oppretting av informasjonssystem. Digitale matchingsteknikkar for generering av digitale objekt/terrengmodellar. Digital rektifisering/ortofotoproduksjon, og visualisering ved hjelp av datagrafikk. Kombinering digitale ortofoto eller rektifiserte digitale bildedata med digitale terreng/objektmodellar og andre geografiske informasjonar.']","['Mål: Faget tar sikte på å gi en innføring i renseteknikk for vann og avløp samt håndtering og behandling av fast avfall for byer, tettsteder og spredt bebyggelse.', 'Forutsetning: Ingen.', 'Innhold: Beskrivelse av mengde og sammensetning av kommunalt avløpsvann og avfall. Myndighetenes krav til utslipp av kommunalt avløpsvann, til avfallshåndtering og til kvalitet på drikkevann. Rensing av avløpsvann, herunder behandling og utnyttelse av slam. Behandling av drikkevann. Behandling av vann og avløpsvann i spredt bebyggelse. Innsamling, transport, behandling, resirkulering og sluttdisponering av kommunalt avfall. Håndtering av spesialavfall. Faget vil gi et grunnlag for de som ønsker å spesialisere seg videre innenfor vann\xad og avfallsbehandling både innen kommunalsektoren, industrien og innen akvakulturteknologi.', 'Undervisningsform: Forelesninger og øvinger. Øvingene dekker oppgaver innen dimensjonering av renseanlegg for hhv. avløpsvann og drikkevann, samt planlegging av kommunalt renovasjonssystem.']"
6ab62fe1e0d39fa1dac279698e947eb8182e9bbb,fa4ead9cfa34046011667b21e3992c6c1c18fe3c,https://www.ntnu.no/studieinformasjon/siving/eldre/97-98/3/36058.htm,https://www.ntnu.no/studieinformasjon/siving/eldre/97-98/3/36027.htm,"['Mål: Faget tar sikte på å gi ei vidare innføring i digital bildebehandling i fjernmåling, flyfotogrammetri og nærfotogrammetri, med tanke på å kombinere desse fagområda med bruk av geografiske informasjonssystem (GIS).', 'Forutsetning: Bygger på fag 36043 Fotogrammetri 3 GK og 36047 Fjernmåling og informasjonssystem GK. Den som ikkje tar eksamen i fag 36043 eller 36047 tileignar seg nødvendige kunnskapar innan desse på eiga hand etter avtale med faglærar.', 'Innhold: Planlegging og gjennomføring av fotogrammetriske oppdrag med eventuelt også bruk av fjernmålingsteknikk innan arkitektur, industrimåling, kartlegging m.m., og integrasjon av den slags arbeid med oppretting av informasjonssystem. Digitale matchingsteknikkar for generering av digitale objekt/terrengmodellar. Digital rektifisering/ortofotoproduksjon, og visualisering ved hjelp av datagrafikk. Kombinering digitale ortofoto eller rektifiserte digitale bildedata med digitale terreng/objektmodellar og andre geografiske informasjonar.']","['Mål: Faget tar sikte på å gi studentene en innføring i feilteori og estimering (utjevning) og i satellittgeodesi (GPS) og kartlære, samt en kort innføring i delingsloven, i kontroll og justering av landmålingsinstrumenter og i målearbeider ved bygg og anlegg.']"
6ab62fe1e0d39fa1dac279698e947eb8182e9bbb,9573067604781c5b5310ec03aec441b6f3b52004,https://www.ntnu.no/studieinformasjon/siving/eldre/97-98/3/36058.htm,https://www.ntnu.no/studieinformasjon/siving/eldre/97-98/3/37084.htm,"['Mål: Faget tar sikte på å gi ei vidare innføring i digital bildebehandling i fjernmåling, flyfotogrammetri og nærfotogrammetri, med tanke på å kombinere desse fagområda med bruk av geografiske informasjonssystem (GIS).', 'Forutsetning: Bygger på fag 36043 Fotogrammetri 3 GK og 36047 Fjernmåling og informasjonssystem GK. Den som ikkje tar eksamen i fag 36043 eller 36047 tileignar seg nødvendige kunnskapar innan desse på eiga hand etter avtale med faglærar.', 'Innhold: Planlegging og gjennomføring av fotogrammetriske oppdrag med eventuelt også bruk av fjernmålingsteknikk innan arkitektur, industrimåling, kartlegging m.m., og integrasjon av den slags arbeid med oppretting av informasjonssystem. Digitale matchingsteknikkar for generering av digitale objekt/terrengmodellar. Digital rektifisering/ortofotoproduksjon, og visualisering ved hjelp av datagrafikk. Kombinering digitale ortofoto eller rektifiserte digitale bildedata med digitale terreng/objektmodellar og andre geografiske informasjonar.']","['Mål: Faget skal gi grunnleggende bakgrunn og kompetanse for planlegging og prosjektering av havner og havnekonstruksjoner.', 'Forutsetning: Fag 37073 Kystteknikk GK anbefales, men ingen betingelse.', 'Innhold: Faget gir en generell bakgrunn med hensyn på havnetyper, skip og sjøtransport og relasjon til andre transportmidler. Funksjoner i havnene og nødvendige inngangsdata for prosjektering av trafikkhavner inngår. Likeledes gjennomgås bruk av metoder og teknikker som nettverk og køteori. Kriterier og dimensjoner av innseilingskanaler, havneinnløp og havnebasseng behandles. Kaier er et hovedelement i faget hvor typer, prinsipper og anvendelsesområder vises og diskuteres. Fendring og fortøyning er spesialområder som tas opp, og rehabilitering samt vedlikehold og reparasjoner er av økende betydning. Utdypningsarbeider som mudring og undervannssprengning er ofte viktige elementer i en havneutbygging, og fysiske og numeriske modeller omtales som et verktøy i prosjekteringsarbeidet.', 'Undervisningsform: Undervisningsopplegg og øvinger vurderes ved hvert kurs. Øvingene teller 1/3 ved fastsettelse av sluttkarakteren i faget.', 'Kursmateriell: Norske Sivilingeniørers Forening: Anvisninger for havnebygging, del 1 og 2, Tapir 1988. Kompendier og diverse artikler.']"
6ab62fe1e0d39fa1dac279698e947eb8182e9bbb,73e53cb80ccb79c1301617fdd231de98477b4dba,https://www.ntnu.no/studieinformasjon/siving/eldre/97-98/3/36058.htm,https://www.ntnu.no/studieinformasjon/siving/eldre/97-98/3/33028.htm,"['Mål: Faget tar sikte på å gi ei vidare innføring i digital bildebehandling i fjernmåling, flyfotogrammetri og nærfotogrammetri, med tanke på å kombinere desse fagområda med bruk av geografiske informasjonssystem (GIS).', 'Forutsetning: Bygger på fag 36043 Fotogrammetri 3 GK og 36047 Fjernmåling og informasjonssystem GK. Den som ikkje tar eksamen i fag 36043 eller 36047 tileignar seg nødvendige kunnskapar innan desse på eiga hand etter avtale med faglærar.', 'Innhold: Planlegging og gjennomføring av fotogrammetriske oppdrag med eventuelt også bruk av fjernmålingsteknikk innan arkitektur, industrimåling, kartlegging m.m., og integrasjon av den slags arbeid med oppretting av informasjonssystem. Digitale matchingsteknikkar for generering av digitale objekt/terrengmodellar. Digital rektifisering/ortofotoproduksjon, og visualisering ved hjelp av datagrafikk. Kombinering digitale ortofoto eller rektifiserte digitale bildedata med digitale terreng/objektmodellar og andre geografiske informasjonar.']","['Mål: Faget tar sikte på å gi en praktisk og teoretisk innføring i forhold av betydning for energiøkonomisering i ikke\xadindustrielle yrkesbygg og boliger.', 'Forutsetning: Mat.nat. basisfag fra 1. og 2. årskurs eller tilsvarende forkunnskaper.', 'Innhold: Faget omhandler energiøkonomisk prosjektering av bygninger med tilhørende klimasystem. Målet er å tilfredsstille kravene til inneklimaet på en energiøkonomisk måte. Faget er flerfaglig og formidler basiskunnskap fra fagområdene arkitektur, bygningsteknikk, elkraftteknikk, varme- og kuldeteknikk og reguleringsteknikk. Faget bygger på helhetsvurderinger hvor ytre klima, bygning og klimasystem sees i sammenheng og likeså energibruk og energiforsyning. Tema for forelesningene er inneklima, lønnsomhet, energipriser og tariffer, bygningsfysikk, varmetap og varmetilskudd, tekniske installasjoner, reguleringssystemer, energibruksanalyse og praktisk enøk-arbeid med prosjektering, bestemmelse av energisparepotensialet, forslag til tiltak og oppfølging.', 'Undervisningsform: Forelesninger, demonstrasjoner, laboratorie-, regne- og dataøvinger. Undervisningen er felles med tilsvarende kurs ved fakultetene Elektroteknikk og telekommunikasjon og Maskinteknikk (fagnr. 41270 og 67167).', 'Kursmateriell: Enøk i bygninger - effektiv energibruk, Universitetsforlaget.']"
6ab62fe1e0d39fa1dac279698e947eb8182e9bbb,b82818ea43de367e61a1ab72b812ce207b5f3187,https://www.ntnu.no/studieinformasjon/siving/eldre/97-98/3/36058.htm,https://www.ntnu.no/studieinformasjon/siving/eldre/97-98/3/36047.htm,"['Mål: Faget tar sikte på å gi ei vidare innføring i digital bildebehandling i fjernmåling, flyfotogrammetri og nærfotogrammetri, med tanke på å kombinere desse fagområda med bruk av geografiske informasjonssystem (GIS).', 'Forutsetning: Bygger på fag 36043 Fotogrammetri 3 GK og 36047 Fjernmåling og informasjonssystem GK. Den som ikkje tar eksamen i fag 36043 eller 36047 tileignar seg nødvendige kunnskapar innan desse på eiga hand etter avtale med faglærar.', 'Innhold: Planlegging og gjennomføring av fotogrammetriske oppdrag med eventuelt også bruk av fjernmålingsteknikk innan arkitektur, industrimåling, kartlegging m.m., og integrasjon av den slags arbeid med oppretting av informasjonssystem. Digitale matchingsteknikkar for generering av digitale objekt/terrengmodellar. Digital rektifisering/ortofotoproduksjon, og visualisering ved hjelp av datagrafikk. Kombinering digitale ortofoto eller rektifiserte digitale bildedata med digitale terreng/objektmodellar og andre geografiske informasjonar.']","['Mål: Faget tar sikte på ei systematisk gjennomgåing av sentrale emne i fjernmåling, og integrering av fjernmålte data i geografiske informasjonssystem (GIS).', 'Forutsetning: Eksamen i fag 36041 Fotogrammetri 1 GK eller 36042 Fotogrammetri 1-2 GK eller tilsvarende kunnskaper.', 'Innhold: Strålingsfysikk, opptaksteknikk. Bildekvalitet, geometri av fjernmålingsopptak. Jordressurssatellittprogram. Digital bildebehandling av fjernmålte data for automatisk mønstergjenkjenning, tolkning og klassifikasjon, samt integrasjon av slike data i geografiske informasjonssystem.']"
6ab62fe1e0d39fa1dac279698e947eb8182e9bbb,93b53356dc1339ac3e78b3b40d3c2a04cc45c9a5,https://www.ntnu.no/studieinformasjon/siving/eldre/97-98/3/36058.htm,https://www.ntnu.no/studieinformasjon/siving/eldre/97-98/3/34548.htm,"['Mål: Faget tar sikte på å gi ei vidare innføring i digital bildebehandling i fjernmåling, flyfotogrammetri og nærfotogrammetri, med tanke på å kombinere desse fagområda med bruk av geografiske informasjonssystem (GIS).', 'Forutsetning: Bygger på fag 36043 Fotogrammetri 3 GK og 36047 Fjernmåling og informasjonssystem GK. Den som ikkje tar eksamen i fag 36043 eller 36047 tileignar seg nødvendige kunnskapar innan desse på eiga hand etter avtale med faglærar.', 'Innhold: Planlegging og gjennomføring av fotogrammetriske oppdrag med eventuelt også bruk av fjernmålingsteknikk innan arkitektur, industrimåling, kartlegging m.m., og integrasjon av den slags arbeid med oppretting av informasjonssystem. Digitale matchingsteknikkar for generering av digitale objekt/terrengmodellar. Digital rektifisering/ortofotoproduksjon, og visualisering ved hjelp av datagrafikk. Kombinering digitale ortofoto eller rektifiserte digitale bildedata med digitale terreng/objektmodellar og andre geografiske informasjonar.']","['Mål: Faget skal gi en innføring i planleggingsmetoder for utnyttelse av vannressurser, samt trening i bruk av sentrale EDB\xadbaserte beregningsmodeller.', 'Forutsetning: Bygger på fag 34511 Hydroteknikk GK og 34512 Hydrologi GK. Selv om det ikke kreves avlagt eksamen i hydrologi, forventes det at studentene skaffer seg tilsvarende kunnskaper på egen hånd.', 'Innhold: Faget behandler metoder for planlegging i vassdrag med vekt på bl.a.: Brukerinteresser, sammenfallende og konkurrerende bruk av vann. Planleggingsprosessen, lovgrunnlag, forvaltning, metoder for planlegging. Datagrunnlag, hydrologiske data, vassdragsregister. Nedbør\xadavløpsmodeller, teori, kalibrering og bruk. Beregning av produksjon/nytteverdi for vannkraftverk. Virkninger i vassdraget, konsekvensanalyser. Miljøvirkninger av vassdragsregulering. Flomproblemer ved arealplanlegging. Dimensjonerende flommer. Anvendelse av matematiske modeller for simulering av vassdragsdrift. Vassdragssimulatoren, et programsystem for helhetsplanlegging i vassdrag.']"
6ab62fe1e0d39fa1dac279698e947eb8182e9bbb,52575d8911f12a6ed189e7bbb05d277dc15317b1,https://www.ntnu.no/studieinformasjon/siving/eldre/97-98/3/36058.htm,https://www.ntnu.no/studieinformasjon/siving/eldre/97-98/3/37056.htm,"['Mål: Faget tar sikte på å gi ei vidare innføring i digital bildebehandling i fjernmåling, flyfotogrammetri og nærfotogrammetri, med tanke på å kombinere desse fagområda med bruk av geografiske informasjonssystem (GIS).', 'Forutsetning: Bygger på fag 36043 Fotogrammetri 3 GK og 36047 Fjernmåling og informasjonssystem GK. Den som ikkje tar eksamen i fag 36043 eller 36047 tileignar seg nødvendige kunnskapar innan desse på eiga hand etter avtale med faglærar.', 'Innhold: Planlegging og gjennomføring av fotogrammetriske oppdrag med eventuelt også bruk av fjernmålingsteknikk innan arkitektur, industrimåling, kartlegging m.m., og integrasjon av den slags arbeid med oppretting av informasjonssystem. Digitale matchingsteknikkar for generering av digitale objekt/terrengmodellar. Digital rektifisering/ortofotoproduksjon, og visualisering ved hjelp av datagrafikk. Kombinering digitale ortofoto eller rektifiserte digitale bildedata med digitale terreng/objektmodellar og andre geografiske informasjonar.']",['Mål: Faget skal utlede det teoretiske grunnlag for analyse og dimensjonering av stålkonstruksjoner med hovedvekt på å belyse bestemmelsene i prosjekteringsregler/standarder i forhold til mere avanserte modeller.']
6ab62fe1e0d39fa1dac279698e947eb8182e9bbb,e7e81f84ecf5cb7ba0d1594997af6be98f08ce05,https://www.ntnu.no/studieinformasjon/siving/eldre/97-98/3/36058.htm,https://www.ntnu.no/studieinformasjon/siving/eldre/97-98/3/37045.htm,"['Mål: Faget tar sikte på å gi ei vidare innføring i digital bildebehandling i fjernmåling, flyfotogrammetri og nærfotogrammetri, med tanke på å kombinere desse fagområda med bruk av geografiske informasjonssystem (GIS).', 'Forutsetning: Bygger på fag 36043 Fotogrammetri 3 GK og 36047 Fjernmåling og informasjonssystem GK. Den som ikkje tar eksamen i fag 36043 eller 36047 tileignar seg nødvendige kunnskapar innan desse på eiga hand etter avtale med faglærar.', 'Innhold: Planlegging og gjennomføring av fotogrammetriske oppdrag med eventuelt også bruk av fjernmålingsteknikk innan arkitektur, industrimåling, kartlegging m.m., og integrasjon av den slags arbeid med oppretting av informasjonssystem. Digitale matchingsteknikkar for generering av digitale objekt/terrengmodellar. Digital rektifisering/ortofotoproduksjon, og visualisering ved hjelp av datagrafikk. Kombinering digitale ortofoto eller rektifiserte digitale bildedata med digitale terreng/objektmodellar og andre geografiske informasjonar.']","['Mål: Faget tar sikte på å gi dypere forståelse av betongens mekaniske, fuktmekaniske og bestandighetsmessige egenskaper.', 'Forutsetning: Eksamen i fag 37042 Betongteknologi GK.', 'Innhold: Kjemisk sammensetning, fysisk struktur og porestruktur. Fuktmekanikk: Fuktfiksering og fukttransport. Volumstabilitet og rissfølsomhet. Mekaniske egenskaper, bruddmekanikk. Komposittmodeller. Bestandighet: Fysiske og kjemiske nedbrytningsmekanismer, armeringskorrosjon. Tilstandskontroll, skadeanalyse. Relevans og verdi av prøvningsmetoder er sentralt innen alle delemner.']"
6ab62fe1e0d39fa1dac279698e947eb8182e9bbb,d596e2b820f2526a3bd8d5a838546ddfb6109f92,https://www.ntnu.no/studieinformasjon/siving/eldre/97-98/3/36058.htm,https://www.ntnu.no/studieinformasjon/siving/eldre/97-98/3/34050.htm,"['Mål: Faget tar sikte på å gi ei vidare innføring i digital bildebehandling i fjernmåling, flyfotogrammetri og nærfotogrammetri, med tanke på å kombinere desse fagområda med bruk av geografiske informasjonssystem (GIS).', 'Forutsetning: Bygger på fag 36043 Fotogrammetri 3 GK og 36047 Fjernmåling og informasjonssystem GK. Den som ikkje tar eksamen i fag 36043 eller 36047 tileignar seg nødvendige kunnskapar innan desse på eiga hand etter avtale med faglærar.', 'Innhold: Planlegging og gjennomføring av fotogrammetriske oppdrag med eventuelt også bruk av fjernmålingsteknikk innan arkitektur, industrimåling, kartlegging m.m., og integrasjon av den slags arbeid med oppretting av informasjonssystem. Digitale matchingsteknikkar for generering av digitale objekt/terrengmodellar. Digital rektifisering/ortofotoproduksjon, og visualisering ved hjelp av datagrafikk. Kombinering digitale ortofoto eller rektifiserte digitale bildedata med digitale terreng/objektmodellar og andre geografiske informasjonar.']","['Mål: Prosjektarbeidet skal gi trening i å utrede eller løse en aktuell oppgave innen fagområdet planlegging, bygging eller vedlikehold av veger, baner eller flyplasser.', 'Forutsetning: Eksamen i ett av fagene 34026 Vegplanlegging GK, 34027 Vegteknologi GK eller 34028 Veg og trafikkmiljø GK. Prosjektarbeidet kan gjerne kombineres med ett eller flere videregående kurs ved instituttet.', 'Innhold: Prosjektarbeidet kan være planleggings\xad eller prosjekteringsorientert og inneholde elementer av konstruksjonsmessig, teoretisk, laboratorieteknisk eller datateknisk karakter. Det kan også være en utredningsoppgave, del av et utviklingsprosjekt eller en litteraturbasert oppgave. Om ønskelig kan prosjektet gjennomføres som forstudium for hovedoppgaven i tilknytning til aktive FoU-aktiviteter ved instituttet.', 'Undervisningsform: Prosjektet utføres individuelt eller i gruppe under ledelse av en veileder.']"
6ab62fe1e0d39fa1dac279698e947eb8182e9bbb,b8e70b6e57bfb5f0690df20a908934cf3ec346c0,https://www.ntnu.no/studieinformasjon/siving/eldre/97-98/3/36058.htm,https://www.ntnu.no/studieinformasjon/siving/eldre/97-98/3/34518.htm,"['Mål: Faget tar sikte på å gi ei vidare innføring i digital bildebehandling i fjernmåling, flyfotogrammetri og nærfotogrammetri, med tanke på å kombinere desse fagområda med bruk av geografiske informasjonssystem (GIS).', 'Forutsetning: Bygger på fag 36043 Fotogrammetri 3 GK og 36047 Fjernmåling og informasjonssystem GK. Den som ikkje tar eksamen i fag 36043 eller 36047 tileignar seg nødvendige kunnskapar innan desse på eiga hand etter avtale med faglærar.', 'Innhold: Planlegging og gjennomføring av fotogrammetriske oppdrag med eventuelt også bruk av fjernmålingsteknikk innan arkitektur, industrimåling, kartlegging m.m., og integrasjon av den slags arbeid med oppretting av informasjonssystem. Digitale matchingsteknikkar for generering av digitale objekt/terrengmodellar. Digital rektifisering/ortofotoproduksjon, og visualisering ved hjelp av datagrafikk. Kombinering digitale ortofoto eller rektifiserte digitale bildedata med digitale terreng/objektmodellar og andre geografiske informasjonar.']","['Mål: Gi studentene et grunnlag for hydraulisk beregning av forskjellige strømningssituasjoner i et vassdrag, bl.a. som grunnlag for vurdering av virkninger av fysiske inngrep.', 'Forutsetning: Bygger på fag 34511 Hydroteknikk GK.', 'Innhold: Repetisjon av sentrale deler av hydromekanikken anvendt på kanalstrømning. Uniform strømning og beregning av vannlinjer. Strømning gjennom kontrolltverrsnitt og innsnevringer. Ikkestasjonær kanalstrømning. Fortynning, naturlig og kunstig blanding av vannmasser, lagdelt strømning. Skaleringslover.']"
6ab62fe1e0d39fa1dac279698e947eb8182e9bbb,8d78b85ba79f301dc73ecacd03ddcfb9bfa6f2eb,https://www.ntnu.no/studieinformasjon/siving/eldre/97-98/3/36058.htm,https://www.ntnu.no/studieinformasjon/siving/eldre/97-98/3/36080.htm,"['Mål: Faget tar sikte på å gi ei vidare innføring i digital bildebehandling i fjernmåling, flyfotogrammetri og nærfotogrammetri, med tanke på å kombinere desse fagområda med bruk av geografiske informasjonssystem (GIS).', 'Forutsetning: Bygger på fag 36043 Fotogrammetri 3 GK og 36047 Fjernmåling og informasjonssystem GK. Den som ikkje tar eksamen i fag 36043 eller 36047 tileignar seg nødvendige kunnskapar innan desse på eiga hand etter avtale med faglærar.', 'Innhold: Planlegging og gjennomføring av fotogrammetriske oppdrag med eventuelt også bruk av fjernmålingsteknikk innan arkitektur, industrimåling, kartlegging m.m., og integrasjon av den slags arbeid med oppretting av informasjonssystem. Digitale matchingsteknikkar for generering av digitale objekt/terrengmodellar. Digital rektifisering/ortofotoproduksjon, og visualisering ved hjelp av datagrafikk. Kombinering digitale ortofoto eller rektifiserte digitale bildedata med digitale terreng/objektmodellar og andre geografiske informasjonar.']","['Mål: Faget skal gi fordypning i et emne innen kart og oppmåling og samtidig gi trening i selvstendig arbeid og rapportskriving.', 'Forutsetning: Vil avhenge av prosjektet og fastsettes av den enkelte faglærer.', 'Innhold: Prosjektarbeidet vil være av eksperimentell, teoretisk eller datateknisk karakter, eller at det vil være et litteraturstudium. Oppgavetypene finnes innenfor instituttets fagområder som er geodesi, fotogrammetri og kartografi.', 'Undervisningsform: Oppgavene gis individuelt eller for flere studenter som samarbeider. Det gis gruppevis veiledning for studenter som velger samme oppgavetype. Faget avsluttes med at studentene presenterer sine prosjekter for medstudenter og lærere ved instituttet.']"
6ab62fe1e0d39fa1dac279698e947eb8182e9bbb,059b7b031d5f4b4f0b76278387f5516cc14b4b49,https://www.ntnu.no/studieinformasjon/siving/eldre/97-98/3/36058.htm,https://www.ntnu.no/studieinformasjon/siving/eldre/97-98/3/37054.htm,"['Mål: Faget tar sikte på å gi ei vidare innføring i digital bildebehandling i fjernmåling, flyfotogrammetri og nærfotogrammetri, med tanke på å kombinere desse fagområda med bruk av geografiske informasjonssystem (GIS).', 'Forutsetning: Bygger på fag 36043 Fotogrammetri 3 GK og 36047 Fjernmåling og informasjonssystem GK. Den som ikkje tar eksamen i fag 36043 eller 36047 tileignar seg nødvendige kunnskapar innan desse på eiga hand etter avtale med faglærar.', 'Innhold: Planlegging og gjennomføring av fotogrammetriske oppdrag med eventuelt også bruk av fjernmålingsteknikk innan arkitektur, industrimåling, kartlegging m.m., og integrasjon av den slags arbeid med oppretting av informasjonssystem. Digitale matchingsteknikkar for generering av digitale objekt/terrengmodellar. Digital rektifisering/ortofotoproduksjon, og visualisering ved hjelp av datagrafikk. Kombinering digitale ortofoto eller rektifiserte digitale bildedata med digitale terreng/objektmodellar og andre geografiske informasjonar.']","['Mål: Faget tar sikte på å gi studentene innsikt om tre som konstruksjonsmateriale, bakgrunn for dimensjoneringsprinsipper og dimensjonering av konstruksjoner og komponenter av tre.', 'Forutsetning: Grunnlag i mekanikk og konstruksjonsmekanikk.', 'Innhold: Faget omfatter trevirke som byggemateriale, egenskaper, sortering, fastheter. Råte og nedbrytning. Brann. Lastberegning for og dimensjonering av komponenter og konstruksjoner av tre og limtre. Forbindelsesmidler. Takkonstruksjoner. Bjelker. Buer og rammer av limtre. Fagverk. Spesielle konstruksjoner. Avstivninger. Forankringer.']"
6ab62fe1e0d39fa1dac279698e947eb8182e9bbb,37c7ee80a8c2d8c9dddf8131a0d2b6e97e166f22,https://www.ntnu.no/studieinformasjon/siving/eldre/97-98/3/36058.htm,https://www.ntnu.no/studieinformasjon/siving/eldre/97-98/3/37058.htm,"['Mål: Faget tar sikte på å gi ei vidare innføring i digital bildebehandling i fjernmåling, flyfotogrammetri og nærfotogrammetri, med tanke på å kombinere desse fagområda med bruk av geografiske informasjonssystem (GIS).', 'Forutsetning: Bygger på fag 36043 Fotogrammetri 3 GK og 36047 Fjernmåling og informasjonssystem GK. Den som ikkje tar eksamen i fag 36043 eller 36047 tileignar seg nødvendige kunnskapar innan desse på eiga hand etter avtale med faglærar.', 'Innhold: Planlegging og gjennomføring av fotogrammetriske oppdrag med eventuelt også bruk av fjernmålingsteknikk innan arkitektur, industrimåling, kartlegging m.m., og integrasjon av den slags arbeid med oppretting av informasjonssystem. Digitale matchingsteknikkar for generering av digitale objekt/terrengmodellar. Digital rektifisering/ortofotoproduksjon, og visualisering ved hjelp av datagrafikk. Kombinering digitale ortofoto eller rektifiserte digitale bildedata med digitale terreng/objektmodellar og andre geografiske informasjonar.']","['Mål: Faget tar sikte på å gi innsikt i stålkonstruksjoners bærevirkning og bedret grunnlag for prosjektering og dimensjonering utover den undervisningen som gis i fag 37056 Stålkonstruksjoner 1 GK.', 'Forutsetning: Eksamen i fag 37056 Stålkonstruksjoner 1 GK.', 'Innhold: I dette faget tas det opp en del emner som ikke ble behandlet i fag 37056. Dette gjelder spesielt for avstivede og uavstivede plater og for ramme-konstruksjoner. Sentrale emner i dette faget omfatter platekonstruksjoners bære-evne med hensyn til knekking, og beregningsmetoder for elastiske og uelastisk knekking av rammer.', 'Undervisningsform: Forelesninger og regneøvinger.', 'Kursmateriell: Per Kr. Larsen: Dimensjonering av stålkonstruksjoner, Tapir.']"
6ab62fe1e0d39fa1dac279698e947eb8182e9bbb,ae42a3feaf93f818568c8d4ff48fce0217866c27,https://www.ntnu.no/studieinformasjon/siving/eldre/97-98/3/36058.htm,https://www.ntnu.no/studieinformasjon/siving/eldre/97-98/3/33052.htm,"['Mål: Faget tar sikte på å gi ei vidare innføring i digital bildebehandling i fjernmåling, flyfotogrammetri og nærfotogrammetri, med tanke på å kombinere desse fagområda med bruk av geografiske informasjonssystem (GIS).', 'Forutsetning: Bygger på fag 36043 Fotogrammetri 3 GK og 36047 Fjernmåling og informasjonssystem GK. Den som ikkje tar eksamen i fag 36043 eller 36047 tileignar seg nødvendige kunnskapar innan desse på eiga hand etter avtale med faglærar.', 'Innhold: Planlegging og gjennomføring av fotogrammetriske oppdrag med eventuelt også bruk av fjernmålingsteknikk innan arkitektur, industrimåling, kartlegging m.m., og integrasjon av den slags arbeid med oppretting av informasjonssystem. Digitale matchingsteknikkar for generering av digitale objekt/terrengmodellar. Digital rektifisering/ortofotoproduksjon, og visualisering ved hjelp av datagrafikk. Kombinering digitale ortofoto eller rektifiserte digitale bildedata med digitale terreng/objektmodellar og andre geografiske informasjonar.']","['Mål: Faget skal gi studentene innsikt i styringsprinsippene, planlegging og byggeøkonomi og forståelse av innvirkningen av usikkerhet, samt å gi verktøy og teknikker til å løse problemer knyttet til styring av tid og ressurser.']"
6ab62fe1e0d39fa1dac279698e947eb8182e9bbb,db0100f57ff5b42050e451ab2d4ded06f145a9c7,https://www.ntnu.no/studieinformasjon/siving/eldre/97-98/3/36058.htm,https://www.ntnu.no/studieinformasjon/siving/eldre/97-98/3/37048.htm,"['Mål: Faget tar sikte på å gi ei vidare innføring i digital bildebehandling i fjernmåling, flyfotogrammetri og nærfotogrammetri, med tanke på å kombinere desse fagområda med bruk av geografiske informasjonssystem (GIS).', 'Forutsetning: Bygger på fag 36043 Fotogrammetri 3 GK og 36047 Fjernmåling og informasjonssystem GK. Den som ikkje tar eksamen i fag 36043 eller 36047 tileignar seg nødvendige kunnskapar innan desse på eiga hand etter avtale med faglærar.', 'Innhold: Planlegging og gjennomføring av fotogrammetriske oppdrag med eventuelt også bruk av fjernmålingsteknikk innan arkitektur, industrimåling, kartlegging m.m., og integrasjon av den slags arbeid med oppretting av informasjonssystem. Digitale matchingsteknikkar for generering av digitale objekt/terrengmodellar. Digital rektifisering/ortofotoproduksjon, og visualisering ved hjelp av datagrafikk. Kombinering digitale ortofoto eller rektifiserte digitale bildedata med digitale terreng/objektmodellar og andre geografiske informasjonar.']","['Innhold: Mekaniske, fysiske og kjemiske nedbrytningsmekanismer. Planlegging og gjennomføring av tilstandsanalyse. Tolking av data fra tilstandsvurdering mht. sikkerhet og funksjon. Prøvebelastninger. Vurdering av vedlikeholds- og reparasjonsbehov. Levetidsvurderinger. Vedlikeholdsmaterialer og -metoder. Reparasjonsmaterialer og -metoder. Forsterkninger. Beregningsgrunnlag, beregningsmodeller og -metoder for skadet konstruksjon, reparasjoner og forsterkninger. Kvalitetssikring av reparasjonsarbeider.']"
6ab62fe1e0d39fa1dac279698e947eb8182e9bbb,0d22569a3bdc301ab20c53ce11855e7ced249f14,https://www.ntnu.no/studieinformasjon/siving/eldre/97-98/3/36058.htm,https://www.ntnu.no/studieinformasjon/siving/eldre/97-98/3/36032.htm,"['Mål: Faget tar sikte på å gi ei vidare innføring i digital bildebehandling i fjernmåling, flyfotogrammetri og nærfotogrammetri, med tanke på å kombinere desse fagområda med bruk av geografiske informasjonssystem (GIS).', 'Forutsetning: Bygger på fag 36043 Fotogrammetri 3 GK og 36047 Fjernmåling og informasjonssystem GK. Den som ikkje tar eksamen i fag 36043 eller 36047 tileignar seg nødvendige kunnskapar innan desse på eiga hand etter avtale med faglærar.', 'Innhold: Planlegging og gjennomføring av fotogrammetriske oppdrag med eventuelt også bruk av fjernmålingsteknikk innan arkitektur, industrimåling, kartlegging m.m., og integrasjon av den slags arbeid med oppretting av informasjonssystem. Digitale matchingsteknikkar for generering av digitale objekt/terrengmodellar. Digital rektifisering/ortofotoproduksjon, og visualisering ved hjelp av datagrafikk. Kombinering digitale ortofoto eller rektifiserte digitale bildedata med digitale terreng/objektmodellar og andre geografiske informasjonar.']","['Mål: Faget skal gi studentene inngående kjennskap til grunnleggende elementer i moderne geografiske informasjonssystemer (GIS).', 'Forutsetning: 45001 Grunnkurs i databehandling (se studieplan for 1996/97) eller tilsvarende kunnskap.', 'Innhold: Historikk, oversikt over grunnleggende elementer i et GIS. Kartografisk kommunikasjon, kartografisk generalisering, ulike typer temakart, metoder for presentasjon av topografiske- og statistiske data. Basisprinsipper for analyse av geografiske data, overlagringsteknikker. Romlige datamodeller og topologiske relasjoner mellom geografiske objekter. Utstyr for digitalisering, lagring og presentasjon av kart. Geografiske databaser. Digitale terrengmodeller (DTM), klasser av DTM og deres bruksegenskaper. Eksempler på bruk av GIS i planlegging for forvaltning.', 'Undervisningsform: Forelesninger og øvinger. Øvingene i faget blir lagt opp mot bruk av GIS-programpakker. Dette vil gi studentene god trening i bruk av programpakker til presentasjon og analyse av geografiske data.', 'Kursmateriell: Jeffrey Star og John Estes: Geographic Information Systems, an introduction, Prentice Hall, 303 sider. Supplerende litteratur ved instituttet.']"
6ab62fe1e0d39fa1dac279698e947eb8182e9bbb,8f56697e2344f94350926029a0553ff8880f487a,https://www.ntnu.no/studieinformasjon/siving/eldre/97-98/3/36058.htm,https://www.ntnu.no/studieinformasjon/siving/eldre/97-98/3/37068.htm,"['Mål: Faget tar sikte på å gi ei vidare innføring i digital bildebehandling i fjernmåling, flyfotogrammetri og nærfotogrammetri, med tanke på å kombinere desse fagområda med bruk av geografiske informasjonssystem (GIS).', 'Forutsetning: Bygger på fag 36043 Fotogrammetri 3 GK og 36047 Fjernmåling og informasjonssystem GK. Den som ikkje tar eksamen i fag 36043 eller 36047 tileignar seg nødvendige kunnskapar innan desse på eiga hand etter avtale med faglærar.', 'Innhold: Planlegging og gjennomføring av fotogrammetriske oppdrag med eventuelt også bruk av fjernmålingsteknikk innan arkitektur, industrimåling, kartlegging m.m., og integrasjon av den slags arbeid med oppretting av informasjonssystem. Digitale matchingsteknikkar for generering av digitale objekt/terrengmodellar. Digital rektifisering/ortofotoproduksjon, og visualisering ved hjelp av datagrafikk. Kombinering digitale ortofoto eller rektifiserte digitale bildedata med digitale terreng/objektmodellar og andre geografiske informasjonar.']","['Mål: Faget skal gi en innføring i det teoretiske grunnlaget og de mest aktuelle metoder for dimensjonering mot utmatting og sprøbrudd i stål- og aluminium-konstruksjoner med sveise- og boltforbindelser.', 'Forutsetning: Fag 37020 Skiver og plater GK og 37021 Knekning og svingning GK eller tilsvarende forkunnskaper.', 'Innhold: Grunnleggende begreper innen lineær-elastisk og elastisk-plastisk bruddmekanikk. Beregning av spenningsintensitetsfaktorer. Betydningen av forskjellige feiltyper. Sammenheng mellom utmattings- og bruddstyrke og andre materialegenskaper, virkningen av miljø og temperatur. Stokastiske lastforløp, statistisk evaluering og lastspektra. Spenningsanalyser for plate- og rørforbindelser. S-N data for sveiste, støpte og smidde deler. Bolter og boltforbindelser. Metoder til forlengelse av levetid og reparasjon av skader. Kumulativ skade og levetidsdimensjonering basert på initiering eller sprekkvekst. Dimensjonering basert på forskrifter og standarder (f.eks. NS 3472, Eurocode 3 og Eurocode 9).']"
6ab62fe1e0d39fa1dac279698e947eb8182e9bbb,c1dbdc652fda71a0e76981b1204dd66a52de4e92,https://www.ntnu.no/studieinformasjon/siving/eldre/97-98/3/36058.htm,https://www.ntnu.no/studieinformasjon/siving/eldre/97-98/3/37083.htm,"['Mål: Faget tar sikte på å gi ei vidare innføring i digital bildebehandling i fjernmåling, flyfotogrammetri og nærfotogrammetri, med tanke på å kombinere desse fagområda med bruk av geografiske informasjonssystem (GIS).', 'Forutsetning: Bygger på fag 36043 Fotogrammetri 3 GK og 36047 Fjernmåling og informasjonssystem GK. Den som ikkje tar eksamen i fag 36043 eller 36047 tileignar seg nødvendige kunnskapar innan desse på eiga hand etter avtale med faglærar.', 'Innhold: Planlegging og gjennomføring av fotogrammetriske oppdrag med eventuelt også bruk av fjernmålingsteknikk innan arkitektur, industrimåling, kartlegging m.m., og integrasjon av den slags arbeid med oppretting av informasjonssystem. Digitale matchingsteknikkar for generering av digitale objekt/terrengmodellar. Digital rektifisering/ortofotoproduksjon, og visualisering ved hjelp av datagrafikk. Kombinering digitale ortofoto eller rektifiserte digitale bildedata med digitale terreng/objektmodellar og andre geografiske informasjonar.']","['Mål: Faget har som målsetting å gi en dypere forståelse for en del årsaker til naturlastene som virker på byggverk i havet og hvordan vi kartlegger disse. Dessuten å gi innsikt i beregningsgrunnlaget forbundet med spredning av forurensning i resipienter.', 'Forutsetning: Fag 37076 Svingninger og dynamisk respons GK og 37074 Naturlaster GK og det er en fordel med faget 37073 Kystteknikk GK.', 'Innhold: Faget behandler strømninger i og over havet (tidevann, bølger, strøm og vind) samt disses virkning på byggverk og liknende, både i kystsonen og på havet. Aktuelle målemetoder (prinsipper og teknikk) og dataanalyser både i tids\xad, frekvens\xad og bølgetallrom vil bli anvendt på dimensjonering av byggverk og på beregning av ""værvinduer"" for virksomhet til havs. Det gis en oversikt over isforekomster, ismekanikk og beregning av islaster. Diffusjon og dispersjon av forurensning i resipienter belyses, og strømningsmekanismene i forbindelse med utslipp i form av stråler og plumer gjennomgås. Dessuten behandles oljedrift og bølge- og strømvarsling.']"
6ab62fe1e0d39fa1dac279698e947eb8182e9bbb,42d630ccc558f739b069ce4379d1887573dc1477,https://www.ntnu.no/studieinformasjon/siving/eldre/97-98/3/36058.htm,https://www.ntnu.no/studieinformasjon/siving/eldre/97-98/3/33005.htm,"['Mål: Faget tar sikte på å gi ei vidare innføring i digital bildebehandling i fjernmåling, flyfotogrammetri og nærfotogrammetri, med tanke på å kombinere desse fagområda med bruk av geografiske informasjonssystem (GIS).', 'Forutsetning: Bygger på fag 36043 Fotogrammetri 3 GK og 36047 Fjernmåling og informasjonssystem GK. Den som ikkje tar eksamen i fag 36043 eller 36047 tileignar seg nødvendige kunnskapar innan desse på eiga hand etter avtale med faglærar.', 'Innhold: Planlegging og gjennomføring av fotogrammetriske oppdrag med eventuelt også bruk av fjernmålingsteknikk innan arkitektur, industrimåling, kartlegging m.m., og integrasjon av den slags arbeid med oppretting av informasjonssystem. Digitale matchingsteknikkar for generering av digitale objekt/terrengmodellar. Digital rektifisering/ortofotoproduksjon, og visualisering ved hjelp av datagrafikk. Kombinering digitale ortofoto eller rektifiserte digitale bildedata med digitale terreng/objektmodellar og andre geografiske informasjonar.']","['Mål: Hovedmålet med faget er å gi en praktisk anvendelig forståelse for hvordan våre alminneligste bygningsmaterialer fungerer.', 'Forutsetning: Eksamen i fag 50508 Kjemi, 74141 Fysikk 1 (se studieplan for 1996/97) og 74142 Fysikk 2 eller tilsvarende kunnskaper.', 'Innhold: Faget omhandler grunnleggende materialegenskaper som fasthet og deformasjon, varme\xad og fukttransport, fysikalsk og kjemisk bestandighet samt de viktigste bygningsmaterialer som betong, stål, aluminium, polymere materialer, tre og tegl.']"
6ab62fe1e0d39fa1dac279698e947eb8182e9bbb,f0057aaaefe0e37aa756df37cf6f9e5adf363cfc,https://www.ntnu.no/studieinformasjon/siving/eldre/97-98/3/36058.htm,https://www.ntnu.no/studieinformasjon/siving/eldre/97-98/3/34505.htm,"['Mål: Faget tar sikte på å gi ei vidare innføring i digital bildebehandling i fjernmåling, flyfotogrammetri og nærfotogrammetri, med tanke på å kombinere desse fagområda med bruk av geografiske informasjonssystem (GIS).', 'Forutsetning: Bygger på fag 36043 Fotogrammetri 3 GK og 36047 Fjernmåling og informasjonssystem GK. Den som ikkje tar eksamen i fag 36043 eller 36047 tileignar seg nødvendige kunnskapar innan desse på eiga hand etter avtale med faglærar.', 'Innhold: Planlegging og gjennomføring av fotogrammetriske oppdrag med eventuelt også bruk av fjernmålingsteknikk innan arkitektur, industrimåling, kartlegging m.m., og integrasjon av den slags arbeid med oppretting av informasjonssystem. Digitale matchingsteknikkar for generering av digitale objekt/terrengmodellar. Digital rektifisering/ortofotoproduksjon, og visualisering ved hjelp av datagrafikk. Kombinering digitale ortofoto eller rektifiserte digitale bildedata med digitale terreng/objektmodellar og andre geografiske informasjonar.']","['Innhold: Første del av faget, ca 2/5, tar for seg væskers fysiske egenskaper, trykktilstander og grunnleggende bevegelseslikninger. Andre del av faget legger hovedvekten på anvendelsesområder som bølgebevegelse, rørstrømning, kanalstrømning og krefter på legemer i strøm og bølger. Faget blir utformet og gjennomført i samarbeid mellom Fakultet for maskinteknikk ved Institutt for mekanikk, termo- og fluiddynamikk og Fakultet for bygg- og miljøteknikk ved Institutt for konstruksjonsteknikk og Institutt for vassbygging (med sistnevnte institutt som koordineringsansvarlig).']"
6ab62fe1e0d39fa1dac279698e947eb8182e9bbb,32557c7b7370ac6c1ef44bf391dd1022c6b58fa5,https://www.ntnu.no/studieinformasjon/siving/eldre/97-98/3/36058.htm,https://www.ntnu.no/studieinformasjon/siving/eldre/97-98/3/33058.htm,"['Mål: Faget tar sikte på å gi ei vidare innføring i digital bildebehandling i fjernmåling, flyfotogrammetri og nærfotogrammetri, med tanke på å kombinere desse fagområda med bruk av geografiske informasjonssystem (GIS).', 'Forutsetning: Bygger på fag 36043 Fotogrammetri 3 GK og 36047 Fjernmåling og informasjonssystem GK. Den som ikkje tar eksamen i fag 36043 eller 36047 tileignar seg nødvendige kunnskapar innan desse på eiga hand etter avtale med faglærar.', 'Innhold: Planlegging og gjennomføring av fotogrammetriske oppdrag med eventuelt også bruk av fjernmålingsteknikk innan arkitektur, industrimåling, kartlegging m.m., og integrasjon av den slags arbeid med oppretting av informasjonssystem. Digitale matchingsteknikkar for generering av digitale objekt/terrengmodellar. Digital rektifisering/ortofotoproduksjon, og visualisering ved hjelp av datagrafikk. Kombinering digitale ortofoto eller rektifiserte digitale bildedata med digitale terreng/objektmodellar og andre geografiske informasjonar.']","['Mål: Faget skal gi fordypningsinnsikt i metoder og teknikker knyttet til organisering og gjennomføring av bygge- og anleggsprosjekter, kontraktsforhold og internasjonalisering.', 'Forutsetning: Eksamen i fag 33052 Prosjektstyring i bygg og anlegg GK, eventuelt 33055 Byggeprosessen, kvalitetsstyring og økonomi GK eller tilsvarende kunnskaper. Det kreves ikke eksamen i begge fagene. Det tas forbehold om begrensning i deltakerantallet.', 'Innhold: Kontrahering og kontraktsformer for bygge- og anleggsarbeider, utvalgte emner innen byggeøkonomi, prosjektorganisering og prosjektstyring, beslutningsstøtte, verdianalyse, byggesaksbehandling, prosjektutvikling og internasjonalisering.', 'Undervisningsform: Forelesninger og et årsarbeid som gruppeoppgave eller individuell oppgave. Årsarbeidet teller 40% ved fastlegging av karakteren.']"
6ab62fe1e0d39fa1dac279698e947eb8182e9bbb,bc608250c300b76cac3552620f7a0536fd1110d9,https://www.ntnu.no/studieinformasjon/siving/eldre/97-98/3/36058.htm,https://www.ntnu.no/studieinformasjon/siving/eldre/97-98/3/36055.htm,"['Mål: Faget tar sikte på å gi ei vidare innføring i digital bildebehandling i fjernmåling, flyfotogrammetri og nærfotogrammetri, med tanke på å kombinere desse fagområda med bruk av geografiske informasjonssystem (GIS).', 'Forutsetning: Bygger på fag 36043 Fotogrammetri 3 GK og 36047 Fjernmåling og informasjonssystem GK. Den som ikkje tar eksamen i fag 36043 eller 36047 tileignar seg nødvendige kunnskapar innan desse på eiga hand etter avtale med faglærar.', 'Innhold: Planlegging og gjennomføring av fotogrammetriske oppdrag med eventuelt også bruk av fjernmålingsteknikk innan arkitektur, industrimåling, kartlegging m.m., og integrasjon av den slags arbeid med oppretting av informasjonssystem. Digitale matchingsteknikkar for generering av digitale objekt/terrengmodellar. Digital rektifisering/ortofotoproduksjon, og visualisering ved hjelp av datagrafikk. Kombinering digitale ortofoto eller rektifiserte digitale bildedata med digitale terreng/objektmodellar og andre geografiske informasjonar.']","['Mål: Faget tar sikte på å gi studentene utdypende kunnskaper om de emner som er behandlet i tidligere GIS/kartografikurs. Evne til selvstendig analyse og teorianvendelse skal utvikles.', 'Forutsetning: Fag 36032 Geografiske informasjonssystem GK og 36054 Digital kartografi GK. Det er en fordel med generell kunnskap om databaser.', 'Innhold: Visuelle modeller av geografiske objekter. Metoder for å representere kartografisk kunnskap og metoder for å anvende denne kunnskapen til automatisert kartografisk generalisering. Modellering av geografiske objekter og relasjoner mellom disse, romlig interpolasjon. Relasjonsmodellen og objektorienterte metoder anvendt i GIS. Animasjon og multimedia i GIS. Kommersielt tilgjengelig GIS-programvare. Det blir lagt vekt på å gi en oversikt over trender og nyere forskning innen faget.', 'Undervisningsform: Litteraturoppgave, forelesninger og kollokvier. Studentene må på egen hånd sette seg inn i nytt stoff og presentere dette muntlig for lærer og medstudenter. Litteraturoppgaven, som er obligatorisk, teller 50% ved fastsettelse av karakter.']"
6ab62fe1e0d39fa1dac279698e947eb8182e9bbb,aff49495253840c255b931a6e0ff7bf96eae47a6,https://www.ntnu.no/studieinformasjon/siving/eldre/97-98/3/36058.htm,https://www.ntnu.no/studieinformasjon/siving/eldre/97-98/3/34265.htm,"['Mål: Faget tar sikte på å gi ei vidare innføring i digital bildebehandling i fjernmåling, flyfotogrammetri og nærfotogrammetri, med tanke på å kombinere desse fagområda med bruk av geografiske informasjonssystem (GIS).', 'Forutsetning: Bygger på fag 36043 Fotogrammetri 3 GK og 36047 Fjernmåling og informasjonssystem GK. Den som ikkje tar eksamen i fag 36043 eller 36047 tileignar seg nødvendige kunnskapar innan desse på eiga hand etter avtale med faglærar.', 'Innhold: Planlegging og gjennomføring av fotogrammetriske oppdrag med eventuelt også bruk av fjernmålingsteknikk innan arkitektur, industrimåling, kartlegging m.m., og integrasjon av den slags arbeid med oppretting av informasjonssystem. Digitale matchingsteknikkar for generering av digitale objekt/terrengmodellar. Digital rektifisering/ortofotoproduksjon, og visualisering ved hjelp av datagrafikk. Kombinering digitale ortofoto eller rektifiserte digitale bildedata med digitale terreng/objektmodellar og andre geografiske informasjonar.']","['Mål: Faget tar sikte på å utvide og utdype kunnskaper i og forståelse for trafikk og trafikkavvikling i forhold til krav knyttet til framkommelighet, trafikksikkerhet og miljø.', 'Forutsetning: Eksamen i fag 34226 Trafikkteknikk 1 GK.', 'Innhold: Anvendt trafikkavviklingsteori. Sammenhengen mellom geometri, regulering og trafikantatferd. Trafikkavvikling til gatenett og på vegstrekninger. Aktuelle dataprogrammer for simulering og analyse av trafikkavviklingen. Trafikksikkerhetsanalyser. Miljøanalyser knyttet til trafikkavvikling og -regulering. Bruk av informasjonsteknologi (IT) for styrings- og informasjonsformål, herunder kollektivtrafikkprioritering og andre trafikktekniske tiltak.']"
6ab62fe1e0d39fa1dac279698e947eb8182e9bbb,e24c970bb4258b88d4a8e01b9b78809d0c1ec740,https://www.ntnu.no/studieinformasjon/siving/eldre/97-98/3/36058.htm,https://www.ntnu.no/studieinformasjon/siving/eldre/97-98/3/37078.htm,"['Mål: Faget tar sikte på å gi ei vidare innføring i digital bildebehandling i fjernmåling, flyfotogrammetri og nærfotogrammetri, med tanke på å kombinere desse fagområda med bruk av geografiske informasjonssystem (GIS).', 'Forutsetning: Bygger på fag 36043 Fotogrammetri 3 GK og 36047 Fjernmåling og informasjonssystem GK. Den som ikkje tar eksamen i fag 36043 eller 36047 tileignar seg nødvendige kunnskapar innan desse på eiga hand etter avtale med faglærar.', 'Innhold: Planlegging og gjennomføring av fotogrammetriske oppdrag med eventuelt også bruk av fjernmålingsteknikk innan arkitektur, industrimåling, kartlegging m.m., og integrasjon av den slags arbeid med oppretting av informasjonssystem. Digitale matchingsteknikkar for generering av digitale objekt/terrengmodellar. Digital rektifisering/ortofotoproduksjon, og visualisering ved hjelp av datagrafikk. Kombinering digitale ortofoto eller rektifiserte digitale bildedata med digitale terreng/objektmodellar og andre geografiske informasjonar.']","['Innhold: Sikkerhetsproblemet. Mål for konstruksjoners sikkerhet. Analyse av usikkerheter. Beregning av pålitelighet. Nominell sviktsannsynlighet. Transformasjoner. Følsomhetsanalyse. Numeriske metoder for beregning av sviktsannsynlighet. Systemsikkerhet. Modellering av last, lasteffekter og styrke/-kapasitet. Kalibrering av dimensjoneringsregler. Bruk av programpakken PROBAN i øvingsarbeider.']"
6ab62fe1e0d39fa1dac279698e947eb8182e9bbb,f94ace9955f5cb1752be4a9c13ea0756b75dbef4,https://www.ntnu.no/studieinformasjon/siving/eldre/97-98/3/36058.htm,https://www.ntnu.no/studieinformasjon/siving/eldre/97-98/3/34028.htm,"['Mål: Faget tar sikte på å gi ei vidare innføring i digital bildebehandling i fjernmåling, flyfotogrammetri og nærfotogrammetri, med tanke på å kombinere desse fagområda med bruk av geografiske informasjonssystem (GIS).', 'Forutsetning: Bygger på fag 36043 Fotogrammetri 3 GK og 36047 Fjernmåling og informasjonssystem GK. Den som ikkje tar eksamen i fag 36043 eller 36047 tileignar seg nødvendige kunnskapar innan desse på eiga hand etter avtale med faglærar.', 'Innhold: Planlegging og gjennomføring av fotogrammetriske oppdrag med eventuelt også bruk av fjernmålingsteknikk innan arkitektur, industrimåling, kartlegging m.m., og integrasjon av den slags arbeid med oppretting av informasjonssystem. Digitale matchingsteknikkar for generering av digitale objekt/terrengmodellar. Digital rektifisering/ortofotoproduksjon, og visualisering ved hjelp av datagrafikk. Kombinering digitale ortofoto eller rektifiserte digitale bildedata med digitale terreng/objektmodellar og andre geografiske informasjonar.']","['Innhold: Sentrale emner vil være veg- og gateutforming, miljødefinisjoner og problemstillinger. Faget tar opp ulike sider av miljøbegrepet, både de kvantifiserbare som støy og forurensning og de kvalitative som de sosiale og visuelle forhold. De ulike miljøaspekter blir satt i sin sammenheng der det legges vekt på en forståelse av en helhetlig planlegging. Faget tar også opp problemsone- og miljøkonsekvensanalyser. I tillegg vil en gå inn på utforming av rasteplasser, støttemurer, tunellportaler og bruer.']"
6ab62fe1e0d39fa1dac279698e947eb8182e9bbb,fc8a9595a785b413ce94367652f27c0f887563d4,https://www.ntnu.no/studieinformasjon/siving/eldre/97-98/3/36058.htm,https://www.ntnu.no/studieinformasjon/siving/eldre/97-98/3/33056.htm,"['Mål: Faget tar sikte på å gi ei vidare innføring i digital bildebehandling i fjernmåling, flyfotogrammetri og nærfotogrammetri, med tanke på å kombinere desse fagområda med bruk av geografiske informasjonssystem (GIS).', 'Forutsetning: Bygger på fag 36043 Fotogrammetri 3 GK og 36047 Fjernmåling og informasjonssystem GK. Den som ikkje tar eksamen i fag 36043 eller 36047 tileignar seg nødvendige kunnskapar innan desse på eiga hand etter avtale med faglærar.', 'Innhold: Planlegging og gjennomføring av fotogrammetriske oppdrag med eventuelt også bruk av fjernmålingsteknikk innan arkitektur, industrimåling, kartlegging m.m., og integrasjon av den slags arbeid med oppretting av informasjonssystem. Digitale matchingsteknikkar for generering av digitale objekt/terrengmodellar. Digital rektifisering/ortofotoproduksjon, og visualisering ved hjelp av datagrafikk. Kombinering digitale ortofoto eller rektifiserte digitale bildedata med digitale terreng/objektmodellar og andre geografiske informasjonar.']","['Innhold: En gruppe på 1-3 studenter, samt instituttpersonale, arbeider med et tema. Tema for fordypningen kan være å utvikle eller bearbeide planleggings- og beregningsmodeller innen et avgrenset område, eller konkret prosjekt knyttet til anlegg under planlegging eller utførelse.']"
6ab62fe1e0d39fa1dac279698e947eb8182e9bbb,a7a9ba6023ad3a6050d02d14a97ef397f3fcaf2d,https://www.ntnu.no/studieinformasjon/siving/eldre/97-98/3/36058.htm,https://www.ntnu.no/studieinformasjon/siving/eldre/97-98/3/33565.htm,"['Mål: Faget tar sikte på å gi ei vidare innføring i digital bildebehandling i fjernmåling, flyfotogrammetri og nærfotogrammetri, med tanke på å kombinere desse fagområda med bruk av geografiske informasjonssystem (GIS).', 'Forutsetning: Bygger på fag 36043 Fotogrammetri 3 GK og 36047 Fjernmåling og informasjonssystem GK. Den som ikkje tar eksamen i fag 36043 eller 36047 tileignar seg nødvendige kunnskapar innan desse på eiga hand etter avtale med faglærar.', 'Innhold: Planlegging og gjennomføring av fotogrammetriske oppdrag med eventuelt også bruk av fjernmålingsteknikk innan arkitektur, industrimåling, kartlegging m.m., og integrasjon av den slags arbeid med oppretting av informasjonssystem. Digitale matchingsteknikkar for generering av digitale objekt/terrengmodellar. Digital rektifisering/ortofotoproduksjon, og visualisering ved hjelp av datagrafikk. Kombinering digitale ortofoto eller rektifiserte digitale bildedata med digitale terreng/objektmodellar og andre geografiske informasjonar.']","['Mål: Faget tar sikte på å gi studentene inngående kjennskap til prinsipper og metoder for bestemmelse av jordartenes mekaniske egenskaper og klassifiseringsdata gjennom egenhendig utførte felt\xad og laboratorieforsøk.', 'Innhold: Bestemmelse av klassifiserings\xad og identifiseringsdata for leire og sand. Treaksial\xad og ødometerforsøk på leire og sand. Komprimering og permeabilitet. Modellforsøk. Prøvetaking, poretrykksmåling, sonderboringer og spesielle feltundersøkelser. Planlegging av feltundersøkelser. EDB i geoteknisk laboratorie- og feltvirksomhet blir demonstrert i øvinger.', 'Undervisningsform: Forelesninger med elementer av problembasert læringsopplegg. Praktiske øvinger med rapportskriving. Etter godkjenning gjennomgås og drøftes øvingene i kollokvier. Karakterer for øvingene teller med i sluttkarakteren med ca 1/3. Studentforedrag innenfor begrensede deler av pensum.']"
6ab62fe1e0d39fa1dac279698e947eb8182e9bbb,4d364e12140e91803ded4555c345a4d3155a2855,https://www.ntnu.no/studieinformasjon/siving/eldre/97-98/3/36058.htm,https://www.ntnu.no/studieinformasjon/siving/eldre/97-98/3/37035.htm,"['Mål: Faget tar sikte på å gi ei vidare innføring i digital bildebehandling i fjernmåling, flyfotogrammetri og nærfotogrammetri, med tanke på å kombinere desse fagområda med bruk av geografiske informasjonssystem (GIS).', 'Forutsetning: Bygger på fag 36043 Fotogrammetri 3 GK og 36047 Fjernmåling og informasjonssystem GK. Den som ikkje tar eksamen i fag 36043 eller 36047 tileignar seg nødvendige kunnskapar innan desse på eiga hand etter avtale med faglærar.', 'Innhold: Planlegging og gjennomføring av fotogrammetriske oppdrag med eventuelt også bruk av fjernmålingsteknikk innan arkitektur, industrimåling, kartlegging m.m., og integrasjon av den slags arbeid med oppretting av informasjonssystem. Digitale matchingsteknikkar for generering av digitale objekt/terrengmodellar. Digital rektifisering/ortofotoproduksjon, og visualisering ved hjelp av datagrafikk. Kombinering digitale ortofoto eller rektifiserte digitale bildedata med digitale terreng/objektmodellar og andre geografiske informasjonar.']","['Mål: Faget gir primært grunnlaget for beregning av elastiske forskyvninger og spenninger i enkle, tynnveggede konstruksjoner (rør, beholdere og andre skalltyper). Bjelketeori for torsjon og bøyning. Stabilitetsproblemer.', 'Innhold: Sylindriske beholdere og rør i rotasjonssymmetrisk tilstand. Generell teori for sylinderskall. Sammenbygde konstruksjoner. Temperaturvirkninger. Kuleskall i rotasjonssymmetrisk tilstand. Torsjon av åpne og lukkede, tynnveggede bjelketverrsnitt. Stabilitet av sirkulære buer. Knekning og 2. ordens bøyningsteori for beholdere og rør med rette og sirkulære stivere. Vipping og torsjonsknekning for bjelker med tynnveggede, åpne tverrsnitt. De forskjellige emner kan variere fra ett kurs til det neste.', 'Undervisningsform: Forelesninger og regneøvinger. Demonstrasjon og bruk av numeriske løsningsteknikker ved dataprogrammer.']"
315b12a6f97c113acf3248ad1736913a0f8493b4,67da6ace7a411cfb62363075e9bbdc3345d8d2e1,https://www.ntnu.no/studier/mfyspl/studiets-oppbygning,https://www.ntnu.no/studier/mspl/studiets-oppbygning,"['Studiets oppbygning - Fysisk planlegging - masterstudium', 'Studiets oppbygning', 'Fysisk planlegging - masterstudium (2-årig)', 'Studiets oppbygning', 'Utdanningsplan og emneval', 'Studentane skal kvart år følje ein utdanningsplan som er godkjent av programrådet. Planen skal registrerast i byrjinga av haustsemesteret slik at oppmelding i emne kan skje innan 15. september for haustsemesteret, og 15. februar for vårsemesteret. Emne skal ordinært veljast blant dei tilrådde emna i den valde fagprofilen. Fakultetet kan godkjenne val av andre emne dersom det er kapasitet.', 'Deltidsstudiar', 'Programstyret kan godkjenne søknad om deltidsstudiar for eitt år om gongen i samsvar med utdanningsplanen. Studenten kan ikkje bruke meir enn tre år på same årskurs. Masteroppgåva kan ikkje takast som deltidsstudium.', 'Masteroppgåve', 'Masteroppgåva skal vere på 30 studiepoeng. For å få starte arbeid med masteroppgåve må alle obligatoriske og valbare emne som inngår i utdanningsplanen, vere bestått. Programstyret kan i særskilde tilfelle fråvike dette, og skal ta omsyn til omfanget av emne som står igjen, og om dei er viktige for gjennomføring av masteroppgåva.', 'Masteroppgåva skal normalt takast ut i løpet av veke 2, alternativt veke 33. Tidsramma for arbeidet er 20 veker. Programstyret kan godkjenne utvida tidsramme dersom:', 'studenten har undervisningsarbeid ved NTNU', 'studenten blir forsinka i arbeidet på grunn av sjukdom eller andre tvingande grunnar', 'Masteroppgåva kan utførast:', 'Individuelt', 'I gruppe med individuell vurdering', 'Alle studentar har krav på å få utføre masteroppgåva individuelt. Oppgåveform 2 og 3 kan studentar velje om dei sjølv set saman gruppa og emneansvarleg for oppgåva godtar det. I tilfelle 2 skal den enkelte studenten sitt bidrag kunne skiljast ut. Ved gruppearbeid skal studentane på førehand inngå skriftleg avtale om forholdet. Avtalepartane er studentane i gruppa og emneansvarleg. Det blir brukt særskild avtaleformular.', 'Den innleverte masteroppgåva med vedlegg kan fritt brukast av NTNU i undervisnings- og forskingsformål. Ved bruk ut over dette, som utgjeving og anna økonomisk utnytting, må det gjerast særskild avtale mellom NTNU og kandidaten.', 'Generelle bestemmingar', 'Øvingsarbeid Studenten kan normalt ikkje levere svar eller vedlegg til desse etter oppsett innleveringsfrist. Det aktuelle instituttet kan i særskilde tilfelle gje utsetting.', 'Tilgang til eksamen For å få tilgang til eksamen må studenten ha fått godkjent eventuelle obligatoriske øvingar i emnet.', 'Utsett eksamen I emna som blir underviste av Fakultet for arkitektur og biletkunst, blir utsett eksamen normalt lagd til neste ordinære eksamensperiode. I andre emne gjeld reglane for det ansvarlege fakultetet. Ved gjentak av eksamen i emne der øvingsarbeid tel 50 % eller meir, må det leverast nytt eller revidert øvingsarbeid.', 'Utveksling i utlandet', 'Her er mulighetene mange, men det er lurt å starte planleggingen i god tid. Studentane kan gjennomføre inntil eit semester ved eit utenlandsk universitet, fortrinnsvis i tredje semester. Fakultetet har avtaler med ei rekke universitet som har relevante studieprogram. Din studieveileder kan hjelpe deg med forhåndsgodkjenning og emnevalg, og hvilke muligheter som finnes for deg på ditt studieprogram.']","['Studiets oppbygning', 'Master i spesialsykepleie', 'Studiets oppbygning', 'Master i spesialsykepleie bygger på bachelorutdanning i sykepleie eller tilsvarende, og norsk autorisasjon som sykepleier. Fullført utdanning på 120 studiepoeng gir mastergrad i spesialsykepleie og kvalifiserer for arbeid som spesialsykepleier med handlingskompetanse til å bidra i utviklings- og forbedringsarbeid, samt kompetanse til å drive og utvikle kunnskapsbasert praksis innen eget ansvarsområde.', 'Oppbygging', 'Studiet bygger på Forskrift om nasjonal retningslinje for de fem studieretningene fastsatt av Kunnskapsdepartementet 26. oktober 2021.', 'Teoridelen består av emnene Spesialsykepleie 1 og Spesialsykepleie 2, Kvalitativ metode, Kvantitativ metode, Prosjektplan og Masteroppgave. Til sammen utgjør dette 75 studiepoeng.', 'Teoriemnenes innhold fremgår av emnebeskrivelsene i studieplanen.', 'Teoristudier, studieretning kreftsykepleie', 'Teoridelen består av emnene Kreftsykepleie-medisinsk behandling, rehabilitering og palliasjon, Faglig ledelse og samhandling, Kvalitetsutvikling, Kvalitativ metode, Kvantitativ metode, Prosjektplan og Masteroppgave. Til sammen utgjør dette 97,5 studiepoeng.', 'Teoriemnenes innhold fremgår av emnebeskrivelsene i studieplanen.', 'Praksis', 'Praksisplasser fordeles av hvert institutt ut fra tilgjengelige praksisplasser, faglige og pedagogiske vurderinger, lokale samarbeidsavtaler med sykehus/kommuner. Som student må du regne med pendling eller flytting i praksisperioden.', 'Praksisstudier utgjør 45 studiepoeng fordelt på tre emner. Praksisemnenes nøyaktige innhold fremgår av emnebeskrivelsene i studieplanen.', 'For studenter som er tatt opp på Gjøvik, vil praksisstudiene foregå i aktuelle avdelinger ved sykehus i Helse Sør-Øst, hovedsakelig ved Sykehuset Innlandet. For studenter som er tatt opp i Trondheim, gjennomføres praksisstudiene ved St. Olavs hospital i Trondheim / Orkland, sykehusene i Levanger og Namsos. Studenter som er tatt opp i Ålesund har praksis ved sykehusene i Kristiansund, Molde, Volda og Ålesund.', 'Praksisstudier, studieretning kreftsykepleie', 'Praksisstudier utgjør 22,5 studiepoeng fordelt på to emner. Praksisemnenes nøyaktige innhold fremgår av emnebeskrivelsene i studieplanen.', 'For studenter som er tatt opp i Trondheim, gjennomføres den første praksisperioden hovedsakelig ved St. Olavs hospital/ Orkdal sykehus, sykehusene i Levanger og Namsos. Den andre praksisperioden kan gjennomføres som en kombinasjon av praksis i spesialist- og kommunehelsetjenesten. Studenter som er tatt opp i Ålesund, har første praksis ved sykehusene i Kristiansund, Molde, Volda og Ålesund. Den andre praksisperioden kan gjennomføres som en kombinasjon av praksis i spesialist- og kommunehelsetjenesten.', 'Avslutte etter 90 studiepoeng', 'Studenter kan velge å avslutte utdanningen etter 90 studiepoeng og har da fullført videreutdanning i anestesi-, barne-, intensiv-, operasjons- eller kreftsykepleie (ABIOK) og kvalifiserer også til arbeid som spesialsykepleier, samt til å medvirke i utvikling av kunnskapsbasert praksis innen eget ansvarsområde. Du må gi instituttet beskjed om du ønsker å avslutte etter 90 studiepoeng, innen 15. april første studieår.']"
e454d9f189040dc1120a1042faf1bd200e1d9db9,479209e01d83c2adbe9adeadad1fc73c8cf8e889,https://www.ntnu.no/studieinformasjon/siving/eldre/97-98/1/14021.htm,https://www.ntnu.no/studieinformasjon/siving/eldre/97-98/1/14083.htm,"['Mål: Faget skal gje ei innføring i by\xad og regionplanlegging som integrert del av samfunnsplanlegginga.', 'Forutsetning: Bygger på fag 14006 Planleggingslære.', 'Innhold: Den fysiske planleggingas historie. Oversikt\xad og detaljplanlegging. Innsamling og bruk av data i planlegginga. Landskap og bygde omgjevnader. Sosiologi i planlegginga. Planlegging i nye og eldre område, byfornying og forbetringsplanlegging. Planleggingsprinsipp og metodar. Planleggingsprosess, lovgrunnlag, planbehandling og planapparat.', 'Undervisningsform: Forelesingar og øvingar. Øvingane blir gjennomførte som gruppearbeid og tel halvparten ved fastsetting av karakter.']","['Mål: Faget skal gi en videregående innføring i fysisk planlegging på regionalt og kommunalt nivå og på bynivå. Faget vektlegger kunnskap som er særegent for arkitektfaget, men gir også generell kunnskap i by- og regionplanlegging med vekt på oversiktsplanlegging. Prosjektet kan gis en tematisk fokusering.', 'Forutsetning: Grunnundervisning i arkitekturfagene.', 'Innhold: Faget består av en teoridel og en prosjektdel. I teoridelen prioriteres generell kunnskap i by- og regionplanlegging og aktuelle spesialtema. Prosjektoppgaven er rettet mot diskusjon av fysiske disposisjoner og struktur på bynivå eller regionalt nivå. En del forelesninger er felles med fag 14041 og 14043.']"
e454d9f189040dc1120a1042faf1bd200e1d9db9,5351c23a60bb833381adf9ab61f8188c04cda8eb,https://www.ntnu.no/studieinformasjon/siving/eldre/97-98/1/14021.htm,https://www.ntnu.no/studieinformasjon/siving/eldre/97-98/1/14041.htm,"['Mål: Faget skal gje ei innføring i by\xad og regionplanlegging som integrert del av samfunnsplanlegginga.', 'Forutsetning: Bygger på fag 14006 Planleggingslære.', 'Innhold: Den fysiske planleggingas historie. Oversikt\xad og detaljplanlegging. Innsamling og bruk av data i planlegginga. Landskap og bygde omgjevnader. Sosiologi i planlegginga. Planlegging i nye og eldre område, byfornying og forbetringsplanlegging. Planleggingsprinsipp og metodar. Planleggingsprosess, lovgrunnlag, planbehandling og planapparat.', 'Undervisningsform: Forelesingar og øvingar. Øvingane blir gjennomførte som gruppearbeid og tel halvparten ved fastsetting av karakter.']","['Mål: Fagets mål er å gi en innføring i sentrale problemstillinger og arbeidsmåter innenfor oversiktlig planlegging, med hovedvekt på oversiktlig fysisk planlegging i kommunene. Studentene skal også få kjennskap til lovgivningsmessig grunnlag og organisatoriske forutsetninger for planleggingsvirksomhet.', 'Innhold: Oversiktsplanleggingens utvikling. Hovedretninger innen teori og metode. Eksempler og drøfting av metoder for helhetsorientert samordnende planlegging, prosjektorientert og lokalsamfunnsorientert planlegging.']"
e454d9f189040dc1120a1042faf1bd200e1d9db9,97a2926a11b2a2eceb566dfc8425908e44dd4ab3,https://www.ntnu.no/studieinformasjon/siving/eldre/97-98/1/14021.htm,https://www.ntnu.no/studieinformasjon/siving/eldre/97-98/1/15018.htm,"['Mål: Faget skal gje ei innføring i by\xad og regionplanlegging som integrert del av samfunnsplanlegginga.', 'Forutsetning: Bygger på fag 14006 Planleggingslære.', 'Innhold: Den fysiske planleggingas historie. Oversikt\xad og detaljplanlegging. Innsamling og bruk av data i planlegginga. Landskap og bygde omgjevnader. Sosiologi i planlegginga. Planlegging i nye og eldre område, byfornying og forbetringsplanlegging. Planleggingsprinsipp og metodar. Planleggingsprosess, lovgrunnlag, planbehandling og planapparat.', 'Undervisningsform: Forelesingar og øvingar. Øvingane blir gjennomførte som gruppearbeid og tel halvparten ved fastsetting av karakter.']","['Mål: Faget skal gi generell teoretisk kunnskap om grunnleggende arkitektoniske problemstillinger og anvendt kunnskap i praktisk prosjektering relatert til en enkel bygning i en bysituasjon.', 'Forutsetning: Bygger på fag SAA5013 Arkitektur 1 og SAA5017 Arkitektur 2.', 'Innhold: Faget består av en integrert teori- og metodedel og en prosjekteringsdel. Teori- og metodedelen behandler generelle begreper og forutsetninger for arkitektonisk formgiving av bygninger i urbane omgivelser. Dette omfatter vår opplevelse av byens rom og sammenhenger mellom de ulike aspekter ved et byhus. Prosjekteringen består i å utforme en relativt enkel bygning i en bysituasjon, slik at omgivelsene og bygningens form, rom og lysforhold, organisasjon, konstruksjon og detaljering danner en arkitektonisk helhet. Videre behandles utvalgte interiørelementer og viktige lover og forskrifter.', 'Undervisningsform: Teori- og metodedelen består av 30 forelesninger og obligatoriske øvinger. Prosjekteringsdelen er bygget opp omkring en prosjekteringsoppgave for et enkelt funksjonsprogram, hvor ulike aspekter blir skilt ut til bearbeiding, for deretter å bli satt inn i større sammenhenger. Den kreative prosessen gjentas på ulike delaspekter som omfatter situasjonen, bygningens konstruksjoner og detaljer, trapp, samt behandling av materialer, farger og lys i interiør. Det øves i metoder for skissering og registrering av arkitektonisk opplevelse, enkel programanalyse, og formidling av prosjekt i tegning og beskrivelse. Obligatorisk ekskursjon med tema nordisk arkitektur, varighet 9-10 dager. Faget undervises av lærere fra Institutt for byggekunst med 20 Bt og Institutt for bygningsteknologi med minimum 10 Bt. Faglæreransvarlig for bygningsteknologidelen er professor Anne Grete Hestnes.']"
e454d9f189040dc1120a1042faf1bd200e1d9db9,a9a54111eaab88d410c049ebafd2ed231d4795b3,https://www.ntnu.no/studieinformasjon/siving/eldre/97-98/1/14021.htm,https://www.ntnu.no/studieinformasjon/siving/eldre/97-98/1/11019.htm,"['Mål: Faget skal gje ei innføring i by\xad og regionplanlegging som integrert del av samfunnsplanlegginga.', 'Forutsetning: Bygger på fag 14006 Planleggingslære.', 'Innhold: Den fysiske planleggingas historie. Oversikt\xad og detaljplanlegging. Innsamling og bruk av data i planlegginga. Landskap og bygde omgjevnader. Sosiologi i planlegginga. Planlegging i nye og eldre område, byfornying og forbetringsplanlegging. Planleggingsprinsipp og metodar. Planleggingsprosess, lovgrunnlag, planbehandling og planapparat.', 'Undervisningsform: Forelesingar og øvingar. Øvingane blir gjennomførte som gruppearbeid og tel halvparten ved fastsetting av karakter.']","['Mål: Målet med faget er å gi studentene grunnleggende forståelse for DAK som prosess, og gjøre dem i stand til å bruke IT-verktøy i en design prosess. DAK = datamaskinassistert konstruksjon/prosjektering/design.', 'Forutsetning: Kunnskaper tilsvarende fag SAA1021 IT for arkitekter, introduksjon, samt noe prosjekteringserfaring.']"
e454d9f189040dc1120a1042faf1bd200e1d9db9,bf17b0931bbf5c61f479e9449d14ad8422f18c08,https://www.ntnu.no/studieinformasjon/siving/eldre/97-98/1/14021.htm,https://www.ntnu.no/studieinformasjon/siving/eldre/97-98/1/11021.htm,"['Mål: Faget skal gje ei innføring i by\xad og regionplanlegging som integrert del av samfunnsplanlegginga.', 'Forutsetning: Bygger på fag 14006 Planleggingslære.', 'Innhold: Den fysiske planleggingas historie. Oversikt\xad og detaljplanlegging. Innsamling og bruk av data i planlegginga. Landskap og bygde omgjevnader. Sosiologi i planlegginga. Planlegging i nye og eldre område, byfornying og forbetringsplanlegging. Planleggingsprinsipp og metodar. Planleggingsprosess, lovgrunnlag, planbehandling og planapparat.', 'Undervisningsform: Forelesingar og øvingar. Øvingane blir gjennomførte som gruppearbeid og tel halvparten ved fastsetting av karakter.']","['Mål: Målet med faget er å gjøre studentene i stand til å bruke IT-verktøy ved løsning og presentasjon av oppgaver i studiet og senere i praksis som arkitekter.', 'Forutsetning: Ingen.', 'Innhold: Studentene skal få noen grunnleggende kunnskaper om datamaskiner og databehandling, samt innsikt i og erfaring med anvendt IT gjennom bruk av egnede verktøy ved løsning og presentasjon av oppgaver knyttet til øvrige fag i 1. årskurs. Utstyr: PC og Macintosh. Programvare: Regneark, tegneprogram, modelleringsprogram, tekstbehandling, bruk av verdensveven.']"
e454d9f189040dc1120a1042faf1bd200e1d9db9,585ffeef5291d367dbcfc24945a21c8b9e1ed0f5,https://www.ntnu.no/studieinformasjon/siving/eldre/97-98/1/14021.htm,https://www.ntnu.no/studieinformasjon/siving/eldre/97-98/1/15042.htm,"['Mål: Faget skal gje ei innføring i by\xad og regionplanlegging som integrert del av samfunnsplanlegginga.', 'Forutsetning: Bygger på fag 14006 Planleggingslære.', 'Innhold: Den fysiske planleggingas historie. Oversikt\xad og detaljplanlegging. Innsamling og bruk av data i planlegginga. Landskap og bygde omgjevnader. Sosiologi i planlegginga. Planlegging i nye og eldre område, byfornying og forbetringsplanlegging. Planleggingsprinsipp og metodar. Planleggingsprosess, lovgrunnlag, planbehandling og planapparat.', 'Undervisningsform: Forelesingar og øvingar. Øvingane blir gjennomførte som gruppearbeid og tel halvparten ved fastsetting av karakter.']","['Innhold: Faget vil gi en innføring i boligens historiske utvikling med vekt på Europa i nyere tid og ulike boligformers elementer og oppbygging, samt i noen samfunnsmessige og kulturelle forutsetninger for moderne boligproduksjon.', 'Undervisningsform: Forelesninger og seminarer supplert med litteraturstudier og øvinger. Det skal avslutningsvis utarbeides en skriftlig presentasjon og miniforelesning om et avtalt tema innenfor emnet. Bedømmelse på grunnlag av innlevert rapport.']"
e454d9f189040dc1120a1042faf1bd200e1d9db9,c55d745a88e0de692c3bdf2fc537c7c479a25d08,https://www.ntnu.no/studieinformasjon/siving/eldre/97-98/1/14021.htm,https://www.ntnu.no/studieinformasjon/siving/eldre/97-98/1/14077.htm,"['Mål: Faget skal gje ei innføring i by\xad og regionplanlegging som integrert del av samfunnsplanlegginga.', 'Forutsetning: Bygger på fag 14006 Planleggingslære.', 'Innhold: Den fysiske planleggingas historie. Oversikt\xad og detaljplanlegging. Innsamling og bruk av data i planlegginga. Landskap og bygde omgjevnader. Sosiologi i planlegginga. Planlegging i nye og eldre område, byfornying og forbetringsplanlegging. Planleggingsprinsipp og metodar. Planleggingsprosess, lovgrunnlag, planbehandling og planapparat.', 'Undervisningsform: Forelesingar og øvingar. Øvingane blir gjennomførte som gruppearbeid og tel halvparten ved fastsetting av karakter.']","['Mål: Faget skal gi forståelse for forutsetninger og anvendbar kunnskap for gjennomføring av planlegging, infrastruktur og byggevirksomhet på et bærekraftig grunnlag i utviklingsland.', 'Forutsetning: Faget bør velges av studenter som skal ta fag SAA4079 Prosjekt i utviklingsland og fag SAA4080 Byøkologisk planlegging. Faget må velges av studenter som skal ta hovedoppgave i utviklingsland. Samkjøres med fag 14076 for Fakultet for bygg- og miljøteknikk.', 'Innhold: Planlegging for bærekraftig utvikling krever kunnskaper på et bredt tverrfaglig grunnlag. Kurset vil diskutere teori- og metodegrunnlag for bærekraftig samfunns- og byutvikling, planlegging og byggevirksomhet. Miljø-, sosioøkonomiske-, fysiske- og kulturelle faktorer skal sees i sammenheng, og ut fra ulike stedlige betingelser. Det vil legges vekt på eksempel som illustrerer ulike betingelser og institusjonelle rammer for utvikling og gjennomføring av prosjekt i bistandssamarbeid. Planlegging under krise og for igjenoppbygging etter katastrofer vil være deltema. Det skal gjennomføres øvingsoppgave med prosjektdokument ut fra FN-format.', 'Undervisningsform: Faget er et samarbeid mellom flere institutter ved Fakultet for arkitektur, plan og billedkunst og Fakultet for bygg- og miljøteknikk. Det legges vekt på tverrfaglige seminar med innledere fra andre fakultet ved NTNU, og studier av eksempel (case-studies). En studie-/øvingsoppgave skal gjennomføres.']"
e454d9f189040dc1120a1042faf1bd200e1d9db9,131c17b5ef96f12aa5ce3ec1d0268e353a96ac5f,https://www.ntnu.no/studieinformasjon/siving/eldre/97-98/1/14021.htm,https://www.ntnu.no/studieinformasjon/siving/eldre/97-98/1/14043.htm,"['Mål: Faget skal gje ei innføring i by\xad og regionplanlegging som integrert del av samfunnsplanlegginga.', 'Forutsetning: Bygger på fag 14006 Planleggingslære.', 'Innhold: Den fysiske planleggingas historie. Oversikt\xad og detaljplanlegging. Innsamling og bruk av data i planlegginga. Landskap og bygde omgjevnader. Sosiologi i planlegginga. Planlegging i nye og eldre område, byfornying og forbetringsplanlegging. Planleggingsprinsipp og metodar. Planleggingsprosess, lovgrunnlag, planbehandling og planapparat.', 'Undervisningsform: Forelesingar og øvingar. Øvingane blir gjennomførte som gruppearbeid og tel halvparten ved fastsetting av karakter.']","['Mål: Faget skal gi fordypning i sentrumsproblemstillinger og sentrumsplanlegging.', 'Forutsetning: For fak. B må fag 14021 Fysisk planlegging GK 1 og 2 eller 14022 Fysisk planlegging GK 1 være bestått.', 'Innhold: Fordypningsfag. Gir informasjon og kunnskap om sentrum og sentrale funksjoners egenskaper, problemer, utvikling og planlegging gjennom forelesninger og seminarer. Analyseoppgave skal gi ny konkret innsikt i aktuelle problemstillinger. Prosjektarbeid i fag 14045 kan knyttes til faget.']"
e454d9f189040dc1120a1042faf1bd200e1d9db9,63014bc852bd4e58b48bc38b9ff34f5533c109ef,https://www.ntnu.no/studieinformasjon/siving/eldre/97-98/1/14021.htm,https://www.ntnu.no/studieinformasjon/siving/eldre/97-98/1/14025.htm,"['Mål: Faget skal gje ei innføring i by\xad og regionplanlegging som integrert del av samfunnsplanlegginga.', 'Forutsetning: Bygger på fag 14006 Planleggingslære.', 'Innhold: Den fysiske planleggingas historie. Oversikt\xad og detaljplanlegging. Innsamling og bruk av data i planlegginga. Landskap og bygde omgjevnader. Sosiologi i planlegginga. Planlegging i nye og eldre område, byfornying og forbetringsplanlegging. Planleggingsprinsipp og metodar. Planleggingsprosess, lovgrunnlag, planbehandling og planapparat.', 'Undervisningsform: Forelesingar og øvingar. Øvingane blir gjennomførte som gruppearbeid og tel halvparten ved fastsetting av karakter.']","['Mål: Faget gir en innføring i anvendelse av EDB\xadmetoder i by\xad og regionplanlegging.', 'Forutsetning: Fag 14021 Fysisk planlegging GK 1 og 2, 14022 Fysisk planlegging GK 1 og SAA4060 Planleggingskunnskap for arkitekter eller tilsvarende kunnskaper.', 'Innhold: Faget tar opp planfaglig anvendelse av programvare for innsamling, lagring, analyse og presentasjon av grunnlagsdata (dataregistre, kartografi, GIS), samt programvare for utforming av planer og prosjekter (DAK). Tema som gis: Analysemodeller, dataregistre, terrengmodeller, areal\xad og landskapsanalyser, nettverksanalyser i areal- og transportplanlegging, lokaliseringsanalyser, geodata i forvaltning og planlegging.']"
e454d9f189040dc1120a1042faf1bd200e1d9db9,88a086b6dffaba4ade82c9ac8cd164d52c58219b,https://www.ntnu.no/studieinformasjon/siving/eldre/97-98/1/14021.htm,https://www.ntnu.no/studieinformasjon/siving/eldre/97-98/1/10571.htm,"['Mål: Faget skal gje ei innføring i by\xad og regionplanlegging som integrert del av samfunnsplanlegginga.', 'Forutsetning: Bygger på fag 14006 Planleggingslære.', 'Innhold: Den fysiske planleggingas historie. Oversikt\xad og detaljplanlegging. Innsamling og bruk av data i planlegginga. Landskap og bygde omgjevnader. Sosiologi i planlegginga. Planlegging i nye og eldre område, byfornying og forbetringsplanlegging. Planleggingsprinsipp og metodar. Planleggingsprosess, lovgrunnlag, planbehandling og planapparat.', 'Undervisningsform: Forelesingar og øvingar. Øvingane blir gjennomførte som gruppearbeid og tel halvparten ved fastsetting av karakter.']","['Mål: Fagets rammebetingelser vil i stor grad forholde seg til reelle arkitekturrelaterte problemstillinger, men med hovedvekten på form, volum, farge og rom.', 'Forutsetning: Eksamen i fag SAA0509 Form og farge GK 1 og SAA0514 Form og farge GK 2 eller tilsvarende forkunnskaper.', 'Innhold: Faget fokuserer på fysiske inngrep i forskjellige bo- og naturområder gjennom å utprøve flere formingsmetoder opp mot hverandre. Tegning, fargebruk og modellering vil være relevante øvingsområder i forhold til kursets innhold.']"
e454d9f189040dc1120a1042faf1bd200e1d9db9,2e62720d67e1ef4427622c56ff6a09613d1505a4,https://www.ntnu.no/studieinformasjon/siving/eldre/97-98/1/14021.htm,https://www.ntnu.no/studieinformasjon/siving/eldre/97-98/1/14080.htm,"['Mål: Faget skal gje ei innføring i by\xad og regionplanlegging som integrert del av samfunnsplanlegginga.', 'Forutsetning: Bygger på fag 14006 Planleggingslære.', 'Innhold: Den fysiske planleggingas historie. Oversikt\xad og detaljplanlegging. Innsamling og bruk av data i planlegginga. Landskap og bygde omgjevnader. Sosiologi i planlegginga. Planlegging i nye og eldre område, byfornying og forbetringsplanlegging. Planleggingsprinsipp og metodar. Planleggingsprosess, lovgrunnlag, planbehandling og planapparat.', 'Undervisningsform: Forelesingar og øvingar. Øvingane blir gjennomførte som gruppearbeid og tel halvparten ved fastsetting av karakter.']","['Mål: Faget skal gi forståelse av forutsetninger for, innhold av og metoder for gjennomføring av planlegging på et byøkologisk grunnlag.', 'Forutsetning: Studenter som har tatt fag SAA4077 Planlegging og bygging i utviklingsland, gis fortrinnsrett. Det er adgangsbegrensning. Faget erstatter fag SAA4079 Prosjekt i utviklingsland høsten 1997.', 'Innhold: Byøkologisk planlegging legger vekt på helhetlige løsninger med langsiktige ressurs-, miljø- og sosiale hensyn. Eksempler fra Norden og utviklingsland er utgangspunkt. Vekt vil legges på byfornyelse på et byøkologisk grunnlag. Prosjektarbeidet er økologisk planlegging på nabolags- og bydelsnivå i utviklingsland. Lokalsamfunnsanalyse skal legge grunnlag for tilpassede og prioriterte økologiske kriterier for planleggingen. Stedsbestemte forutsetninger skal vektlegges. Det skal arbeides med kart ved utarbeidelse av prosjektforslag.', 'Undervisningsform: Det legges vekt på tverrfaglige seminar med innledere fra Fakultet for arkitektur, plan og billedkunst og fra andre fakultet ved NTNU, og studier av eksempel (case-studies). Prosjektarbeid og diskusjoner i grupper. Det vil være feltarbeid av begrenset varighet (4-8 uker) i et utviklingsland.']"
e454d9f189040dc1120a1042faf1bd200e1d9db9,33235cd3aeb1caa94927b91a9ea38d2f91991c6b,https://www.ntnu.no/studieinformasjon/siving/eldre/97-98/1/14021.htm,https://www.ntnu.no/studieinformasjon/siving/eldre/97-98/1/14026.htm,"['Mål: Faget skal gje ei innføring i by\xad og regionplanlegging som integrert del av samfunnsplanlegginga.', 'Forutsetning: Bygger på fag 14006 Planleggingslære.', 'Innhold: Den fysiske planleggingas historie. Oversikt\xad og detaljplanlegging. Innsamling og bruk av data i planlegginga. Landskap og bygde omgjevnader. Sosiologi i planlegginga. Planlegging i nye og eldre område, byfornying og forbetringsplanlegging. Planleggingsprinsipp og metodar. Planleggingsprosess, lovgrunnlag, planbehandling og planapparat.', 'Undervisningsform: Forelesingar og øvingar. Øvingane blir gjennomførte som gruppearbeid og tel halvparten ved fastsetting av karakter.']","['Innhold: Faget tar opp byfornyelse ut fra et ressursperspektiv. Tema: (1) Historisk perspektiv. (2) Analyse av eksisterende ressurser, herunder kulturminner, boliger, service, næringsvirksomhet, trafikk og -miljø, rekreasjonsareal, befolkning. (3) Strategier, virkemidler og aktører i planprosessen. (4) Forvaltning og drift av byområder', 'Undervisningsform: Forelesninger og øvinger. Øvingene gjennomføres som gruppearbeid og teller halvparten ved fastsetting av karakter.']"
e454d9f189040dc1120a1042faf1bd200e1d9db9,c7c35ada7c8436aa70bb58623b535cc57fd38350,https://www.ntnu.no/studieinformasjon/siving/eldre/97-98/1/14021.htm,https://www.ntnu.no/studieinformasjon/siving/eldre/97-98/1/14076.htm,"['Mål: Faget skal gje ei innføring i by\xad og regionplanlegging som integrert del av samfunnsplanlegginga.', 'Forutsetning: Bygger på fag 14006 Planleggingslære.', 'Innhold: Den fysiske planleggingas historie. Oversikt\xad og detaljplanlegging. Innsamling og bruk av data i planlegginga. Landskap og bygde omgjevnader. Sosiologi i planlegginga. Planlegging i nye og eldre område, byfornying og forbetringsplanlegging. Planleggingsprinsipp og metodar. Planleggingsprosess, lovgrunnlag, planbehandling og planapparat.', 'Undervisningsform: Forelesingar og øvingar. Øvingane blir gjennomførte som gruppearbeid og tel halvparten ved fastsetting av karakter.']","['Mål: Faget skal gi forståelse for forutsetninger og anvendbar kunnskap for gjennomføring av planlegging, infrastruktur og byggevirksomhet på et bærekraftig grunnlag i utviklingsland.', 'Forutsetning: Faget bør velges av studenter som skal ta fag SAA4079 Prosjekt i utviklingsland og fag SAA4080 Byøkologisk planlegging. Faget må velges av studenter som skal ta hovedoppgave i utviklingsland. Samkjøres med fag SAA4077 for Fakultet for arkitektur, plan og billedkunst.', 'Innhold: Planlegging for bærekraftig utvikling krever kunnskaper på et bredt tverrfaglig grunnlag. Kurset vil diskutere teori- og metodegrunnlag for bærekraftig samfunns- og byutvikling, planlegging og byggevirksomhet. Miljø-, sosioøkonomiske-, fysiske- og kulturelle faktorer skal sees i sammenheng, og ut fra ulike stedlige betingelser. Det vil legges vekt på eksempel som illustrerer ulike betingelser og institusjonelle rammer for utvikling og gjennomføring av prosjekt i bistandssamarbeid. Planlegging under krise og for igjenoppbygging etter katastrofer vil være deltema. Det skal gjennomføres øvingsoppgave med prosjektdokument ut fra FN-format.', 'Undervisningsform: Faget er et samarbeid mellom flere institutter ved Fakultet for arkitektur, plan og billedkunst og Fakultet for bygg- og miljøteknikk. Det legges vekt på tverrfaglige seminarer med innledere fra andre fakultet ved NTNU, og studier av eksempel (case-studies). En studie-/øvingsoppgave skal gjennomføres.']"
e454d9f189040dc1120a1042faf1bd200e1d9db9,cc88cf69641c5b6b13c7b93c82e909ae56cdb425,https://www.ntnu.no/studieinformasjon/siving/eldre/97-98/1/14021.htm,https://www.ntnu.no/studieinformasjon/siving/eldre/97-98/1/14073.htm,"['Mål: Faget skal gje ei innføring i by\xad og regionplanlegging som integrert del av samfunnsplanlegginga.', 'Forutsetning: Bygger på fag 14006 Planleggingslære.', 'Innhold: Den fysiske planleggingas historie. Oversikt\xad og detaljplanlegging. Innsamling og bruk av data i planlegginga. Landskap og bygde omgjevnader. Sosiologi i planlegginga. Planlegging i nye og eldre område, byfornying og forbetringsplanlegging. Planleggingsprinsipp og metodar. Planleggingsprosess, lovgrunnlag, planbehandling og planapparat.', 'Undervisningsform: Forelesingar og øvingar. Øvingane blir gjennomførte som gruppearbeid og tel halvparten ved fastsetting av karakter.']","['Mål: Faget skal gi forståelse av omgivelsesproduksjonen og byens arkitektur, metoder til beskrivelse og tolking av omgivelsene og gi holdepunkter for arkitektonisk forming. Som tema tar en også opp strategier og planredskaper i byplanlegging.', 'Forutsetning: Basiskunnskaper i arkitektur.', 'Innhold: Faget består av en teoridel og en prosjektdel. Prosjektarbeidet vil bli lagt til et bestemt by\xad eller tettstedsområde der en vil studere og analysere arkitektoniske og pragmatiske forutsetninger, og utarbeide forslag til omforming av området. Teoridelen omfatter generell kunnskap om teori, metoder og redskaper i fysisk planlegging på stedsnivå. Utvidet teori inngår i fag SAA4028 Byformingshistorie og teori.']"
e454d9f189040dc1120a1042faf1bd200e1d9db9,8aabe314beccccce5c11a8e5e3b1665401234916,https://www.ntnu.no/studieinformasjon/siving/eldre/97-98/1/14021.htm,https://www.ntnu.no/studieinformasjon/siving/eldre/97-98/1/14079.htm,"['Mål: Faget skal gje ei innføring i by\xad og regionplanlegging som integrert del av samfunnsplanlegginga.', 'Forutsetning: Bygger på fag 14006 Planleggingslære.', 'Innhold: Den fysiske planleggingas historie. Oversikt\xad og detaljplanlegging. Innsamling og bruk av data i planlegginga. Landskap og bygde omgjevnader. Sosiologi i planlegginga. Planlegging i nye og eldre område, byfornying og forbetringsplanlegging. Planleggingsprinsipp og metodar. Planleggingsprosess, lovgrunnlag, planbehandling og planapparat.', 'Undervisningsform: Forelesingar og øvingar. Øvingane blir gjennomførte som gruppearbeid og tel halvparten ved fastsetting av karakter.']","['Mål: Faget skal gi forståelse av forutsetninger for, innhold av og metoder for gjennomføring av prosjektorienterte, lokale planleggingstiltak i utviklingsland.', 'Forutsetning: Faget samordnes med fag SAA4077 Planlegging og bygging i utviklingsland. Studenter som har tatt dette faget gis fortrinnsrett. Det er adgangsbegrensing.', 'Innhold: Prosjektrettet planlegging som både gir kortsiktig resultat og en langsiktig bærekraftig utvikling, er en utfordring. Desentralisering og samordning innen rammene av kommunalt selvstyre er i fokus ved byfornyelse i utviklingsland. Integrert aksjonsplanlegging er et verktøy som er under utvikling, og som brukes sammen med lokale arealbruks- og aktivitetsplanlegging. Faget er prosjektrettet med feltarbeid i utviklingsland. Studier skal legge grunnlaget for å forstå årsaker og virkninger av lokale endringsprosesser i byene. Dette skal videreføres i integrerte, men veldefinerte, planleggingsprosjekt. Prosjektarbeidet vil være i nært samarbeid med lokale fagfolk og i lokalsamfunn. Det skal utarbeides et prosjektdokument i FN-format basert på feltarbeidet.', 'Undervisningsform: Seminarer. Studier av eksempel (case-studies). Prosjektarbeid og diskusjoner i grupper. Det vil være feltarbeid av begrenset varighet (4-8 uker) i et utviklingsland.']"
e454d9f189040dc1120a1042faf1bd200e1d9db9,e0184370a55afa4852ee9b45878015f78045d99d,https://www.ntnu.no/studieinformasjon/siving/eldre/97-98/1/14021.htm,https://www.ntnu.no/studieinformasjon/siving/eldre/97-98/1/15052.htm,"['Mål: Faget skal gje ei innføring i by\xad og regionplanlegging som integrert del av samfunnsplanlegginga.', 'Forutsetning: Bygger på fag 14006 Planleggingslære.', 'Innhold: Den fysiske planleggingas historie. Oversikt\xad og detaljplanlegging. Innsamling og bruk av data i planlegginga. Landskap og bygde omgjevnader. Sosiologi i planlegginga. Planlegging i nye og eldre område, byfornying og forbetringsplanlegging. Planleggingsprinsipp og metodar. Planleggingsprosess, lovgrunnlag, planbehandling og planapparat.', 'Undervisningsform: Forelesingar og øvingar. Øvingane blir gjennomførte som gruppearbeid og tel halvparten ved fastsetting av karakter.']","['Innhold: Faget tar opp teorier og metoder innen stedsstudier og stedsforming. Prosjekteringen dreier seg om overordnede arkitektoniske rom, som byrom, uterom for brukere i alle aldre, «mellomrom» og landskapsrom, og om forming og detaljering av romskapende elementer. Utvikling av overordnede idèer og formidling av dem vektlegges.', 'Undervisningsform: Seminarer hver uke med diskusjon av teorier og metoder innen stedsoppfattelse, tolking, evaluering og med prosjektkritikk. Evt. ekskursjon.', 'Kursmateriell: Kompendium, litteratur, artikler og tidligere studentarbeider.']"
e454d9f189040dc1120a1042faf1bd200e1d9db9,78a17764d0ad0b5b03f900636120a86d4be5d1d5,https://www.ntnu.no/studieinformasjon/siving/eldre/97-98/1/14021.htm,https://www.ntnu.no/studieinformasjon/siving/eldre/97-98/4/40021.htm,"['Mål: Faget skal gje ei innføring i by\xad og regionplanlegging som integrert del av samfunnsplanlegginga.', 'Forutsetning: Bygger på fag 14006 Planleggingslære.', 'Innhold: Den fysiske planleggingas historie. Oversikt\xad og detaljplanlegging. Innsamling og bruk av data i planlegginga. Landskap og bygde omgjevnader. Sosiologi i planlegginga. Planlegging i nye og eldre område, byfornying og forbetringsplanlegging. Planleggingsprinsipp og metodar. Planleggingsprosess, lovgrunnlag, planbehandling og planapparat.', 'Undervisningsform: Forelesingar og øvingar. Øvingane blir gjennomførte som gruppearbeid og tel halvparten ved fastsetting av karakter.']","['Mål: Faget skal gi trening i laboratoriearbeid med bruk av generelt måleutstyr for undersøkelse av elektriske og elektroniske kretser samt innføring i bruk av en del spesielle målemetoder og instrumenter.', 'Innhold: Opplæring i bruk av instrumenter og målemetoder til å løse kretstekniske oppgaver i praksis. 1/4 av faget er knyttet til bruk av PC til automatisering og effektivisering av måleprosedyrer. Det legges vekt på journalføring og rapportskriving.', 'Undervisningsform: Direkte veiledning på arbeidsplassen i laboratoriet.']"
e454d9f189040dc1120a1042faf1bd200e1d9db9,f357a99bffbf8747ecf1bde4a5d3fd0cda7b20c6,https://www.ntnu.no/studieinformasjon/siving/eldre/97-98/1/14021.htm,https://www.ntnu.no/studieinformasjon/siving/eldre/97-98/1/14060.htm,"['Mål: Faget skal gje ei innføring i by\xad og regionplanlegging som integrert del av samfunnsplanlegginga.', 'Forutsetning: Bygger på fag 14006 Planleggingslære.', 'Innhold: Den fysiske planleggingas historie. Oversikt\xad og detaljplanlegging. Innsamling og bruk av data i planlegginga. Landskap og bygde omgjevnader. Sosiologi i planlegginga. Planlegging i nye og eldre område, byfornying og forbetringsplanlegging. Planleggingsprinsipp og metodar. Planleggingsprosess, lovgrunnlag, planbehandling og planapparat.', 'Undervisningsform: Forelesingar og øvingar. Øvingane blir gjennomførte som gruppearbeid og tel halvparten ved fastsetting av karakter.']","['Mål: Faget gir en grunnleggende innføring i fysisk planlegging, med forming av omgivelser som det sentrale emnet.', 'Forutsetning: Ingen.', 'Innhold: Temamessig er det bygd opp om 4 hoveddeler: Analysemetoder for forståelse av omgivelsene som arkitektur. Fysisk planlegging \xad teori og metoder. Infrastruktur. Planredskaper.', 'Undervisningsform: Undervisningen i faget er samordnet med fag SAA4061 Arkitektur 5. De to fagene danner tilsammen et helhetlig undervisningstilbud der Planleggingskunnskap omfatter teori og Arkitektur 5 gir øvingsoppgaver.']"
e454d9f189040dc1120a1042faf1bd200e1d9db9,bc2836716e808e930497462db533fdb2d6e6c4e4,https://www.ntnu.no/studieinformasjon/siving/eldre/97-98/1/14021.htm,https://www.ntnu.no/studieinformasjon/siving/eldre/97-98/1/14059.htm,"['Mål: Faget skal gje ei innføring i by\xad og regionplanlegging som integrert del av samfunnsplanlegginga.', 'Forutsetning: Bygger på fag 14006 Planleggingslære.', 'Innhold: Den fysiske planleggingas historie. Oversikt\xad og detaljplanlegging. Innsamling og bruk av data i planlegginga. Landskap og bygde omgjevnader. Sosiologi i planlegginga. Planlegging i nye og eldre område, byfornying og forbetringsplanlegging. Planleggingsprinsipp og metodar. Planleggingsprosess, lovgrunnlag, planbehandling og planapparat.', 'Undervisningsform: Forelesingar og øvingar. Øvingane blir gjennomførte som gruppearbeid og tel halvparten ved fastsetting av karakter.']","['Mål: Faget skal gi kjennskap til landskapsplanlegging på oversiktsnivå, med hovedvekt på analyse-metoder.', 'Forutsetning: For fak. B må fag 14021 Fysisk planlegging GK 1 og 2 eller 14022 Fysisk planlegging GK 1 være bestått.', 'Innhold: I landskapsplanlegging legges det vekt på analyse av muligheter og begrensninger i landskap og naturgrunnlag. Aktuelle tema: Problemstillinger på ulike plannivå; landskap, landskapskomponenter og landskapsøkologi; landskapsopplevelse og visuelle landskapsanalyser; analyseprosesser: Datagrunnlag, analyseteknikker og modelltyper, bruk av geografisk informajonssystem (GIS); utvikling av egnethetsmodeller og miljøkonsekvensanalyser. Prosjektarbeid i fagene 14045 og 14088 kan knyttes til faget.']"
e454d9f189040dc1120a1042faf1bd200e1d9db9,f5351d3e8e76b5699bd55c0ec6f38a967914e534,https://www.ntnu.no/studieinformasjon/siving/eldre/97-98/1/14021.htm,https://www.ntnu.no/studieinformasjon/siving/eldre/97-98/1/15013.htm,"['Mål: Faget skal gje ei innføring i by\xad og regionplanlegging som integrert del av samfunnsplanlegginga.', 'Forutsetning: Bygger på fag 14006 Planleggingslære.', 'Innhold: Den fysiske planleggingas historie. Oversikt\xad og detaljplanlegging. Innsamling og bruk av data i planlegginga. Landskap og bygde omgjevnader. Sosiologi i planlegginga. Planlegging i nye og eldre område, byfornying og forbetringsplanlegging. Planleggingsprinsipp og metodar. Planleggingsprosess, lovgrunnlag, planbehandling og planapparat.', 'Undervisningsform: Forelesingar og øvingar. Øvingane blir gjennomførte som gruppearbeid og tel halvparten ved fastsetting av karakter.']","['Forutsetning: Deltakelse i fag SAA0509 Form og farge GK 1, SAA1006 Konstruksjonsteori og SAA1021 IT for arkitekter, introduksjon.', 'Innhold: Undervisningen har en teoretisk og en praktisk del. Rundt en prosjekteringsoppgave, en utstillingspaviljong i stål og lettbetong, gis deloppgaver i funksjon, formstruktur, geometri og modellering på data.', 'Undervisningsform: Det holdes forelesninger og gruppeseminarer, men det meste av tiden brukes på tegnesalene til arbeide med både den teoretiske og praktiske delen av undervisningen. Faget er koordinert med fagene SAA0509 Form og farge GK 1, SAA1006 Konstruksjonsteori og SAA1021 IT for arkitekter, introduksjon.']"
e454d9f189040dc1120a1042faf1bd200e1d9db9,2a1f0982a5f1d39c84014c5dd48d47c59864ffdd,https://www.ntnu.no/studieinformasjon/siving/eldre/97-98/1/14021.htm,https://www.ntnu.no/studieinformasjon/siving/eldre/97-98/1/11029.htm,"['Mål: Faget skal gje ei innføring i by\xad og regionplanlegging som integrert del av samfunnsplanlegginga.', 'Forutsetning: Bygger på fag 14006 Planleggingslære.', 'Innhold: Den fysiske planleggingas historie. Oversikt\xad og detaljplanlegging. Innsamling og bruk av data i planlegginga. Landskap og bygde omgjevnader. Sosiologi i planlegginga. Planlegging i nye og eldre område, byfornying og forbetringsplanlegging. Planleggingsprinsipp og metodar. Planleggingsprosess, lovgrunnlag, planbehandling og planapparat.', 'Undervisningsform: Forelesingar og øvingar. Øvingane blir gjennomførte som gruppearbeid og tel halvparten ved fastsetting av karakter.']","['Mål: Faget skal gi videregående orientering om, og erfaring med, ulike anvendelser av informasjonsteknologi (IT) i arkitektfaget.', 'Forutsetning: Fag SAA1021 IT for arkitekter, introduksjon, eller tilsvarende kunnskaper.', 'Innhold: Tema for kurset er CAAD. Dette innebærer bruk av modelleringsprogram, tegneprogram, visualiseringsprogram for lys og materialer, program for tekniske analyser, program for prosjektstyring, informasjons- og kunnskapssystemer, datakommunikasjon i prosjektering og prosjektstyring.', 'Undervisningsform: Forelesninger, øvinger og prosjektarbeid, samt besøk hos IT\xadbrukere og IT\xadutviklere. Øvinger og prosjektarbeid teller 50% i den endelige karakteren i faget.']"
e454d9f189040dc1120a1042faf1bd200e1d9db9,803f8194d5268dda43c8930cafebf1ae2711a3b1,https://www.ntnu.no/studieinformasjon/siving/eldre/97-98/1/14021.htm,https://www.ntnu.no/studieinformasjon/siving/eldre/97-98/1/11082.htm,"['Mål: Faget skal gje ei innføring i by\xad og regionplanlegging som integrert del av samfunnsplanlegginga.', 'Forutsetning: Bygger på fag 14006 Planleggingslære.', 'Innhold: Den fysiske planleggingas historie. Oversikt\xad og detaljplanlegging. Innsamling og bruk av data i planlegginga. Landskap og bygde omgjevnader. Sosiologi i planlegginga. Planlegging i nye og eldre område, byfornying og forbetringsplanlegging. Planleggingsprinsipp og metodar. Planleggingsprosess, lovgrunnlag, planbehandling og planapparat.', 'Undervisningsform: Forelesingar og øvingar. Øvingane blir gjennomførte som gruppearbeid og tel halvparten ved fastsetting av karakter.']","['Mål: Fagets formål er å gi en grunnleggende innføring i prinsippene for prosjektering av lysforhold i bygninger, med spesiell vekt på dagslys.', 'Forutsetning: Eksamen i fag SAA1013 Bygningsfysikk eller faglig bakgrunn i bygningsfysikk tilsvarende dette faget.', 'Innhold: Fotometri, øyet og synsfaktorene, belysningstekniske kriterier, dagslys som lyskilde, dagslysdata og beregninger, dagslysets betydning for arbeidsmiljø og trivsel, og litt om elektrisk lys, lyskilder, armaturer og belysningsberegninger.', 'Undervisningsform: Noen forelesninger felles med fag 41251 Lysteknikk. I tillegg gis seminarer, demonstrasjoner, ekskursjoner og øvingsoppgaver.', 'Kursmateriell: H.H. Bjørset: Lys og belysning i arbeidsmiljøet, Tapir.', 'H.A. Løfberg: Rekna med dagsljus, Statens institut for byggnadsforskning.']"
e454d9f189040dc1120a1042faf1bd200e1d9db9,a193b41f5b70da65d8a68ca37322b3a9420d0dfc,https://www.ntnu.no/studieinformasjon/siving/eldre/97-98/1/14021.htm,https://www.ntnu.no/studieinformasjon/siving/eldre/97-98/1/14088.htm,"['Mål: Faget skal gje ei innføring i by\xad og regionplanlegging som integrert del av samfunnsplanlegginga.', 'Forutsetning: Bygger på fag 14006 Planleggingslære.', 'Innhold: Den fysiske planleggingas historie. Oversikt\xad og detaljplanlegging. Innsamling og bruk av data i planlegginga. Landskap og bygde omgjevnader. Sosiologi i planlegginga. Planlegging i nye og eldre område, byfornying og forbetringsplanlegging. Planleggingsprinsipp og metodar. Planleggingsprosess, lovgrunnlag, planbehandling og planapparat.', 'Undervisningsform: Forelesingar og øvingar. Øvingane blir gjennomførte som gruppearbeid og tel halvparten ved fastsetting av karakter.']","['Mål: Faget gir en elementær innføring i forskningsmetoder for studenter som forbedredelse til arbeid med prosjektoppgaver og hovedoppgaver innenfor problemstillinger i by\xad og regionplanlegging.', 'Forutsetning: Ingen.', 'Innhold: Det gis en gjennomgåelse av forskningsmetoder (hypoteseprøvende vs. hypotesegenererende, deduktive vs. induktive) i forhold til aktuelle prosjekter og litteratur om forskningsmetode. Bidrag skal gis av gjesteforelesere fra forskjellige forskningsmiljøer (fysisk planlegging, arkitektur, sosialvitenskap). Studentene skal gjennom presentasjon av egne prosjektideer lære å vurdere egne og andres forskningsdesign. Studentene skal utarbeide skriftlig underlag for det de presenterer i form av en prosjektbeskrivelse som kan tjene som søknad til et forskningsråd.', 'Undervisningsform: Forelesninger, seminarer basert på studentprosjekter. Prosjektarbeidene teller 50% i den endelige karakteren i faget.']"
e454d9f189040dc1120a1042faf1bd200e1d9db9,6c805a15f18d24b270fab4c36895452774a0bf21,https://www.ntnu.no/studieinformasjon/siving/eldre/97-98/1/14021.htm,https://www.ntnu.no/studieinformasjon/siving/eldre/97-98/4/43021.htm,"['Mål: Faget skal gje ei innføring i by\xad og regionplanlegging som integrert del av samfunnsplanlegginga.', 'Forutsetning: Bygger på fag 14006 Planleggingslære.', 'Innhold: Den fysiske planleggingas historie. Oversikt\xad og detaljplanlegging. Innsamling og bruk av data i planlegginga. Landskap og bygde omgjevnader. Sosiologi i planlegginga. Planlegging i nye og eldre område, byfornying og forbetringsplanlegging. Planleggingsprinsipp og metodar. Planleggingsprosess, lovgrunnlag, planbehandling og planapparat.', 'Undervisningsform: Forelesingar og øvingar. Øvingane blir gjennomførte som gruppearbeid og tel halvparten ved fastsetting av karakter.']","['For studenter ved Geofag og petroleumsteknologi, Maskinteknikk og Industriell økonomi og teknologiledelse - fagretning Maskin.', 'Mål: Reguleringsteknikk (kybernetikk) omfatter bl.a. matematisk beskrivelse og styring av fysiske prosesser (maskiner, fartøyer, kjemiske prosesser, kraftverk; kort sagt alt som beveger seg). Faget gir en innføring i reguleringsteknisk teori og en del viktige praktiske anvendelser. Det er litt mindre matematisk krevende enn fag 43012.', 'Forutsetning: Matematikk tilsvarende de tre første semestre ved fakultetene over.', 'Innhold: Matematisk beskrivelse av lineære, kontinuerlige, dynamiske systemer ved hjelp av differensiallikninger. Tilstandsromanalyse med vektordifferensiallikninger: Linearisering av ulineære systemer. Blokkdiagrammer. Laplacetransformasjon og frekvensanalyse. Tidsresponser for representative systemer. Stabilitet av tilbakekoplede systemer. Prosessreguleringsproblemet, servoproblemet. Syntese av reguleringssystemer med bl.a. seriekompensasjon med standardregulatorer, foroverkopling og kaskaderegulering. Eksempler fra prosessregulering og servomekanismer. Kort om diskrete regulatorer i kontinuerlige systemer.']"
e454d9f189040dc1120a1042faf1bd200e1d9db9,4f6d953ab2b085c5c86f01d750041cbc5c29b2a8,https://www.ntnu.no/studieinformasjon/siving/eldre/97-98/1/14021.htm,https://www.ntnu.no/studieinformasjon/siving/eldre/97-98/1/14003.htm,"['Mål: Faget skal gje ei innføring i by\xad og regionplanlegging som integrert del av samfunnsplanlegginga.', 'Forutsetning: Bygger på fag 14006 Planleggingslære.', 'Innhold: Den fysiske planleggingas historie. Oversikt\xad og detaljplanlegging. Innsamling og bruk av data i planlegginga. Landskap og bygde omgjevnader. Sosiologi i planlegginga. Planlegging i nye og eldre område, byfornying og forbetringsplanlegging. Planleggingsprinsipp og metodar. Planleggingsprosess, lovgrunnlag, planbehandling og planapparat.', 'Undervisningsform: Forelesingar og øvingar. Øvingane blir gjennomførte som gruppearbeid og tel halvparten ved fastsetting av karakter.']",['Undervisningsform: Undervisningen gis i samarbeid mellom flere institutter. Deler av undervisningen vil bli gjennomført som problembasert læring. Forelesninger og obligatoriske øvinger i grupper. 6 dager feltøvinger i landmåling i forbindelse med eksamensperioden. Øvingene teller i den endelige karakteren i faget.']
e454d9f189040dc1120a1042faf1bd200e1d9db9,1b9e27cdf772d8bd35f8d1a624fdd94d778e7acf,https://www.ntnu.no/studieinformasjon/siving/eldre/97-98/1/14021.htm,https://www.ntnu.no/studieinformasjon/siving/eldre/97-98/1/11013.htm,"['Mål: Faget skal gje ei innføring i by\xad og regionplanlegging som integrert del av samfunnsplanlegginga.', 'Forutsetning: Bygger på fag 14006 Planleggingslære.', 'Innhold: Den fysiske planleggingas historie. Oversikt\xad og detaljplanlegging. Innsamling og bruk av data i planlegginga. Landskap og bygde omgjevnader. Sosiologi i planlegginga. Planlegging i nye og eldre område, byfornying og forbetringsplanlegging. Planleggingsprinsipp og metodar. Planleggingsprosess, lovgrunnlag, planbehandling og planapparat.', 'Undervisningsform: Forelesingar og øvingar. Øvingane blir gjennomførte som gruppearbeid og tel halvparten ved fastsetting av karakter.']","['Mål: Faget gir en teoretisk innføring i elementære fysiske lover og sammenhenger som gir grunnlag for utforming av bygningskonstruksjoner og installasjoner.', 'Forutsetning: Ingen.', 'Innhold: Klimafysiologi, klimalære, varmelære, vind og luftbevegelser, fuktvandring, lydlære og lyslære. De teoretiske prinsippene og beregningsmetodene anvendes på praktisk utforming av bygningskonstruksjoner.']"
e454d9f189040dc1120a1042faf1bd200e1d9db9,b64b5d6c2bbfb4338fdaf60425c6f6dd95499fda,https://www.ntnu.no/studieinformasjon/siving/eldre/97-98/1/14021.htm,https://www.ntnu.no/studieinformasjon/siving/eldre/97-98/1/10514.htm,"['Mål: Faget skal gje ei innføring i by\xad og regionplanlegging som integrert del av samfunnsplanlegginga.', 'Forutsetning: Bygger på fag 14006 Planleggingslære.', 'Innhold: Den fysiske planleggingas historie. Oversikt\xad og detaljplanlegging. Innsamling og bruk av data i planlegginga. Landskap og bygde omgjevnader. Sosiologi i planlegginga. Planlegging i nye og eldre område, byfornying og forbetringsplanlegging. Planleggingsprinsipp og metodar. Planleggingsprosess, lovgrunnlag, planbehandling og planapparat.', 'Undervisningsform: Forelesingar og øvingar. Øvingane blir gjennomførte som gruppearbeid og tel halvparten ved fastsetting av karakter.']","['Mål: Høst: Innføring i plastiske problemstillinger og grunnleggende formlære. Tegning som redskap i planleggingsstadiet. Anvendt fargebruk og materialer i plastisk form. Vår: Faget tar for seg arkitekturrelatert formproblematikk, tegneriske framstillingsformer og teknikker samt bevegelsesforløp og målestokkframstilling.', 'Forutsetning: Eksamen i fag SAA0509 Form og farge GK 1. Undervisningen samordnes med undervisningen i fag SAA5018 Arkitektur 3 og SAA5019 Arkitektur 4.']"
e454d9f189040dc1120a1042faf1bd200e1d9db9,e49ef27fe88d15f1c9a5287d7dbd77b6e16d0d93,https://www.ntnu.no/studieinformasjon/siving/eldre/97-98/1/14021.htm,https://www.ntnu.no/studieinformasjon/siving/eldre/97-98/1/10515.htm,"['Mål: Faget skal gje ei innføring i by\xad og regionplanlegging som integrert del av samfunnsplanlegginga.', 'Forutsetning: Bygger på fag 14006 Planleggingslære.', 'Innhold: Den fysiske planleggingas historie. Oversikt\xad og detaljplanlegging. Innsamling og bruk av data i planlegginga. Landskap og bygde omgjevnader. Sosiologi i planlegginga. Planlegging i nye og eldre område, byfornying og forbetringsplanlegging. Planleggingsprinsipp og metodar. Planleggingsprosess, lovgrunnlag, planbehandling og planapparat.', 'Undervisningsform: Forelesingar og øvingar. Øvingane blir gjennomførte som gruppearbeid og tel halvparten ved fastsetting av karakter.']","['Mål: Innføring i fargeforståelse og bruk. Videreføring i anvendt fargebruk, materialer i plastisk form, presentasjon og kommunikasjon.', 'Forutsetning: Faget bygger på fag 10506 Form og farge GK 1 (se studieplan for 1996/97).', 'Innhold: Farge, fargebruk, plastisk form, presentasjon.', 'Undervisningsform: Øvingsoppgaver, individuell veiledning (korreksjon). Forelesninger, seminarer og kollokvier. Undervisningen kan på forskjellige måter knyttes til prosjektoppgavene i Produktdesign 2 og 3. Undervisningen samordnes med undervisningen i fagene 68120/68121 Produktdesign 2 og 3 og fag 68122 Ergonomi 1.']"
e454d9f189040dc1120a1042faf1bd200e1d9db9,435f9bfbdac7c0c10f78a57adf406704b29c0a74,https://www.ntnu.no/studieinformasjon/siving/eldre/97-98/1/14021.htm,https://www.ntnu.no/studieinformasjon/siving/eldre/97-98/1/15017.htm,"['Mål: Faget skal gje ei innføring i by\xad og regionplanlegging som integrert del av samfunnsplanlegginga.', 'Forutsetning: Bygger på fag 14006 Planleggingslære.', 'Innhold: Den fysiske planleggingas historie. Oversikt\xad og detaljplanlegging. Innsamling og bruk av data i planlegginga. Landskap og bygde omgjevnader. Sosiologi i planlegginga. Planlegging i nye og eldre område, byfornying og forbetringsplanlegging. Planleggingsprinsipp og metodar. Planleggingsprosess, lovgrunnlag, planbehandling og planapparat.', 'Undervisningsform: Forelesingar og øvingar. Øvingane blir gjennomførte som gruppearbeid og tel halvparten ved fastsetting av karakter.']","['Innhold: Undervisningen har en teoretisk og en praktisk del. Rundt en prosjekteringsoppgave, en mindre bygning i tre, gis teoretiske deloppgaver i funksjon, form, geometri, struktur og analyser av bestående bygninger. Det vil bli gitt en innføring i gruppe- og sosialpsykologi, med vekt på gruppeprosesser og motivasjon.', 'Undervisningsform: Det holdes forelesninger og gruppeseminarer, men det meste av tiden brukes på tegnesalene både til den teoretiske og den praktiske delen av undervisningen. Det vil også i løpet av semesteret bli foretatt en 14 dagers ekskursjon til Italia med innlagt oppmålingsoppgave. Faget undervises av lærere fra Institutt for byggekunst med 13 Bt og Institutt for bygningsteknologi med 6 Bt. Faglæreransvarlig for bygningsteknologidelen er amanuensis Ingulv Wollan. Faget er koordinert med fagene SAA0509 Form og farge GK 1 og SAA1013 Bygningsfysikk. Undervisningen i gruppe- og sosialpsykologi vil bli gitt av tilkalt fagpersonell fra universitetsmiljøet.']"
e454d9f189040dc1120a1042faf1bd200e1d9db9,18a1455fd2275109c43a59e5e8ffc61776bbae42,https://www.ntnu.no/studieinformasjon/siving/eldre/97-98/1/14021.htm,https://www.ntnu.no/studieinformasjon/siving/eldre/97-98/1/11031.htm,"['Mål: Faget skal gje ei innføring i by\xad og regionplanlegging som integrert del av samfunnsplanlegginga.', 'Forutsetning: Bygger på fag 14006 Planleggingslære.', 'Innhold: Den fysiske planleggingas historie. Oversikt\xad og detaljplanlegging. Innsamling og bruk av data i planlegginga. Landskap og bygde omgjevnader. Sosiologi i planlegginga. Planlegging i nye og eldre område, byfornying og forbetringsplanlegging. Planleggingsprinsipp og metodar. Planleggingsprosess, lovgrunnlag, planbehandling og planapparat.', 'Undervisningsform: Forelesingar og øvingar. Øvingane blir gjennomførte som gruppearbeid og tel halvparten ved fastsetting av karakter.']","['Mål: En videregående orientering om betydningen av produkt og materialvalg for den totale bruksverdi av bygninger.', 'Forutsetning: Ingen.', 'Innhold: Produkt og materialvalg i prosjekteringsfasen. Detaljering. Investeringer og levetid. Konsekvenser av valg av byggematerialer for vedlikehold, renhold og andre driftskostnader. Konsekvenser for inneklima og for ressursbruk. Bruk av alternative byggematerialer.']"
e454d9f189040dc1120a1042faf1bd200e1d9db9,b6eb2ebc6a48fd721b4ef674b3b0cfbed7ccf8c4,https://www.ntnu.no/studieinformasjon/siving/eldre/97-98/1/14021.htm,https://www.ntnu.no/studieinformasjon/siving/eldre/97-98/1/11032.htm,"['Mål: Faget skal gje ei innføring i by\xad og regionplanlegging som integrert del av samfunnsplanlegginga.', 'Forutsetning: Bygger på fag 14006 Planleggingslære.', 'Innhold: Den fysiske planleggingas historie. Oversikt\xad og detaljplanlegging. Innsamling og bruk av data i planlegginga. Landskap og bygde omgjevnader. Sosiologi i planlegginga. Planlegging i nye og eldre område, byfornying og forbetringsplanlegging. Planleggingsprinsipp og metodar. Planleggingsprosess, lovgrunnlag, planbehandling og planapparat.', 'Undervisningsform: Forelesingar og øvingar. Øvingane blir gjennomførte som gruppearbeid og tel halvparten ved fastsetting av karakter.']","['Mål: Faget skal gi en utdypende orientering om bærekonstruksjoners virkemåte og muligheter.', 'Forutsetning: Bør ha gjennomført fag SAA1006 Konstruksjonsteori eller ha tilsvarende kunnskaper.', 'Innhold: Materialene tre, stål og betong samt emnet geoteknikk og fundamentering blir kort behandlet. De forskjellige konstruksjonselementene som bjelker, bjelkerister, buer, rammer, plane fagverk, romfagverk, tau\xad og hengekonstruksjoner samt skall blir gjennomgått.', 'Undervisningsform: En kort teoretisk beskrivelse av de enkelte materialene og konstruksjonene gjennomføres ved bruk av overhead og tavle. De praktiske eksemplene belyses med lysbilder. Øvingene varierer fra litteraturstudier med beskrivelse av bærekonstruksjonen i enkelte bygg til enkle dimensjoneringsoppgaver.', 'Kursmateriell: Det er utarbeidet et kompendium ved instituttet, videre henvises det til supplerende litteratur om bygningskonstruksjoner. Instituttet har også en del dataprogrammer, men hovedvekten legges på overslagsmessig dimensjonering.']"
e454d9f189040dc1120a1042faf1bd200e1d9db9,81d745509c600c1303f31479f538ead988f28ee7,https://www.ntnu.no/studieinformasjon/siving/eldre/97-98/1/14021.htm,https://www.ntnu.no/studieinformasjon/siving/eldre/97-98/1/14061.htm,"['Mål: Faget skal gje ei innføring i by\xad og regionplanlegging som integrert del av samfunnsplanlegginga.', 'Forutsetning: Bygger på fag 14006 Planleggingslære.', 'Innhold: Den fysiske planleggingas historie. Oversikt\xad og detaljplanlegging. Innsamling og bruk av data i planlegginga. Landskap og bygde omgjevnader. Sosiologi i planlegginga. Planlegging i nye og eldre område, byfornying og forbetringsplanlegging. Planleggingsprinsipp og metodar. Planleggingsprosess, lovgrunnlag, planbehandling og planapparat.', 'Undervisningsform: Forelesingar og øvingar. Øvingane blir gjennomførte som gruppearbeid og tel halvparten ved fastsetting av karakter.']","['Forutsetning: Faget samordnes med fag SAA4060 Planleggingskunnskap for arkitekter, som gir den teoretiske kunnskapen.', 'Innhold: Faget tar for seg et tettsted eller en bydel som studieområde. En gjennomgår ulike modeller for å hente kunnskap om området og ulike innfallsvinkler og metoder for fysisk planlegging i området. Hovedvekten blir lagt på å analysere og forstå de fysiske omgivelsene som arkitektur. Semester-oppgaven blir programmert av studentene selv på grunnlag av analysen av studieområdet. Dette vil være en byformingsoppgave på oversikts\xad eller detaljnivå.']"
e454d9f189040dc1120a1042faf1bd200e1d9db9,a5121749a5e305a0d7be3eb61d85ef4352289fdf,https://www.ntnu.no/studieinformasjon/siving/eldre/97-98/1/14021.htm,https://www.ntnu.no/studieinformasjon/siving/eldre/97-98/1/15072.htm,"['Mål: Faget skal gje ei innføring i by\xad og regionplanlegging som integrert del av samfunnsplanlegginga.', 'Forutsetning: Bygger på fag 14006 Planleggingslære.', 'Innhold: Den fysiske planleggingas historie. Oversikt\xad og detaljplanlegging. Innsamling og bruk av data i planlegginga. Landskap og bygde omgjevnader. Sosiologi i planlegginga. Planlegging i nye og eldre område, byfornying og forbetringsplanlegging. Planleggingsprinsipp og metodar. Planleggingsprosess, lovgrunnlag, planbehandling og planapparat.', 'Undervisningsform: Forelesingar og øvingar. Øvingane blir gjennomførte som gruppearbeid og tel halvparten ved fastsetting av karakter.']","['Mål: Små oppgaver skal gi fortrolighet med å forme i modell med vind og nedbør som viktige premisser i en situasjon. Som underlag gis den nødvendige, teoretiske innføring.', 'Forutsetning: Basiskunnskaper i arkitektur.', 'Innhold: Faget behandler emner knyttet til vind og nedbør som formingsfaktor, med hovedvekt på prosjektering av bygninger i værharde strøk. Arbeidet med øvingene vil også reflektere prosjekteringsmetodiske spørsmål. De viktigste temaene er: Klimaelementene, klima som premiss for form, arkitektureksempler på klimatilpasning, vind som fenomen, kombinasjonen vind og nedbør, klima og menneske, vind og bygget form, prosjekteringsverktøy og arbeidsmåte, ressurser og sted.', 'Undervisningsform: Seminarer og øvinger. Øvingene teller 50% i den endelige karakteren i faget.']"
e454d9f189040dc1120a1042faf1bd200e1d9db9,a2fd95eab103b37dbeca7b083e687fc8b17a8915,https://www.ntnu.no/studieinformasjon/siving/eldre/97-98/1/14021.htm,https://www.ntnu.no/studieinformasjon/siving/eldre/97-98/1/14028.htm,"['Mål: Faget skal gje ei innføring i by\xad og regionplanlegging som integrert del av samfunnsplanlegginga.', 'Forutsetning: Bygger på fag 14006 Planleggingslære.', 'Innhold: Den fysiske planleggingas historie. Oversikt\xad og detaljplanlegging. Innsamling og bruk av data i planlegginga. Landskap og bygde omgjevnader. Sosiologi i planlegginga. Planlegging i nye og eldre område, byfornying og forbetringsplanlegging. Planleggingsprinsipp og metodar. Planleggingsprosess, lovgrunnlag, planbehandling og planapparat.', 'Undervisningsform: Forelesingar og øvingar. Øvingane blir gjennomførte som gruppearbeid og tel halvparten ved fastsetting av karakter.']","['Mål: Faget gir en innføring i den moderne europeiske byplanhistorien og teori bak byforming. Egner seg som støtte for fag SAA4073.', 'Forutsetning: Arkitektstudenter som vil ta faget, forutsettes å ha gjennomført fag SAA4060 Planleggingskunnskap for arkitekter og fag SAA3554 Arkitekturens teori og historie 3. Byggstudenter som vil ta faget, forutsettes å ha gjennomført fag 14021 Fysisk detaljplanlegging GK 1 og 2.', 'Innhold: Teoretisk studium i nyere byplanhistorie og byformingsteorier. Pensum har en obligatorisk og en sjølvalgt del. Kandidatene skriver et essay med utgangspunkt i pensumlitteraturen.', 'Undervisningsform: Undervisningen skjer i seminarform og forelesninger.', 'Kursmateriell: Kompendier. ed. R.T. Legates, F. Stout: The City Reader.']"
e454d9f189040dc1120a1042faf1bd200e1d9db9,c495e0d1cfb88aeed16a55b967422540555d47a7,https://www.ntnu.no/studieinformasjon/siving/eldre/97-98/1/14021.htm,https://www.ntnu.no/studieinformasjon/siving/eldre/97-98/1/15019.htm,"['Mål: Faget skal gje ei innføring i by\xad og regionplanlegging som integrert del av samfunnsplanlegginga.', 'Forutsetning: Bygger på fag 14006 Planleggingslære.', 'Innhold: Den fysiske planleggingas historie. Oversikt\xad og detaljplanlegging. Innsamling og bruk av data i planlegginga. Landskap og bygde omgjevnader. Sosiologi i planlegginga. Planlegging i nye og eldre område, byfornying og forbetringsplanlegging. Planleggingsprinsipp og metodar. Planleggingsprosess, lovgrunnlag, planbehandling og planapparat.', 'Undervisningsform: Forelesingar og øvingar. Øvingane blir gjennomførte som gruppearbeid og tel halvparten ved fastsetting av karakter.']","['Innhold: Faget består av en teori- og metodedel (ATM 4) og en prosjekteringsdel. Teori- og metodedelen behandler begreper og forutsetninger som ligger til grunn for utforming av boligenheten og for utforming av boliggrupper/boligområder: Brukskrav, ergonomiske forutsetninger, kulturelle forutsetninger, boligen som kulturelt uttrykk, sosiale relasjoner, boligpolitiske forutsetninger, boligkvaliteter, boligen i historisk perspektiv. Prosjekteringsoppgaver tar for seg boligenheten og utformingen av denne. De tar også opp utforming av boliger i gruppe og samspillet mellom fysisk form og de sosiale relasjoner som inngår i en slik gruppe. Det legges i oppgavene vekt på arkitektonisk artikulering.', 'Undervisningsform: Teori- og metodedelen består av forelesninger/seminarer. Informasjon gis gjennom forelesningene, og enkelte tema tas opp til diskusjon på seminarer. Første del av prosjekteringsoppgavene vektlegger boligens interne utforming. Erfaringene fra første del gir grunnlag for å arbeide med den andre del av prosjekteringsoppgavene, boliger i gruppe. Begge deler inngår i øvingsarbeider som skal sensureres. Faget undervises av Institutt for byggekunst med 22 Bt og Institutt for bygningsteknologi med 8 Bt. Faglæreransvarlig for bygningsteknologidelen er professor Anne Grete Hestnes.', 'Kursmateriell: Kompendium for teori- og metodeundervisningen (ATM 4). Litteraturliste og eksempelsamling med boligområder, boliggrupper og enkeltboliger.']"
e454d9f189040dc1120a1042faf1bd200e1d9db9,ae77c14ce8cd449be7b81b6b4ad9db9741b2a788,https://www.ntnu.no/studieinformasjon/siving/eldre/97-98/1/14021.htm,https://www.ntnu.no/studieinformasjon/siving/eldre/97-98/1/10010.htm,"['Mål: Faget skal gje ei innføring i by\xad og regionplanlegging som integrert del av samfunnsplanlegginga.', 'Forutsetning: Bygger på fag 14006 Planleggingslære.', 'Innhold: Den fysiske planleggingas historie. Oversikt\xad og detaljplanlegging. Innsamling og bruk av data i planlegginga. Landskap og bygde omgjevnader. Sosiologi i planlegginga. Planlegging i nye og eldre område, byfornying og forbetringsplanlegging. Planleggingsprinsipp og metodar. Planleggingsprosess, lovgrunnlag, planbehandling og planapparat.', 'Undervisningsform: Forelesingar og øvingar. Øvingane blir gjennomførte som gruppearbeid og tel halvparten ved fastsetting av karakter.']","['Mål: Videregående studier innen ett eller flere av de fagområder hvor fakultetet driver forskning eller undervisning.', 'Forutsetning: Basiskunnskaper i arkitektur.', 'Innhold: Aktuelle oppgaver og problemstillinger som dukker opp utenfor rammene av den planlagte undervisning i andre videregående kurs. Oppgavene vil være knyttet til de fagområder hvor fakultetet er forpliktet til å utvikle ny innsikt og kunnskap, og hvor en undersøkelse og fordypning gjennom et samarbeid mellom lærere og studenter vil være tjenlig.', 'Undervisningsform: Prosjektarbeider, seminar og individuell veiledning.']"
baffb55ac88916e08673015df6caceb62b1b7d38,864dad871f6fbaf7d30b77664b6bf52e933fce7f,https://www.ntnu.no/studieinformasjon/siving/eldre/97-98/3/36043.htm,https://www.ntnu.no/studieinformasjon/siving/eldre/97-98/3/37041.htm,"['Mål: Faget skal gi innføring i moderne digital fotogrammetri og bildebehandling.', 'Forutsetning: Eksamen i fag 36042 Fotogrammetri 1-2 GK.', 'Innhold: Digitalisering av konvensjonelt opptatte flybilde. Digitalt kamera, funksjon, bildeoppløysing og kalibrering. Bildebehandling for ekstraksjon og måling av kartdetaljar i digitale bilde. Digital aerotriangulering og blokkutjamning (strålebuntmetoden), planlegging, praktisk gjennomføring og nøyaktighetsvurdering; bruk av GPS-måling under flyfotografering. Generering av digitale terrengmodellar (DTM) ut frå digital bildemåling. Produksjon av ortofoto og ortofotokart ut frå DTM og digitale bilde. Fotogrammetri som datafangstmetode for geografiske informasjonssystem (GIS).']","['Mål: Faget tar sikte på å gi studentene grunnleggende kjennskap til prinsipper og metoder for dimensjonering av spennbetongbjelker og betongelementkonstruksjoner.', 'Forutsetning: Eksamen i fag 37040 Betongkonstruksjoner 1 GK.', 'Innhold: Faget gir et grunnlag i dimensjonering av konstruksjonsdeler av spennarmert betong. Både før\xadspent og etter\xadspent armering behandles prinsipielt. Spesielt behandles beregning og dimensjonering av vanlige betongelementkonstruksjoner inklusive konstruksjonsutforming av spennarmerte og slakkarmerte elementer og forbindelsene mellom elementene. Konstruksjonsdeler basert på samvirke mellom elementer og plasstøpt betong behandles kortfattet.']"
baffb55ac88916e08673015df6caceb62b1b7d38,fa4ead9cfa34046011667b21e3992c6c1c18fe3c,https://www.ntnu.no/studieinformasjon/siving/eldre/97-98/3/36043.htm,https://www.ntnu.no/studieinformasjon/siving/eldre/97-98/3/36027.htm,"['Mål: Faget skal gi innføring i moderne digital fotogrammetri og bildebehandling.', 'Forutsetning: Eksamen i fag 36042 Fotogrammetri 1-2 GK.', 'Innhold: Digitalisering av konvensjonelt opptatte flybilde. Digitalt kamera, funksjon, bildeoppløysing og kalibrering. Bildebehandling for ekstraksjon og måling av kartdetaljar i digitale bilde. Digital aerotriangulering og blokkutjamning (strålebuntmetoden), planlegging, praktisk gjennomføring og nøyaktighetsvurdering; bruk av GPS-måling under flyfotografering. Generering av digitale terrengmodellar (DTM) ut frå digital bildemåling. Produksjon av ortofoto og ortofotokart ut frå DTM og digitale bilde. Fotogrammetri som datafangstmetode for geografiske informasjonssystem (GIS).']","['Mål: Faget tar sikte på å gi studentene en innføring i feilteori og estimering (utjevning) og i satellittgeodesi (GPS) og kartlære, samt en kort innføring i delingsloven, i kontroll og justering av landmålingsinstrumenter og i målearbeider ved bygg og anlegg.']"
baffb55ac88916e08673015df6caceb62b1b7d38,9573067604781c5b5310ec03aec441b6f3b52004,https://www.ntnu.no/studieinformasjon/siving/eldre/97-98/3/36043.htm,https://www.ntnu.no/studieinformasjon/siving/eldre/97-98/3/37084.htm,"['Mål: Faget skal gi innføring i moderne digital fotogrammetri og bildebehandling.', 'Forutsetning: Eksamen i fag 36042 Fotogrammetri 1-2 GK.', 'Innhold: Digitalisering av konvensjonelt opptatte flybilde. Digitalt kamera, funksjon, bildeoppløysing og kalibrering. Bildebehandling for ekstraksjon og måling av kartdetaljar i digitale bilde. Digital aerotriangulering og blokkutjamning (strålebuntmetoden), planlegging, praktisk gjennomføring og nøyaktighetsvurdering; bruk av GPS-måling under flyfotografering. Generering av digitale terrengmodellar (DTM) ut frå digital bildemåling. Produksjon av ortofoto og ortofotokart ut frå DTM og digitale bilde. Fotogrammetri som datafangstmetode for geografiske informasjonssystem (GIS).']","['Mål: Faget skal gi grunnleggende bakgrunn og kompetanse for planlegging og prosjektering av havner og havnekonstruksjoner.', 'Forutsetning: Fag 37073 Kystteknikk GK anbefales, men ingen betingelse.', 'Innhold: Faget gir en generell bakgrunn med hensyn på havnetyper, skip og sjøtransport og relasjon til andre transportmidler. Funksjoner i havnene og nødvendige inngangsdata for prosjektering av trafikkhavner inngår. Likeledes gjennomgås bruk av metoder og teknikker som nettverk og køteori. Kriterier og dimensjoner av innseilingskanaler, havneinnløp og havnebasseng behandles. Kaier er et hovedelement i faget hvor typer, prinsipper og anvendelsesområder vises og diskuteres. Fendring og fortøyning er spesialområder som tas opp, og rehabilitering samt vedlikehold og reparasjoner er av økende betydning. Utdypningsarbeider som mudring og undervannssprengning er ofte viktige elementer i en havneutbygging, og fysiske og numeriske modeller omtales som et verktøy i prosjekteringsarbeidet.', 'Undervisningsform: Undervisningsopplegg og øvinger vurderes ved hvert kurs. Øvingene teller 1/3 ved fastsettelse av sluttkarakteren i faget.', 'Kursmateriell: Norske Sivilingeniørers Forening: Anvisninger for havnebygging, del 1 og 2, Tapir 1988. Kompendier og diverse artikler.']"
baffb55ac88916e08673015df6caceb62b1b7d38,d2f1d6692cf1e605650c31fbcc5c7a23a1e7a026,https://www.ntnu.no/studieinformasjon/siving/eldre/97-98/3/36043.htm,https://www.ntnu.no/studieinformasjon/siving/eldre/97-98/3/34040.htm,"['Mål: Faget skal gi innføring i moderne digital fotogrammetri og bildebehandling.', 'Forutsetning: Eksamen i fag 36042 Fotogrammetri 1-2 GK.', 'Innhold: Digitalisering av konvensjonelt opptatte flybilde. Digitalt kamera, funksjon, bildeoppløysing og kalibrering. Bildebehandling for ekstraksjon og måling av kartdetaljar i digitale bilde. Digital aerotriangulering og blokkutjamning (strålebuntmetoden), planlegging, praktisk gjennomføring og nøyaktighetsvurdering; bruk av GPS-måling under flyfotografering. Generering av digitale terrengmodellar (DTM) ut frå digital bildemåling. Produksjon av ortofoto og ortofotokart ut frå DTM og digitale bilde. Fotogrammetri som datafangstmetode for geografiske informasjonssystem (GIS).']","['Mål: Faget gir inngående kjennskap til bygging, drift og vedlikehold av veger.', 'Forutsetning: Eksamen i fag 34015 Vegbygging GK og bygger delvis på 34027 Vegteknologi GK.', 'Innhold: Sentrale emner er produksjonsplanlegging, anleggsteknikk, kvalitetssikring, miljøproblematikk, tilstandskartlegging, vedlikeholdstiltak, vedlikeholdsstandard, styringssystem for drift og vedlikehold, levetidskostnader, vinterveghold, drift og vedlikehold av vegtunneler.']"
baffb55ac88916e08673015df6caceb62b1b7d38,b82818ea43de367e61a1ab72b812ce207b5f3187,https://www.ntnu.no/studieinformasjon/siving/eldre/97-98/3/36043.htm,https://www.ntnu.no/studieinformasjon/siving/eldre/97-98/3/36047.htm,"['Mål: Faget skal gi innføring i moderne digital fotogrammetri og bildebehandling.', 'Forutsetning: Eksamen i fag 36042 Fotogrammetri 1-2 GK.', 'Innhold: Digitalisering av konvensjonelt opptatte flybilde. Digitalt kamera, funksjon, bildeoppløysing og kalibrering. Bildebehandling for ekstraksjon og måling av kartdetaljar i digitale bilde. Digital aerotriangulering og blokkutjamning (strålebuntmetoden), planlegging, praktisk gjennomføring og nøyaktighetsvurdering; bruk av GPS-måling under flyfotografering. Generering av digitale terrengmodellar (DTM) ut frå digital bildemåling. Produksjon av ortofoto og ortofotokart ut frå DTM og digitale bilde. Fotogrammetri som datafangstmetode for geografiske informasjonssystem (GIS).']","['Mål: Faget tar sikte på ei systematisk gjennomgåing av sentrale emne i fjernmåling, og integrering av fjernmålte data i geografiske informasjonssystem (GIS).', 'Forutsetning: Eksamen i fag 36041 Fotogrammetri 1 GK eller 36042 Fotogrammetri 1-2 GK eller tilsvarende kunnskaper.', 'Innhold: Strålingsfysikk, opptaksteknikk. Bildekvalitet, geometri av fjernmålingsopptak. Jordressurssatellittprogram. Digital bildebehandling av fjernmålte data for automatisk mønstergjenkjenning, tolkning og klassifikasjon, samt integrasjon av slike data i geografiske informasjonssystem.']"
baffb55ac88916e08673015df6caceb62b1b7d38,f835b9511c07210520dad324cf2d11d2d461adeb,https://www.ntnu.no/studieinformasjon/siving/eldre/97-98/3/36043.htm,https://www.ntnu.no/studieinformasjon/siving/eldre/97-98/3/33043.htm,"['Mål: Faget skal gi innføring i moderne digital fotogrammetri og bildebehandling.', 'Forutsetning: Eksamen i fag 36042 Fotogrammetri 1-2 GK.', 'Innhold: Digitalisering av konvensjonelt opptatte flybilde. Digitalt kamera, funksjon, bildeoppløysing og kalibrering. Bildebehandling for ekstraksjon og måling av kartdetaljar i digitale bilde. Digital aerotriangulering og blokkutjamning (strålebuntmetoden), planlegging, praktisk gjennomføring og nøyaktighetsvurdering; bruk av GPS-måling under flyfotografering. Generering av digitale terrengmodellar (DTM) ut frå digital bildemåling. Produksjon av ortofoto og ortofotokart ut frå DTM og digitale bilde. Fotogrammetri som datafangstmetode for geografiske informasjonssystem (GIS).']","['Mål: Faget skal gi utdypende kunnskap om funksjonsegenskaper, levetid og beskyttelse for bygningsmaterialer i ulike brukssituasjoner.', 'Forutsetning: Eksamen i fag 33005 Bygningsmaterialer eller tilsvarende kunnskaper.', 'Innhold: Faget behandler materialers sammensetning og oppbygging og den sammenheng dette har med bestandighet, nedbryting og levetid for materialene ved eksponering i ulike brukssituasjoner. En behandler også beskyttelse av ulike materialer i form av overflatebehandling, impregnering eller tilsetningsstoffer. Temaoversikt: Materialers oppbygging og struktur. Aktuelle nedbrytingsmekanismer og skader, og muligheter for å begrense dette. Fukt, temperatur, biologisk nedbryting, klimarelatert aldring, korrosjon. Materialer, inneklima og helse. Beskyttelse av materialer. Bestandighet, levetid. Hovedvekt legges på tre, plast, tegl, murverk og stål.']"
baffb55ac88916e08673015df6caceb62b1b7d38,921e2f0de0a7be63516a9d8bcaa4ed992ba2fc78,https://www.ntnu.no/studieinformasjon/siving/eldre/97-98/3/36043.htm,https://www.ntnu.no/studieinformasjon/siving/eldre/97-98/3/33030.htm,"['Mål: Faget skal gi innføring i moderne digital fotogrammetri og bildebehandling.', 'Forutsetning: Eksamen i fag 36042 Fotogrammetri 1-2 GK.', 'Innhold: Digitalisering av konvensjonelt opptatte flybilde. Digitalt kamera, funksjon, bildeoppløysing og kalibrering. Bildebehandling for ekstraksjon og måling av kartdetaljar i digitale bilde. Digital aerotriangulering og blokkutjamning (strålebuntmetoden), planlegging, praktisk gjennomføring og nøyaktighetsvurdering; bruk av GPS-måling under flyfotografering. Generering av digitale terrengmodellar (DTM) ut frå digital bildemåling. Produksjon av ortofoto og ortofotokart ut frå DTM og digitale bilde. Fotogrammetri som datafangstmetode for geografiske informasjonssystem (GIS).']","['Mål: Faget skal gi grunnleggende kunnskap om krav, påkjenninger og bygningsfysiske forutsetninger og prinsipper med hensyn til bygningers tekniske egenskaper ut over det rent lastbærende. Faget skal også gi eksempler på hvordan aktuelle problemer løses i praksis.', 'Forutsetning: Ingen', 'Innhold: Bygningers hovedfunksjoner. Ytelsesprinsippet, dvs. betingelser, krav og påkjenninger. Klimafaktorene. Varme\xad, fukt\xad og lydteknisk grunnlag. Prinsipper for varmeisolering, fuktsikring og lydisolering. Tetting mot vind og regn. Branntekniske hensyn. Konstruksjon av bygningsdeler i praksis ved valg av materialer og tilslutningsdetaljer.', 'Undervisningsform: Forelesninger. Obligatoriske øvinger i form av ukentlige regneøvinger, datalab. og semesteroppgave.']"
baffb55ac88916e08673015df6caceb62b1b7d38,69a213b4718311af7a7a0e454dda27a77f48ae5c,https://www.ntnu.no/studieinformasjon/siving/eldre/97-98/3/36043.htm,https://www.ntnu.no/studieinformasjon/siving/eldre/97-98/3/37023.htm,"['Mål: Faget skal gi innføring i moderne digital fotogrammetri og bildebehandling.', 'Forutsetning: Eksamen i fag 36042 Fotogrammetri 1-2 GK.', 'Innhold: Digitalisering av konvensjonelt opptatte flybilde. Digitalt kamera, funksjon, bildeoppløysing og kalibrering. Bildebehandling for ekstraksjon og måling av kartdetaljar i digitale bilde. Digital aerotriangulering og blokkutjamning (strålebuntmetoden), planlegging, praktisk gjennomføring og nøyaktighetsvurdering; bruk av GPS-måling under flyfotografering. Generering av digitale terrengmodellar (DTM) ut frå digital bildemåling. Produksjon av ortofoto og ortofotokart ut frå DTM og digitale bilde. Fotogrammetri som datafangstmetode for geografiske informasjonssystem (GIS).']","['Mål: Faget skal gi en grundig forståelse for oppbygging og virkemåte av et typisk beregningsprogram basert på elementmetoden.', 'Forutsetning: Eksamen i fag 37013 Matrisestatikk GK og grunnleggende kjennskap til programmering. Et kort Fortran90-kurs er inkludert.', 'Innhold: Prinsipper og teknikker for utvikling av teknisk (beregningstung) programvare: Spesifikasjon, konstruksjon, koding, utprøving og dokumentasjon. Datalagring og datastrukturer, standard programvare og gjenbruk av kode.', 'Undervisningsform: Faget er for en stor del bygd opp omkring en konkret programutviklingsoppgave som utføres som gruppearbeid (3\xad4 studenter pr gruppe). Hovedtyngden av forelesningene gis konsentrert i begynnelsen av kurset. Prosjektoppgaven teller ca. 2/3 ved fastsettelse av sluttkarakteren.']"
baffb55ac88916e08673015df6caceb62b1b7d38,6308ff26315ee7981aa5210bea3eeccab3fef6f1,https://www.ntnu.no/studieinformasjon/siving/eldre/97-98/3/36043.htm,https://www.ntnu.no/studieinformasjon/siving/eldre/97-98/3/33042.htm,"['Mål: Faget skal gi innføring i moderne digital fotogrammetri og bildebehandling.', 'Forutsetning: Eksamen i fag 36042 Fotogrammetri 1-2 GK.', 'Innhold: Digitalisering av konvensjonelt opptatte flybilde. Digitalt kamera, funksjon, bildeoppløysing og kalibrering. Bildebehandling for ekstraksjon og måling av kartdetaljar i digitale bilde. Digital aerotriangulering og blokkutjamning (strålebuntmetoden), planlegging, praktisk gjennomføring og nøyaktighetsvurdering; bruk av GPS-måling under flyfotografering. Generering av digitale terrengmodellar (DTM) ut frå digital bildemåling. Produksjon av ortofoto og ortofotokart ut frå DTM og digitale bilde. Fotogrammetri som datafangstmetode for geografiske informasjonssystem (GIS).']","['Mål: Faget skal gi studentene kunnskap om organisatoriske, tekniske og økonomiske hensyn ved ombygging, utbedring og vedlikehold av bygninger.', 'Forutsetning: Eksamen i fag 33030 Husbyggingsteknikk GK eller tilsvarende forkunnskaper innen bygningsfysikk og husbyggingsteknikk. Det tas forbehold om begrensninger i deltakerantallet.', 'Innhold: Eldre byggeteknikk og materialbruk, bevaringshensyn, teknikker for oppmåling, registrering og tilstandsanalyse, vurdering av konstruksjoners bæreevne, identifisering av skader og skadeårsaker, reparasjons\xad og utbedringsteknikker, tilgjengelighet, miljøforbedringstiltak, prosjektering, forskrifter, spesielle organisatoriske og økonomiske problemer, gjennomføring på byggeplass. Årskostnader, vedlikeholdsplanlegging, systematisk vedlikehold.', 'Undervisningsform: Forelesninger. En praktisk øvingsoppgave er obligatorisk. Oppgaven gjennom-føres som gruppearbeid og teller 1/3 ved fastsetting av sluttkarakteren i faget.']"
baffb55ac88916e08673015df6caceb62b1b7d38,7363c790e5b011bd0c5385c19a7805337c286ec8,https://www.ntnu.no/studieinformasjon/siving/eldre/97-98/3/36043.htm,https://www.ntnu.no/studieinformasjon/siving/eldre/97-98/3/37013.htm,"['Mål: Faget skal gi innføring i moderne digital fotogrammetri og bildebehandling.', 'Forutsetning: Eksamen i fag 36042 Fotogrammetri 1-2 GK.', 'Innhold: Digitalisering av konvensjonelt opptatte flybilde. Digitalt kamera, funksjon, bildeoppløysing og kalibrering. Bildebehandling for ekstraksjon og måling av kartdetaljar i digitale bilde. Digital aerotriangulering og blokkutjamning (strålebuntmetoden), planlegging, praktisk gjennomføring og nøyaktighetsvurdering; bruk av GPS-måling under flyfotografering. Generering av digitale terrengmodellar (DTM) ut frå digital bildemåling. Produksjon av ortofoto og ortofotokart ut frå DTM og digitale bilde. Fotogrammetri som datafangstmetode for geografiske informasjonssystem (GIS).']","['Mål: Faget skal gi en grundig forståelse av det metodemessige grunnlag for, og innsikt i bruken av, datamaskinbaserte statiske beregninger av stav\xad og bjelkesystemer.', 'Forutsetning: Bygger på fag 37011 Konstruksjonsmekanikk og 75012 Matematikk 1B (se studieplan for 1996/97).', 'Innhold: Omfatter det teoretiske grunnlag for statiske konstruksjonsberegninger ved hjelp av datamaskinprogrammer basert på matrise og elementmetoder. Det etableres stivhets\xad og lastmatriser for beregning av stavsystemer, bjelker og rammesystemer etter forskyvningsmetoden. Transformasjonsregler, oppbygging av systemmatriser, innføring av randbetingelser og ligningsløsning gjennomgås. Det gis også en innføring i arbeids\xad og energibetraktninger med utledning av generelle stivhets\xad og lastuttrykk basert på elementmetoden. Videre diskuteres feilkilder, modellering, resultatkontroll, beregning av snittkrefter/spenninger og elementformuleringer for staver og bjelker.', 'Undervisningsform: Forelesninger og øvinger. I tillegg til regneoppgaver for innøving av teorigrunnlaget vil flere av øvingene bli basert på bruk av datamaskinprogram.']"
baffb55ac88916e08673015df6caceb62b1b7d38,d801a3f26a29aee6237d7828b2b1f4541d711707,https://www.ntnu.no/studieinformasjon/siving/eldre/97-98/3/36043.htm,https://www.ntnu.no/studieinformasjon/siving/eldre/97-98/3/37073.htm,"['Mål: Faget skal gi innføring i moderne digital fotogrammetri og bildebehandling.', 'Forutsetning: Eksamen i fag 36042 Fotogrammetri 1-2 GK.', 'Innhold: Digitalisering av konvensjonelt opptatte flybilde. Digitalt kamera, funksjon, bildeoppløysing og kalibrering. Bildebehandling for ekstraksjon og måling av kartdetaljar i digitale bilde. Digital aerotriangulering og blokkutjamning (strålebuntmetoden), planlegging, praktisk gjennomføring og nøyaktighetsvurdering; bruk av GPS-måling under flyfotografering. Generering av digitale terrengmodellar (DTM) ut frå digital bildemåling. Produksjon av ortofoto og ortofotokart ut frå DTM og digitale bilde. Fotogrammetri som datafangstmetode for geografiske informasjonssystem (GIS).']","['Mål: Faget tar sikte på å gi studentene kjennskap til metoder for bestemmelse av bølger i kystområder og de krefter disse bølgene gir på konstruksjoner i disse områdene.', 'Forutsetning: Bygger på fag 34505 Hydromekanikk og 37076 Svingninger og dynamisk respons GK. Det er en fordel, men ingen nødvendighet, at fag 37074 Naturlaster GK tas samtidig. For de studenter som ikke har hatt faget 34505 Hydromekanikk, gis en kort innføring i lineær bølgeteori som ekstraforelesning.', 'Innhold: Det gis en innføring i høyere ordens bølgeteori, bølgegenerering, bølgebestemmelse, bølgespektra og bølgestatistikk. Videre vises det hvordan man beregner endring av bølger når de går fra dypt til grunt vann inntil de bryter og skyller opp på stranden. Effekten ulike typer moloer har på bølgene vil også bli vist. Deretter behandles beregning av bølge\xad og strømkrefter på konstruksjoner i kystsonen, så som fagverksplattformer, rørledninger, fyrtårn, faste og flytende moloer, fortøyde skip ved kai. Store deler av havbunnen består av sand som lett kan erodere. Det vil bli gjennomgått hvordan man beregner erosjon og dimensjonerer erosjonsbeskyttelser ved naturlige bølge\xad og strømforhold.']"
baffb55ac88916e08673015df6caceb62b1b7d38,83de594dea2166fa7c1f9e97bc43d6d7311c3079,https://www.ntnu.no/studieinformasjon/siving/eldre/97-98/3/36043.htm,https://www.ntnu.no/studieinformasjon/siving/eldre/97-98/3/34535.htm,"['Mål: Faget skal gi innføring i moderne digital fotogrammetri og bildebehandling.', 'Forutsetning: Eksamen i fag 36042 Fotogrammetri 1-2 GK.', 'Innhold: Digitalisering av konvensjonelt opptatte flybilde. Digitalt kamera, funksjon, bildeoppløysing og kalibrering. Bildebehandling for ekstraksjon og måling av kartdetaljar i digitale bilde. Digital aerotriangulering og blokkutjamning (strålebuntmetoden), planlegging, praktisk gjennomføring og nøyaktighetsvurdering; bruk av GPS-måling under flyfotografering. Generering av digitale terrengmodellar (DTM) ut frå digital bildemåling. Produksjon av ortofoto og ortofotokart ut frå DTM og digitale bilde. Fotogrammetri som datafangstmetode for geografiske informasjonssystem (GIS).']","['Mål: Faget tar sikte på å gi en innføring i grunnleggende prinsipper knyttet til kvalitetsvurdering, behandling og bruk av forsyningsvann, avløpsvann og naturlige vannforekomster.', 'Forutsetning: Ingen.', 'Innhold: Faget kan betraktes som en selvstendig enhet, men vil også være en naturlig innføring til de videregående kursene 34544 Avfallshåndtering, 34545 VA\xadsystemer og 34546 Vannrensing. Faget er delt i tre hoveddeler. Generell vannkjemi: Syrebaseforhold, løselighetsforhold, reduksjons-oksydasjonsreaksjoner i forbindelse med vannkvalitetsvurdering, vannkvalitetsforbedring og korrosjon av metall og sementbaserte materialer. Mikrobiologiske omsetninger: Kort innføring i generell mikrobiologi, faktorer som påvirker mikrobielle omsetninger, vannhygiene. Vannanalyse: Innføring i prinsipper og anvendelsesområder for fysiske, kjemiske og bakteriologiske analysemetoder.']"
baffb55ac88916e08673015df6caceb62b1b7d38,e7e81f84ecf5cb7ba0d1594997af6be98f08ce05,https://www.ntnu.no/studieinformasjon/siving/eldre/97-98/3/36043.htm,https://www.ntnu.no/studieinformasjon/siving/eldre/97-98/3/37045.htm,"['Mål: Faget skal gi innføring i moderne digital fotogrammetri og bildebehandling.', 'Forutsetning: Eksamen i fag 36042 Fotogrammetri 1-2 GK.', 'Innhold: Digitalisering av konvensjonelt opptatte flybilde. Digitalt kamera, funksjon, bildeoppløysing og kalibrering. Bildebehandling for ekstraksjon og måling av kartdetaljar i digitale bilde. Digital aerotriangulering og blokkutjamning (strålebuntmetoden), planlegging, praktisk gjennomføring og nøyaktighetsvurdering; bruk av GPS-måling under flyfotografering. Generering av digitale terrengmodellar (DTM) ut frå digital bildemåling. Produksjon av ortofoto og ortofotokart ut frå DTM og digitale bilde. Fotogrammetri som datafangstmetode for geografiske informasjonssystem (GIS).']","['Mål: Faget tar sikte på å gi dypere forståelse av betongens mekaniske, fuktmekaniske og bestandighetsmessige egenskaper.', 'Forutsetning: Eksamen i fag 37042 Betongteknologi GK.', 'Innhold: Kjemisk sammensetning, fysisk struktur og porestruktur. Fuktmekanikk: Fuktfiksering og fukttransport. Volumstabilitet og rissfølsomhet. Mekaniske egenskaper, bruddmekanikk. Komposittmodeller. Bestandighet: Fysiske og kjemiske nedbrytningsmekanismer, armeringskorrosjon. Tilstandskontroll, skadeanalyse. Relevans og verdi av prøvningsmetoder er sentralt innen alle delemner.']"
baffb55ac88916e08673015df6caceb62b1b7d38,fd83be4592e1aea99f6f762aefee7c2d5fb15780,https://www.ntnu.no/studieinformasjon/siving/eldre/97-98/3/36043.htm,https://www.ntnu.no/studieinformasjon/siving/eldre/97-98/3/33031.htm,"['Mål: Faget skal gi innføring i moderne digital fotogrammetri og bildebehandling.', 'Forutsetning: Eksamen i fag 36042 Fotogrammetri 1-2 GK.', 'Innhold: Digitalisering av konvensjonelt opptatte flybilde. Digitalt kamera, funksjon, bildeoppløysing og kalibrering. Bildebehandling for ekstraksjon og måling av kartdetaljar i digitale bilde. Digital aerotriangulering og blokkutjamning (strålebuntmetoden), planlegging, praktisk gjennomføring og nøyaktighetsvurdering; bruk av GPS-måling under flyfotografering. Generering av digitale terrengmodellar (DTM) ut frå digital bildemåling. Produksjon av ortofoto og ortofotokart ut frå DTM og digitale bilde. Fotogrammetri som datafangstmetode for geografiske informasjonssystem (GIS).']","['Mål: Faget skal gi studentene grunnleggende kunnskap i dimensjonering og prosjektering av murkonstruksjoner.', 'Forutsetning: Ingen.', 'Innhold: Faget omfatter fasthetslære for bærende murverk av tegl\xad og blokkmaterialer. Dimensjonering av vegger, søyler og bjelker/overdekninger i uarmert og armert murverk står sentralt. Sammensetning av og egenskaper ved murverkets delmaterialer og det ferdige murverk behandles. Videre gjennomgås prosjektering, utforming og utførelse av murte bygningsdeler og detaljer.', 'Undervisningsform: Forelesninger og obligatoriske regneøvinger.', 'Kursmateriell: Dimensjonering av murverk etter NS 3475. NS 3475 Prosjektering av murverk. Eurocode No 6 Common unified rules for masonry structures. Murkatalogen, kompendier.']"
baffb55ac88916e08673015df6caceb62b1b7d38,2aef05a80c116ad5b1205943d765c4891dfe8f61,https://www.ntnu.no/studieinformasjon/siving/eldre/97-98/3/36043.htm,https://www.ntnu.no/studieinformasjon/siving/eldre/97-98/3/34041.htm,"['Mål: Faget skal gi innføring i moderne digital fotogrammetri og bildebehandling.', 'Forutsetning: Eksamen i fag 36042 Fotogrammetri 1-2 GK.', 'Innhold: Digitalisering av konvensjonelt opptatte flybilde. Digitalt kamera, funksjon, bildeoppløysing og kalibrering. Bildebehandling for ekstraksjon og måling av kartdetaljar i digitale bilde. Digital aerotriangulering og blokkutjamning (strålebuntmetoden), planlegging, praktisk gjennomføring og nøyaktighetsvurdering; bruk av GPS-måling under flyfotografering. Generering av digitale terrengmodellar (DTM) ut frå digital bildemåling. Produksjon av ortofoto og ortofotokart ut frå DTM og digitale bilde. Fotogrammetri som datafangstmetode for geografiske informasjonssystem (GIS).']","['Mål: Faget skal gi studentene inngående kjennskap til planlegging og prosjektering av veger.', 'Forutsetning: Eksamen i fag 34026 Vegplanlegging GK.', 'Innhold: Hovedvekten legges på følgende delemner innen oversikts- og detaljplanlegging av veger: Vegplanleggingsprosessen, vegnettsutforming, geometrisk utforming, linje\xad og masseberegning, kostnadsberegning og samfunnsøkonomisk vurdering av veginvesteringer og byggeplanlegging.']"
baffb55ac88916e08673015df6caceb62b1b7d38,8d78b85ba79f301dc73ecacd03ddcfb9bfa6f2eb,https://www.ntnu.no/studieinformasjon/siving/eldre/97-98/3/36043.htm,https://www.ntnu.no/studieinformasjon/siving/eldre/97-98/3/36080.htm,"['Mål: Faget skal gi innføring i moderne digital fotogrammetri og bildebehandling.', 'Forutsetning: Eksamen i fag 36042 Fotogrammetri 1-2 GK.', 'Innhold: Digitalisering av konvensjonelt opptatte flybilde. Digitalt kamera, funksjon, bildeoppløysing og kalibrering. Bildebehandling for ekstraksjon og måling av kartdetaljar i digitale bilde. Digital aerotriangulering og blokkutjamning (strålebuntmetoden), planlegging, praktisk gjennomføring og nøyaktighetsvurdering; bruk av GPS-måling under flyfotografering. Generering av digitale terrengmodellar (DTM) ut frå digital bildemåling. Produksjon av ortofoto og ortofotokart ut frå DTM og digitale bilde. Fotogrammetri som datafangstmetode for geografiske informasjonssystem (GIS).']","['Mål: Faget skal gi fordypning i et emne innen kart og oppmåling og samtidig gi trening i selvstendig arbeid og rapportskriving.', 'Forutsetning: Vil avhenge av prosjektet og fastsettes av den enkelte faglærer.', 'Innhold: Prosjektarbeidet vil være av eksperimentell, teoretisk eller datateknisk karakter, eller at det vil være et litteraturstudium. Oppgavetypene finnes innenfor instituttets fagområder som er geodesi, fotogrammetri og kartografi.', 'Undervisningsform: Oppgavene gis individuelt eller for flere studenter som samarbeider. Det gis gruppevis veiledning for studenter som velger samme oppgavetype. Faget avsluttes med at studentene presenterer sine prosjekter for medstudenter og lærere ved instituttet.']"
baffb55ac88916e08673015df6caceb62b1b7d38,efc104c26bce91f2462d4bcab5c9130adec083f9,https://www.ntnu.no/studieinformasjon/siving/eldre/97-98/3/36043.htm,https://www.ntnu.no/studieinformasjon/siving/eldre/97-98/3/37033.htm,"['Mål: Faget skal gi innføring i moderne digital fotogrammetri og bildebehandling.', 'Forutsetning: Eksamen i fag 36042 Fotogrammetri 1-2 GK.', 'Innhold: Digitalisering av konvensjonelt opptatte flybilde. Digitalt kamera, funksjon, bildeoppløysing og kalibrering. Bildebehandling for ekstraksjon og måling av kartdetaljar i digitale bilde. Digital aerotriangulering og blokkutjamning (strålebuntmetoden), planlegging, praktisk gjennomføring og nøyaktighetsvurdering; bruk av GPS-måling under flyfotografering. Generering av digitale terrengmodellar (DTM) ut frå digital bildemåling. Produksjon av ortofoto og ortofotokart ut frå DTM og digitale bilde. Fotogrammetri som datafangstmetode for geografiske informasjonssystem (GIS).']","['Mål: Prosjektarbeidet skal gi anledning til faglig fordypning innen et avgrenset temaområde og samtidig gi trening i selvstendig planlegging av større prosjekter, systematisk bearbeiding av informasjon samt i rapportskriving.', 'Forutsetning: Vil avhenge av prosjektet og fastsettes av hver enkelt faglærer.', 'Innhold: Prosjektarbeidet vil være av eksperimentell, teoretisk eller datateknisk karakter, eller et litteraturstudium, og gis normalt i kombinasjon med videregående kurs ved instituttet. Oppgavetypene finnes innenfor instituttets fagområder som er aluminiumkonstruksjoner, betongkonstruksjoner, betongteknologi, konstruksjonsberegninger, konstruksjonsinformatikk, konstruksjonsmaterialer, konstruksjonsmekanikk, kyst- og havneteknikk, marin teknologi, sikkerhet og pålitelighet, stålkonstruksjoner, teknisk oseanografi, trekonstruksjoner og vindteknikk. Noen av oppgavene kan betraktes som et forstudium til hovedoppgaven, men generelt er det ikke lagt opp til faste bindinger mellom prosjekter og hovedoppgaver.', 'Undervisningsform: Oppgavene gis individuelt eller for flere studenter som samarbeider. Fortrinnsvis gis innledende orientering/undervisning og senere veiledning gruppevis for studenter med samme oppgavetype.']"
baffb55ac88916e08673015df6caceb62b1b7d38,bd9721e86aafb1a7207d4bd12ca420731512a5cb,https://www.ntnu.no/studieinformasjon/siving/eldre/97-98/3/36043.htm,https://www.ntnu.no/studieinformasjon/siving/eldre/97-98/3/37047.htm,"['Mål: Faget skal gi innføring i moderne digital fotogrammetri og bildebehandling.', 'Forutsetning: Eksamen i fag 36042 Fotogrammetri 1-2 GK.', 'Innhold: Digitalisering av konvensjonelt opptatte flybilde. Digitalt kamera, funksjon, bildeoppløysing og kalibrering. Bildebehandling for ekstraksjon og måling av kartdetaljar i digitale bilde. Digital aerotriangulering og blokkutjamning (strålebuntmetoden), planlegging, praktisk gjennomføring og nøyaktighetsvurdering; bruk av GPS-måling under flyfotografering. Generering av digitale terrengmodellar (DTM) ut frå digital bildemåling. Produksjon av ortofoto og ortofotokart ut frå DTM og digitale bilde. Fotogrammetri som datafangstmetode for geografiske informasjonssystem (GIS).']","['Innhold: Faget omfatter analyse og dimensjonering av skiver, rotasjonssymmetriske skall og slanke trykkstaver i rammer av armert betong. Vurdering av numeriske og analytiske beregningsmetoder. Videre gis en kort innføring i utmattingsgrensetilstanden.']"
baffb55ac88916e08673015df6caceb62b1b7d38,059b7b031d5f4b4f0b76278387f5516cc14b4b49,https://www.ntnu.no/studieinformasjon/siving/eldre/97-98/3/36043.htm,https://www.ntnu.no/studieinformasjon/siving/eldre/97-98/3/37054.htm,"['Mål: Faget skal gi innføring i moderne digital fotogrammetri og bildebehandling.', 'Forutsetning: Eksamen i fag 36042 Fotogrammetri 1-2 GK.', 'Innhold: Digitalisering av konvensjonelt opptatte flybilde. Digitalt kamera, funksjon, bildeoppløysing og kalibrering. Bildebehandling for ekstraksjon og måling av kartdetaljar i digitale bilde. Digital aerotriangulering og blokkutjamning (strålebuntmetoden), planlegging, praktisk gjennomføring og nøyaktighetsvurdering; bruk av GPS-måling under flyfotografering. Generering av digitale terrengmodellar (DTM) ut frå digital bildemåling. Produksjon av ortofoto og ortofotokart ut frå DTM og digitale bilde. Fotogrammetri som datafangstmetode for geografiske informasjonssystem (GIS).']","['Mål: Faget tar sikte på å gi studentene innsikt om tre som konstruksjonsmateriale, bakgrunn for dimensjoneringsprinsipper og dimensjonering av konstruksjoner og komponenter av tre.', 'Forutsetning: Grunnlag i mekanikk og konstruksjonsmekanikk.', 'Innhold: Faget omfatter trevirke som byggemateriale, egenskaper, sortering, fastheter. Råte og nedbrytning. Brann. Lastberegning for og dimensjonering av komponenter og konstruksjoner av tre og limtre. Forbindelsesmidler. Takkonstruksjoner. Bjelker. Buer og rammer av limtre. Fagverk. Spesielle konstruksjoner. Avstivninger. Forankringer.']"
baffb55ac88916e08673015df6caceb62b1b7d38,172b4338e8b6d4f2efede96178a0ef2bdd13b110,https://www.ntnu.no/studieinformasjon/siving/eldre/97-98/3/36043.htm,https://www.ntnu.no/studieinformasjon/siving/eldre/97-98/3/37074.htm,"['Mål: Faget skal gi innføring i moderne digital fotogrammetri og bildebehandling.', 'Forutsetning: Eksamen i fag 36042 Fotogrammetri 1-2 GK.', 'Innhold: Digitalisering av konvensjonelt opptatte flybilde. Digitalt kamera, funksjon, bildeoppløysing og kalibrering. Bildebehandling for ekstraksjon og måling av kartdetaljar i digitale bilde. Digital aerotriangulering og blokkutjamning (strålebuntmetoden), planlegging, praktisk gjennomføring og nøyaktighetsvurdering; bruk av GPS-måling under flyfotografering. Generering av digitale terrengmodellar (DTM) ut frå digital bildemåling. Produksjon av ortofoto og ortofotokart ut frå DTM og digitale bilde. Fotogrammetri som datafangstmetode for geografiske informasjonssystem (GIS).']","['Mål: Faget skal gi en bakgrunn for bruk av teknikker og metoder for beregning av laster på konstruksjoner forårsaket av det fysiske miljø. Her inngår bl.a. beregning av krefter fra bølger, strøm, vind, jordskjelv og snø.', 'Forutsetning: Fag 37076 Svingninger og dynamisk respons GK samt fag 34505 Hydromekanikk eller tilsvarende kunnskaper.', ""Innhold: Faget omhandler virkningen av strømning i vann og luft på konstruksjoner. En del grunnleggende hydromekanikk vil derfor bli behandlet, bl.a. bruk av potensialteori til å beregne krefter, og Navier Stokes ligninger. Via skalering innføres en del viktige hydrodynamiske tall bl.a. Reynolds og Froudes tall. Empiriske resultater for krefter i separerte strømmer (Morison's formel mm.) blir også gitt. Videre behandles jordskjelvbelastninger og virkningen av vind ifølge Davenports metode, og en går summarisk inn på snølaster. Bruk av spektra og statistikk vektlegges både med hensyn til beskrivelsen av bølger, strøm, vind og jordskjelv og av de resulterende laster. Endelig behandles eksperimentalteknikk og hvordan naturlaster mm. behandles i standarder og forskrifter.""]"
baffb55ac88916e08673015df6caceb62b1b7d38,ab134fb5b5b57ee7756a2ea04a32aa3559f6b031,https://www.ntnu.no/studieinformasjon/siving/eldre/97-98/3/36043.htm,https://www.ntnu.no/studieinformasjon/siving/eldre/97-98/3/34264.htm,"['Mål: Faget skal gi innføring i moderne digital fotogrammetri og bildebehandling.', 'Forutsetning: Eksamen i fag 36042 Fotogrammetri 1-2 GK.', 'Innhold: Digitalisering av konvensjonelt opptatte flybilde. Digitalt kamera, funksjon, bildeoppløysing og kalibrering. Bildebehandling for ekstraksjon og måling av kartdetaljar i digitale bilde. Digital aerotriangulering og blokkutjamning (strålebuntmetoden), planlegging, praktisk gjennomføring og nøyaktighetsvurdering; bruk av GPS-måling under flyfotografering. Generering av digitale terrengmodellar (DTM) ut frå digital bildemåling. Produksjon av ortofoto og ortofotokart ut frå DTM og digitale bilde. Fotogrammetri som datafangstmetode for geografiske informasjonssystem (GIS).']","['Mål: Faget skal gjøre rede for hvordan rammebetingelsene for trafikanter og transportprodusenter skal utformes for at transportsystemet skal bidra til å nå overordnete politiske mål.', 'Forutsetning: Eksamen i fag 34216 Trafikkplanlegging 1 GK.', 'Innhold: Faget er en videreføring av fag 34216. Hovedproblemene er (1) hvordan trafikanter og produsenter av transporttjenester vil innrette seg ved gitt transportpolitikk, og (2) hvordan transportpolitikken bør utformes for at de skal innrette seg på en måte som tjener samfunnets mål. Vekten blir lagt på effektivitet, bruk av virkemidler og avveining mellom lønnsomhet og andre hensyn. Transportøkonomi og kollektivtrafikk er hovedtemaer med avgifter, subsidier og takster som de sentrale stikkord. Fremstillingen knyttes til aktuelle spørsmål om miljø, sikkerhet, bompenger, køer og konkurranse mellom buss og bil. Størstedelen av faget er innrettet mot vegtrafikk i byer og tettsteder.', 'Undervisningsform: Tavleforelesninger og diskusjonstimer med forberedte innlegg fra studentene. Alle øvingene må være utført og godkjent før eksamen.']"
baffb55ac88916e08673015df6caceb62b1b7d38,db0100f57ff5b42050e451ab2d4ded06f145a9c7,https://www.ntnu.no/studieinformasjon/siving/eldre/97-98/3/36043.htm,https://www.ntnu.no/studieinformasjon/siving/eldre/97-98/3/37048.htm,"['Mål: Faget skal gi innføring i moderne digital fotogrammetri og bildebehandling.', 'Forutsetning: Eksamen i fag 36042 Fotogrammetri 1-2 GK.', 'Innhold: Digitalisering av konvensjonelt opptatte flybilde. Digitalt kamera, funksjon, bildeoppløysing og kalibrering. Bildebehandling for ekstraksjon og måling av kartdetaljar i digitale bilde. Digital aerotriangulering og blokkutjamning (strålebuntmetoden), planlegging, praktisk gjennomføring og nøyaktighetsvurdering; bruk av GPS-måling under flyfotografering. Generering av digitale terrengmodellar (DTM) ut frå digital bildemåling. Produksjon av ortofoto og ortofotokart ut frå DTM og digitale bilde. Fotogrammetri som datafangstmetode for geografiske informasjonssystem (GIS).']","['Innhold: Mekaniske, fysiske og kjemiske nedbrytningsmekanismer. Planlegging og gjennomføring av tilstandsanalyse. Tolking av data fra tilstandsvurdering mht. sikkerhet og funksjon. Prøvebelastninger. Vurdering av vedlikeholds- og reparasjonsbehov. Levetidsvurderinger. Vedlikeholdsmaterialer og -metoder. Reparasjonsmaterialer og -metoder. Forsterkninger. Beregningsgrunnlag, beregningsmodeller og -metoder for skadet konstruksjon, reparasjoner og forsterkninger. Kvalitetssikring av reparasjonsarbeider.']"
baffb55ac88916e08673015df6caceb62b1b7d38,0d22569a3bdc301ab20c53ce11855e7ced249f14,https://www.ntnu.no/studieinformasjon/siving/eldre/97-98/3/36043.htm,https://www.ntnu.no/studieinformasjon/siving/eldre/97-98/3/36032.htm,"['Mål: Faget skal gi innføring i moderne digital fotogrammetri og bildebehandling.', 'Forutsetning: Eksamen i fag 36042 Fotogrammetri 1-2 GK.', 'Innhold: Digitalisering av konvensjonelt opptatte flybilde. Digitalt kamera, funksjon, bildeoppløysing og kalibrering. Bildebehandling for ekstraksjon og måling av kartdetaljar i digitale bilde. Digital aerotriangulering og blokkutjamning (strålebuntmetoden), planlegging, praktisk gjennomføring og nøyaktighetsvurdering; bruk av GPS-måling under flyfotografering. Generering av digitale terrengmodellar (DTM) ut frå digital bildemåling. Produksjon av ortofoto og ortofotokart ut frå DTM og digitale bilde. Fotogrammetri som datafangstmetode for geografiske informasjonssystem (GIS).']","['Mål: Faget skal gi studentene inngående kjennskap til grunnleggende elementer i moderne geografiske informasjonssystemer (GIS).', 'Forutsetning: 45001 Grunnkurs i databehandling (se studieplan for 1996/97) eller tilsvarende kunnskap.', 'Innhold: Historikk, oversikt over grunnleggende elementer i et GIS. Kartografisk kommunikasjon, kartografisk generalisering, ulike typer temakart, metoder for presentasjon av topografiske- og statistiske data. Basisprinsipper for analyse av geografiske data, overlagringsteknikker. Romlige datamodeller og topologiske relasjoner mellom geografiske objekter. Utstyr for digitalisering, lagring og presentasjon av kart. Geografiske databaser. Digitale terrengmodeller (DTM), klasser av DTM og deres bruksegenskaper. Eksempler på bruk av GIS i planlegging for forvaltning.', 'Undervisningsform: Forelesninger og øvinger. Øvingene i faget blir lagt opp mot bruk av GIS-programpakker. Dette vil gi studentene god trening i bruk av programpakker til presentasjon og analyse av geografiske data.', 'Kursmateriell: Jeffrey Star og John Estes: Geographic Information Systems, an introduction, Prentice Hall, 303 sider. Supplerende litteratur ved instituttet.']"
baffb55ac88916e08673015df6caceb62b1b7d38,b0d72ca9ccb2eb00dc7e7df5321df2cfa8e361b5,https://www.ntnu.no/studieinformasjon/siving/eldre/97-98/3/36043.htm,https://www.ntnu.no/studieinformasjon/siving/eldre/97-98/3/37034.htm,"['Mål: Faget skal gi innføring i moderne digital fotogrammetri og bildebehandling.', 'Forutsetning: Eksamen i fag 36042 Fotogrammetri 1-2 GK.', 'Innhold: Digitalisering av konvensjonelt opptatte flybilde. Digitalt kamera, funksjon, bildeoppløysing og kalibrering. Bildebehandling for ekstraksjon og måling av kartdetaljar i digitale bilde. Digital aerotriangulering og blokkutjamning (strålebuntmetoden), planlegging, praktisk gjennomføring og nøyaktighetsvurdering; bruk av GPS-måling under flyfotografering. Generering av digitale terrengmodellar (DTM) ut frå digital bildemåling. Produksjon av ortofoto og ortofotokart ut frå DTM og digitale bilde. Fotogrammetri som datafangstmetode for geografiske informasjonssystem (GIS).']","['Mål: Faget skal gi et nødvendig grunnlag for å kunne bruke elementmetoden på en kvalifisert måte i forbindelse med styrkeberegninger av konstruksjoner.', 'Forutsetning: Eksamen i fag 37020 Skiver og plater GK eller tilsvarende forkunnskaper.', 'Innhold: Matematisk grunnlag for elementmetoden, herunder alternative variasjonsformuleringer, konvergensegenskaper, feilestimat og feilnormer. Generelle prinsipper for utvikling av elementstivhet og konsistente lastuttrykk for bjelker, skiver, plater, skall og tredimensjonale konstruksjoner. Hovedvekten legges på elementer basert på forskyvningsmetoden. Andre stikkord er: Numerisk integrasjon, redusert integrasjon, ""skjærlåsing"", isoparametriske elementer, hierarkiske elementer, ""highperformance"" elementer og substrukturanalyse. Videre diskuteres feilkilder, herunder modelleringsfeil, diskretiseringsfeil og manipuleringsfeil. Det gis videre en innføring i adaptive metoder med diskusjon av ulike metoder for reduksjon av diskretiseringsfeil og gjennomføring av kvalitetskontroll av beregningene.', 'Undervisningsform: Forelesninger og øvinger. I tillegg til regneoppgave for innøving av teorigrunnlaget vil flere av øvingene bli basert på bruk av datamaskinprogrammer. Øvingene teller ved fastsetting av karakteren.']"
baffb55ac88916e08673015df6caceb62b1b7d38,c1dbdc652fda71a0e76981b1204dd66a52de4e92,https://www.ntnu.no/studieinformasjon/siving/eldre/97-98/3/36043.htm,https://www.ntnu.no/studieinformasjon/siving/eldre/97-98/3/37083.htm,"['Mål: Faget skal gi innføring i moderne digital fotogrammetri og bildebehandling.', 'Forutsetning: Eksamen i fag 36042 Fotogrammetri 1-2 GK.', 'Innhold: Digitalisering av konvensjonelt opptatte flybilde. Digitalt kamera, funksjon, bildeoppløysing og kalibrering. Bildebehandling for ekstraksjon og måling av kartdetaljar i digitale bilde. Digital aerotriangulering og blokkutjamning (strålebuntmetoden), planlegging, praktisk gjennomføring og nøyaktighetsvurdering; bruk av GPS-måling under flyfotografering. Generering av digitale terrengmodellar (DTM) ut frå digital bildemåling. Produksjon av ortofoto og ortofotokart ut frå DTM og digitale bilde. Fotogrammetri som datafangstmetode for geografiske informasjonssystem (GIS).']","['Mål: Faget har som målsetting å gi en dypere forståelse for en del årsaker til naturlastene som virker på byggverk i havet og hvordan vi kartlegger disse. Dessuten å gi innsikt i beregningsgrunnlaget forbundet med spredning av forurensning i resipienter.', 'Forutsetning: Fag 37076 Svingninger og dynamisk respons GK og 37074 Naturlaster GK og det er en fordel med faget 37073 Kystteknikk GK.', 'Innhold: Faget behandler strømninger i og over havet (tidevann, bølger, strøm og vind) samt disses virkning på byggverk og liknende, både i kystsonen og på havet. Aktuelle målemetoder (prinsipper og teknikk) og dataanalyser både i tids\xad, frekvens\xad og bølgetallrom vil bli anvendt på dimensjonering av byggverk og på beregning av ""værvinduer"" for virksomhet til havs. Det gis en oversikt over isforekomster, ismekanikk og beregning av islaster. Diffusjon og dispersjon av forurensning i resipienter belyses, og strømningsmekanismene i forbindelse med utslipp i form av stråler og plumer gjennomgås. Dessuten behandles oljedrift og bølge- og strømvarsling.']"
baffb55ac88916e08673015df6caceb62b1b7d38,438168380332568288243ac7f1a87bd36c5e536b,https://www.ntnu.no/studieinformasjon/siving/eldre/97-98/3/36043.htm,https://www.ntnu.no/studieinformasjon/siving/eldre/97-98/3/37042.htm,"['Mål: Faget skal gi innføring i moderne digital fotogrammetri og bildebehandling.', 'Forutsetning: Eksamen i fag 36042 Fotogrammetri 1-2 GK.', 'Innhold: Digitalisering av konvensjonelt opptatte flybilde. Digitalt kamera, funksjon, bildeoppløysing og kalibrering. Bildebehandling for ekstraksjon og måling av kartdetaljar i digitale bilde. Digital aerotriangulering og blokkutjamning (strålebuntmetoden), planlegging, praktisk gjennomføring og nøyaktighetsvurdering; bruk av GPS-måling under flyfotografering. Generering av digitale terrengmodellar (DTM) ut frå digital bildemåling. Produksjon av ortofoto og ortofotokart ut frå DTM og digitale bilde. Fotogrammetri som datafangstmetode for geografiske informasjonssystem (GIS).']","['Mål: Faget tar sikte på å gi studentene grunnlag for bruk av materialet betong med vekt på de muligheter man har innenfor rammen som Norsk Standard gir rådgiver, betongprodusent og utførende ledd i byggeprosessen.', 'Forutsetning: Ingen.', 'Innhold: Betongtyper og praktisk utførelse av betongarbeid. Sementtyper og egenskaper, pozzolane tilsetningsmaterialer, sementpastaens oppbygging, tilslagsegenskaper og funksjon, typer og bruk av tilsetningsstoffer. Fersk betongs støpelighet, herdeteknologi, herdnet betongs mekaniske og bestandighetsmessige egenskaper. Rehabilitering av betongkonstruksjoner.']"
baffb55ac88916e08673015df6caceb62b1b7d38,637351f8ed0ec979986df44ed224a075dc705b06,https://www.ntnu.no/studieinformasjon/siving/eldre/97-98/3/36043.htm,https://www.ntnu.no/studieinformasjon/siving/eldre/97-98/3/37040.htm,"['Mål: Faget skal gi innføring i moderne digital fotogrammetri og bildebehandling.', 'Forutsetning: Eksamen i fag 36042 Fotogrammetri 1-2 GK.', 'Innhold: Digitalisering av konvensjonelt opptatte flybilde. Digitalt kamera, funksjon, bildeoppløysing og kalibrering. Bildebehandling for ekstraksjon og måling av kartdetaljar i digitale bilde. Digital aerotriangulering og blokkutjamning (strålebuntmetoden), planlegging, praktisk gjennomføring og nøyaktighetsvurdering; bruk av GPS-måling under flyfotografering. Generering av digitale terrengmodellar (DTM) ut frå digital bildemåling. Produksjon av ortofoto og ortofotokart ut frå DTM og digitale bilde. Fotogrammetri som datafangstmetode for geografiske informasjonssystem (GIS).']","['Mål: Fagets hensikt er å gi studentene grunnleggende kunnskaper om dimensjonering av enkle betongkonstruksjoner samt teoretisk bakgrunn for forskriftsbestemmelser i NS 3473.', 'Forutsetning: Grunnlag i konstruksjonsmekanikk.', 'Innhold: Dimensjoneringsprinsipper. Fasthetslære for armert betong. Kapasitets\xad og deformasjonsberegninger av slakkarmerte søyler, bjelker og enveisplater i brudd\xad og bruksgrensetilstanden påkjent av aksialkraft, moment og skjærkraft samt kombinasjoner av moment og aksialkraft. Grunnlag for forskriftsbestemmelser.', 'Undervisningsform: Forelesninger, laboratorieforsøk, enkle beregningsoppgaver samt dimensjonering av enkle betongkonstruksjoner.']"
baffb55ac88916e08673015df6caceb62b1b7d38,7904b7fb8eb280074dd967ed9b85c70eb652d37b,https://www.ntnu.no/studieinformasjon/siving/eldre/97-98/3/36043.htm,https://www.ntnu.no/studieinformasjon/siving/eldre/97-98/3/33046.htm,"['Mål: Faget skal gi innføring i moderne digital fotogrammetri og bildebehandling.', 'Forutsetning: Eksamen i fag 36042 Fotogrammetri 1-2 GK.', 'Innhold: Digitalisering av konvensjonelt opptatte flybilde. Digitalt kamera, funksjon, bildeoppløysing og kalibrering. Bildebehandling for ekstraksjon og måling av kartdetaljar i digitale bilde. Digital aerotriangulering og blokkutjamning (strålebuntmetoden), planlegging, praktisk gjennomføring og nøyaktighetsvurdering; bruk av GPS-måling under flyfotografering. Generering av digitale terrengmodellar (DTM) ut frå digital bildemåling. Produksjon av ortofoto og ortofotokart ut frå DTM og digitale bilde. Fotogrammetri som datafangstmetode for geografiske informasjonssystem (GIS).']","['Mål: Faget skal gi en innføring i brannteknikk og forhold som er av betydning for å øke brannsikkerhet og redusere skader.', 'Forutsetning: Ingen.', 'Innhold: Faget omfatter følgende forhold: Innføring i brann som risiko og samfunnsproblem. Brann som prosess - dette omfatter kjemiske og fysikalske forhold, utvikling og spredning av brann, brannfarlige væsker og stoffer. Respons for materialer, konstruksjoner, utstyr og mennesker ved branneksponering. Tiltak for å hindre og begrense brann. Aktiv og passiv sikring. Offentlige bestemmelser. Lover, forskrifter og regelverk.']"
baffb55ac88916e08673015df6caceb62b1b7d38,bc608250c300b76cac3552620f7a0536fd1110d9,https://www.ntnu.no/studieinformasjon/siving/eldre/97-98/3/36043.htm,https://www.ntnu.no/studieinformasjon/siving/eldre/97-98/3/36055.htm,"['Mål: Faget skal gi innføring i moderne digital fotogrammetri og bildebehandling.', 'Forutsetning: Eksamen i fag 36042 Fotogrammetri 1-2 GK.', 'Innhold: Digitalisering av konvensjonelt opptatte flybilde. Digitalt kamera, funksjon, bildeoppløysing og kalibrering. Bildebehandling for ekstraksjon og måling av kartdetaljar i digitale bilde. Digital aerotriangulering og blokkutjamning (strålebuntmetoden), planlegging, praktisk gjennomføring og nøyaktighetsvurdering; bruk av GPS-måling under flyfotografering. Generering av digitale terrengmodellar (DTM) ut frå digital bildemåling. Produksjon av ortofoto og ortofotokart ut frå DTM og digitale bilde. Fotogrammetri som datafangstmetode for geografiske informasjonssystem (GIS).']","['Mål: Faget tar sikte på å gi studentene utdypende kunnskaper om de emner som er behandlet i tidligere GIS/kartografikurs. Evne til selvstendig analyse og teorianvendelse skal utvikles.', 'Forutsetning: Fag 36032 Geografiske informasjonssystem GK og 36054 Digital kartografi GK. Det er en fordel med generell kunnskap om databaser.', 'Innhold: Visuelle modeller av geografiske objekter. Metoder for å representere kartografisk kunnskap og metoder for å anvende denne kunnskapen til automatisert kartografisk generalisering. Modellering av geografiske objekter og relasjoner mellom disse, romlig interpolasjon. Relasjonsmodellen og objektorienterte metoder anvendt i GIS. Animasjon og multimedia i GIS. Kommersielt tilgjengelig GIS-programvare. Det blir lagt vekt på å gi en oversikt over trender og nyere forskning innen faget.', 'Undervisningsform: Litteraturoppgave, forelesninger og kollokvier. Studentene må på egen hånd sette seg inn i nytt stoff og presentere dette muntlig for lærer og medstudenter. Litteraturoppgaven, som er obligatorisk, teller 50% ved fastsettelse av karakter.']"
baffb55ac88916e08673015df6caceb62b1b7d38,c91b52400c0b5a5e673e581f06a1dc2003c5f911,https://www.ntnu.no/studieinformasjon/siving/eldre/97-98/3/36043.htm,https://www.ntnu.no/studieinformasjon/siving/eldre/97-98/3/34537.htm,"['Mål: Faget skal gi innføring i moderne digital fotogrammetri og bildebehandling.', 'Forutsetning: Eksamen i fag 36042 Fotogrammetri 1-2 GK.', 'Innhold: Digitalisering av konvensjonelt opptatte flybilde. Digitalt kamera, funksjon, bildeoppløysing og kalibrering. Bildebehandling for ekstraksjon og måling av kartdetaljar i digitale bilde. Digital aerotriangulering og blokkutjamning (strålebuntmetoden), planlegging, praktisk gjennomføring og nøyaktighetsvurdering; bruk av GPS-måling under flyfotografering. Generering av digitale terrengmodellar (DTM) ut frå digital bildemåling. Produksjon av ortofoto og ortofotokart ut frå DTM og digitale bilde. Fotogrammetri som datafangstmetode for geografiske informasjonssystem (GIS).']","['Mål: Faget sikter mot de som ønsker spesialisering på området vannkvalitet og vannbehandling innen akvakultur, med spesiell vekt på resirkulering/gjenbruk av vann.', 'Forutsetning: Eksamen i fag 34528 Kommunal miljøteknologi GK eller tilsvarende forkunnskaper i vannbehandling.', 'Innhold: Faget gir en grundig innføring i vannkvalitetskrav, -kvalitetsendringer og vannbehandlingsbehov ved oppdrett av fisk i lukkede produksjonsanlegg. De viktigste emner er: (1) Innføring/historikk vedrørende akvakultur i Norge. (2) Anleggstyper og driftsformer (settefiskanlegg og matfiskanlegg). (3) Vannkvalitet og -kvalitetskriterier (temperatur, oksygen, gassovermetning, surhetsgrad, karbondioksyd, ammoniakk, klor, metaller, partikler etc). (4) Vannforbruk. (5) Forurensingsformer og -mengder. (6) Vannbehandling (oppvarming, nøytralisering, lufting, oksygenering, partikkelfjerning, ammoniumfjerning, desinfeksjon etc). Videre gjennomgås anlegg for gjenbruk (resirkulering) av vann, og det gjennomgås hvordan data om fiskens opptak og ekskresjon av ulike stoffer kan anvendes for dimensjonering av rensetekniske enhetsprosesser.']"
baffb55ac88916e08673015df6caceb62b1b7d38,1194460a3a45027155ab550b89c85fd584fa103e,https://www.ntnu.no/studieinformasjon/siving/eldre/97-98/3/36043.htm,https://www.ntnu.no/studieinformasjon/siving/eldre/97-98/3/33032.htm,"['Mål: Faget skal gi innføring i moderne digital fotogrammetri og bildebehandling.', 'Forutsetning: Eksamen i fag 36042 Fotogrammetri 1-2 GK.', 'Innhold: Digitalisering av konvensjonelt opptatte flybilde. Digitalt kamera, funksjon, bildeoppløysing og kalibrering. Bildebehandling for ekstraksjon og måling av kartdetaljar i digitale bilde. Digital aerotriangulering og blokkutjamning (strålebuntmetoden), planlegging, praktisk gjennomføring og nøyaktighetsvurdering; bruk av GPS-måling under flyfotografering. Generering av digitale terrengmodellar (DTM) ut frå digital bildemåling. Produksjon av ortofoto og ortofotokart ut frå DTM og digitale bilde. Fotogrammetri som datafangstmetode for geografiske informasjonssystem (GIS).']","['Mål: Faget gir en innføring i bygningsprosjektering. Ved fullføring av faget skal en ha ferdigheter til gjennomføring av selvstendige, enkle, bygningsprosjekteringsoppgaver i praksis. Faget skal gjennom arbeid med prosjekteringoppgaver og regneøvinger også gi en videreføring i anvendt bygningsfysikk.', 'Forutsetning: Bygger på fag 33030 Husbyggingsteknikk GK.', 'Innhold: Undervisningen er bygget opp rundt gjennomføringen av to prosjekteringsoppgaver og en del regneøvinger. Prosjekteringsoppgavene kan løses i gruppearbeid. Undervisningen gjennomføres dels som veiledning til gruppearbeidene, og dels som forelesninger i utvalgte tema knyttet til prosjekteringsoppgavene. Eksempel på tema fra forelesningsplanen er: Prosjekteringsgjennomføring, byggebeskrivelser, praktisk utforming av bygningsdeler og detaljer som belyses ved hjelp av eksempler fra kontor/-forretningsbygg, industribygg, glassgårder o.l. Innen anvendt bygningsfysikk fokuseres det på energisparing og inneklima.', 'Undervisningsform: Forelesninger, øvinger og gruppearbeid. Prosjekteringsoppgavene teller i den endelige karakteren i faget.']"
baffb55ac88916e08673015df6caceb62b1b7d38,518ede3a1c8ebcc6c85f80253111662331fc8bf4,https://www.ntnu.no/studieinformasjon/siving/eldre/97-98/3/36043.htm,https://www.ntnu.no/studieinformasjon/siving/eldre/97-98/3/33044.htm,"['Mål: Faget skal gi innføring i moderne digital fotogrammetri og bildebehandling.', 'Forutsetning: Eksamen i fag 36042 Fotogrammetri 1-2 GK.', 'Innhold: Digitalisering av konvensjonelt opptatte flybilde. Digitalt kamera, funksjon, bildeoppløysing og kalibrering. Bildebehandling for ekstraksjon og måling av kartdetaljar i digitale bilde. Digital aerotriangulering og blokkutjamning (strålebuntmetoden), planlegging, praktisk gjennomføring og nøyaktighetsvurdering; bruk av GPS-måling under flyfotografering. Generering av digitale terrengmodellar (DTM) ut frå digital bildemåling. Produksjon av ortofoto og ortofotokart ut frå DTM og digitale bilde. Fotogrammetri som datafangstmetode for geografiske informasjonssystem (GIS).']","['Mål: Faget skal gi kunnskap om brann i bygninger, og om prinsipper og metoder for å oppnå ønsket brannsikkerhet og redusere konsekvenser.', 'Forutsetning: Eksamen i fag 33030 Husbyggingsteknikk GK, 33046 Brannteknikk GK eller tilsvarende kunnskaper.', 'Innhold: Faget gir en innføring i brannrisiko og brannsikkerhet i bygninger når det gjelder mennesker og materielle verdier. Dette vil omfatte både teoretisk grunnlag når det gjelder brannutvikling, spredning, belastning og respons, og praktiske tiltak for sikring og beskyttelse. En vil behandle brannteknisk prosjektering ved å benytte standarder, forskrifter og dataprogrammer, og presentere de forandringer som vil skje på dette området i tiden som kommer. Temaoversikt: Brann som samfunnsproblem, brannskader, statistikk, ansvarsfordeling. Materialer, brannutvikling, spredning, konstruksjoners brannrespons, dimensjonering, deteksjon, varsling, slokking, beskyttelse, rømning. Klassifisering, forskrifter, regelverk. Prøvingsmetoder, beregninger, dataprogrammer, prosjektering.']"
baffb55ac88916e08673015df6caceb62b1b7d38,dc4d778a00d459db86f9bae45e01aeae73676656,https://www.ntnu.no/studieinformasjon/siving/eldre/97-98/3/36043.htm,https://www.ntnu.no/studieinformasjon/siving/eldre/97-98/3/37046.htm,"['Mål: Faget skal gi innføring i moderne digital fotogrammetri og bildebehandling.', 'Forutsetning: Eksamen i fag 36042 Fotogrammetri 1-2 GK.', 'Innhold: Digitalisering av konvensjonelt opptatte flybilde. Digitalt kamera, funksjon, bildeoppløysing og kalibrering. Bildebehandling for ekstraksjon og måling av kartdetaljar i digitale bilde. Digital aerotriangulering og blokkutjamning (strålebuntmetoden), planlegging, praktisk gjennomføring og nøyaktighetsvurdering; bruk av GPS-måling under flyfotografering. Generering av digitale terrengmodellar (DTM) ut frå digital bildemåling. Produksjon av ortofoto og ortofotokart ut frå DTM og digitale bilde. Fotogrammetri som datafangstmetode for geografiske informasjonssystem (GIS).']","['Mål: Faget skal gi et utvidet grunnlag for praktisk utforming og beregning av bæresystemer i armert betong.', 'Forutsetning: Eksamen i fag 37040 Betongkonstruksjoner 1 GK. Videre bygger faget på 37041 Betongkonstruksjoner 2 GK.', 'Innhold: Bæresystemer, beregningsmodeller, beregningsmetoder og armeringsplassering for en rekke konstruksjonselementer som plater, flatdekker, skiver, rammer og fundamenter. Utforming og beregning av armerte betongkonstruksjoner ut fra hensyn til bestandighet.']"
baffb55ac88916e08673015df6caceb62b1b7d38,4d364e12140e91803ded4555c345a4d3155a2855,https://www.ntnu.no/studieinformasjon/siving/eldre/97-98/3/36043.htm,https://www.ntnu.no/studieinformasjon/siving/eldre/97-98/3/37035.htm,"['Mål: Faget skal gi innføring i moderne digital fotogrammetri og bildebehandling.', 'Forutsetning: Eksamen i fag 36042 Fotogrammetri 1-2 GK.', 'Innhold: Digitalisering av konvensjonelt opptatte flybilde. Digitalt kamera, funksjon, bildeoppløysing og kalibrering. Bildebehandling for ekstraksjon og måling av kartdetaljar i digitale bilde. Digital aerotriangulering og blokkutjamning (strålebuntmetoden), planlegging, praktisk gjennomføring og nøyaktighetsvurdering; bruk av GPS-måling under flyfotografering. Generering av digitale terrengmodellar (DTM) ut frå digital bildemåling. Produksjon av ortofoto og ortofotokart ut frå DTM og digitale bilde. Fotogrammetri som datafangstmetode for geografiske informasjonssystem (GIS).']","['Mål: Faget gir primært grunnlaget for beregning av elastiske forskyvninger og spenninger i enkle, tynnveggede konstruksjoner (rør, beholdere og andre skalltyper). Bjelketeori for torsjon og bøyning. Stabilitetsproblemer.', 'Innhold: Sylindriske beholdere og rør i rotasjonssymmetrisk tilstand. Generell teori for sylinderskall. Sammenbygde konstruksjoner. Temperaturvirkninger. Kuleskall i rotasjonssymmetrisk tilstand. Torsjon av åpne og lukkede, tynnveggede bjelketverrsnitt. Stabilitet av sirkulære buer. Knekning og 2. ordens bøyningsteori for beholdere og rør med rette og sirkulære stivere. Vipping og torsjonsknekning for bjelker med tynnveggede, åpne tverrsnitt. De forskjellige emner kan variere fra ett kurs til det neste.', 'Undervisningsform: Forelesninger og regneøvinger. Demonstrasjon og bruk av numeriske løsningsteknikker ved dataprogrammer.']"
31ea93291af85d00e1fb2458f1e9710975ce49bb,cd5ac058c9b0fabc96066b9cede2b3d73a7331cd,https://www.ntnu.no/isl/om-instituttet,https://www.ntnu.no/ims/om-instituttet,"['Institutt for språk og litteratur - om instituttet', 'Om instituttet', 'Om instituttet', 'Institutt for språk og litteratur har ca. 150 tilsette innanfor vitskapelege og teknisk/administrative stillingar.', 'ISL si leiargruppe består av instituttleiar, nestleiar for utdanning, nestleiar for forsking, kontorsjef, fem av programleiarane til instituttet og ein seksjonsleiar. Instituttet har utvida leiargruppe som medverkningsorgan.', 'Verdigrunnlaget vårt', 'Å utvikle kvalitet er ei kollektiv oppgåve. ISL skal derfor stimulere til ein kultur for samarbeid og erfaringsdeling', 'Forsking', 'Forskingsaktiviteten spenner over eit breitt spekter av emne innanfor dei fire hovudforskingsområda våre: språk, kommunikasjon, litteratur og kulturhistorie. Les meir om kva vi forskar på.']","['Om instituttet - IMS', 'Om oss', 'Om oss', 'Institutt for moderne samfunnshistorie har om lag 30 vitenskapelig ansatte og tre administrativt ansatte. I forskning, undervisning og formidling dekker vi bredden av moderne historie. Blant de vitenskapelig ansatte er omtrent halvparten ph.d.-stipendiater eller postdoktorer. Dette er uttrykk for at vi aktivt søker eksternfinansierte prosjekter innen forskning og undervisning for å fremme nye perspektiver på moderne historie. Vi formidler kunnskap gjennom forskningsbasert undervisning til våre studenter. Allmenn formidling til samfunnet er også en prioritert oppgave. Vi forsker blant annet på temaer knyttet til økonomi, politikk, bærekraft, helse, velferd og demografi. Forskningen og undervisningen styres av samfunnets kunnskapsbehov, i tillegg til ansattes og studentenes interesser.', 'Vi jobber kontinuerlig med ulike forskningsprosjekt i samarbeid med lokale, nasjonale og internasjonale samarbeidspartnere.', 'Institutt for moderne samfunnshistorie er ett av sju institutter ved Det humanistiske fakultet.']"
c487c18c6579babf3e603499780bdb2162ccf445,53fb621518fead76fbdc17e31f6ff9f97fb1650b,https://www.ntnu.no/iik/om,https://www.ntnu.no/iik/kom,"['Om instituttet', 'Visjon', 'Vi skaper effektive, motstandsdyktige, robuste og sikre kommunikasjonsnettverk, informasjonssystem og digitale tenester.', 'Ledige stillingar', 'Ledige stillingar', 'Vil du jobbe med informasjonssikkerheit og kommunikasjonsteknologi?', 'Institutt for informasjonssikkerheit og kommunikasjonsteknologi er nasjonal hovudleverandør av forskingsbasert kunnskap og kompetanse innan våre fagområde.', 'For doktorgradstillingar er kravet ein mastergrad innan relevant fagområde. Nokreaav stillingene vil også kunne handle om flerbruksvarer, -teknologi eller tenester, og har derfor kvalifikasjonskrav knytt til statsborgarskap.', 'Kontakt', 'Kontakt', 'Strategi', 'Strategi', 'Overblikk over strategiar og handlingsplanar som gjeld for instituttet. Instituttet sin strategi er underlagt strategiane for både Fakultet for informasjonsteknologi og elektroteknikk (IE-fakultetet) og for NTNU.', 'Gjeldande strategidokument', 'Strategidokumenter for NTNU og IE-fakultetet', 'Samarbeid med næringslivet', 'Samarbeid med næringslivet', 'Næringslivsnettverket KiD er et samarbeidsforum for næringslivet, Institutt for informasjonssikkerhet og kommunikasjonsteknologi og Institutt for datateknologi og informatikk. Nettverket består av bedrifter og organisasjoner som driver sin virksomhet innen fagfeltene dateteknologi, informatikk, kommunikasjonsteknologi og informasjonssikkerhet.', 'Gjennom Nettverket skal det skapes en møteplass hvor studentene, næringslivet og instituttene møtes for utveksling av informasjon og meninger av felles interesse.']","['Kommunikasjonsteknologi', 'Kommunikasjonsteknologi', 'Fageining', 'Kommunikasjonsteknologi', 'Allestedsnærværende teknologier som internettet og trådløse nettverk gjør kommunikasjonsnettverk, distribuerte systemer og nettverkstjenester til sentrale infrastrukturer i vårt avansert digitalisert samfunn. Fagenheten kommunikasjonsteknologi omfatter 16 faste og 24 midlertidige ansatte (august 2022) i IIK som er involvert i forskningen og undervisningsvirksomheten på dette området. Medlemmer av fagenheten har ansvar for 27 emner i studieprogram master / sivilingeniør i kommunikasjonsteknologi og digital sikkerhet samt i bachelor- og masterprogrammene i digital infrastruktur og cybersikkerhet.', 'Noen av fagenhetens medlemmer forsker på teknologiske utviklingsspørsmål med fokus på henholdsvis systemarkitektur og systemteknikk. Andre medlemmer forsker på kvantifiserbar vurdering av kommunikasjonsteknologier med fokus på pålitelighet og ytelse samt nettverksstyring og overvåking (inkl. sikkerhet). De fleste av disse aktivitetene gjøres innenfor Nettverksforskningsgruppen der nesten alle disiplinmedlemmer deltar sammen med noen kolleger fra andre fagenheter.', 'Fagenhetsmedlemmer deltar i 12 forsknings- og utviklingsprosjekter, blant dem SFI NORCICS. Dessuten er vi involvert i NTNUs strategiske forskningsområder NTNU Oceans og NTNU Energy samt i de IE fakultetets strategiske satsningsområder Internet of Things (IoT), Artificial Intelligence, Digital Electric Energy, Energy Efficient Computing Systems, SmallSat og Autonomous Systems. For tiden bygger vi for tiden et 5G and Beyond-laboratorium opp for å støtte eksellente forskning på fremtidig mobilnettverksteknologi.']"
d9d7497c1f6d04560346dce48701913e845a648c,05c9decad108cf1ce1d9167cfe65279e2ae5a24c,https://www.ntnu.no/ansatte/maritst,https://www.ntnu.no/ansatte/maritut,"['2009', 'Støre-Valen, Marit; Olsson, Nils. (2009) En studie av årsakssammenhenger i kommunal eiendomsforvaltning. Institutt for bygg, anlegg og transport/Institutt for byggekunst, prosjektering og forvaltning, NTNU', 'Støre-Valen, Marit; Olsson, Nils. (2009) En studie av årsakssammenhenger i kommunal eiendomsforvaltning. Institutt for bygg, anlegg og transport/Institutt for byggekunst, prosjektering og forvaltning, NTNU', 'Rapport', 'Undervisning', 'Emner', 'Formidling', '2022', 'Vitenskapelig foredrag', 'Støre-Valen, Marit; Salaj, Alenka Temeljotov; Prabowo, Bintang Noor. (2022) Motivation for doing a sustainable building renovation from Norwegian owner perspective. Aalborg University CREON , København 2022-05-18 - 2022-05-20', 'Klungerbo, Marthe Hoff; Sørland, Lise; Støre-Valen, Marit; Salaj, Alenka Temeljotov. (2021) Incentives to increase the refurbishment rate in Norway. Saxion University of Applied Sciences 6th conference of interdisciplinary research on real estate , Enschede 2021-09-16 - 2021-09-17', '2019', 'Vitenskapelig foredrag', 'Støre-Valen, Marit. (2019) Maintenance strategies and quality of property management services in Norwegian municipalities. Norwegian University of Science and Technology 4th conference of interdiscpiplinary reaserch of Real Estate , Trondheim 2019-09-12 - 2019-09-13', 'Vitenskapelig foredrag', 'Støre-Valen, Marit. (2019) Digitization of FM - Experiences from Norwegian Property Managers. EuroFM European Facilities Management Conference , Dublin 2019-06-12 - 2019-06-15', '2017', 'Vitenskapelig foredrag', 'Buser, Martine; Støre-Valen, Marit; Olsen, Erlin Buus; Lauridsen, Kathrine Amtkjær; Straub, Mattias. (2017) Defining education to support sustainable operation of buildings in the Nordic Countries. Chalmers University of Technology 9th Nordic Conference on Construction Economics and Organization , Göteborg 2017-06-13 - 2017-06-14']","['Prosjektet har hovedmål om å vinne ny innsikt i hva som kjennetegner helse- og læringsfremmende læringsmiljø. En praktisk didaktisk undervisningsmodell (TIL-modellen) prøves ut med tanke på å tilrettelegge for utvidet mulighet til selvbestemmelse for elevene. Likeså legges det vekt på differensiering av opplæringen, elevmedvirkning, elevaktivitet og elevsamarbeid. Elevenes erfarringer studeres kvantitativt og kvalitativt, særlig med tanke på motivasjon for skolearbeid og trivsel på skolen. Lærernes erfaringer studeres kvalitativt, deres praksis og hvordan denne fungerer for elevene, men også med tanke på deres egen læring og utvikling i prosjektet.', 'Fokuset er valgt med bakgrunn i forskning som dokumenterer at mange elever ikke er motivert for skolearbeid og at motivasjonen synker med elevenes alder, samt at elever opplever begrenset mulighet til medvirkning i skolefaglige aktivietter.', 'Lærerstudentenes motivasjon', 'Forskningsprosjektet har til hensikt å vinne ny innsikt i lærerstudenters motivasjon for valg av yrke generelt, deres valg av trinn (1-7 og 5-10), og deres utvikling av motivasjon og forventninger til læreryrket gjennom studiet.', 'Prosjektet benytter kvantitative metode, gjennomført i form av gjentatte spørreundersøkelser for lærerstudenter som starter sitt utdanningsløp høsten 2015. Studien er planlagt å foregå longitudinelt, det vil si at datainnsamlingen starter høsten 2015 og avsluttes våren 2020.', 'Fokuset er valgt med bakgrunn i en generell bekymring for sviktende rekruttering til læreryrket, at det er færre lærerstudenter som velger å utdanne seg til undervisningskompetanse på skolens 1-7 trinn og en del studenter velger å ikke fullføre lærerutdanningen.', 'Forskningsformidling', 'Bidrag til en kunnskapsbasert skole- og utdanningspolitikk, og også et kunnskapsbasert offentlig orskifte.', 'Uthus, Marit. (2023) Inkludering i en skole for alle – om å forske i elevnære perspektiv. Forskningsprogram Almendidaktik og fagdidaktik Forskningsprogrammøde Almendidaktik og fagdidaktik , Syddansk Universitet 2023-05-26 - 2023-05-26', 'Uthus, Marit. (2023) Erfaringer fra Norge: Inkluderingens balansekunst - mellom individ og fellesskap. Læreruddannelsen Københavns Professionshøjskole Saminar ved FoU programmet: Diversitet og Deltagelse i skolen (DIDE) , København 2023-10-04 - 2023-10-04', '2022', 'Vitenskapelig foredrag', 'Aas, Hanne Kristin; Uthus, Marit. (2022) How do Teacher Beliefs Impact Inclusion for Students with Challenging Behavior?. European Educational Research Association ECER 2022 , Online 2022-09-01 - 2022-09-10', 'Uthus, Marit. (2022) Hva kan vi lære om inkludering ved å ta del i samskapte prosesser med elever og lærere i skolen?. Statped, DMMH, Universitetet Nord Konferanse. Kompetanseløftet for spesialpedagogikk og inkluderende praksis. , Royal Garden, Trondheim 2022-08-30 - 2022-08-30', '2021', 'Vitenskapelig foredrag', 'Uthus, Marit; Skaalvik, Cecilie. (2021) What do students say about experiences of autonomy in learning activities? A qualitative interview-study. European Conference on Educational Research Associations European Conference on Educational Research Associations (ECER) , Geneva/online 2021-09-07 - 2021-09-07', 'Kermit, Patrick Stefan; Uthus, Marit. (2021) Ledere av panelsamtale. Fra Salamanca til Hurdalssjøen. Konferanse om inkludering i barnehage og skole. . NTNU Samfunnsforskning Fra Salamanca til Hurdalssjøen. Inkludering i barnehage og skole. , Rockheim, Trondheim 2021-11-23 - 2021-11-23', 'Uthus, Marit. (2017) Psykisk helse i skolen - et tema som engasjerer mange. Helsedirektoratet og Utdanningsdirektoratet Konferansen Psykisk helse og livsmestring i skolen , Oslo 2017-11-03 - 2017-11-03', 'Uthus, Marit; Eide, Kristin. (2017) Ny overordnet del av læreplanverket: Mellom idealer til realiteter. NTNU Institutt for lærerutdanning HØRINGSUTKAST Ny overordnet del av norsk læreplan , Trondheim 2017-04-27 - 2017-04-27', '2015', 'Faglig foredrag', 'Uthus, Marit. (2015) Om å mestre et hverdagsliv - når hverdagslivet byr på mer av alt. Ørland kommune Nettverkssamling for foreldre til barn med diagnosene ADHD, Tourettes syndrom og Autisme 2015-09-03 - 2015-09-03']"
26fb1d96d3b893005d337cd8d309a0e8b462e4b9,8dac81b920285b450106691ff83ae638c311484a,https://www.ntnu.no/studieinformasjon/siving/eldre/96-97/2/24023.htm,https://www.ntnu.no/studieinformasjon/siving/eldre/96-97/2/24018.htm,"['Mål: Gje ei vidare fordjupning og forståelse av data frå borehol, målemetodar brukte i borehol, kva informasjons-potensiale desse har og bruk av slike data i integrert evaluering av reservoar.', 'Forutsetning: Byggjer på fag 24020 Boreholslogging.', 'Innhold: Faget fokuserer på utvalgde emner om metodar for innsamling og tolking av brønndata: Grunnleggande petrofysiske synspunkt og relasjonar. Kvalitetskontroll av data. Radiometriske metodar i opne og fora borehol: Spektrometri - naturleg og indusert, nøytron levetids-målingar (vassmetning bak foringsrøret). Avbilding av boreholsveggen. Dipmeter. Nukleær magnetisk resonans i kjerneanalyse og logging (NMR, NML). Akustisk logging: Full bølgeform analyse, multipol loggar, relasjonar mellom akustiske eigenskapar og bergartsparametrar. Elektromagnetisk dielektrisk logging. Måling under boring, MWD. Logging i og tolking av loggar frå horisontale brønnar. Opptak og analyse av borekjerner - feilkjelder ved slike data. Mudlogging - innsamling av data frå boreprosessen og bruken av slike data. Vassmetnings-modellar i skifrige formasjonar. Datamaskintolking av brønndata. Studentane skal i kurset skrive og presentere ein rapport om eit emne basert på eigne studier av litteratur og/eller data.', 'Undervisningsform: Forelesning, øvingar og evt. laboratoriearbeid. Presentasjonar av semesterarbeid. Undervisningen går føre seg på engelsk dersom masterstudentar vel faget.']","['Mål: Faget skal gi en forståelse av hvordan forskjellige geofysiske metoder kan bidra til å kartlegge undergrunnen for ingeniørgeologiske formål, leting etter grunnvann, kartlegging av forurensing o.l.', 'Undervisningsform: Forelesninger, feltøvinger, regneøvinger og tolkning. Om sommeren, før kurset, inngår geofysiske målinger som en del av et obligatorisk feltkurs i fag 21534 Geologiske analysemetoder.', 'Kursmateriell: P. Kearey og M. Brooks: An Introduction to Geophysical Exploration, Blackwell Scientific Publications, 2. utg. 1991.']"
26fb1d96d3b893005d337cd8d309a0e8b462e4b9,87af5458f384120d5b54ad6747ad31f572880d03,https://www.ntnu.no/studieinformasjon/siving/eldre/96-97/2/24023.htm,https://www.ntnu.no/studieinformasjon/siving/eldre/96-97/2/20502.htm,"['Mål: Gje ei vidare fordjupning og forståelse av data frå borehol, målemetodar brukte i borehol, kva informasjons-potensiale desse har og bruk av slike data i integrert evaluering av reservoar.', 'Forutsetning: Byggjer på fag 24020 Boreholslogging.', 'Innhold: Faget fokuserer på utvalgde emner om metodar for innsamling og tolking av brønndata: Grunnleggande petrofysiske synspunkt og relasjonar. Kvalitetskontroll av data. Radiometriske metodar i opne og fora borehol: Spektrometri - naturleg og indusert, nøytron levetids-målingar (vassmetning bak foringsrøret). Avbilding av boreholsveggen. Dipmeter. Nukleær magnetisk resonans i kjerneanalyse og logging (NMR, NML). Akustisk logging: Full bølgeform analyse, multipol loggar, relasjonar mellom akustiske eigenskapar og bergartsparametrar. Elektromagnetisk dielektrisk logging. Måling under boring, MWD. Logging i og tolking av loggar frå horisontale brønnar. Opptak og analyse av borekjerner - feilkjelder ved slike data. Mudlogging - innsamling av data frå boreprosessen og bruken av slike data. Vassmetnings-modellar i skifrige formasjonar. Datamaskintolking av brønndata. Studentane skal i kurset skrive og presentere ein rapport om eit emne basert på eigne studier av litteratur og/eller data.', 'Undervisningsform: Forelesning, øvingar og evt. laboratoriearbeid. Presentasjonar av semesterarbeid. Undervisningen går føre seg på engelsk dersom masterstudentar vel faget.']","['Mål: Faget tar sikte på å gi en grundigere kunnskap om de viktigste deler av mineralogien og en systematisk innføring i uorganisk geokjemi.', 'Forutsetning: Grunnleggende kunnskaper i kjemi og mineralogi tilsvarende fag 20501 Mineraler og bergarter.', 'Innhold: Mineraldelen av faget inneholder utvalgte deler av krystallkjemi og systematisk mineralogi. I geokjemidelen gjennomgås grunnstoffenes fordeling i universet, herunder månen og jorda, og lovene som bestemmer denne fordelingen. Dessuten gjennomgås vannløsningers geokjemi og isotopgeokjemi, herunder både stabile og radioaktive isotoper. I øvingene gjennomgås de praktiske sidene ved optisk bestemmelse av mineraler med polarisasjonsmikroskop, både for gjennomfallende og reflektert lys.', 'Undervisningsform: Forelesninger, øvingsundervisning i grupper. Øvingsundervisningen avluttes med 2 prøver som teller 40 % i sluttkarakteren.']"
26fb1d96d3b893005d337cd8d309a0e8b462e4b9,4f7d85f8279c1d7c4e2766cfb00f2d1ecdc58765,https://www.ntnu.no/studieinformasjon/siving/eldre/96-97/2/24023.htm,https://www.ntnu.no/studieinformasjon/siving/eldre/96-97/2/23020.htm,"['Mål: Gje ei vidare fordjupning og forståelse av data frå borehol, målemetodar brukte i borehol, kva informasjons-potensiale desse har og bruk av slike data i integrert evaluering av reservoar.', 'Forutsetning: Byggjer på fag 24020 Boreholslogging.', 'Innhold: Faget fokuserer på utvalgde emner om metodar for innsamling og tolking av brønndata: Grunnleggande petrofysiske synspunkt og relasjonar. Kvalitetskontroll av data. Radiometriske metodar i opne og fora borehol: Spektrometri - naturleg og indusert, nøytron levetids-målingar (vassmetning bak foringsrøret). Avbilding av boreholsveggen. Dipmeter. Nukleær magnetisk resonans i kjerneanalyse og logging (NMR, NML). Akustisk logging: Full bølgeform analyse, multipol loggar, relasjonar mellom akustiske eigenskapar og bergartsparametrar. Elektromagnetisk dielektrisk logging. Måling under boring, MWD. Logging i og tolking av loggar frå horisontale brønnar. Opptak og analyse av borekjerner - feilkjelder ved slike data. Mudlogging - innsamling av data frå boreprosessen og bruken av slike data. Vassmetnings-modellar i skifrige formasjonar. Datamaskintolking av brønndata. Studentane skal i kurset skrive og presentere ein rapport om eit emne basert på eigne studier av litteratur og/eller data.', 'Undervisningsform: Forelesning, øvingar og evt. laboratoriearbeid. Presentasjonar av semesterarbeid. Undervisningen går føre seg på engelsk dersom masterstudentar vel faget.']","['Mål: Faget tar utgangspunkt i varmelærens første og andre hovedsetning og tar sikte på å gi grunnlag for å forstå, samt ferdighet i å beskrive og regne på metallurgiske systemer og problemstillinger.', 'Forutsetning: Forkunnskaper som gitt i fag 50513 Termodynamikk og 23530 Fasediagrammer.', 'Innhold: Masse og entalpibalanser, kalorimetri, likevektsberegninger for reaksjoner i gassblandinger og mellom gass og rene kondenserte faser. Smelter og oppløsningers termodynamikk, termodynamisk behandling av tilstandsdiagrammer. Fortynnede multikomponentsystemers termodynamikk med eksempler fra stål og tilhørende slagg/metall\xadlikevekter. Elementær statistisk termodynamikk og modeller for beregning av aktivitetsforhold i flytende legeringer, saltblandinger og slagger. Reaksjonskinetikk spesielt rettet mot heterogene reaksjoner.', 'Undervisningsform: Forelesninger kombinert med regneeksempler, regneøvinger og enkle laboratorieeksperimenter.']"
26fb1d96d3b893005d337cd8d309a0e8b462e4b9,8304e88dd1e76548877e9a69b7dbabcd11704e11,https://www.ntnu.no/studieinformasjon/siving/eldre/96-97/2/24023.htm,https://www.ntnu.no/studieinformasjon/siving/eldre/96-97/2/20526.htm,"['Mål: Gje ei vidare fordjupning og forståelse av data frå borehol, målemetodar brukte i borehol, kva informasjons-potensiale desse har og bruk av slike data i integrert evaluering av reservoar.', 'Forutsetning: Byggjer på fag 24020 Boreholslogging.', 'Innhold: Faget fokuserer på utvalgde emner om metodar for innsamling og tolking av brønndata: Grunnleggande petrofysiske synspunkt og relasjonar. Kvalitetskontroll av data. Radiometriske metodar i opne og fora borehol: Spektrometri - naturleg og indusert, nøytron levetids-målingar (vassmetning bak foringsrøret). Avbilding av boreholsveggen. Dipmeter. Nukleær magnetisk resonans i kjerneanalyse og logging (NMR, NML). Akustisk logging: Full bølgeform analyse, multipol loggar, relasjonar mellom akustiske eigenskapar og bergartsparametrar. Elektromagnetisk dielektrisk logging. Måling under boring, MWD. Logging i og tolking av loggar frå horisontale brønnar. Opptak og analyse av borekjerner - feilkjelder ved slike data. Mudlogging - innsamling av data frå boreprosessen og bruken av slike data. Vassmetnings-modellar i skifrige formasjonar. Datamaskintolking av brønndata. Studentane skal i kurset skrive og presentere ein rapport om eit emne basert på eigne studier av litteratur og/eller data.', 'Undervisningsform: Forelesning, øvingar og evt. laboratoriearbeid. Presentasjonar av semesterarbeid. Undervisningen går føre seg på engelsk dersom masterstudentar vel faget.']","['Mål: Målet er å bli kjent med geologi av Norge og Europa, bruk av geologisk kart og fagartikler.', 'Forutsetning: Fag 20505 Geologi, innføring og 20527 Strukturgeologi.', 'Innhold: Norges berggrunnsgeologi samt en oversikt over Norges kvartærgeologi og Europas geologi. Man går mer i detalj med faglitteratur om følgende emner: Tafrogenese (det permiske Oslofeltet, inkl. to dager feltundervisning), orogenese (den kaledonske fjellkjeden i midt\xad og/eller nord\xadNorge), fjellkjedekollapse/ekstensjon (devonfeltene i vest\xadNorge).']"
26fb1d96d3b893005d337cd8d309a0e8b462e4b9,d8bebce46f6337d350c2adda424ae6b3fb9caba2,https://www.ntnu.no/studieinformasjon/siving/eldre/96-97/2/24023.htm,https://www.ntnu.no/studieinformasjon/siving/eldre/96-97/4/45023.htm,"['Mål: Gje ei vidare fordjupning og forståelse av data frå borehol, målemetodar brukte i borehol, kva informasjons-potensiale desse har og bruk av slike data i integrert evaluering av reservoar.', 'Forutsetning: Byggjer på fag 24020 Boreholslogging.', 'Innhold: Faget fokuserer på utvalgde emner om metodar for innsamling og tolking av brønndata: Grunnleggande petrofysiske synspunkt og relasjonar. Kvalitetskontroll av data. Radiometriske metodar i opne og fora borehol: Spektrometri - naturleg og indusert, nøytron levetids-målingar (vassmetning bak foringsrøret). Avbilding av boreholsveggen. Dipmeter. Nukleær magnetisk resonans i kjerneanalyse og logging (NMR, NML). Akustisk logging: Full bølgeform analyse, multipol loggar, relasjonar mellom akustiske eigenskapar og bergartsparametrar. Elektromagnetisk dielektrisk logging. Måling under boring, MWD. Logging i og tolking av loggar frå horisontale brønnar. Opptak og analyse av borekjerner - feilkjelder ved slike data. Mudlogging - innsamling av data frå boreprosessen og bruken av slike data. Vassmetnings-modellar i skifrige formasjonar. Datamaskintolking av brønndata. Studentane skal i kurset skrive og presentere ein rapport om eit emne basert på eigne studier av litteratur og/eller data.', 'Undervisningsform: Forelesning, øvingar og evt. laboratoriearbeid. Presentasjonar av semesterarbeid. Undervisningen går føre seg på engelsk dersom masterstudentar vel faget.']","['Mål: Faget tar sikte på å ""avmystifisere"" datamaskiner ved å gjennomgå hovedtrekkene ved oppbygging og virkemåte for typiske datamaskiner. Faget skal gi et bilde av sammenhengen mellom høynivåspråk og bitnivå.', 'Forutsetning: Fag 44048 Digitalteknikk eller tilsvarende kunnskaper. Forutsetter videre grunnleggende erfaring i høynivå programmering.', 'Innhold: Faget gir en innføring i oppbygging, virkemåte og realisering av datamaskiner. Historisk oversikt som bakgrunn for dagens datamaskiner. Datamaskinkonstruksjon på forskjellige nivå: Port, register og prosessornivå. Informasjonsrepresentasjon, instruksjonssett og instruksjonskoding, adresseringsmodi. Prosessorarkitekturer, RISC/CISC. Utførende enhet: Arkitektur, ""styrepunkter"" og realisering. Styreenhet: Oppførsel, mikroprogrammert og ""hardwired"" realisering. Obligatorisk øving på simulert mikroprogrammert datamaskin. Aritmetikk i datamaskiner. Lagerteknologi og \xadsystemer (virtuelt lager og cache). Inn/ut\xadsystemer og avbrudd. Innføring i prinsipper for maskinkodeprogrammering generelt, men med 80x86/MSDOS som konkret eksempel. Samspill mellom høynivå\xad og maskinkodeprogram.', 'Undervisningsform: Forelesninger og teoretiske øvinger. Videre praktiske øvinger på datamaskin (assembly og mikroprogrammering). Utvalgte øvinger (ca. 2/3) er obligatoriske. Intensiv del 2F+2F+2Ø i semesterets 7 første uker.']"
26fb1d96d3b893005d337cd8d309a0e8b462e4b9,fa0aaafcd3ec10686fd0e564e437c4bd986c70ed,https://www.ntnu.no/studieinformasjon/siving/eldre/96-97/2/24023.htm,https://www.ntnu.no/studieinformasjon/siving/eldre/96-97/2/21042.htm,"['Mål: Gje ei vidare fordjupning og forståelse av data frå borehol, målemetodar brukte i borehol, kva informasjons-potensiale desse har og bruk av slike data i integrert evaluering av reservoar.', 'Forutsetning: Byggjer på fag 24020 Boreholslogging.', 'Innhold: Faget fokuserer på utvalgde emner om metodar for innsamling og tolking av brønndata: Grunnleggande petrofysiske synspunkt og relasjonar. Kvalitetskontroll av data. Radiometriske metodar i opne og fora borehol: Spektrometri - naturleg og indusert, nøytron levetids-målingar (vassmetning bak foringsrøret). Avbilding av boreholsveggen. Dipmeter. Nukleær magnetisk resonans i kjerneanalyse og logging (NMR, NML). Akustisk logging: Full bølgeform analyse, multipol loggar, relasjonar mellom akustiske eigenskapar og bergartsparametrar. Elektromagnetisk dielektrisk logging. Måling under boring, MWD. Logging i og tolking av loggar frå horisontale brønnar. Opptak og analyse av borekjerner - feilkjelder ved slike data. Mudlogging - innsamling av data frå boreprosessen og bruken av slike data. Vassmetnings-modellar i skifrige formasjonar. Datamaskintolking av brønndata. Studentane skal i kurset skrive og presentere ein rapport om eit emne basert på eigne studier av litteratur og/eller data.', 'Undervisningsform: Forelesning, øvingar og evt. laboratoriearbeid. Presentasjonar av semesterarbeid. Undervisningen går føre seg på engelsk dersom masterstudentar vel faget.']","['Mål: Faget tar sikte på å utdype anvendelsen av de ressursgeologiske metoder som er behandlet i fag 21041 Ressursgeologi VK, og vise hvorledes ressursestimering kan være et utgangspunkt for etablering av prospekteringsstrategier samt danne forutsetninger for ressursforvaltning.', 'Forutsetning: Fag 21041 Ressursgeologi VK.', ""Innhold: Faget vil omfatte de viktigste arbeids\xad og tolkningsprosedyrer i forbindelse med et komplett ressursgeologisk program, fra estimering av et område's ressurspotensial til integrert prospektering på regionalnivå, oppfølgingsnivå og detaljnivå. Det vil videre bli vist hvorledes ressursestimater kan brukes som grunnlag for etablering av prospekterings\xadstrategier samt være rammebetingelser for ressursforvaltning. Øvingene vil omfatte litteraturstudium, og rette seg mot den enkeltes interesser innen hydrogeologi, malmforekomstgeologi, petroleumsgeologi eller andre fossile brennstoffer. I tillegg vil ressursforvaltnings\xad og ressursøkonomiske problemer bli behandlet."", 'Undervisningsform: Forelesninger og øvinger. Øvingene er obligatoriske og må være godkjent for å få adgang til eksamen. Øvingene teller 25 % i den endelige karakteren.']"
26fb1d96d3b893005d337cd8d309a0e8b462e4b9,7761324405ec0f0302c0d444fd6cf9e29be51f53,https://www.ntnu.no/studieinformasjon/siving/eldre/96-97/2/24023.htm,https://www.ntnu.no/studieinformasjon/siving/eldre/96-97/2/24063.htm,"['Mål: Gje ei vidare fordjupning og forståelse av data frå borehol, målemetodar brukte i borehol, kva informasjons-potensiale desse har og bruk av slike data i integrert evaluering av reservoar.', 'Forutsetning: Byggjer på fag 24020 Boreholslogging.', 'Innhold: Faget fokuserer på utvalgde emner om metodar for innsamling og tolking av brønndata: Grunnleggande petrofysiske synspunkt og relasjonar. Kvalitetskontroll av data. Radiometriske metodar i opne og fora borehol: Spektrometri - naturleg og indusert, nøytron levetids-målingar (vassmetning bak foringsrøret). Avbilding av boreholsveggen. Dipmeter. Nukleær magnetisk resonans i kjerneanalyse og logging (NMR, NML). Akustisk logging: Full bølgeform analyse, multipol loggar, relasjonar mellom akustiske eigenskapar og bergartsparametrar. Elektromagnetisk dielektrisk logging. Måling under boring, MWD. Logging i og tolking av loggar frå horisontale brønnar. Opptak og analyse av borekjerner - feilkjelder ved slike data. Mudlogging - innsamling av data frå boreprosessen og bruken av slike data. Vassmetnings-modellar i skifrige formasjonar. Datamaskintolking av brønndata. Studentane skal i kurset skrive og presentere ein rapport om eit emne basert på eigne studier av litteratur og/eller data.', 'Undervisningsform: Forelesning, øvingar og evt. laboratoriearbeid. Presentasjonar av semesterarbeid. Undervisningen går føre seg på engelsk dersom masterstudentar vel faget.']","['Innhold: Faget utvikler partielle differensialligninger for enfase og flerfase strømning i porøse materialer, og numeriske løsningsmetoder av disse ved hjelp av differansemetoder. Temaoversikt: Oppsummering av viktige bergarts\xad og fluidegenskaper. Utledning av partielle differensialligninger. Numerisk løsning ved bruk av differansemetoder. Metoder for løsning av ikkelineære og lineære ligningssystemer. Modelltyper.']"
26fb1d96d3b893005d337cd8d309a0e8b462e4b9,ee0f269382174c4eac9ae1f3534f8eb9a66b4dc5,https://www.ntnu.no/studieinformasjon/siving/eldre/96-97/2/24023.htm,https://www.ntnu.no/studieinformasjon/siving/eldre/96-97/2/20527.htm,"['Mål: Gje ei vidare fordjupning og forståelse av data frå borehol, målemetodar brukte i borehol, kva informasjons-potensiale desse har og bruk av slike data i integrert evaluering av reservoar.', 'Forutsetning: Byggjer på fag 24020 Boreholslogging.', 'Innhold: Faget fokuserer på utvalgde emner om metodar for innsamling og tolking av brønndata: Grunnleggande petrofysiske synspunkt og relasjonar. Kvalitetskontroll av data. Radiometriske metodar i opne og fora borehol: Spektrometri - naturleg og indusert, nøytron levetids-målingar (vassmetning bak foringsrøret). Avbilding av boreholsveggen. Dipmeter. Nukleær magnetisk resonans i kjerneanalyse og logging (NMR, NML). Akustisk logging: Full bølgeform analyse, multipol loggar, relasjonar mellom akustiske eigenskapar og bergartsparametrar. Elektromagnetisk dielektrisk logging. Måling under boring, MWD. Logging i og tolking av loggar frå horisontale brønnar. Opptak og analyse av borekjerner - feilkjelder ved slike data. Mudlogging - innsamling av data frå boreprosessen og bruken av slike data. Vassmetnings-modellar i skifrige formasjonar. Datamaskintolking av brønndata. Studentane skal i kurset skrive og presentere ein rapport om eit emne basert på eigne studier av litteratur og/eller data.', 'Undervisningsform: Forelesning, øvingar og evt. laboratoriearbeid. Presentasjonar av semesterarbeid. Undervisningen går føre seg på engelsk dersom masterstudentar vel faget.']","['Mål: Faget gir innføring i strukturgeologi dvs. om bergartens reaksjoner overfor mekanisk påvirkning under varierende forhold.', 'Forutsetning: Fag 20505 Geologi, innføring eller tilsvarende kunnskaper.', 'Innhold: Ut fra grunnbegrepene spenning og tøyning omhandles geologiske strukturer som forkastninger, sprekker, folder, foliasjoner osv. og forhold mellom slike strukturer og tektoniske fenomener som fjellkjede\xad og bassengdannelse. Øvinger består i visualisering og beregning av foldete, forkastete og roterte bergartslag, spesielt hvordan slike lag fremkommer på geologisk kart.', 'Undervisningsform: Forelesninger og øvinger. Som verktøy brukes i stor grad stereografisk projeksjon. Ved studieretningene Ingeniørgeologi og bergteknikk og Ressursgeologi avholdes 2,5 ukers obligatoriske feltøvinger mellom 6. og 7. semester (1,5 uke ved studieretning Petroleumsgeofag).']"
26fb1d96d3b893005d337cd8d309a0e8b462e4b9,55b9d61b771654234c93e44e2fd458700a006661,https://www.ntnu.no/studieinformasjon/siving/eldre/96-97/2/24023.htm,https://www.ntnu.no/studieinformasjon/siving/eldre/96-97/2/21031.htm,"['Mål: Gje ei vidare fordjupning og forståelse av data frå borehol, målemetodar brukte i borehol, kva informasjons-potensiale desse har og bruk av slike data i integrert evaluering av reservoar.', 'Forutsetning: Byggjer på fag 24020 Boreholslogging.', 'Innhold: Faget fokuserer på utvalgde emner om metodar for innsamling og tolking av brønndata: Grunnleggande petrofysiske synspunkt og relasjonar. Kvalitetskontroll av data. Radiometriske metodar i opne og fora borehol: Spektrometri - naturleg og indusert, nøytron levetids-målingar (vassmetning bak foringsrøret). Avbilding av boreholsveggen. Dipmeter. Nukleær magnetisk resonans i kjerneanalyse og logging (NMR, NML). Akustisk logging: Full bølgeform analyse, multipol loggar, relasjonar mellom akustiske eigenskapar og bergartsparametrar. Elektromagnetisk dielektrisk logging. Måling under boring, MWD. Logging i og tolking av loggar frå horisontale brønnar. Opptak og analyse av borekjerner - feilkjelder ved slike data. Mudlogging - innsamling av data frå boreprosessen og bruken av slike data. Vassmetnings-modellar i skifrige formasjonar. Datamaskintolking av brønndata. Studentane skal i kurset skrive og presentere ein rapport om eit emne basert på eigne studier av litteratur og/eller data.', 'Undervisningsform: Forelesning, øvingar og evt. laboratoriearbeid. Presentasjonar av semesterarbeid. Undervisningen går føre seg på engelsk dersom masterstudentar vel faget.']","['Mål: Faget tar sikte på å gi studentene kjennskap til de viktigste analysemetodene for undersøkelser av geologiske materialer i felt og laboratorium, og gi en bedre forståelse av metodenes anvendelse og nøyaktighet.', 'Forutsetning: Ingen.', 'Innhold: De vanligste metodene som benyttes for undersøkelser av mineraler, bergarter og grunnvann. Følgende metoder vil bli gjennomgått: Metoder for knusing og separering, mineral- og elementidentifisering, metoder for å vurdere bergarters og løsmassers styrkeegenskaper og tekniske anvendelighet. Hvilke metoder studentene skal benytte i praktiske laboratorieøvinger vil være avhengig av studieretning.', 'Undervisningsform: Forelesninger, laboratorieøvinger samt obligatorisk feltundervisning på en uke mellom 7. og 8. semester. Felt og lab.rapport teller 50 % ved fastsetting av karakteren.']"
26fb1d96d3b893005d337cd8d309a0e8b462e4b9,02d53b63c6037cfebea5cfd217f8fbcb9fda662d,https://www.ntnu.no/studieinformasjon/siving/eldre/96-97/2/24023.htm,https://www.ntnu.no/studieinformasjon/siving/eldre/96-97/2/24029.htm,"['Mål: Gje ei vidare fordjupning og forståelse av data frå borehol, målemetodar brukte i borehol, kva informasjons-potensiale desse har og bruk av slike data i integrert evaluering av reservoar.', 'Forutsetning: Byggjer på fag 24020 Boreholslogging.', 'Innhold: Faget fokuserer på utvalgde emner om metodar for innsamling og tolking av brønndata: Grunnleggande petrofysiske synspunkt og relasjonar. Kvalitetskontroll av data. Radiometriske metodar i opne og fora borehol: Spektrometri - naturleg og indusert, nøytron levetids-målingar (vassmetning bak foringsrøret). Avbilding av boreholsveggen. Dipmeter. Nukleær magnetisk resonans i kjerneanalyse og logging (NMR, NML). Akustisk logging: Full bølgeform analyse, multipol loggar, relasjonar mellom akustiske eigenskapar og bergartsparametrar. Elektromagnetisk dielektrisk logging. Måling under boring, MWD. Logging i og tolking av loggar frå horisontale brønnar. Opptak og analyse av borekjerner - feilkjelder ved slike data. Mudlogging - innsamling av data frå boreprosessen og bruken av slike data. Vassmetnings-modellar i skifrige formasjonar. Datamaskintolking av brønndata. Studentane skal i kurset skrive og presentere ein rapport om eit emne basert på eigne studier av litteratur og/eller data.', 'Undervisningsform: Forelesning, øvingar og evt. laboratoriearbeid. Presentasjonar av semesterarbeid. Undervisningen går føre seg på engelsk dersom masterstudentar vel faget.']","['Innhold: Tolkning av todimensjonale og tredimensjonale seismiske data på grafisk arbeidsstasjon. Fremstilling av seismiske tidskonturkart. Dybdekonvertering av seismiske tidskart (både fra stakkseksjoner og tidsmigrerte seksjoner). Inversjon av seismiske data etter stakk. Tredimensjonal seismisk modellering vha. stråleteori. Bruk av seismisk modellering til å planlegge seismiske datainnsamling.', 'Undervisningsform: Forelesninger og øvinger på arbeidsstasjon. Øvingene teller 60 % ved fastsettelse av sluttkarakteren i faget.', 'Undervisningen foregår på engelsk dersom masterstudenter velger faget.']"
26fb1d96d3b893005d337cd8d309a0e8b462e4b9,ac3a6acbec8cf524ebf696925a431252d4092ad4,https://www.ntnu.no/studieinformasjon/siving/eldre/96-97/2/24023.htm,https://www.ntnu.no/studieinformasjon/siving/eldre/96-97/2/23003.htm,"['Mål: Gje ei vidare fordjupning og forståelse av data frå borehol, målemetodar brukte i borehol, kva informasjons-potensiale desse har og bruk av slike data i integrert evaluering av reservoar.', 'Forutsetning: Byggjer på fag 24020 Boreholslogging.', 'Innhold: Faget fokuserer på utvalgde emner om metodar for innsamling og tolking av brønndata: Grunnleggande petrofysiske synspunkt og relasjonar. Kvalitetskontroll av data. Radiometriske metodar i opne og fora borehol: Spektrometri - naturleg og indusert, nøytron levetids-målingar (vassmetning bak foringsrøret). Avbilding av boreholsveggen. Dipmeter. Nukleær magnetisk resonans i kjerneanalyse og logging (NMR, NML). Akustisk logging: Full bølgeform analyse, multipol loggar, relasjonar mellom akustiske eigenskapar og bergartsparametrar. Elektromagnetisk dielektrisk logging. Måling under boring, MWD. Logging i og tolking av loggar frå horisontale brønnar. Opptak og analyse av borekjerner - feilkjelder ved slike data. Mudlogging - innsamling av data frå boreprosessen og bruken av slike data. Vassmetnings-modellar i skifrige formasjonar. Datamaskintolking av brønndata. Studentane skal i kurset skrive og presentere ein rapport om eit emne basert på eigne studier av litteratur og/eller data.', 'Undervisningsform: Forelesning, øvingar og evt. laboratoriearbeid. Presentasjonar av semesterarbeid. Undervisningen går føre seg på engelsk dersom masterstudentar vel faget.']","['Mål: Hensikten med faget er å gi studentene en orientering om norsk metallurgisk og materialteknologisk industri og å vise hvorledes det teoretiske/teknologiske grunnlaget for denne industrien bygger på grunnfagene kjemi, fysikk, mekanikk.', 'Forutsetning: Ingen.', 'Innhold: Kort gjennomgang av de metallurgiske råstoffer og framskaffelse av disse, med spesiell vekt på norske forhold, deretter en elementær gjennomgang av de metallurgiske framstillingsmetoder og deres tilknytning til kjemi. Deretter gis en elementær gjennomgang av den atomære oppbyggingen av de teknologiske materialene og en kvalitativ beskrivelse av sammenhengen mellom atomær oppbygging og bruksegenskaper.']"
26fb1d96d3b893005d337cd8d309a0e8b462e4b9,4f7c25203c1a29c1b39625ea62cb6d6b9fec8443,https://www.ntnu.no/studieinformasjon/siving/eldre/96-97/2/24023.htm,https://www.ntnu.no/studieinformasjon/siving/eldre/96-97/2/24048.htm,"['Mål: Gje ei vidare fordjupning og forståelse av data frå borehol, målemetodar brukte i borehol, kva informasjons-potensiale desse har og bruk av slike data i integrert evaluering av reservoar.', 'Forutsetning: Byggjer på fag 24020 Boreholslogging.', 'Innhold: Faget fokuserer på utvalgde emner om metodar for innsamling og tolking av brønndata: Grunnleggande petrofysiske synspunkt og relasjonar. Kvalitetskontroll av data. Radiometriske metodar i opne og fora borehol: Spektrometri - naturleg og indusert, nøytron levetids-målingar (vassmetning bak foringsrøret). Avbilding av boreholsveggen. Dipmeter. Nukleær magnetisk resonans i kjerneanalyse og logging (NMR, NML). Akustisk logging: Full bølgeform analyse, multipol loggar, relasjonar mellom akustiske eigenskapar og bergartsparametrar. Elektromagnetisk dielektrisk logging. Måling under boring, MWD. Logging i og tolking av loggar frå horisontale brønnar. Opptak og analyse av borekjerner - feilkjelder ved slike data. Mudlogging - innsamling av data frå boreprosessen og bruken av slike data. Vassmetnings-modellar i skifrige formasjonar. Datamaskintolking av brønndata. Studentane skal i kurset skrive og presentere ein rapport om eit emne basert på eigne studier av litteratur og/eller data.', 'Undervisningsform: Forelesning, øvingar og evt. laboratoriearbeid. Presentasjonar av semesterarbeid. Undervisningen går føre seg på engelsk dersom masterstudentar vel faget.']","['Mål: Faget tar sikte på å utvide og utdype kunnskapen innen brønnmekanikk og brønnhydraulikk.', 'Forutsetning: Fag 24047 Petroleumsproduksjon 2 eller tilsvarende.', 'Innhold: Oppbygging og design av injeksjons- og produksjonsbrønner. Brønnutstyr og utstyrsoppbygging. Operasjoner og prosesser knyttet til brønnkomplettering. I tillegg vil to av følgende emner bli dekket: Formasjonsskade, stimulering, undervannskomplettering, sandkontroll, produksjonslogging, produksjon fra horisontale brønner og modellering av fler-fase strømning i olje og gassbrønner.', 'Undervisningsform: Forelesninger og øvinger. Øvingene teller 20 % ved fastsettelse av sluttkarakteren i faget. Undervisningen foregår på engelsk dersom masterstudenter velger faget.']"
26fb1d96d3b893005d337cd8d309a0e8b462e4b9,8213c268527bb2e856718a24e33fcd2ccf17eca2,https://www.ntnu.no/studieinformasjon/siving/eldre/96-97/2/24023.htm,https://www.ntnu.no/studieinformasjon/siving/eldre/96-97/2/23543.htm,"['Mål: Gje ei vidare fordjupning og forståelse av data frå borehol, målemetodar brukte i borehol, kva informasjons-potensiale desse har og bruk av slike data i integrert evaluering av reservoar.', 'Forutsetning: Byggjer på fag 24020 Boreholslogging.', 'Innhold: Faget fokuserer på utvalgde emner om metodar for innsamling og tolking av brønndata: Grunnleggande petrofysiske synspunkt og relasjonar. Kvalitetskontroll av data. Radiometriske metodar i opne og fora borehol: Spektrometri - naturleg og indusert, nøytron levetids-målingar (vassmetning bak foringsrøret). Avbilding av boreholsveggen. Dipmeter. Nukleær magnetisk resonans i kjerneanalyse og logging (NMR, NML). Akustisk logging: Full bølgeform analyse, multipol loggar, relasjonar mellom akustiske eigenskapar og bergartsparametrar. Elektromagnetisk dielektrisk logging. Måling under boring, MWD. Logging i og tolking av loggar frå horisontale brønnar. Opptak og analyse av borekjerner - feilkjelder ved slike data. Mudlogging - innsamling av data frå boreprosessen og bruken av slike data. Vassmetnings-modellar i skifrige formasjonar. Datamaskintolking av brønndata. Studentane skal i kurset skrive og presentere ein rapport om eit emne basert på eigne studier av litteratur og/eller data.', 'Undervisningsform: Forelesning, øvingar og evt. laboratoriearbeid. Presentasjonar av semesterarbeid. Undervisningen går føre seg på engelsk dersom masterstudentar vel faget.']","['Mål: Faget skal gi kjennskap om og øvelse i bruk av datamaskiner (PC) for å løse metallurgiske problemer.', 'Forutsetning: Fag 45001 Grunnkurs i databehandling eller tilsvarende forkunnskaper.', 'Innhold: Filhåndtering, bruk av applikasjonsprogrammer som f.eks. regneark, grafikkprogram, elementær måling og styring med PC, programmering med anvendelser innen simulering av metallurgiske prosesser.']"
26fb1d96d3b893005d337cd8d309a0e8b462e4b9,a6353cd00643f6b56da38f9c7e00afd047f62cb9,https://www.ntnu.no/studieinformasjon/siving/eldre/96-97/2/24023.htm,https://www.ntnu.no/studieinformasjon/siving/eldre/96-97/2/24028.htm,"['Mål: Gje ei vidare fordjupning og forståelse av data frå borehol, målemetodar brukte i borehol, kva informasjons-potensiale desse har og bruk av slike data i integrert evaluering av reservoar.', 'Forutsetning: Byggjer på fag 24020 Boreholslogging.', 'Innhold: Faget fokuserer på utvalgde emner om metodar for innsamling og tolking av brønndata: Grunnleggande petrofysiske synspunkt og relasjonar. Kvalitetskontroll av data. Radiometriske metodar i opne og fora borehol: Spektrometri - naturleg og indusert, nøytron levetids-målingar (vassmetning bak foringsrøret). Avbilding av boreholsveggen. Dipmeter. Nukleær magnetisk resonans i kjerneanalyse og logging (NMR, NML). Akustisk logging: Full bølgeform analyse, multipol loggar, relasjonar mellom akustiske eigenskapar og bergartsparametrar. Elektromagnetisk dielektrisk logging. Måling under boring, MWD. Logging i og tolking av loggar frå horisontale brønnar. Opptak og analyse av borekjerner - feilkjelder ved slike data. Mudlogging - innsamling av data frå boreprosessen og bruken av slike data. Vassmetnings-modellar i skifrige formasjonar. Datamaskintolking av brønndata. Studentane skal i kurset skrive og presentere ein rapport om eit emne basert på eigne studier av litteratur og/eller data.', 'Undervisningsform: Forelesning, øvingar og evt. laboratoriearbeid. Presentasjonar av semesterarbeid. Undervisningen går føre seg på engelsk dersom masterstudentar vel faget.']","['Mål: Faget skal gi kunnskaper om moderne teknikker for prosessering av gravimetriske og magnetiske data.', 'Forutsetning: Fag 24010 Anvendt geofysikk eller tilsvarende forkunnskaper.', 'Innhold: Potensial\xadfelt\xadmetoder. Teori og praksis. Innføring i potensialteori. Gravimetri: Gravimetriske målinger (land og sjø), korreksjoner og utregninger av gravitasjonsfeltet. Prosessering av gravimetriske data: Anomaliseparasjon, den andrederiverte til feltet, opp\xad og nedføring av feltet. Magnetometri: Magnetiske målinger fra fly og til sjøs, prosessering og tolkning av anomalier i det magnetiske totalfeltet.', 'Undervisningsform: Forelesninger og øvinger. Undervisningen foregår på engelsk dersom masterstudenter velger faget.']"
26fb1d96d3b893005d337cd8d309a0e8b462e4b9,fbc1d12da5ffe1d35d3997ad923112036ba1868e,https://www.ntnu.no/studieinformasjon/siving/eldre/96-97/2/24023.htm,https://www.ntnu.no/studieinformasjon/siving/eldre/96-97/2/24013.htm,"['Mål: Gje ei vidare fordjupning og forståelse av data frå borehol, målemetodar brukte i borehol, kva informasjons-potensiale desse har og bruk av slike data i integrert evaluering av reservoar.', 'Forutsetning: Byggjer på fag 24020 Boreholslogging.', 'Innhold: Faget fokuserer på utvalgde emner om metodar for innsamling og tolking av brønndata: Grunnleggande petrofysiske synspunkt og relasjonar. Kvalitetskontroll av data. Radiometriske metodar i opne og fora borehol: Spektrometri - naturleg og indusert, nøytron levetids-målingar (vassmetning bak foringsrøret). Avbilding av boreholsveggen. Dipmeter. Nukleær magnetisk resonans i kjerneanalyse og logging (NMR, NML). Akustisk logging: Full bølgeform analyse, multipol loggar, relasjonar mellom akustiske eigenskapar og bergartsparametrar. Elektromagnetisk dielektrisk logging. Måling under boring, MWD. Logging i og tolking av loggar frå horisontale brønnar. Opptak og analyse av borekjerner - feilkjelder ved slike data. Mudlogging - innsamling av data frå boreprosessen og bruken av slike data. Vassmetnings-modellar i skifrige formasjonar. Datamaskintolking av brønndata. Studentane skal i kurset skrive og presentere ein rapport om eit emne basert på eigne studier av litteratur og/eller data.', 'Undervisningsform: Forelesning, øvingar og evt. laboratoriearbeid. Presentasjonar av semesterarbeid. Undervisningen går føre seg på engelsk dersom masterstudentar vel faget.']","['Mål: Faget skal gi innføring i EDB-baserte tolkningsmetoder innen magnetometri og gravimetri og gi ferdigheter i bruk av PC-tolkningsstasjon på potensialfeltdata.', 'Forutsetning: Fag 24010 Anvendt geofysikk, 24028 Gravimetri og magnetometri.', 'Innhold: Teori direkte og indirekte metoder (bl.a. Autokorrelasjonsmetoden, Werner dekonvolusjon, Euler dekonvolusjon, Talwani 2D og 2.5D, minste kvadraters metode), petrofysikk (bergartenes magnetiske egenskaper og tetthet), 2D Fourier filtrering, bildebehandling, geografisk informasjonssystem, tilgjengelige aeromagnetiske, gravimetriske og petrofysiske data i Norge. Øvingene består i tolkning av dyp til basement, kartlegging av forkastninger og intrasedimentære vulkanitter og bruk av aeromagnetiske, gravimetriske og petrofysiske databaser.', 'Undervisningsform: Forelesninger og øvinger på PC.', 'Undervisningen foregår på engelsk dersom masterstudenter velger faget.']"
26fb1d96d3b893005d337cd8d309a0e8b462e4b9,b199c48015b220b53cebd5b879e50dd44771fee0,https://www.ntnu.no/studieinformasjon/siving/eldre/96-97/2/24023.htm,https://www.ntnu.no/studieinformasjon/siving/eldre/96-97/4/40023.htm,"['Mål: Gje ei vidare fordjupning og forståelse av data frå borehol, målemetodar brukte i borehol, kva informasjons-potensiale desse har og bruk av slike data i integrert evaluering av reservoar.', 'Forutsetning: Byggjer på fag 24020 Boreholslogging.', 'Innhold: Faget fokuserer på utvalgde emner om metodar for innsamling og tolking av brønndata: Grunnleggande petrofysiske synspunkt og relasjonar. Kvalitetskontroll av data. Radiometriske metodar i opne og fora borehol: Spektrometri - naturleg og indusert, nøytron levetids-målingar (vassmetning bak foringsrøret). Avbilding av boreholsveggen. Dipmeter. Nukleær magnetisk resonans i kjerneanalyse og logging (NMR, NML). Akustisk logging: Full bølgeform analyse, multipol loggar, relasjonar mellom akustiske eigenskapar og bergartsparametrar. Elektromagnetisk dielektrisk logging. Måling under boring, MWD. Logging i og tolking av loggar frå horisontale brønnar. Opptak og analyse av borekjerner - feilkjelder ved slike data. Mudlogging - innsamling av data frå boreprosessen og bruken av slike data. Vassmetnings-modellar i skifrige formasjonar. Datamaskintolking av brønndata. Studentane skal i kurset skrive og presentere ein rapport om eit emne basert på eigne studier av litteratur og/eller data.', 'Undervisningsform: Forelesning, øvingar og evt. laboratoriearbeid. Presentasjonar av semesterarbeid. Undervisningen går føre seg på engelsk dersom masterstudentar vel faget.']","['Mål: Faget skal gi videre trening i praktisk laboratoriearbeid med bruk av instrumenter og metoder for målinger på elektriske og elektroniske kretser.', 'Forutsetning: Fag 40013 Elektroteknisk lab. 1 eller tilsvarende kunnskaper.', 'Innhold: Konstruksjon av digital sekvenskrets, analoge og digitale måleinstrumenter, analoge kretser basert på operasjonsforsterker. Bruk av datamaskin (PC) for automatisering av styring og måling: Digitale og analoge inn\xad og utganger, test av digitale integrertkretser, måling av transistorkarakteristikker, avbruddsbehandling, lagring og vising av tidsforløp.', 'Undervisningsform: Laboratoriearbeid i grupper med to deltakere. Føring av labjournal. Hver student utarbeider en utførlig rapport på en av oppgavene.', 'Kursmateriell: Orientering og oppgavetekster utgitt ved Institutt for datateknikk og telematikk.']"
26fb1d96d3b893005d337cd8d309a0e8b462e4b9,003699440128ee6888c39af22286aa9fb2d4bf3e,https://www.ntnu.no/studieinformasjon/siving/eldre/96-97/2/24023.htm,https://www.ntnu.no/studieinformasjon/siving/eldre/96-97/2/24040.htm,"['Mål: Gje ei vidare fordjupning og forståelse av data frå borehol, målemetodar brukte i borehol, kva informasjons-potensiale desse har og bruk av slike data i integrert evaluering av reservoar.', 'Forutsetning: Byggjer på fag 24020 Boreholslogging.', 'Innhold: Faget fokuserer på utvalgde emner om metodar for innsamling og tolking av brønndata: Grunnleggande petrofysiske synspunkt og relasjonar. Kvalitetskontroll av data. Radiometriske metodar i opne og fora borehol: Spektrometri - naturleg og indusert, nøytron levetids-målingar (vassmetning bak foringsrøret). Avbilding av boreholsveggen. Dipmeter. Nukleær magnetisk resonans i kjerneanalyse og logging (NMR, NML). Akustisk logging: Full bølgeform analyse, multipol loggar, relasjonar mellom akustiske eigenskapar og bergartsparametrar. Elektromagnetisk dielektrisk logging. Måling under boring, MWD. Logging i og tolking av loggar frå horisontale brønnar. Opptak og analyse av borekjerner - feilkjelder ved slike data. Mudlogging - innsamling av data frå boreprosessen og bruken av slike data. Vassmetnings-modellar i skifrige formasjonar. Datamaskintolking av brønndata. Studentane skal i kurset skrive og presentere ein rapport om eit emne basert på eigne studier av litteratur og/eller data.', 'Undervisningsform: Forelesning, øvingar og evt. laboratoriearbeid. Presentasjonar av semesterarbeid. Undervisningen går føre seg på engelsk dersom masterstudentar vel faget.']","['Mål: Faget gir en innføring i metodene for høyavviks- og horisontalboring, identifiserer forhold som er av betydning og gir innblikk i beregninger som er nødvendig for planlegging og gjennomføring av slike borehull.', 'Forutsetning: Fag 24021 Formasjonsmekanikk i boring og produksjon, 24041 Brønnstabilisering og brønnsikring og 24042 Maskinsystemer i boring og produksjon.', 'Innhold: Avviksboring; historikk og bakgrunn. Aktualitet, betraktninger om fordel/ulempe og metodikk for beregning av hensiktsmessighet i forhold til alternativer. Gjennomgår basisutstyr og metodikk for boring av avvikshull, aksialbevegelse, rotasjon og pumping, dessuten basismetodikk og utstyr for sikring av borehullet, slam og foringsrørsystemer. Gjennomgår spesielle metoder og utstyr for retningsforandring og -kontroll, aktuell borebanekompleksitet og tilhørende utstyr og systemer. Videre metoder for beregning av borebanen, målnøyaktighet. Kraft- og effektbalanser i høyavviks- og horisontale hull, roterende streng/ikke-roterende. Borestreng i strekk/kompresjon, bukling og buklingskriterier, registrering av bukling, konsekvenser. Anbringelse av skyvkraft foran i strengen, konsepter, virkning og konsekvenser. Boring av tynnhull, tynnhullsstreng, endring av grensebetingelser ved boring av tynnhull. Boring med kveilerør, fordel/ulemper, metodikk og utstyr, kraft- og effektbalanser ved bruk av kveilerør.', 'Undervisningsform: Forelesninger og øvinger.', 'Undervisningen foregår på engelsk dersom masterstudenter velger faget. Innslag av gjesteforelesere fra industrien.', 'Kursmateriell: Eget kompendium. Aktuelle lærebøker oppgis ved kursets begynnelse.']"
26fb1d96d3b893005d337cd8d309a0e8b462e4b9,b2cf7da3d5d8c0bfa1faeee07fd9c95fec122adb,https://www.ntnu.no/studieinformasjon/siving/eldre/96-97/2/24023.htm,https://www.ntnu.no/studieinformasjon/siving/eldre/96-97/2/24045.htm,"['Mål: Gje ei vidare fordjupning og forståelse av data frå borehol, målemetodar brukte i borehol, kva informasjons-potensiale desse har og bruk av slike data i integrert evaluering av reservoar.', 'Forutsetning: Byggjer på fag 24020 Boreholslogging.', 'Innhold: Faget fokuserer på utvalgde emner om metodar for innsamling og tolking av brønndata: Grunnleggande petrofysiske synspunkt og relasjonar. Kvalitetskontroll av data. Radiometriske metodar i opne og fora borehol: Spektrometri - naturleg og indusert, nøytron levetids-målingar (vassmetning bak foringsrøret). Avbilding av boreholsveggen. Dipmeter. Nukleær magnetisk resonans i kjerneanalyse og logging (NMR, NML). Akustisk logging: Full bølgeform analyse, multipol loggar, relasjonar mellom akustiske eigenskapar og bergartsparametrar. Elektromagnetisk dielektrisk logging. Måling under boring, MWD. Logging i og tolking av loggar frå horisontale brønnar. Opptak og analyse av borekjerner - feilkjelder ved slike data. Mudlogging - innsamling av data frå boreprosessen og bruken av slike data. Vassmetnings-modellar i skifrige formasjonar. Datamaskintolking av brønndata. Studentane skal i kurset skrive og presentere ein rapport om eit emne basert på eigne studier av litteratur og/eller data.', 'Undervisningsform: Forelesning, øvingar og evt. laboratoriearbeid. Presentasjonar av semesterarbeid. Undervisningen går føre seg på engelsk dersom masterstudentar vel faget.']","['Mål: Faget skal gi en generell og bred innføring i naturgassteknikk samt en oversikt over gassindustrien i Europa.', 'Forutsetning: Bygger på basisfag i 1. og 2. årskurs i siv.ing.studiet.', 'Innhold: Oljenasjonen Norge vil etterhvert bli en gassnasjon, og vi nærmer oss med raske skritt metanalderen. Produksjon og transport av naturgass til Europa krever integrering av flere fagfelt, og behovet for sivilingeniørens helhetstenkning vises tydelig i naturgassindustrien. Følgende tema tas opp: Gassmarked og -ressurser, strømning i porøse media og gassegenskaper, gassreservoar og -brønner, gasstransport, -måling og -lagring, feltutbygging, økonomi, industriell anvendelse og miljøhensyn.', 'Undervisningsform: Forelesninger og gjesteforelesninger. Øvinger som teller 25 % ved fastsettelse av karakteren.']"
26fb1d96d3b893005d337cd8d309a0e8b462e4b9,6407524190716fc4330afe8deed8cc611ddefe23,https://www.ntnu.no/studieinformasjon/siving/eldre/96-97/2/24023.htm,https://www.ntnu.no/studieinformasjon/siving/eldre/96-97/2/24078.htm,"['Mål: Gje ei vidare fordjupning og forståelse av data frå borehol, målemetodar brukte i borehol, kva informasjons-potensiale desse har og bruk av slike data i integrert evaluering av reservoar.', 'Forutsetning: Byggjer på fag 24020 Boreholslogging.', 'Innhold: Faget fokuserer på utvalgde emner om metodar for innsamling og tolking av brønndata: Grunnleggande petrofysiske synspunkt og relasjonar. Kvalitetskontroll av data. Radiometriske metodar i opne og fora borehol: Spektrometri - naturleg og indusert, nøytron levetids-målingar (vassmetning bak foringsrøret). Avbilding av boreholsveggen. Dipmeter. Nukleær magnetisk resonans i kjerneanalyse og logging (NMR, NML). Akustisk logging: Full bølgeform analyse, multipol loggar, relasjonar mellom akustiske eigenskapar og bergartsparametrar. Elektromagnetisk dielektrisk logging. Måling under boring, MWD. Logging i og tolking av loggar frå horisontale brønnar. Opptak og analyse av borekjerner - feilkjelder ved slike data. Mudlogging - innsamling av data frå boreprosessen og bruken av slike data. Vassmetnings-modellar i skifrige formasjonar. Datamaskintolking av brønndata. Studentane skal i kurset skrive og presentere ein rapport om eit emne basert på eigne studier av litteratur og/eller data.', 'Undervisningsform: Forelesning, øvingar og evt. laboratoriearbeid. Presentasjonar av semesterarbeid. Undervisningen går føre seg på engelsk dersom masterstudentar vel faget.']","['Mål: Faget skal gi inngående kjennskap til teknologien bak spredning av forurensning og rensing av jord.', 'Forutsetning: Fag innen hydrogeologi eller petroleums reservoarteknikk.', 'Innhold: Faget beskriver forskjellige situasjoner som forårsaker rensing av jord, spredning av forurensning og metodene for rensingen, tekniske/økonomiske/miljømessige betraktninger som bør tas hensyn til i vurdering av den enkelte situasjonen. Strømning i porøse bergarter; fukting og flerfase strømning; kjemisk likevekt og blandbar fortrengning; enkelbrønns oppførsel (hydrodynamic); relevante emner innen kjemi og biologi.', 'Undervisningsform: Forelesninger, regneøvinger og evt. ekskursjon eller praktisk prosjektarbeid.', 'Undervisningen foregår på engelsk dersom masterstudenter velger faget.']"
26fb1d96d3b893005d337cd8d309a0e8b462e4b9,d75bb3279c90625521fa735924b48e9dd5246c74,https://www.ntnu.no/studieinformasjon/siving/eldre/96-97/2/24023.htm,https://www.ntnu.no/studieinformasjon/siving/eldre/96-97/2/24041.htm,"['Mål: Gje ei vidare fordjupning og forståelse av data frå borehol, målemetodar brukte i borehol, kva informasjons-potensiale desse har og bruk av slike data i integrert evaluering av reservoar.', 'Forutsetning: Byggjer på fag 24020 Boreholslogging.', 'Innhold: Faget fokuserer på utvalgde emner om metodar for innsamling og tolking av brønndata: Grunnleggande petrofysiske synspunkt og relasjonar. Kvalitetskontroll av data. Radiometriske metodar i opne og fora borehol: Spektrometri - naturleg og indusert, nøytron levetids-målingar (vassmetning bak foringsrøret). Avbilding av boreholsveggen. Dipmeter. Nukleær magnetisk resonans i kjerneanalyse og logging (NMR, NML). Akustisk logging: Full bølgeform analyse, multipol loggar, relasjonar mellom akustiske eigenskapar og bergartsparametrar. Elektromagnetisk dielektrisk logging. Måling under boring, MWD. Logging i og tolking av loggar frå horisontale brønnar. Opptak og analyse av borekjerner - feilkjelder ved slike data. Mudlogging - innsamling av data frå boreprosessen og bruken av slike data. Vassmetnings-modellar i skifrige formasjonar. Datamaskintolking av brønndata. Studentane skal i kurset skrive og presentere ein rapport om eit emne basert på eigne studier av litteratur og/eller data.', 'Undervisningsform: Forelesning, øvingar og evt. laboratoriearbeid. Presentasjonar av semesterarbeid. Undervisningen går føre seg på engelsk dersom masterstudentar vel faget.']","['Mål: Faget skal gi en oversikt over de viktigste elementene som inngår i et typisk boreprogram.', 'Forutsetning: Fag 24042 Maskinsystemer i boring og produksjon.', 'Innhold: Boreslammets oppbygging, framstilling og karakterisering med standard måleutstyr. Leirmineralets betydning for boreslam og formasjonsstabilitet, væskemekanikk for ikke-Newtonske væsker, måling av skjærkrefter, friksjonstap. Trykkontrollutstyr. Materialer og metodikk for sementering av foringsrør i borehullet, samt metoder for kvalitetskontroll og ettersementering. Abnormale poretrykk. Oppsprekking/slamtap, borehullsstabilitet. Deteksjon av høytrykkssoner, ustabil brønn, innstengningsrutiner, utsirkuleringsprosedyrer (trykkontroll), grunn gass problematikk. Øvingene består av laboratorieøvinger i testing og kontroll av boreslam samt obligatoriske (2/3) regneøvinger.']"
26fb1d96d3b893005d337cd8d309a0e8b462e4b9,d0cd12a754456c76f6599b4f734569280b6bb515,https://www.ntnu.no/studieinformasjon/siving/eldre/96-97/2/24023.htm,https://www.ntnu.no/studieinformasjon/siving/eldre/96-97/2/23053.htm,"['Mål: Gje ei vidare fordjupning og forståelse av data frå borehol, målemetodar brukte i borehol, kva informasjons-potensiale desse har og bruk av slike data i integrert evaluering av reservoar.', 'Forutsetning: Byggjer på fag 24020 Boreholslogging.', 'Innhold: Faget fokuserer på utvalgde emner om metodar for innsamling og tolking av brønndata: Grunnleggande petrofysiske synspunkt og relasjonar. Kvalitetskontroll av data. Radiometriske metodar i opne og fora borehol: Spektrometri - naturleg og indusert, nøytron levetids-målingar (vassmetning bak foringsrøret). Avbilding av boreholsveggen. Dipmeter. Nukleær magnetisk resonans i kjerneanalyse og logging (NMR, NML). Akustisk logging: Full bølgeform analyse, multipol loggar, relasjonar mellom akustiske eigenskapar og bergartsparametrar. Elektromagnetisk dielektrisk logging. Måling under boring, MWD. Logging i og tolking av loggar frå horisontale brønnar. Opptak og analyse av borekjerner - feilkjelder ved slike data. Mudlogging - innsamling av data frå boreprosessen og bruken av slike data. Vassmetnings-modellar i skifrige formasjonar. Datamaskintolking av brønndata. Studentane skal i kurset skrive og presentere ein rapport om eit emne basert på eigne studier av litteratur og/eller data.', 'Undervisningsform: Forelesning, øvingar og evt. laboratoriearbeid. Presentasjonar av semesterarbeid. Undervisningen går føre seg på engelsk dersom masterstudentar vel faget.']","['Mål: Faget tar sikte på å gi generell kunnskap om og en forståelse for hvordan viktige ikke\xadjern metaller fremstilles med utgangspunkt i deres malmer.', 'Forutsetning: Relevant bakgrunn er som gitt i fag 23020 Kjemisk metallurgi, 23040 Metallurgiteknikk 1 og 23042 Metallurgiteknikk 2.', 'Innhold: Kjemiske forhold ved røsting, karbotermisk fremstilling av bly, sink og magnesium. Slaggsystemer og ildfaste materialer. Fremstilling av kobber, nikkel m.v. fra sulfidiske malmer, herunder utnyttelse av svovel. Pyrometallurgisk raffinering av ikke\xadjernmetaller med spesiell vekt på metall/slagg\xadlikevekter med relevans til stål og ferrolegeringer. Halogen\xadmetallurgi og fremstilling av reaktive metaller (titan m.v.). Opparbeidelse av ilmenitt og fremstilling av Ti-rik slagg.', 'Undervisningsform: Forelesninger, kollokvier og regneøvinger.', 'Kursmateriell: T. Rosenqvist: Principles of Extractive Metallurgy, McGraw\xadHill, samt mangfoldiggjorte tillegg.']"
26fb1d96d3b893005d337cd8d309a0e8b462e4b9,3918e22c6415aa8f9293196a8fb7bf0997abaee9,https://www.ntnu.no/studieinformasjon/siving/eldre/96-97/2/24023.htm,https://www.ntnu.no/studieinformasjon/siving/eldre/96-97/2/21012.htm,"['Mål: Gje ei vidare fordjupning og forståelse av data frå borehol, målemetodar brukte i borehol, kva informasjons-potensiale desse har og bruk av slike data i integrert evaluering av reservoar.', 'Forutsetning: Byggjer på fag 24020 Boreholslogging.', 'Innhold: Faget fokuserer på utvalgde emner om metodar for innsamling og tolking av brønndata: Grunnleggande petrofysiske synspunkt og relasjonar. Kvalitetskontroll av data. Radiometriske metodar i opne og fora borehol: Spektrometri - naturleg og indusert, nøytron levetids-målingar (vassmetning bak foringsrøret). Avbilding av boreholsveggen. Dipmeter. Nukleær magnetisk resonans i kjerneanalyse og logging (NMR, NML). Akustisk logging: Full bølgeform analyse, multipol loggar, relasjonar mellom akustiske eigenskapar og bergartsparametrar. Elektromagnetisk dielektrisk logging. Måling under boring, MWD. Logging i og tolking av loggar frå horisontale brønnar. Opptak og analyse av borekjerner - feilkjelder ved slike data. Mudlogging - innsamling av data frå boreprosessen og bruken av slike data. Vassmetnings-modellar i skifrige formasjonar. Datamaskintolking av brønndata. Studentane skal i kurset skrive og presentere ein rapport om eit emne basert på eigne studier av litteratur og/eller data.', 'Undervisningsform: Forelesning, øvingar og evt. laboratoriearbeid. Presentasjonar av semesterarbeid. Undervisningen går føre seg på engelsk dersom masterstudentar vel faget.']","['Mål: Faget tar sikte på å gi en innføring i geokjemiske prinsipper og vise hvorledes disse prinsippene kan anvendes innen ressursgeologiske problemstillinger.', 'Forutsetning: Fag 21002 Ressursgeologi GK.', 'Innhold: Faget dekker overflatemiljøets geokjemi og omfatter studiet av dispersjonsprosesser og de resulterende anomalibilder, samt statistiske og ikke\xadstatistiske metoder for tolkning av data. Ressursgeologiske problemstillinger vil bli gjennomgått.', 'Undervisningsform: Forelesninger samt en øving av bearbeidelse av data.', 'Kursmateriell: A.W. Rose, H. Hawkes og J. Webb: Geochemistry in Mineral Exploration, Academic Press.']"
26fb1d96d3b893005d337cd8d309a0e8b462e4b9,2ed4043e433844af7499592276eaef10b8259c5a,https://www.ntnu.no/studieinformasjon/siving/eldre/96-97/2/24023.htm,https://www.ntnu.no/studieinformasjon/siving/eldre/96-97/2/24030.htm,"['Mål: Gje ei vidare fordjupning og forståelse av data frå borehol, målemetodar brukte i borehol, kva informasjons-potensiale desse har og bruk av slike data i integrert evaluering av reservoar.', 'Forutsetning: Byggjer på fag 24020 Boreholslogging.', 'Innhold: Faget fokuserer på utvalgde emner om metodar for innsamling og tolking av brønndata: Grunnleggande petrofysiske synspunkt og relasjonar. Kvalitetskontroll av data. Radiometriske metodar i opne og fora borehol: Spektrometri - naturleg og indusert, nøytron levetids-målingar (vassmetning bak foringsrøret). Avbilding av boreholsveggen. Dipmeter. Nukleær magnetisk resonans i kjerneanalyse og logging (NMR, NML). Akustisk logging: Full bølgeform analyse, multipol loggar, relasjonar mellom akustiske eigenskapar og bergartsparametrar. Elektromagnetisk dielektrisk logging. Måling under boring, MWD. Logging i og tolking av loggar frå horisontale brønnar. Opptak og analyse av borekjerner - feilkjelder ved slike data. Mudlogging - innsamling av data frå boreprosessen og bruken av slike data. Vassmetnings-modellar i skifrige formasjonar. Datamaskintolking av brønndata. Studentane skal i kurset skrive og presentere ein rapport om eit emne basert på eigne studier av litteratur og/eller data.', 'Undervisningsform: Forelesning, øvingar og evt. laboratoriearbeid. Presentasjonar av semesterarbeid. Undervisningen går føre seg på engelsk dersom masterstudentar vel faget.']","['Mål: Gi et innblikk i de spesielle problemer som oppstår ved boring av dype, varme brønner.', 'Forutsetning: Fag 24041 Brønnstabilisering og brønnsikring.', 'Innhold: Fremdriftsstrategi ved boring i dype og harde formasjoner karakterisert ved langsom boring og bruk av mye tid for å skifte en utslitt borekrone; boreprosessen på matematisk form, optimalisering av mekaniske og hydrauliske boreparametre. Gass i boreslam, gassens løselighet ved store trykk, ekspansjonseffekter, reelt trykkprofil ved transport av gass i dype, lange brønner. Emulsjoners betydning i dype hull, sementeringsproblem i dype hull.']"
26fb1d96d3b893005d337cd8d309a0e8b462e4b9,992440b15a97401182c8fed41a9efbde07b2b802,https://www.ntnu.no/studieinformasjon/siving/eldre/96-97/2/24023.htm,https://www.ntnu.no/studieinformasjon/siving/eldre/96-97/2/20536.htm,"['Mål: Gje ei vidare fordjupning og forståelse av data frå borehol, målemetodar brukte i borehol, kva informasjons-potensiale desse har og bruk av slike data i integrert evaluering av reservoar.', 'Forutsetning: Byggjer på fag 24020 Boreholslogging.', 'Innhold: Faget fokuserer på utvalgde emner om metodar for innsamling og tolking av brønndata: Grunnleggande petrofysiske synspunkt og relasjonar. Kvalitetskontroll av data. Radiometriske metodar i opne og fora borehol: Spektrometri - naturleg og indusert, nøytron levetids-målingar (vassmetning bak foringsrøret). Avbilding av boreholsveggen. Dipmeter. Nukleær magnetisk resonans i kjerneanalyse og logging (NMR, NML). Akustisk logging: Full bølgeform analyse, multipol loggar, relasjonar mellom akustiske eigenskapar og bergartsparametrar. Elektromagnetisk dielektrisk logging. Måling under boring, MWD. Logging i og tolking av loggar frå horisontale brønnar. Opptak og analyse av borekjerner - feilkjelder ved slike data. Mudlogging - innsamling av data frå boreprosessen og bruken av slike data. Vassmetnings-modellar i skifrige formasjonar. Datamaskintolking av brønndata. Studentane skal i kurset skrive og presentere ein rapport om eit emne basert på eigne studier av litteratur og/eller data.', 'Undervisningsform: Forelesning, øvingar og evt. laboratoriearbeid. Presentasjonar av semesterarbeid. Undervisningen går føre seg på engelsk dersom masterstudentar vel faget.']","['Mål: Faget tar sikte på å gi forståelse for hvordan olje og gass dannes og akkumuleres i jordskorpa, samt å få en oversikt over den geologiske utvikling av norsk kontinentalsokkel.', 'Forutsetning: Kunnskaper tilsvarende fag 20505 Geologi, innføring og 20548 Sedimentologi og stratigrafi.', 'Innhold: Sammensetning og klassifisering av petroleum. Forhold som kontrollerer produksjon og akkumulasjon av organisk materiale. Klassifisering av organisk materiale, kerogentyper. Modning av organisk materiale, dannelse av olje og gass. Kildebergartersanalyse. Primær og sekundær migrasjon. Reservoarbergarter. De geologiske faktorer som kontrollerer porøsitet og permeabilitet. Avsetningsmiljøets betydning for reservoarkvalitet. Klassifikasjon og dannelse av hydrokarbonfeller. Bassengtyper og petroleumspotensiale. Geologisk utvikling av norsk kontinentalsokkel. Eksempler på norske olje\xad og gassfelt.', 'Undervisningsform: Forelesninger og øvinger. Feltkurs for studenter på studieretning Petroleumsgeofag.', 'Kursmateriell: S.O. Johnsen: Geologien på norsk sokkel, Inst. for geologi og bergteknikk, kompendium.']"
26fb1d96d3b893005d337cd8d309a0e8b462e4b9,b7fc3752be1b63dd339e57d48e788b69302bcffe,https://www.ntnu.no/studieinformasjon/siving/eldre/96-97/2/24023.htm,https://www.ntnu.no/studieinformasjon/siving/eldre/96-97/2/24062.htm,"['Mål: Gje ei vidare fordjupning og forståelse av data frå borehol, målemetodar brukte i borehol, kva informasjons-potensiale desse har og bruk av slike data i integrert evaluering av reservoar.', 'Forutsetning: Byggjer på fag 24020 Boreholslogging.', 'Innhold: Faget fokuserer på utvalgde emner om metodar for innsamling og tolking av brønndata: Grunnleggande petrofysiske synspunkt og relasjonar. Kvalitetskontroll av data. Radiometriske metodar i opne og fora borehol: Spektrometri - naturleg og indusert, nøytron levetids-målingar (vassmetning bak foringsrøret). Avbilding av boreholsveggen. Dipmeter. Nukleær magnetisk resonans i kjerneanalyse og logging (NMR, NML). Akustisk logging: Full bølgeform analyse, multipol loggar, relasjonar mellom akustiske eigenskapar og bergartsparametrar. Elektromagnetisk dielektrisk logging. Måling under boring, MWD. Logging i og tolking av loggar frå horisontale brønnar. Opptak og analyse av borekjerner - feilkjelder ved slike data. Mudlogging - innsamling av data frå boreprosessen og bruken av slike data. Vassmetnings-modellar i skifrige formasjonar. Datamaskintolking av brønndata. Studentane skal i kurset skrive og presentere ein rapport om eit emne basert på eigne studier av litteratur og/eller data.', 'Undervisningsform: Forelesning, øvingar og evt. laboratoriearbeid. Presentasjonar av semesterarbeid. Undervisningen går føre seg på engelsk dersom masterstudentar vel faget.']","['Mål: Faget skal gi inngående kjennskap til fysikalske forhold, prinsipper og metoder som vedrører utvinning av olje og gass fra reservoarer.', 'Forutsetning: Det forutsettes eksamen i fag 24073 Strømning i porøse media og 24064 Reservoarfluiders egenskaper eller tilsvarende kunnskaper.', 'Innhold: Faget omfatter naturlige og tilførte energikilder, og analyse av deres innvirkning på utvinningsgraden av olje og gass fra forskjellige typer reservoarer. Temaoversikt: Olje\xad, gass\xad og gasskondensatsystemer; mikroskopisk og makroskopisk fortregningseffektivitet; naturlige drivmekanismer; injeksjon av vann og gass; materialbalanseberegninger; strømningsligninger; brønnmønstre.']"
26fb1d96d3b893005d337cd8d309a0e8b462e4b9,58c62cb49fd06c4517f68d7d3c0f1d36a663d515,https://www.ntnu.no/studieinformasjon/siving/eldre/96-97/2/24023.htm,https://www.ntnu.no/studieinformasjon/siving/eldre/96-97/2/23063.htm,"['Mål: Gje ei vidare fordjupning og forståelse av data frå borehol, målemetodar brukte i borehol, kva informasjons-potensiale desse har og bruk av slike data i integrert evaluering av reservoar.', 'Forutsetning: Byggjer på fag 24020 Boreholslogging.', 'Innhold: Faget fokuserer på utvalgde emner om metodar for innsamling og tolking av brønndata: Grunnleggande petrofysiske synspunkt og relasjonar. Kvalitetskontroll av data. Radiometriske metodar i opne og fora borehol: Spektrometri - naturleg og indusert, nøytron levetids-målingar (vassmetning bak foringsrøret). Avbilding av boreholsveggen. Dipmeter. Nukleær magnetisk resonans i kjerneanalyse og logging (NMR, NML). Akustisk logging: Full bølgeform analyse, multipol loggar, relasjonar mellom akustiske eigenskapar og bergartsparametrar. Elektromagnetisk dielektrisk logging. Måling under boring, MWD. Logging i og tolking av loggar frå horisontale brønnar. Opptak og analyse av borekjerner - feilkjelder ved slike data. Mudlogging - innsamling av data frå boreprosessen og bruken av slike data. Vassmetnings-modellar i skifrige formasjonar. Datamaskintolking av brønndata. Studentane skal i kurset skrive og presentere ein rapport om eit emne basert på eigne studier av litteratur og/eller data.', 'Undervisningsform: Forelesning, øvingar og evt. laboratoriearbeid. Presentasjonar av semesterarbeid. Undervisningen går føre seg på engelsk dersom masterstudentar vel faget.']","['Mål: Sette studentene i stand til å analysere en metallurgisk prosess ut fra tilgjengelige data.', 'Forutsetning: Basiskunnskaper i metallurgi, kjemi og fysikk.', 'Innhold: Faget gir et teoretisk grunnlag for beregning av omsetningen i metallurgiske reaktorer: Partikkel/gass\xad og smelte(væske)/ gass prosesser. Slike prosesser begrenses av transport av masse eller varme eller av den kjemiske reaksjonshastighet. Kriterier for å finne ""flaskehalsen"" og beregne hastigheter gis. Motstrømsprosesser masovn, fluidisert seng og raffineringsreaktorer behandles.', 'Undervisningsform: Vesentlig kateter\xadundervisning, regneøvinger.', 'Kursmateriell: O. Levenspiel: Chemical reaction engineering, John Wiley & Sons, New York 1967.']"
91d781247fc97e1f4a4538c06b5594f3ea8dc366,479209e01d83c2adbe9adeadad1fc73c8cf8e889,https://www.ntnu.no/studieinformasjon/siving/eldre/97-98/1/14022.htm,https://www.ntnu.no/studieinformasjon/siving/eldre/97-98/1/14083.htm,"['Mål: Faget skal gje ei elementær innføring i by\xad og regionplanlegging som integrert del av samfunnsplanlegginga.', 'Forutsetning: Bygger på fag 14006 Planleggingslære.', 'Innhold: Den fysiske planleggingas historie. Oversikts\xad og detaljplanlegging. Innsamling og bruk av data i planlegginga. Landskap og bygde omgjevnader. Sosiologi i planlegginga. Planleggingsprinsipp og metodar. Planleggingsprosess, lovgrunnlag, planbehandling og planapparat. Faget er identisk med del 1 av fag 14021. Ein kan ta del 2 som valfritt fag.', 'Undervisningsform: Forelesingar og øvingar. Øvingane blir gjennomførte som gruppearbeid og tel halvparten ved fastsetting av karakter.']","['Mål: Faget skal gi en videregående innføring i fysisk planlegging på regionalt og kommunalt nivå og på bynivå. Faget vektlegger kunnskap som er særegent for arkitektfaget, men gir også generell kunnskap i by- og regionplanlegging med vekt på oversiktsplanlegging. Prosjektet kan gis en tematisk fokusering.', 'Forutsetning: Grunnundervisning i arkitekturfagene.', 'Innhold: Faget består av en teoridel og en prosjektdel. I teoridelen prioriteres generell kunnskap i by- og regionplanlegging og aktuelle spesialtema. Prosjektoppgaven er rettet mot diskusjon av fysiske disposisjoner og struktur på bynivå eller regionalt nivå. En del forelesninger er felles med fag 14041 og 14043.']"
91d781247fc97e1f4a4538c06b5594f3ea8dc366,5351c23a60bb833381adf9ab61f8188c04cda8eb,https://www.ntnu.no/studieinformasjon/siving/eldre/97-98/1/14022.htm,https://www.ntnu.no/studieinformasjon/siving/eldre/97-98/1/14041.htm,"['Mål: Faget skal gje ei elementær innføring i by\xad og regionplanlegging som integrert del av samfunnsplanlegginga.', 'Forutsetning: Bygger på fag 14006 Planleggingslære.', 'Innhold: Den fysiske planleggingas historie. Oversikts\xad og detaljplanlegging. Innsamling og bruk av data i planlegginga. Landskap og bygde omgjevnader. Sosiologi i planlegginga. Planleggingsprinsipp og metodar. Planleggingsprosess, lovgrunnlag, planbehandling og planapparat. Faget er identisk med del 1 av fag 14021. Ein kan ta del 2 som valfritt fag.', 'Undervisningsform: Forelesingar og øvingar. Øvingane blir gjennomførte som gruppearbeid og tel halvparten ved fastsetting av karakter.']","['Mål: Fagets mål er å gi en innføring i sentrale problemstillinger og arbeidsmåter innenfor oversiktlig planlegging, med hovedvekt på oversiktlig fysisk planlegging i kommunene. Studentene skal også få kjennskap til lovgivningsmessig grunnlag og organisatoriske forutsetninger for planleggingsvirksomhet.', 'Innhold: Oversiktsplanleggingens utvikling. Hovedretninger innen teori og metode. Eksempler og drøfting av metoder for helhetsorientert samordnende planlegging, prosjektorientert og lokalsamfunnsorientert planlegging.']"
91d781247fc97e1f4a4538c06b5594f3ea8dc366,bf17b0931bbf5c61f479e9449d14ad8422f18c08,https://www.ntnu.no/studieinformasjon/siving/eldre/97-98/1/14022.htm,https://www.ntnu.no/studieinformasjon/siving/eldre/97-98/1/11021.htm,"['Mål: Faget skal gje ei elementær innføring i by\xad og regionplanlegging som integrert del av samfunnsplanlegginga.', 'Forutsetning: Bygger på fag 14006 Planleggingslære.', 'Innhold: Den fysiske planleggingas historie. Oversikts\xad og detaljplanlegging. Innsamling og bruk av data i planlegginga. Landskap og bygde omgjevnader. Sosiologi i planlegginga. Planleggingsprinsipp og metodar. Planleggingsprosess, lovgrunnlag, planbehandling og planapparat. Faget er identisk med del 1 av fag 14021. Ein kan ta del 2 som valfritt fag.', 'Undervisningsform: Forelesingar og øvingar. Øvingane blir gjennomførte som gruppearbeid og tel halvparten ved fastsetting av karakter.']","['Mål: Målet med faget er å gjøre studentene i stand til å bruke IT-verktøy ved løsning og presentasjon av oppgaver i studiet og senere i praksis som arkitekter.', 'Forutsetning: Ingen.', 'Innhold: Studentene skal få noen grunnleggende kunnskaper om datamaskiner og databehandling, samt innsikt i og erfaring med anvendt IT gjennom bruk av egnede verktøy ved løsning og presentasjon av oppgaver knyttet til øvrige fag i 1. årskurs. Utstyr: PC og Macintosh. Programvare: Regneark, tegneprogram, modelleringsprogram, tekstbehandling, bruk av verdensveven.']"
91d781247fc97e1f4a4538c06b5594f3ea8dc366,585ffeef5291d367dbcfc24945a21c8b9e1ed0f5,https://www.ntnu.no/studieinformasjon/siving/eldre/97-98/1/14022.htm,https://www.ntnu.no/studieinformasjon/siving/eldre/97-98/1/15042.htm,"['Mål: Faget skal gje ei elementær innføring i by\xad og regionplanlegging som integrert del av samfunnsplanlegginga.', 'Forutsetning: Bygger på fag 14006 Planleggingslære.', 'Innhold: Den fysiske planleggingas historie. Oversikts\xad og detaljplanlegging. Innsamling og bruk av data i planlegginga. Landskap og bygde omgjevnader. Sosiologi i planlegginga. Planleggingsprinsipp og metodar. Planleggingsprosess, lovgrunnlag, planbehandling og planapparat. Faget er identisk med del 1 av fag 14021. Ein kan ta del 2 som valfritt fag.', 'Undervisningsform: Forelesingar og øvingar. Øvingane blir gjennomførte som gruppearbeid og tel halvparten ved fastsetting av karakter.']","['Innhold: Faget vil gi en innføring i boligens historiske utvikling med vekt på Europa i nyere tid og ulike boligformers elementer og oppbygging, samt i noen samfunnsmessige og kulturelle forutsetninger for moderne boligproduksjon.', 'Undervisningsform: Forelesninger og seminarer supplert med litteraturstudier og øvinger. Det skal avslutningsvis utarbeides en skriftlig presentasjon og miniforelesning om et avtalt tema innenfor emnet. Bedømmelse på grunnlag av innlevert rapport.']"
91d781247fc97e1f4a4538c06b5594f3ea8dc366,c55d745a88e0de692c3bdf2fc537c7c479a25d08,https://www.ntnu.no/studieinformasjon/siving/eldre/97-98/1/14022.htm,https://www.ntnu.no/studieinformasjon/siving/eldre/97-98/1/14077.htm,"['Mål: Faget skal gje ei elementær innføring i by\xad og regionplanlegging som integrert del av samfunnsplanlegginga.', 'Forutsetning: Bygger på fag 14006 Planleggingslære.', 'Innhold: Den fysiske planleggingas historie. Oversikts\xad og detaljplanlegging. Innsamling og bruk av data i planlegginga. Landskap og bygde omgjevnader. Sosiologi i planlegginga. Planleggingsprinsipp og metodar. Planleggingsprosess, lovgrunnlag, planbehandling og planapparat. Faget er identisk med del 1 av fag 14021. Ein kan ta del 2 som valfritt fag.', 'Undervisningsform: Forelesingar og øvingar. Øvingane blir gjennomførte som gruppearbeid og tel halvparten ved fastsetting av karakter.']","['Mål: Faget skal gi forståelse for forutsetninger og anvendbar kunnskap for gjennomføring av planlegging, infrastruktur og byggevirksomhet på et bærekraftig grunnlag i utviklingsland.', 'Forutsetning: Faget bør velges av studenter som skal ta fag SAA4079 Prosjekt i utviklingsland og fag SAA4080 Byøkologisk planlegging. Faget må velges av studenter som skal ta hovedoppgave i utviklingsland. Samkjøres med fag 14076 for Fakultet for bygg- og miljøteknikk.', 'Innhold: Planlegging for bærekraftig utvikling krever kunnskaper på et bredt tverrfaglig grunnlag. Kurset vil diskutere teori- og metodegrunnlag for bærekraftig samfunns- og byutvikling, planlegging og byggevirksomhet. Miljø-, sosioøkonomiske-, fysiske- og kulturelle faktorer skal sees i sammenheng, og ut fra ulike stedlige betingelser. Det vil legges vekt på eksempel som illustrerer ulike betingelser og institusjonelle rammer for utvikling og gjennomføring av prosjekt i bistandssamarbeid. Planlegging under krise og for igjenoppbygging etter katastrofer vil være deltema. Det skal gjennomføres øvingsoppgave med prosjektdokument ut fra FN-format.', 'Undervisningsform: Faget er et samarbeid mellom flere institutter ved Fakultet for arkitektur, plan og billedkunst og Fakultet for bygg- og miljøteknikk. Det legges vekt på tverrfaglige seminar med innledere fra andre fakultet ved NTNU, og studier av eksempel (case-studies). En studie-/øvingsoppgave skal gjennomføres.']"
91d781247fc97e1f4a4538c06b5594f3ea8dc366,131c17b5ef96f12aa5ce3ec1d0268e353a96ac5f,https://www.ntnu.no/studieinformasjon/siving/eldre/97-98/1/14022.htm,https://www.ntnu.no/studieinformasjon/siving/eldre/97-98/1/14043.htm,"['Mål: Faget skal gje ei elementær innføring i by\xad og regionplanlegging som integrert del av samfunnsplanlegginga.', 'Forutsetning: Bygger på fag 14006 Planleggingslære.', 'Innhold: Den fysiske planleggingas historie. Oversikts\xad og detaljplanlegging. Innsamling og bruk av data i planlegginga. Landskap og bygde omgjevnader. Sosiologi i planlegginga. Planleggingsprinsipp og metodar. Planleggingsprosess, lovgrunnlag, planbehandling og planapparat. Faget er identisk med del 1 av fag 14021. Ein kan ta del 2 som valfritt fag.', 'Undervisningsform: Forelesingar og øvingar. Øvingane blir gjennomførte som gruppearbeid og tel halvparten ved fastsetting av karakter.']","['Mål: Faget skal gi fordypning i sentrumsproblemstillinger og sentrumsplanlegging.', 'Forutsetning: For fak. B må fag 14021 Fysisk planlegging GK 1 og 2 eller 14022 Fysisk planlegging GK 1 være bestått.', 'Innhold: Fordypningsfag. Gir informasjon og kunnskap om sentrum og sentrale funksjoners egenskaper, problemer, utvikling og planlegging gjennom forelesninger og seminarer. Analyseoppgave skal gi ny konkret innsikt i aktuelle problemstillinger. Prosjektarbeid i fag 14045 kan knyttes til faget.']"
91d781247fc97e1f4a4538c06b5594f3ea8dc366,63014bc852bd4e58b48bc38b9ff34f5533c109ef,https://www.ntnu.no/studieinformasjon/siving/eldre/97-98/1/14022.htm,https://www.ntnu.no/studieinformasjon/siving/eldre/97-98/1/14025.htm,"['Mål: Faget skal gje ei elementær innføring i by\xad og regionplanlegging som integrert del av samfunnsplanlegginga.', 'Forutsetning: Bygger på fag 14006 Planleggingslære.', 'Innhold: Den fysiske planleggingas historie. Oversikts\xad og detaljplanlegging. Innsamling og bruk av data i planlegginga. Landskap og bygde omgjevnader. Sosiologi i planlegginga. Planleggingsprinsipp og metodar. Planleggingsprosess, lovgrunnlag, planbehandling og planapparat. Faget er identisk med del 1 av fag 14021. Ein kan ta del 2 som valfritt fag.', 'Undervisningsform: Forelesingar og øvingar. Øvingane blir gjennomførte som gruppearbeid og tel halvparten ved fastsetting av karakter.']","['Mål: Faget gir en innføring i anvendelse av EDB\xadmetoder i by\xad og regionplanlegging.', 'Forutsetning: Fag 14021 Fysisk planlegging GK 1 og 2, 14022 Fysisk planlegging GK 1 og SAA4060 Planleggingskunnskap for arkitekter eller tilsvarende kunnskaper.', 'Innhold: Faget tar opp planfaglig anvendelse av programvare for innsamling, lagring, analyse og presentasjon av grunnlagsdata (dataregistre, kartografi, GIS), samt programvare for utforming av planer og prosjekter (DAK). Tema som gis: Analysemodeller, dataregistre, terrengmodeller, areal\xad og landskapsanalyser, nettverksanalyser i areal- og transportplanlegging, lokaliseringsanalyser, geodata i forvaltning og planlegging.']"
91d781247fc97e1f4a4538c06b5594f3ea8dc366,2e62720d67e1ef4427622c56ff6a09613d1505a4,https://www.ntnu.no/studieinformasjon/siving/eldre/97-98/1/14022.htm,https://www.ntnu.no/studieinformasjon/siving/eldre/97-98/1/14080.htm,"['Mål: Faget skal gje ei elementær innføring i by\xad og regionplanlegging som integrert del av samfunnsplanlegginga.', 'Forutsetning: Bygger på fag 14006 Planleggingslære.', 'Innhold: Den fysiske planleggingas historie. Oversikts\xad og detaljplanlegging. Innsamling og bruk av data i planlegginga. Landskap og bygde omgjevnader. Sosiologi i planlegginga. Planleggingsprinsipp og metodar. Planleggingsprosess, lovgrunnlag, planbehandling og planapparat. Faget er identisk med del 1 av fag 14021. Ein kan ta del 2 som valfritt fag.', 'Undervisningsform: Forelesingar og øvingar. Øvingane blir gjennomførte som gruppearbeid og tel halvparten ved fastsetting av karakter.']","['Mål: Faget skal gi forståelse av forutsetninger for, innhold av og metoder for gjennomføring av planlegging på et byøkologisk grunnlag.', 'Forutsetning: Studenter som har tatt fag SAA4077 Planlegging og bygging i utviklingsland, gis fortrinnsrett. Det er adgangsbegrensning. Faget erstatter fag SAA4079 Prosjekt i utviklingsland høsten 1997.', 'Innhold: Byøkologisk planlegging legger vekt på helhetlige løsninger med langsiktige ressurs-, miljø- og sosiale hensyn. Eksempler fra Norden og utviklingsland er utgangspunkt. Vekt vil legges på byfornyelse på et byøkologisk grunnlag. Prosjektarbeidet er økologisk planlegging på nabolags- og bydelsnivå i utviklingsland. Lokalsamfunnsanalyse skal legge grunnlag for tilpassede og prioriterte økologiske kriterier for planleggingen. Stedsbestemte forutsetninger skal vektlegges. Det skal arbeides med kart ved utarbeidelse av prosjektforslag.', 'Undervisningsform: Det legges vekt på tverrfaglige seminar med innledere fra Fakultet for arkitektur, plan og billedkunst og fra andre fakultet ved NTNU, og studier av eksempel (case-studies). Prosjektarbeid og diskusjoner i grupper. Det vil være feltarbeid av begrenset varighet (4-8 uker) i et utviklingsland.']"
91d781247fc97e1f4a4538c06b5594f3ea8dc366,33235cd3aeb1caa94927b91a9ea38d2f91991c6b,https://www.ntnu.no/studieinformasjon/siving/eldre/97-98/1/14022.htm,https://www.ntnu.no/studieinformasjon/siving/eldre/97-98/1/14026.htm,"['Mål: Faget skal gje ei elementær innføring i by\xad og regionplanlegging som integrert del av samfunnsplanlegginga.', 'Forutsetning: Bygger på fag 14006 Planleggingslære.', 'Innhold: Den fysiske planleggingas historie. Oversikts\xad og detaljplanlegging. Innsamling og bruk av data i planlegginga. Landskap og bygde omgjevnader. Sosiologi i planlegginga. Planleggingsprinsipp og metodar. Planleggingsprosess, lovgrunnlag, planbehandling og planapparat. Faget er identisk med del 1 av fag 14021. Ein kan ta del 2 som valfritt fag.', 'Undervisningsform: Forelesingar og øvingar. Øvingane blir gjennomførte som gruppearbeid og tel halvparten ved fastsetting av karakter.']","['Innhold: Faget tar opp byfornyelse ut fra et ressursperspektiv. Tema: (1) Historisk perspektiv. (2) Analyse av eksisterende ressurser, herunder kulturminner, boliger, service, næringsvirksomhet, trafikk og -miljø, rekreasjonsareal, befolkning. (3) Strategier, virkemidler og aktører i planprosessen. (4) Forvaltning og drift av byområder', 'Undervisningsform: Forelesninger og øvinger. Øvingene gjennomføres som gruppearbeid og teller halvparten ved fastsetting av karakter.']"
91d781247fc97e1f4a4538c06b5594f3ea8dc366,c7c35ada7c8436aa70bb58623b535cc57fd38350,https://www.ntnu.no/studieinformasjon/siving/eldre/97-98/1/14022.htm,https://www.ntnu.no/studieinformasjon/siving/eldre/97-98/1/14076.htm,"['Mål: Faget skal gje ei elementær innføring i by\xad og regionplanlegging som integrert del av samfunnsplanlegginga.', 'Forutsetning: Bygger på fag 14006 Planleggingslære.', 'Innhold: Den fysiske planleggingas historie. Oversikts\xad og detaljplanlegging. Innsamling og bruk av data i planlegginga. Landskap og bygde omgjevnader. Sosiologi i planlegginga. Planleggingsprinsipp og metodar. Planleggingsprosess, lovgrunnlag, planbehandling og planapparat. Faget er identisk med del 1 av fag 14021. Ein kan ta del 2 som valfritt fag.', 'Undervisningsform: Forelesingar og øvingar. Øvingane blir gjennomførte som gruppearbeid og tel halvparten ved fastsetting av karakter.']","['Mål: Faget skal gi forståelse for forutsetninger og anvendbar kunnskap for gjennomføring av planlegging, infrastruktur og byggevirksomhet på et bærekraftig grunnlag i utviklingsland.', 'Forutsetning: Faget bør velges av studenter som skal ta fag SAA4079 Prosjekt i utviklingsland og fag SAA4080 Byøkologisk planlegging. Faget må velges av studenter som skal ta hovedoppgave i utviklingsland. Samkjøres med fag SAA4077 for Fakultet for arkitektur, plan og billedkunst.', 'Innhold: Planlegging for bærekraftig utvikling krever kunnskaper på et bredt tverrfaglig grunnlag. Kurset vil diskutere teori- og metodegrunnlag for bærekraftig samfunns- og byutvikling, planlegging og byggevirksomhet. Miljø-, sosioøkonomiske-, fysiske- og kulturelle faktorer skal sees i sammenheng, og ut fra ulike stedlige betingelser. Det vil legges vekt på eksempel som illustrerer ulike betingelser og institusjonelle rammer for utvikling og gjennomføring av prosjekt i bistandssamarbeid. Planlegging under krise og for igjenoppbygging etter katastrofer vil være deltema. Det skal gjennomføres øvingsoppgave med prosjektdokument ut fra FN-format.', 'Undervisningsform: Faget er et samarbeid mellom flere institutter ved Fakultet for arkitektur, plan og billedkunst og Fakultet for bygg- og miljøteknikk. Det legges vekt på tverrfaglige seminarer med innledere fra andre fakultet ved NTNU, og studier av eksempel (case-studies). En studie-/øvingsoppgave skal gjennomføres.']"
91d781247fc97e1f4a4538c06b5594f3ea8dc366,cc88cf69641c5b6b13c7b93c82e909ae56cdb425,https://www.ntnu.no/studieinformasjon/siving/eldre/97-98/1/14022.htm,https://www.ntnu.no/studieinformasjon/siving/eldre/97-98/1/14073.htm,"['Mål: Faget skal gje ei elementær innføring i by\xad og regionplanlegging som integrert del av samfunnsplanlegginga.', 'Forutsetning: Bygger på fag 14006 Planleggingslære.', 'Innhold: Den fysiske planleggingas historie. Oversikts\xad og detaljplanlegging. Innsamling og bruk av data i planlegginga. Landskap og bygde omgjevnader. Sosiologi i planlegginga. Planleggingsprinsipp og metodar. Planleggingsprosess, lovgrunnlag, planbehandling og planapparat. Faget er identisk med del 1 av fag 14021. Ein kan ta del 2 som valfritt fag.', 'Undervisningsform: Forelesingar og øvingar. Øvingane blir gjennomførte som gruppearbeid og tel halvparten ved fastsetting av karakter.']","['Mål: Faget skal gi forståelse av omgivelsesproduksjonen og byens arkitektur, metoder til beskrivelse og tolking av omgivelsene og gi holdepunkter for arkitektonisk forming. Som tema tar en også opp strategier og planredskaper i byplanlegging.', 'Forutsetning: Basiskunnskaper i arkitektur.', 'Innhold: Faget består av en teoridel og en prosjektdel. Prosjektarbeidet vil bli lagt til et bestemt by\xad eller tettstedsområde der en vil studere og analysere arkitektoniske og pragmatiske forutsetninger, og utarbeide forslag til omforming av området. Teoridelen omfatter generell kunnskap om teori, metoder og redskaper i fysisk planlegging på stedsnivå. Utvidet teori inngår i fag SAA4028 Byformingshistorie og teori.']"
91d781247fc97e1f4a4538c06b5594f3ea8dc366,8aabe314beccccce5c11a8e5e3b1665401234916,https://www.ntnu.no/studieinformasjon/siving/eldre/97-98/1/14022.htm,https://www.ntnu.no/studieinformasjon/siving/eldre/97-98/1/14079.htm,"['Mål: Faget skal gje ei elementær innføring i by\xad og regionplanlegging som integrert del av samfunnsplanlegginga.', 'Forutsetning: Bygger på fag 14006 Planleggingslære.', 'Innhold: Den fysiske planleggingas historie. Oversikts\xad og detaljplanlegging. Innsamling og bruk av data i planlegginga. Landskap og bygde omgjevnader. Sosiologi i planlegginga. Planleggingsprinsipp og metodar. Planleggingsprosess, lovgrunnlag, planbehandling og planapparat. Faget er identisk med del 1 av fag 14021. Ein kan ta del 2 som valfritt fag.', 'Undervisningsform: Forelesingar og øvingar. Øvingane blir gjennomførte som gruppearbeid og tel halvparten ved fastsetting av karakter.']","['Mål: Faget skal gi forståelse av forutsetninger for, innhold av og metoder for gjennomføring av prosjektorienterte, lokale planleggingstiltak i utviklingsland.', 'Forutsetning: Faget samordnes med fag SAA4077 Planlegging og bygging i utviklingsland. Studenter som har tatt dette faget gis fortrinnsrett. Det er adgangsbegrensing.', 'Innhold: Prosjektrettet planlegging som både gir kortsiktig resultat og en langsiktig bærekraftig utvikling, er en utfordring. Desentralisering og samordning innen rammene av kommunalt selvstyre er i fokus ved byfornyelse i utviklingsland. Integrert aksjonsplanlegging er et verktøy som er under utvikling, og som brukes sammen med lokale arealbruks- og aktivitetsplanlegging. Faget er prosjektrettet med feltarbeid i utviklingsland. Studier skal legge grunnlaget for å forstå årsaker og virkninger av lokale endringsprosesser i byene. Dette skal videreføres i integrerte, men veldefinerte, planleggingsprosjekt. Prosjektarbeidet vil være i nært samarbeid med lokale fagfolk og i lokalsamfunn. Det skal utarbeides et prosjektdokument i FN-format basert på feltarbeidet.', 'Undervisningsform: Seminarer. Studier av eksempel (case-studies). Prosjektarbeid og diskusjoner i grupper. Det vil være feltarbeid av begrenset varighet (4-8 uker) i et utviklingsland.']"
91d781247fc97e1f4a4538c06b5594f3ea8dc366,e0184370a55afa4852ee9b45878015f78045d99d,https://www.ntnu.no/studieinformasjon/siving/eldre/97-98/1/14022.htm,https://www.ntnu.no/studieinformasjon/siving/eldre/97-98/1/15052.htm,"['Mål: Faget skal gje ei elementær innføring i by\xad og regionplanlegging som integrert del av samfunnsplanlegginga.', 'Forutsetning: Bygger på fag 14006 Planleggingslære.', 'Innhold: Den fysiske planleggingas historie. Oversikts\xad og detaljplanlegging. Innsamling og bruk av data i planlegginga. Landskap og bygde omgjevnader. Sosiologi i planlegginga. Planleggingsprinsipp og metodar. Planleggingsprosess, lovgrunnlag, planbehandling og planapparat. Faget er identisk med del 1 av fag 14021. Ein kan ta del 2 som valfritt fag.', 'Undervisningsform: Forelesingar og øvingar. Øvingane blir gjennomførte som gruppearbeid og tel halvparten ved fastsetting av karakter.']","['Innhold: Faget tar opp teorier og metoder innen stedsstudier og stedsforming. Prosjekteringen dreier seg om overordnede arkitektoniske rom, som byrom, uterom for brukere i alle aldre, «mellomrom» og landskapsrom, og om forming og detaljering av romskapende elementer. Utvikling av overordnede idèer og formidling av dem vektlegges.', 'Undervisningsform: Seminarer hver uke med diskusjon av teorier og metoder innen stedsoppfattelse, tolking, evaluering og med prosjektkritikk. Evt. ekskursjon.', 'Kursmateriell: Kompendium, litteratur, artikler og tidligere studentarbeider.']"
91d781247fc97e1f4a4538c06b5594f3ea8dc366,f357a99bffbf8747ecf1bde4a5d3fd0cda7b20c6,https://www.ntnu.no/studieinformasjon/siving/eldre/97-98/1/14022.htm,https://www.ntnu.no/studieinformasjon/siving/eldre/97-98/1/14060.htm,"['Mål: Faget skal gje ei elementær innføring i by\xad og regionplanlegging som integrert del av samfunnsplanlegginga.', 'Forutsetning: Bygger på fag 14006 Planleggingslære.', 'Innhold: Den fysiske planleggingas historie. Oversikts\xad og detaljplanlegging. Innsamling og bruk av data i planlegginga. Landskap og bygde omgjevnader. Sosiologi i planlegginga. Planleggingsprinsipp og metodar. Planleggingsprosess, lovgrunnlag, planbehandling og planapparat. Faget er identisk med del 1 av fag 14021. Ein kan ta del 2 som valfritt fag.', 'Undervisningsform: Forelesingar og øvingar. Øvingane blir gjennomførte som gruppearbeid og tel halvparten ved fastsetting av karakter.']","['Mål: Faget gir en grunnleggende innføring i fysisk planlegging, med forming av omgivelser som det sentrale emnet.', 'Forutsetning: Ingen.', 'Innhold: Temamessig er det bygd opp om 4 hoveddeler: Analysemetoder for forståelse av omgivelsene som arkitektur. Fysisk planlegging \xad teori og metoder. Infrastruktur. Planredskaper.', 'Undervisningsform: Undervisningen i faget er samordnet med fag SAA4061 Arkitektur 5. De to fagene danner tilsammen et helhetlig undervisningstilbud der Planleggingskunnskap omfatter teori og Arkitektur 5 gir øvingsoppgaver.']"
91d781247fc97e1f4a4538c06b5594f3ea8dc366,bc2836716e808e930497462db533fdb2d6e6c4e4,https://www.ntnu.no/studieinformasjon/siving/eldre/97-98/1/14022.htm,https://www.ntnu.no/studieinformasjon/siving/eldre/97-98/1/14059.htm,"['Mål: Faget skal gje ei elementær innføring i by\xad og regionplanlegging som integrert del av samfunnsplanlegginga.', 'Forutsetning: Bygger på fag 14006 Planleggingslære.', 'Innhold: Den fysiske planleggingas historie. Oversikts\xad og detaljplanlegging. Innsamling og bruk av data i planlegginga. Landskap og bygde omgjevnader. Sosiologi i planlegginga. Planleggingsprinsipp og metodar. Planleggingsprosess, lovgrunnlag, planbehandling og planapparat. Faget er identisk med del 1 av fag 14021. Ein kan ta del 2 som valfritt fag.', 'Undervisningsform: Forelesingar og øvingar. Øvingane blir gjennomførte som gruppearbeid og tel halvparten ved fastsetting av karakter.']","['Mål: Faget skal gi kjennskap til landskapsplanlegging på oversiktsnivå, med hovedvekt på analyse-metoder.', 'Forutsetning: For fak. B må fag 14021 Fysisk planlegging GK 1 og 2 eller 14022 Fysisk planlegging GK 1 være bestått.', 'Innhold: I landskapsplanlegging legges det vekt på analyse av muligheter og begrensninger i landskap og naturgrunnlag. Aktuelle tema: Problemstillinger på ulike plannivå; landskap, landskapskomponenter og landskapsøkologi; landskapsopplevelse og visuelle landskapsanalyser; analyseprosesser: Datagrunnlag, analyseteknikker og modelltyper, bruk av geografisk informajonssystem (GIS); utvikling av egnethetsmodeller og miljøkonsekvensanalyser. Prosjektarbeid i fagene 14045 og 14088 kan knyttes til faget.']"
91d781247fc97e1f4a4538c06b5594f3ea8dc366,2a1f0982a5f1d39c84014c5dd48d47c59864ffdd,https://www.ntnu.no/studieinformasjon/siving/eldre/97-98/1/14022.htm,https://www.ntnu.no/studieinformasjon/siving/eldre/97-98/1/11029.htm,"['Mål: Faget skal gje ei elementær innføring i by\xad og regionplanlegging som integrert del av samfunnsplanlegginga.', 'Forutsetning: Bygger på fag 14006 Planleggingslære.', 'Innhold: Den fysiske planleggingas historie. Oversikts\xad og detaljplanlegging. Innsamling og bruk av data i planlegginga. Landskap og bygde omgjevnader. Sosiologi i planlegginga. Planleggingsprinsipp og metodar. Planleggingsprosess, lovgrunnlag, planbehandling og planapparat. Faget er identisk med del 1 av fag 14021. Ein kan ta del 2 som valfritt fag.', 'Undervisningsform: Forelesingar og øvingar. Øvingane blir gjennomførte som gruppearbeid og tel halvparten ved fastsetting av karakter.']","['Mål: Faget skal gi videregående orientering om, og erfaring med, ulike anvendelser av informasjonsteknologi (IT) i arkitektfaget.', 'Forutsetning: Fag SAA1021 IT for arkitekter, introduksjon, eller tilsvarende kunnskaper.', 'Innhold: Tema for kurset er CAAD. Dette innebærer bruk av modelleringsprogram, tegneprogram, visualiseringsprogram for lys og materialer, program for tekniske analyser, program for prosjektstyring, informasjons- og kunnskapssystemer, datakommunikasjon i prosjektering og prosjektstyring.', 'Undervisningsform: Forelesninger, øvinger og prosjektarbeid, samt besøk hos IT\xadbrukere og IT\xadutviklere. Øvinger og prosjektarbeid teller 50% i den endelige karakteren i faget.']"
91d781247fc97e1f4a4538c06b5594f3ea8dc366,803f8194d5268dda43c8930cafebf1ae2711a3b1,https://www.ntnu.no/studieinformasjon/siving/eldre/97-98/1/14022.htm,https://www.ntnu.no/studieinformasjon/siving/eldre/97-98/1/11082.htm,"['Mål: Faget skal gje ei elementær innføring i by\xad og regionplanlegging som integrert del av samfunnsplanlegginga.', 'Forutsetning: Bygger på fag 14006 Planleggingslære.', 'Innhold: Den fysiske planleggingas historie. Oversikts\xad og detaljplanlegging. Innsamling og bruk av data i planlegginga. Landskap og bygde omgjevnader. Sosiologi i planlegginga. Planleggingsprinsipp og metodar. Planleggingsprosess, lovgrunnlag, planbehandling og planapparat. Faget er identisk med del 1 av fag 14021. Ein kan ta del 2 som valfritt fag.', 'Undervisningsform: Forelesingar og øvingar. Øvingane blir gjennomførte som gruppearbeid og tel halvparten ved fastsetting av karakter.']","['Mål: Fagets formål er å gi en grunnleggende innføring i prinsippene for prosjektering av lysforhold i bygninger, med spesiell vekt på dagslys.', 'Forutsetning: Eksamen i fag SAA1013 Bygningsfysikk eller faglig bakgrunn i bygningsfysikk tilsvarende dette faget.', 'Innhold: Fotometri, øyet og synsfaktorene, belysningstekniske kriterier, dagslys som lyskilde, dagslysdata og beregninger, dagslysets betydning for arbeidsmiljø og trivsel, og litt om elektrisk lys, lyskilder, armaturer og belysningsberegninger.', 'Undervisningsform: Noen forelesninger felles med fag 41251 Lysteknikk. I tillegg gis seminarer, demonstrasjoner, ekskursjoner og øvingsoppgaver.', 'Kursmateriell: H.H. Bjørset: Lys og belysning i arbeidsmiljøet, Tapir.', 'H.A. Løfberg: Rekna med dagsljus, Statens institut for byggnadsforskning.']"
91d781247fc97e1f4a4538c06b5594f3ea8dc366,a193b41f5b70da65d8a68ca37322b3a9420d0dfc,https://www.ntnu.no/studieinformasjon/siving/eldre/97-98/1/14022.htm,https://www.ntnu.no/studieinformasjon/siving/eldre/97-98/1/14088.htm,"['Mål: Faget skal gje ei elementær innføring i by\xad og regionplanlegging som integrert del av samfunnsplanlegginga.', 'Forutsetning: Bygger på fag 14006 Planleggingslære.', 'Innhold: Den fysiske planleggingas historie. Oversikts\xad og detaljplanlegging. Innsamling og bruk av data i planlegginga. Landskap og bygde omgjevnader. Sosiologi i planlegginga. Planleggingsprinsipp og metodar. Planleggingsprosess, lovgrunnlag, planbehandling og planapparat. Faget er identisk med del 1 av fag 14021. Ein kan ta del 2 som valfritt fag.', 'Undervisningsform: Forelesingar og øvingar. Øvingane blir gjennomførte som gruppearbeid og tel halvparten ved fastsetting av karakter.']","['Mål: Faget gir en elementær innføring i forskningsmetoder for studenter som forbedredelse til arbeid med prosjektoppgaver og hovedoppgaver innenfor problemstillinger i by\xad og regionplanlegging.', 'Forutsetning: Ingen.', 'Innhold: Det gis en gjennomgåelse av forskningsmetoder (hypoteseprøvende vs. hypotesegenererende, deduktive vs. induktive) i forhold til aktuelle prosjekter og litteratur om forskningsmetode. Bidrag skal gis av gjesteforelesere fra forskjellige forskningsmiljøer (fysisk planlegging, arkitektur, sosialvitenskap). Studentene skal gjennom presentasjon av egne prosjektideer lære å vurdere egne og andres forskningsdesign. Studentene skal utarbeide skriftlig underlag for det de presenterer i form av en prosjektbeskrivelse som kan tjene som søknad til et forskningsråd.', 'Undervisningsform: Forelesninger, seminarer basert på studentprosjekter. Prosjektarbeidene teller 50% i den endelige karakteren i faget.']"
91d781247fc97e1f4a4538c06b5594f3ea8dc366,4f6d953ab2b085c5c86f01d750041cbc5c29b2a8,https://www.ntnu.no/studieinformasjon/siving/eldre/97-98/1/14022.htm,https://www.ntnu.no/studieinformasjon/siving/eldre/97-98/1/14003.htm,"['Mål: Faget skal gje ei elementær innføring i by\xad og regionplanlegging som integrert del av samfunnsplanlegginga.', 'Forutsetning: Bygger på fag 14006 Planleggingslære.', 'Innhold: Den fysiske planleggingas historie. Oversikts\xad og detaljplanlegging. Innsamling og bruk av data i planlegginga. Landskap og bygde omgjevnader. Sosiologi i planlegginga. Planleggingsprinsipp og metodar. Planleggingsprosess, lovgrunnlag, planbehandling og planapparat. Faget er identisk med del 1 av fag 14021. Ein kan ta del 2 som valfritt fag.', 'Undervisningsform: Forelesingar og øvingar. Øvingane blir gjennomførte som gruppearbeid og tel halvparten ved fastsetting av karakter.']",['Undervisningsform: Undervisningen gis i samarbeid mellom flere institutter. Deler av undervisningen vil bli gjennomført som problembasert læring. Forelesninger og obligatoriske øvinger i grupper. 6 dager feltøvinger i landmåling i forbindelse med eksamensperioden. Øvingene teller i den endelige karakteren i faget.']
91d781247fc97e1f4a4538c06b5594f3ea8dc366,b6eb2ebc6a48fd721b4ef674b3b0cfbed7ccf8c4,https://www.ntnu.no/studieinformasjon/siving/eldre/97-98/1/14022.htm,https://www.ntnu.no/studieinformasjon/siving/eldre/97-98/1/11032.htm,"['Mål: Faget skal gje ei elementær innføring i by\xad og regionplanlegging som integrert del av samfunnsplanlegginga.', 'Forutsetning: Bygger på fag 14006 Planleggingslære.', 'Innhold: Den fysiske planleggingas historie. Oversikts\xad og detaljplanlegging. Innsamling og bruk av data i planlegginga. Landskap og bygde omgjevnader. Sosiologi i planlegginga. Planleggingsprinsipp og metodar. Planleggingsprosess, lovgrunnlag, planbehandling og planapparat. Faget er identisk med del 1 av fag 14021. Ein kan ta del 2 som valfritt fag.', 'Undervisningsform: Forelesingar og øvingar. Øvingane blir gjennomførte som gruppearbeid og tel halvparten ved fastsetting av karakter.']","['Mål: Faget skal gi en utdypende orientering om bærekonstruksjoners virkemåte og muligheter.', 'Forutsetning: Bør ha gjennomført fag SAA1006 Konstruksjonsteori eller ha tilsvarende kunnskaper.', 'Innhold: Materialene tre, stål og betong samt emnet geoteknikk og fundamentering blir kort behandlet. De forskjellige konstruksjonselementene som bjelker, bjelkerister, buer, rammer, plane fagverk, romfagverk, tau\xad og hengekonstruksjoner samt skall blir gjennomgått.', 'Undervisningsform: En kort teoretisk beskrivelse av de enkelte materialene og konstruksjonene gjennomføres ved bruk av overhead og tavle. De praktiske eksemplene belyses med lysbilder. Øvingene varierer fra litteraturstudier med beskrivelse av bærekonstruksjonen i enkelte bygg til enkle dimensjoneringsoppgaver.', 'Kursmateriell: Det er utarbeidet et kompendium ved instituttet, videre henvises det til supplerende litteratur om bygningskonstruksjoner. Instituttet har også en del dataprogrammer, men hovedvekten legges på overslagsmessig dimensjonering.']"
91d781247fc97e1f4a4538c06b5594f3ea8dc366,dfc02ea04ddf07194e2735d9f3e2af413170337a,https://www.ntnu.no/studieinformasjon/siving/eldre/97-98/1/14022.htm,https://www.ntnu.no/studieinformasjon/siving/eldre/97-98/8/81022.htm,"['Mål: Faget skal gje ei elementær innføring i by\xad og regionplanlegging som integrert del av samfunnsplanlegginga.', 'Forutsetning: Bygger på fag 14006 Planleggingslære.', 'Innhold: Den fysiske planleggingas historie. Oversikts\xad og detaljplanlegging. Innsamling og bruk av data i planlegginga. Landskap og bygde omgjevnader. Sosiologi i planlegginga. Planleggingsprinsipp og metodar. Planleggingsprosess, lovgrunnlag, planbehandling og planapparat. Faget er identisk med del 1 av fag 14021. Ein kan ta del 2 som valfritt fag.', 'Undervisningsform: Forelesingar og øvingar. Øvingane blir gjennomførte som gruppearbeid og tel halvparten ved fastsetting av karakter.']","['Mål: Lære studentene å beregne spenninger og deformasjoner til skip og marine konstruksjoner på bakgrunn av konstruktiv utforming og virkemåte samt dimensjoneringskriterier og regelverk.', 'Forutsetning: Bygger delvis på fag 81013 Statikk for marine konstruksjoner, 80040 Dynamisk analyse av enkle mekaniske systemer og 81524 Hydrodynamikk og havmiljø GK.', 'Innhold: Faget behandler konstruktiv virkemåte, lastvirkningsanalyse og dimensjonering av skip og andre marine konstruksjoner, og inneholder følgende emner: Analyse av skive\xad og platekonstruksjoner. Knekking og buling. Bruk av stokastisk analyse for beregning av ekstremrespons og utmatting. Analysemodeller: Skip, flyttbare plattformer, ettergivende plattformer, faste plattformer. Dimensjonering av konstruksjoner. Regelverk: Konstruksjonsfilosofi, sikkerhet, konseptevaluering.', 'Undervisningsform: Forelesninger, obligatoriske regneøvinger og laboratorieøvinger. Det vil bli gjennomført et felles øvingsopplegg i vårsemesteret med fag 80521 Marin prosjektering GK. Det arrangeres en karaktergivende øving ved slutten av høstsemesteret. Avsluttende eksamen omfatter ikke den delen av pensum som denne øvingen dekker. Karakteren fra øvingen skal telle med 33% i sluttkarakteren.', 'Kursmateriell: Kåre Syvertsen: Skiver og plater. Carl M. Larsen: Knekning av søyler. Carl M. Larsen: Stokastisk analyse. Carl M. Larsen: Analyse og modellering av marine konstruksjoner.']"
91d781247fc97e1f4a4538c06b5594f3ea8dc366,81d745509c600c1303f31479f538ead988f28ee7,https://www.ntnu.no/studieinformasjon/siving/eldre/97-98/1/14022.htm,https://www.ntnu.no/studieinformasjon/siving/eldre/97-98/1/14061.htm,"['Mål: Faget skal gje ei elementær innføring i by\xad og regionplanlegging som integrert del av samfunnsplanlegginga.', 'Forutsetning: Bygger på fag 14006 Planleggingslære.', 'Innhold: Den fysiske planleggingas historie. Oversikts\xad og detaljplanlegging. Innsamling og bruk av data i planlegginga. Landskap og bygde omgjevnader. Sosiologi i planlegginga. Planleggingsprinsipp og metodar. Planleggingsprosess, lovgrunnlag, planbehandling og planapparat. Faget er identisk med del 1 av fag 14021. Ein kan ta del 2 som valfritt fag.', 'Undervisningsform: Forelesingar og øvingar. Øvingane blir gjennomførte som gruppearbeid og tel halvparten ved fastsetting av karakter.']","['Forutsetning: Faget samordnes med fag SAA4060 Planleggingskunnskap for arkitekter, som gir den teoretiske kunnskapen.', 'Innhold: Faget tar for seg et tettsted eller en bydel som studieområde. En gjennomgår ulike modeller for å hente kunnskap om området og ulike innfallsvinkler og metoder for fysisk planlegging i området. Hovedvekten blir lagt på å analysere og forstå de fysiske omgivelsene som arkitektur. Semester-oppgaven blir programmert av studentene selv på grunnlag av analysen av studieområdet. Dette vil være en byformingsoppgave på oversikts\xad eller detaljnivå.']"
91d781247fc97e1f4a4538c06b5594f3ea8dc366,a5121749a5e305a0d7be3eb61d85ef4352289fdf,https://www.ntnu.no/studieinformasjon/siving/eldre/97-98/1/14022.htm,https://www.ntnu.no/studieinformasjon/siving/eldre/97-98/1/15072.htm,"['Mål: Faget skal gje ei elementær innføring i by\xad og regionplanlegging som integrert del av samfunnsplanlegginga.', 'Forutsetning: Bygger på fag 14006 Planleggingslære.', 'Innhold: Den fysiske planleggingas historie. Oversikts\xad og detaljplanlegging. Innsamling og bruk av data i planlegginga. Landskap og bygde omgjevnader. Sosiologi i planlegginga. Planleggingsprinsipp og metodar. Planleggingsprosess, lovgrunnlag, planbehandling og planapparat. Faget er identisk med del 1 av fag 14021. Ein kan ta del 2 som valfritt fag.', 'Undervisningsform: Forelesingar og øvingar. Øvingane blir gjennomførte som gruppearbeid og tel halvparten ved fastsetting av karakter.']","['Mål: Små oppgaver skal gi fortrolighet med å forme i modell med vind og nedbør som viktige premisser i en situasjon. Som underlag gis den nødvendige, teoretiske innføring.', 'Forutsetning: Basiskunnskaper i arkitektur.', 'Innhold: Faget behandler emner knyttet til vind og nedbør som formingsfaktor, med hovedvekt på prosjektering av bygninger i værharde strøk. Arbeidet med øvingene vil også reflektere prosjekteringsmetodiske spørsmål. De viktigste temaene er: Klimaelementene, klima som premiss for form, arkitektureksempler på klimatilpasning, vind som fenomen, kombinasjonen vind og nedbør, klima og menneske, vind og bygget form, prosjekteringsverktøy og arbeidsmåte, ressurser og sted.', 'Undervisningsform: Seminarer og øvinger. Øvingene teller 50% i den endelige karakteren i faget.']"
91d781247fc97e1f4a4538c06b5594f3ea8dc366,a2fd95eab103b37dbeca7b083e687fc8b17a8915,https://www.ntnu.no/studieinformasjon/siving/eldre/97-98/1/14022.htm,https://www.ntnu.no/studieinformasjon/siving/eldre/97-98/1/14028.htm,"['Mål: Faget skal gje ei elementær innføring i by\xad og regionplanlegging som integrert del av samfunnsplanlegginga.', 'Forutsetning: Bygger på fag 14006 Planleggingslære.', 'Innhold: Den fysiske planleggingas historie. Oversikts\xad og detaljplanlegging. Innsamling og bruk av data i planlegginga. Landskap og bygde omgjevnader. Sosiologi i planlegginga. Planleggingsprinsipp og metodar. Planleggingsprosess, lovgrunnlag, planbehandling og planapparat. Faget er identisk med del 1 av fag 14021. Ein kan ta del 2 som valfritt fag.', 'Undervisningsform: Forelesingar og øvingar. Øvingane blir gjennomførte som gruppearbeid og tel halvparten ved fastsetting av karakter.']","['Mål: Faget gir en innføring i den moderne europeiske byplanhistorien og teori bak byforming. Egner seg som støtte for fag SAA4073.', 'Forutsetning: Arkitektstudenter som vil ta faget, forutsettes å ha gjennomført fag SAA4060 Planleggingskunnskap for arkitekter og fag SAA3554 Arkitekturens teori og historie 3. Byggstudenter som vil ta faget, forutsettes å ha gjennomført fag 14021 Fysisk detaljplanlegging GK 1 og 2.', 'Innhold: Teoretisk studium i nyere byplanhistorie og byformingsteorier. Pensum har en obligatorisk og en sjølvalgt del. Kandidatene skriver et essay med utgangspunkt i pensumlitteraturen.', 'Undervisningsform: Undervisningen skjer i seminarform og forelesninger.', 'Kursmateriell: Kompendier. ed. R.T. Legates, F. Stout: The City Reader.']"
bc88d36bf0288767e283f9fa32674c90baa3f746,c760d1140f47473737cb1294e6717366bb3cb8ad,https://www.ntnu.no/studieinformasjon/siving/eldre/97-98/3/34512.htm,https://www.ntnu.no/studieinformasjon/siving/eldre/97-98/3/34210.htm,"['Mål: Faget tek sikte på å gje studentane grunnleggjande forståing av korleis vatnet førekjem i naturen, med kvantifisering og med innføring i hydrologiske berekningar.', 'Forutsetning: Byggjer på elementære kunnskaper i matematikk, statistikk, fysikk og kjemi. Det baserer seg på eit visst kjennskap til hydrologi slik denne blir presentert i fag 34511 Hydroteknikk GK.', 'Innhold: Orientering om klima. Innføring i observasjonsmetodikk og i bruk av grunnleggjande observasjonsmateriale for å finna tilgang på vatn, berekna vilkåra for å regulera og utnytta vassførekomstene, og ta vare på vassressursar.', 'Undervisningsform: Forelesingar, kombinerte med små teori\xad og rekneøvingar. Nokre øvingsoppgåver kan studentane arbeida vidare med sjølvstendig. Eit mini\xadprosjektarbeide i gruppe er obligatorisk. Ekskursjonar.', 'Kursmateriell: John Tveit: Ingeniørhydrologi 1994.', 'Ei amerikansk støttebok til utfylling og eventuell vidareføring: V.T. Chow, D.R. Maidment og L.W. Mays: Applied Hydrology, McGraw-Hill 1988.']","['Mål: Faget gir en grunnleggende innføring i hvordan transportbehov og trafikk oppstår og håndteres på nasjonalt og lokalt nivå, og som en del av samfunnsplanleggingen.', 'Forutsetning: Ingen.', 'Innhold: Det gis en oversikt over utvikling og problemer i forbindelse med transport av personer og gods med transportformene sjø\xad, bane\xad, luft\xad og vegtransport. Faget danner derved en naturlig innfallsport til transport og trafikk som tema og bestanddel innen teknisk planlegging. Følgende hovedtemaer tas opp: Problemstillinger knyttet til de enkelte transportformer og fordelingen mellom dem. Transport som en nødvendighet og som et gode. Planleggingsbehov som følge av konkurranse, knapphet på ressurser og kapasitet, samt konsekvenser som ulykker og andre miljøpåvirkninger. Oppbyggingen av vegsystem og egenskaper knyttet til vegtrafikk. Arealbruk, kommunikasjonssystem, reisevaner og økonomi, metoder og prinsipper for å løse problemer og planleggingsoppgaver.', 'Undervisningsform: Forelesninger. Øvinger som må være utført og godkjent før eksamen i faget.']"
bc88d36bf0288767e283f9fa32674c90baa3f746,864dad871f6fbaf7d30b77664b6bf52e933fce7f,https://www.ntnu.no/studieinformasjon/siving/eldre/97-98/3/34512.htm,https://www.ntnu.no/studieinformasjon/siving/eldre/97-98/3/37041.htm,"['Mål: Faget tek sikte på å gje studentane grunnleggjande forståing av korleis vatnet førekjem i naturen, med kvantifisering og med innføring i hydrologiske berekningar.', 'Forutsetning: Byggjer på elementære kunnskaper i matematikk, statistikk, fysikk og kjemi. Det baserer seg på eit visst kjennskap til hydrologi slik denne blir presentert i fag 34511 Hydroteknikk GK.', 'Innhold: Orientering om klima. Innføring i observasjonsmetodikk og i bruk av grunnleggjande observasjonsmateriale for å finna tilgang på vatn, berekna vilkåra for å regulera og utnytta vassførekomstene, og ta vare på vassressursar.', 'Undervisningsform: Forelesingar, kombinerte med små teori\xad og rekneøvingar. Nokre øvingsoppgåver kan studentane arbeida vidare med sjølvstendig. Eit mini\xadprosjektarbeide i gruppe er obligatorisk. Ekskursjonar.', 'Kursmateriell: John Tveit: Ingeniørhydrologi 1994.', 'Ei amerikansk støttebok til utfylling og eventuell vidareføring: V.T. Chow, D.R. Maidment og L.W. Mays: Applied Hydrology, McGraw-Hill 1988.']","['Mål: Faget tar sikte på å gi studentene grunnleggende kjennskap til prinsipper og metoder for dimensjonering av spennbetongbjelker og betongelementkonstruksjoner.', 'Forutsetning: Eksamen i fag 37040 Betongkonstruksjoner 1 GK.', 'Innhold: Faget gir et grunnlag i dimensjonering av konstruksjonsdeler av spennarmert betong. Både før\xadspent og etter\xadspent armering behandles prinsipielt. Spesielt behandles beregning og dimensjonering av vanlige betongelementkonstruksjoner inklusive konstruksjonsutforming av spennarmerte og slakkarmerte elementer og forbindelsene mellom elementene. Konstruksjonsdeler basert på samvirke mellom elementer og plasstøpt betong behandles kortfattet.']"
bc88d36bf0288767e283f9fa32674c90baa3f746,05527a0b9df5a3eacf57e76ebb749a4f8e0880f9,https://www.ntnu.no/studieinformasjon/siving/eldre/97-98/3/34512.htm,https://www.ntnu.no/studieinformasjon/siving/eldre/97-98/3/34528.htm,"['Mål: Faget tek sikte på å gje studentane grunnleggjande forståing av korleis vatnet førekjem i naturen, med kvantifisering og med innføring i hydrologiske berekningar.', 'Forutsetning: Byggjer på elementære kunnskaper i matematikk, statistikk, fysikk og kjemi. Det baserer seg på eit visst kjennskap til hydrologi slik denne blir presentert i fag 34511 Hydroteknikk GK.', 'Innhold: Orientering om klima. Innføring i observasjonsmetodikk og i bruk av grunnleggjande observasjonsmateriale for å finna tilgang på vatn, berekna vilkåra for å regulera og utnytta vassførekomstene, og ta vare på vassressursar.', 'Undervisningsform: Forelesingar, kombinerte med små teori\xad og rekneøvingar. Nokre øvingsoppgåver kan studentane arbeida vidare med sjølvstendig. Eit mini\xadprosjektarbeide i gruppe er obligatorisk. Ekskursjonar.', 'Kursmateriell: John Tveit: Ingeniørhydrologi 1994.', 'Ei amerikansk støttebok til utfylling og eventuell vidareføring: V.T. Chow, D.R. Maidment og L.W. Mays: Applied Hydrology, McGraw-Hill 1988.']","['Mål: Faget tar sikte på å gi en innføring i renseteknikk for vann og avløp samt håndtering og behandling av fast avfall for byer, tettsteder og spredt bebyggelse.', 'Forutsetning: Ingen.', 'Innhold: Beskrivelse av mengde og sammensetning av kommunalt avløpsvann og avfall. Myndighetenes krav til utslipp av kommunalt avløpsvann, til avfallshåndtering og til kvalitet på drikkevann. Rensing av avløpsvann, herunder behandling og utnyttelse av slam. Behandling av drikkevann. Behandling av vann og avløpsvann i spredt bebyggelse. Innsamling, transport, behandling, resirkulering og sluttdisponering av kommunalt avfall. Håndtering av spesialavfall. Faget vil gi et grunnlag for de som ønsker å spesialisere seg videre innenfor vann\xad og avfallsbehandling både innen kommunalsektoren, industrien og innen akvakulturteknologi.', 'Undervisningsform: Forelesninger og øvinger. Øvingene dekker oppgaver innen dimensjonering av renseanlegg for hhv. avløpsvann og drikkevann, samt planlegging av kommunalt renovasjonssystem.']"
bc88d36bf0288767e283f9fa32674c90baa3f746,73f21acb994024b487e73396e8a6c2b758f2fa82,https://www.ntnu.no/studieinformasjon/siving/eldre/97-98/3/34512.htm,https://www.ntnu.no/studieinformasjon/siving/eldre/97-98/3/34216.htm,"['Mål: Faget tek sikte på å gje studentane grunnleggjande forståing av korleis vatnet førekjem i naturen, med kvantifisering og med innføring i hydrologiske berekningar.', 'Forutsetning: Byggjer på elementære kunnskaper i matematikk, statistikk, fysikk og kjemi. Det baserer seg på eit visst kjennskap til hydrologi slik denne blir presentert i fag 34511 Hydroteknikk GK.', 'Innhold: Orientering om klima. Innføring i observasjonsmetodikk og i bruk av grunnleggjande observasjonsmateriale for å finna tilgang på vatn, berekna vilkåra for å regulera og utnytta vassførekomstene, og ta vare på vassressursar.', 'Undervisningsform: Forelesingar, kombinerte med små teori\xad og rekneøvingar. Nokre øvingsoppgåver kan studentane arbeida vidare med sjølvstendig. Eit mini\xadprosjektarbeide i gruppe er obligatorisk. Ekskursjonar.', 'Kursmateriell: John Tveit: Ingeniørhydrologi 1994.', 'Ei amerikansk støttebok til utfylling og eventuell vidareføring: V.T. Chow, D.R. Maidment og L.W. Mays: Applied Hydrology, McGraw-Hill 1988.']","['Mål: Faget skal gi metodegrunnlaget for å beregne trafikkmengder og etterspørsel etter transporttjenester.', 'Forutsetning: Bygger delvis på fag 34210 Samferdsel GK.', 'Innhold: Faget behandler i hovedsak prognoser. Hovedstikkordene er passasjerprognoser, godsprognoser og trafikkberegning. Det blir lagt størst vekt på persontransporter i byer og tettsteder. Vegtrafikk har en fremtredende plass, men prognoser for fly\xad og jernbanetransport blir også behandlet. Trafikksikkerhet, miljøproblem og usikkerhet i planleggingen er blant de tema som er innbakt i de allerede nevnte hovedemner.', 'Undervisningsform: En stor del av øvingsopplegget er knyttet til trafikkberegning, som kan betraktes som en kjerne i faget. Det blir brukt en PC\xadbasert beregningsmodell. Dessuten omfatter faget to diskusjonsøvinger pr. student. Emnene kan være analytiske eller knyttet til aktuell transportpolitikk. Diskusjonsøvingene blir utført i grupper, og gruppen som har ansvar for en øving, presenterer resultatet for klassen. Øvingene må være utført og godkjent før eksamen.']"
bc88d36bf0288767e283f9fa32674c90baa3f746,93b53356dc1339ac3e78b3b40d3c2a04cc45c9a5,https://www.ntnu.no/studieinformasjon/siving/eldre/97-98/3/34512.htm,https://www.ntnu.no/studieinformasjon/siving/eldre/97-98/3/34548.htm,"['Mål: Faget tek sikte på å gje studentane grunnleggjande forståing av korleis vatnet førekjem i naturen, med kvantifisering og med innføring i hydrologiske berekningar.', 'Forutsetning: Byggjer på elementære kunnskaper i matematikk, statistikk, fysikk og kjemi. Det baserer seg på eit visst kjennskap til hydrologi slik denne blir presentert i fag 34511 Hydroteknikk GK.', 'Innhold: Orientering om klima. Innføring i observasjonsmetodikk og i bruk av grunnleggjande observasjonsmateriale for å finna tilgang på vatn, berekna vilkåra for å regulera og utnytta vassførekomstene, og ta vare på vassressursar.', 'Undervisningsform: Forelesingar, kombinerte med små teori\xad og rekneøvingar. Nokre øvingsoppgåver kan studentane arbeida vidare med sjølvstendig. Eit mini\xadprosjektarbeide i gruppe er obligatorisk. Ekskursjonar.', 'Kursmateriell: John Tveit: Ingeniørhydrologi 1994.', 'Ei amerikansk støttebok til utfylling og eventuell vidareføring: V.T. Chow, D.R. Maidment og L.W. Mays: Applied Hydrology, McGraw-Hill 1988.']","['Mål: Faget skal gi en innføring i planleggingsmetoder for utnyttelse av vannressurser, samt trening i bruk av sentrale EDB\xadbaserte beregningsmodeller.', 'Forutsetning: Bygger på fag 34511 Hydroteknikk GK og 34512 Hydrologi GK. Selv om det ikke kreves avlagt eksamen i hydrologi, forventes det at studentene skaffer seg tilsvarende kunnskaper på egen hånd.', 'Innhold: Faget behandler metoder for planlegging i vassdrag med vekt på bl.a.: Brukerinteresser, sammenfallende og konkurrerende bruk av vann. Planleggingsprosessen, lovgrunnlag, forvaltning, metoder for planlegging. Datagrunnlag, hydrologiske data, vassdragsregister. Nedbør\xadavløpsmodeller, teori, kalibrering og bruk. Beregning av produksjon/nytteverdi for vannkraftverk. Virkninger i vassdraget, konsekvensanalyser. Miljøvirkninger av vassdragsregulering. Flomproblemer ved arealplanlegging. Dimensjonerende flommer. Anvendelse av matematiske modeller for simulering av vassdragsdrift. Vassdragssimulatoren, et programsystem for helhetsplanlegging i vassdrag.']"
bc88d36bf0288767e283f9fa32674c90baa3f746,d54096ec8dbcfed02e0a1af0ebb49dd9fce8cef3,https://www.ntnu.no/studieinformasjon/siving/eldre/97-98/3/34512.htm,https://www.ntnu.no/studieinformasjon/siving/eldre/97-98/3/34270.htm,"['Mål: Faget tek sikte på å gje studentane grunnleggjande forståing av korleis vatnet førekjem i naturen, med kvantifisering og med innføring i hydrologiske berekningar.', 'Forutsetning: Byggjer på elementære kunnskaper i matematikk, statistikk, fysikk og kjemi. Det baserer seg på eit visst kjennskap til hydrologi slik denne blir presentert i fag 34511 Hydroteknikk GK.', 'Innhold: Orientering om klima. Innføring i observasjonsmetodikk og i bruk av grunnleggjande observasjonsmateriale for å finna tilgang på vatn, berekna vilkåra for å regulera og utnytta vassførekomstene, og ta vare på vassressursar.', 'Undervisningsform: Forelesingar, kombinerte med små teori\xad og rekneøvingar. Nokre øvingsoppgåver kan studentane arbeida vidare med sjølvstendig. Eit mini\xadprosjektarbeide i gruppe er obligatorisk. Ekskursjonar.', 'Kursmateriell: John Tveit: Ingeniørhydrologi 1994.', 'Ei amerikansk støttebok til utfylling og eventuell vidareføring: V.T. Chow, D.R. Maidment og L.W. Mays: Applied Hydrology, McGraw-Hill 1988.']","['Mål: Faget skal gi studentene praktisk erfaring i planlegging, gjennomføring og presentasjon av prosjekter innen fagområdet samferdselsteknikk.', 'Forutsetning: Studentene må delta på minst ett videregående kurs ved Institutt for samferdstelsteknikk (fag 34264 Trafikkplanlegging 2 og 34265 Trafikkteknikk 2).', 'Innhold: Prosjektarbeidet kan inneholde alle emner innen samferdselsteknikk, f.eks. planlegging av transportsystemer eller implementering og evaluering av trafikkreguleringstiltak. Arbeidet kan være praktisk eller teoretisk orientert. Litteraturstudier, bruk av EDB og annet utstyr vil ofte være nødvendig. I tillegg til utfordringer innen samferdselsteknikk, vil studentene få erfaring med prosjektplanlegging, prosjektstyring samt muntlig og skriftlig presentasjon og rapportering.']"
bc88d36bf0288767e283f9fa32674c90baa3f746,6308ff26315ee7981aa5210bea3eeccab3fef6f1,https://www.ntnu.no/studieinformasjon/siving/eldre/97-98/3/34512.htm,https://www.ntnu.no/studieinformasjon/siving/eldre/97-98/3/33042.htm,"['Mål: Faget tek sikte på å gje studentane grunnleggjande forståing av korleis vatnet førekjem i naturen, med kvantifisering og med innføring i hydrologiske berekningar.', 'Forutsetning: Byggjer på elementære kunnskaper i matematikk, statistikk, fysikk og kjemi. Det baserer seg på eit visst kjennskap til hydrologi slik denne blir presentert i fag 34511 Hydroteknikk GK.', 'Innhold: Orientering om klima. Innføring i observasjonsmetodikk og i bruk av grunnleggjande observasjonsmateriale for å finna tilgang på vatn, berekna vilkåra for å regulera og utnytta vassførekomstene, og ta vare på vassressursar.', 'Undervisningsform: Forelesingar, kombinerte med små teori\xad og rekneøvingar. Nokre øvingsoppgåver kan studentane arbeida vidare med sjølvstendig. Eit mini\xadprosjektarbeide i gruppe er obligatorisk. Ekskursjonar.', 'Kursmateriell: John Tveit: Ingeniørhydrologi 1994.', 'Ei amerikansk støttebok til utfylling og eventuell vidareføring: V.T. Chow, D.R. Maidment og L.W. Mays: Applied Hydrology, McGraw-Hill 1988.']","['Mål: Faget skal gi studentene kunnskap om organisatoriske, tekniske og økonomiske hensyn ved ombygging, utbedring og vedlikehold av bygninger.', 'Forutsetning: Eksamen i fag 33030 Husbyggingsteknikk GK eller tilsvarende forkunnskaper innen bygningsfysikk og husbyggingsteknikk. Det tas forbehold om begrensninger i deltakerantallet.', 'Innhold: Eldre byggeteknikk og materialbruk, bevaringshensyn, teknikker for oppmåling, registrering og tilstandsanalyse, vurdering av konstruksjoners bæreevne, identifisering av skader og skadeårsaker, reparasjons\xad og utbedringsteknikker, tilgjengelighet, miljøforbedringstiltak, prosjektering, forskrifter, spesielle organisatoriske og økonomiske problemer, gjennomføring på byggeplass. Årskostnader, vedlikeholdsplanlegging, systematisk vedlikehold.', 'Undervisningsform: Forelesninger. En praktisk øvingsoppgave er obligatorisk. Oppgaven gjennom-føres som gruppearbeid og teller 1/3 ved fastsetting av sluttkarakteren i faget.']"
bc88d36bf0288767e283f9fa32674c90baa3f746,d4f6804bd0418d413af7c37998933d9245c1b8b0,https://www.ntnu.no/studieinformasjon/siving/eldre/97-98/3/34512.htm,https://www.ntnu.no/studieinformasjon/siving/eldre/97-98/3/34547.htm,"['Mål: Faget tek sikte på å gje studentane grunnleggjande forståing av korleis vatnet førekjem i naturen, med kvantifisering og med innføring i hydrologiske berekningar.', 'Forutsetning: Byggjer på elementære kunnskaper i matematikk, statistikk, fysikk og kjemi. Det baserer seg på eit visst kjennskap til hydrologi slik denne blir presentert i fag 34511 Hydroteknikk GK.', 'Innhold: Orientering om klima. Innføring i observasjonsmetodikk og i bruk av grunnleggjande observasjonsmateriale for å finna tilgang på vatn, berekna vilkåra for å regulera og utnytta vassførekomstene, og ta vare på vassressursar.', 'Undervisningsform: Forelesingar, kombinerte med små teori\xad og rekneøvingar. Nokre øvingsoppgåver kan studentane arbeida vidare med sjølvstendig. Eit mini\xadprosjektarbeide i gruppe er obligatorisk. Ekskursjonar.', 'Kursmateriell: John Tveit: Ingeniørhydrologi 1994.', 'Ei amerikansk støttebok til utfylling og eventuell vidareføring: V.T. Chow, D.R. Maidment og L.W. Mays: Applied Hydrology, McGraw-Hill 1988.']","['Mål: Faget sikter mot å gi studentene erfaring i teknisk, økonomisk og miljømessig planlegging av konstruksjoner i vassdrag og vannkraftverk.', 'Forutsetning: Bygger på fag 34514 Vassdragsteknikk GK.', 'Innhold: Faget tar for seg spørsmål i vassdrag som erosjon og sandtransport, regulerinsanlegg i vassdrag, forskjellige typer kraftverk, herunder tunnelsystemer med bekkeinntak, luftproblemer, svingninger etc. Gjennomgåelsen tar for seg hydrauliske forhold med referanse til hydrologi grunnlag, kostnader, kost/nytte vurderinger, forskrifter, landskapsforhold og mulige konsekvenser for forskjellige interesser i og rundt vassdraget. Internasjonale problemstillinger i form av naturgitte forskjeller og forskjellig praksis.', 'Undervisningsform: Gjennomgåelse ved faglærer og diskusjon av de enkelte tema. Ett eller to tema forberedes og gjennomgås av studentene. Øvingsoppgaver parallelt med undervisningen.']"
bc88d36bf0288767e283f9fa32674c90baa3f746,83de594dea2166fa7c1f9e97bc43d6d7311c3079,https://www.ntnu.no/studieinformasjon/siving/eldre/97-98/3/34512.htm,https://www.ntnu.no/studieinformasjon/siving/eldre/97-98/3/34535.htm,"['Mål: Faget tek sikte på å gje studentane grunnleggjande forståing av korleis vatnet førekjem i naturen, med kvantifisering og med innføring i hydrologiske berekningar.', 'Forutsetning: Byggjer på elementære kunnskaper i matematikk, statistikk, fysikk og kjemi. Det baserer seg på eit visst kjennskap til hydrologi slik denne blir presentert i fag 34511 Hydroteknikk GK.', 'Innhold: Orientering om klima. Innføring i observasjonsmetodikk og i bruk av grunnleggjande observasjonsmateriale for å finna tilgang på vatn, berekna vilkåra for å regulera og utnytta vassførekomstene, og ta vare på vassressursar.', 'Undervisningsform: Forelesingar, kombinerte med små teori\xad og rekneøvingar. Nokre øvingsoppgåver kan studentane arbeida vidare med sjølvstendig. Eit mini\xadprosjektarbeide i gruppe er obligatorisk. Ekskursjonar.', 'Kursmateriell: John Tveit: Ingeniørhydrologi 1994.', 'Ei amerikansk støttebok til utfylling og eventuell vidareføring: V.T. Chow, D.R. Maidment og L.W. Mays: Applied Hydrology, McGraw-Hill 1988.']","['Mål: Faget tar sikte på å gi en innføring i grunnleggende prinsipper knyttet til kvalitetsvurdering, behandling og bruk av forsyningsvann, avløpsvann og naturlige vannforekomster.', 'Forutsetning: Ingen.', 'Innhold: Faget kan betraktes som en selvstendig enhet, men vil også være en naturlig innføring til de videregående kursene 34544 Avfallshåndtering, 34545 VA\xadsystemer og 34546 Vannrensing. Faget er delt i tre hoveddeler. Generell vannkjemi: Syrebaseforhold, løselighetsforhold, reduksjons-oksydasjonsreaksjoner i forbindelse med vannkvalitetsvurdering, vannkvalitetsforbedring og korrosjon av metall og sementbaserte materialer. Mikrobiologiske omsetninger: Kort innføring i generell mikrobiologi, faktorer som påvirker mikrobielle omsetninger, vannhygiene. Vannanalyse: Innføring i prinsipper og anvendelsesområder for fysiske, kjemiske og bakteriologiske analysemetoder.']"
bc88d36bf0288767e283f9fa32674c90baa3f746,e7e81f84ecf5cb7ba0d1594997af6be98f08ce05,https://www.ntnu.no/studieinformasjon/siving/eldre/97-98/3/34512.htm,https://www.ntnu.no/studieinformasjon/siving/eldre/97-98/3/37045.htm,"['Mål: Faget tek sikte på å gje studentane grunnleggjande forståing av korleis vatnet førekjem i naturen, med kvantifisering og med innføring i hydrologiske berekningar.', 'Forutsetning: Byggjer på elementære kunnskaper i matematikk, statistikk, fysikk og kjemi. Det baserer seg på eit visst kjennskap til hydrologi slik denne blir presentert i fag 34511 Hydroteknikk GK.', 'Innhold: Orientering om klima. Innføring i observasjonsmetodikk og i bruk av grunnleggjande observasjonsmateriale for å finna tilgang på vatn, berekna vilkåra for å regulera og utnytta vassførekomstene, og ta vare på vassressursar.', 'Undervisningsform: Forelesingar, kombinerte med små teori\xad og rekneøvingar. Nokre øvingsoppgåver kan studentane arbeida vidare med sjølvstendig. Eit mini\xadprosjektarbeide i gruppe er obligatorisk. Ekskursjonar.', 'Kursmateriell: John Tveit: Ingeniørhydrologi 1994.', 'Ei amerikansk støttebok til utfylling og eventuell vidareføring: V.T. Chow, D.R. Maidment og L.W. Mays: Applied Hydrology, McGraw-Hill 1988.']","['Mål: Faget tar sikte på å gi dypere forståelse av betongens mekaniske, fuktmekaniske og bestandighetsmessige egenskaper.', 'Forutsetning: Eksamen i fag 37042 Betongteknologi GK.', 'Innhold: Kjemisk sammensetning, fysisk struktur og porestruktur. Fuktmekanikk: Fuktfiksering og fukttransport. Volumstabilitet og rissfølsomhet. Mekaniske egenskaper, bruddmekanikk. Komposittmodeller. Bestandighet: Fysiske og kjemiske nedbrytningsmekanismer, armeringskorrosjon. Tilstandskontroll, skadeanalyse. Relevans og verdi av prøvningsmetoder er sentralt innen alle delemner.']"
bc88d36bf0288767e283f9fa32674c90baa3f746,d596e2b820f2526a3bd8d5a838546ddfb6109f92,https://www.ntnu.no/studieinformasjon/siving/eldre/97-98/3/34512.htm,https://www.ntnu.no/studieinformasjon/siving/eldre/97-98/3/34050.htm,"['Mål: Faget tek sikte på å gje studentane grunnleggjande forståing av korleis vatnet førekjem i naturen, med kvantifisering og med innføring i hydrologiske berekningar.', 'Forutsetning: Byggjer på elementære kunnskaper i matematikk, statistikk, fysikk og kjemi. Det baserer seg på eit visst kjennskap til hydrologi slik denne blir presentert i fag 34511 Hydroteknikk GK.', 'Innhold: Orientering om klima. Innføring i observasjonsmetodikk og i bruk av grunnleggjande observasjonsmateriale for å finna tilgang på vatn, berekna vilkåra for å regulera og utnytta vassførekomstene, og ta vare på vassressursar.', 'Undervisningsform: Forelesingar, kombinerte med små teori\xad og rekneøvingar. Nokre øvingsoppgåver kan studentane arbeida vidare med sjølvstendig. Eit mini\xadprosjektarbeide i gruppe er obligatorisk. Ekskursjonar.', 'Kursmateriell: John Tveit: Ingeniørhydrologi 1994.', 'Ei amerikansk støttebok til utfylling og eventuell vidareføring: V.T. Chow, D.R. Maidment og L.W. Mays: Applied Hydrology, McGraw-Hill 1988.']","['Mål: Prosjektarbeidet skal gi trening i å utrede eller løse en aktuell oppgave innen fagområdet planlegging, bygging eller vedlikehold av veger, baner eller flyplasser.', 'Forutsetning: Eksamen i ett av fagene 34026 Vegplanlegging GK, 34027 Vegteknologi GK eller 34028 Veg og trafikkmiljø GK. Prosjektarbeidet kan gjerne kombineres med ett eller flere videregående kurs ved instituttet.', 'Innhold: Prosjektarbeidet kan være planleggings\xad eller prosjekteringsorientert og inneholde elementer av konstruksjonsmessig, teoretisk, laboratorieteknisk eller datateknisk karakter. Det kan også være en utredningsoppgave, del av et utviklingsprosjekt eller en litteraturbasert oppgave. Om ønskelig kan prosjektet gjennomføres som forstudium for hovedoppgaven i tilknytning til aktive FoU-aktiviteter ved instituttet.', 'Undervisningsform: Prosjektet utføres individuelt eller i gruppe under ledelse av en veileder.']"
bc88d36bf0288767e283f9fa32674c90baa3f746,b8e70b6e57bfb5f0690df20a908934cf3ec346c0,https://www.ntnu.no/studieinformasjon/siving/eldre/97-98/3/34512.htm,https://www.ntnu.no/studieinformasjon/siving/eldre/97-98/3/34518.htm,"['Mål: Faget tek sikte på å gje studentane grunnleggjande forståing av korleis vatnet førekjem i naturen, med kvantifisering og med innføring i hydrologiske berekningar.', 'Forutsetning: Byggjer på elementære kunnskaper i matematikk, statistikk, fysikk og kjemi. Det baserer seg på eit visst kjennskap til hydrologi slik denne blir presentert i fag 34511 Hydroteknikk GK.', 'Innhold: Orientering om klima. Innføring i observasjonsmetodikk og i bruk av grunnleggjande observasjonsmateriale for å finna tilgang på vatn, berekna vilkåra for å regulera og utnytta vassførekomstene, og ta vare på vassressursar.', 'Undervisningsform: Forelesingar, kombinerte med små teori\xad og rekneøvingar. Nokre øvingsoppgåver kan studentane arbeida vidare med sjølvstendig. Eit mini\xadprosjektarbeide i gruppe er obligatorisk. Ekskursjonar.', 'Kursmateriell: John Tveit: Ingeniørhydrologi 1994.', 'Ei amerikansk støttebok til utfylling og eventuell vidareføring: V.T. Chow, D.R. Maidment og L.W. Mays: Applied Hydrology, McGraw-Hill 1988.']","['Mål: Gi studentene et grunnlag for hydraulisk beregning av forskjellige strømningssituasjoner i et vassdrag, bl.a. som grunnlag for vurdering av virkninger av fysiske inngrep.', 'Forutsetning: Bygger på fag 34511 Hydroteknikk GK.', 'Innhold: Repetisjon av sentrale deler av hydromekanikken anvendt på kanalstrømning. Uniform strømning og beregning av vannlinjer. Strømning gjennom kontrolltverrsnitt og innsnevringer. Ikkestasjonær kanalstrømning. Fortynning, naturlig og kunstig blanding av vannmasser, lagdelt strømning. Skaleringslover.']"
bc88d36bf0288767e283f9fa32674c90baa3f746,2aef05a80c116ad5b1205943d765c4891dfe8f61,https://www.ntnu.no/studieinformasjon/siving/eldre/97-98/3/34512.htm,https://www.ntnu.no/studieinformasjon/siving/eldre/97-98/3/34041.htm,"['Mål: Faget tek sikte på å gje studentane grunnleggjande forståing av korleis vatnet førekjem i naturen, med kvantifisering og med innføring i hydrologiske berekningar.', 'Forutsetning: Byggjer på elementære kunnskaper i matematikk, statistikk, fysikk og kjemi. Det baserer seg på eit visst kjennskap til hydrologi slik denne blir presentert i fag 34511 Hydroteknikk GK.', 'Innhold: Orientering om klima. Innføring i observasjonsmetodikk og i bruk av grunnleggjande observasjonsmateriale for å finna tilgang på vatn, berekna vilkåra for å regulera og utnytta vassførekomstene, og ta vare på vassressursar.', 'Undervisningsform: Forelesingar, kombinerte med små teori\xad og rekneøvingar. Nokre øvingsoppgåver kan studentane arbeida vidare med sjølvstendig. Eit mini\xadprosjektarbeide i gruppe er obligatorisk. Ekskursjonar.', 'Kursmateriell: John Tveit: Ingeniørhydrologi 1994.', 'Ei amerikansk støttebok til utfylling og eventuell vidareføring: V.T. Chow, D.R. Maidment og L.W. Mays: Applied Hydrology, McGraw-Hill 1988.']","['Mål: Faget skal gi studentene inngående kjennskap til planlegging og prosjektering av veger.', 'Forutsetning: Eksamen i fag 34026 Vegplanlegging GK.', 'Innhold: Hovedvekten legges på følgende delemner innen oversikts- og detaljplanlegging av veger: Vegplanleggingsprosessen, vegnettsutforming, geometrisk utforming, linje\xad og masseberegning, kostnadsberegning og samfunnsøkonomisk vurdering av veginvesteringer og byggeplanlegging.']"
bc88d36bf0288767e283f9fa32674c90baa3f746,5b7c34377af671fbc434b63ce43b2a54946863e5,https://www.ntnu.no/studieinformasjon/siving/eldre/97-98/3/34512.htm,https://www.ntnu.no/studieinformasjon/siving/eldre/97-98/3/34544.htm,"['Mål: Faget tek sikte på å gje studentane grunnleggjande forståing av korleis vatnet førekjem i naturen, med kvantifisering og med innføring i hydrologiske berekningar.', 'Forutsetning: Byggjer på elementære kunnskaper i matematikk, statistikk, fysikk og kjemi. Det baserer seg på eit visst kjennskap til hydrologi slik denne blir presentert i fag 34511 Hydroteknikk GK.', 'Innhold: Orientering om klima. Innføring i observasjonsmetodikk og i bruk av grunnleggjande observasjonsmateriale for å finna tilgang på vatn, berekna vilkåra for å regulera og utnytta vassførekomstene, og ta vare på vassressursar.', 'Undervisningsform: Forelesingar, kombinerte med små teori\xad og rekneøvingar. Nokre øvingsoppgåver kan studentane arbeida vidare med sjølvstendig. Eit mini\xadprosjektarbeide i gruppe er obligatorisk. Ekskursjonar.', 'Kursmateriell: John Tveit: Ingeniørhydrologi 1994.', 'Ei amerikansk støttebok til utfylling og eventuell vidareføring: V.T. Chow, D.R. Maidment og L.W. Mays: Applied Hydrology, McGraw-Hill 1988.']","['Mål: Faget tar sikte på å gi en relativt detaljert innføring i avfallshåndtering.', 'Forutsetning: Bygger delvis på fag 34528 Kommunal miljøteknologi GK men det er ingen forutsetning.', 'Innhold: Avfallets mengde og sammensetning. Oppsamling, innsamling, omlasting og transport av avfall. Teoretisk grunnlag for biologisk og termisk mineralisering. Deponering, forbrenning, FAB\xadproduksjon, kompostering, anaerob nedbrytning og gjenvinning av fast avfall. Planlegging og drift av avfallshåndtering. Spesialavfall. Hygiene, arbeidsmiljø og miljøkrav. Lover og regler.', 'Undervisningsform: Undervisningen er lagt opp med forelesninger, seminarer hvor studentene presenterer stoff etter eget studiearbeid, og øvinger.']"
bc88d36bf0288767e283f9fa32674c90baa3f746,034fce04ae7c539f422f07aa86b4785b4913b5c7,https://www.ntnu.no/studieinformasjon/siving/eldre/97-98/3/34512.htm,https://www.ntnu.no/studieinformasjon/siving/eldre/97-98/3/33525.htm,"['Mål: Faget tek sikte på å gje studentane grunnleggjande forståing av korleis vatnet førekjem i naturen, med kvantifisering og med innføring i hydrologiske berekningar.', 'Forutsetning: Byggjer på elementære kunnskaper i matematikk, statistikk, fysikk og kjemi. Det baserer seg på eit visst kjennskap til hydrologi slik denne blir presentert i fag 34511 Hydroteknikk GK.', 'Innhold: Orientering om klima. Innføring i observasjonsmetodikk og i bruk av grunnleggjande observasjonsmateriale for å finna tilgang på vatn, berekna vilkåra for å regulera og utnytta vassførekomstene, og ta vare på vassressursar.', 'Undervisningsform: Forelesingar, kombinerte med små teori\xad og rekneøvingar. Nokre øvingsoppgåver kan studentane arbeida vidare med sjølvstendig. Eit mini\xadprosjektarbeide i gruppe er obligatorisk. Ekskursjonar.', 'Kursmateriell: John Tveit: Ingeniørhydrologi 1994.', 'Ei amerikansk støttebok til utfylling og eventuell vidareføring: V.T. Chow, D.R. Maidment og L.W. Mays: Applied Hydrology, McGraw-Hill 1988.']","['Mål: Faget tar sikte på å gi en innføring i geotekniske beregningsmetoder for stabilitet, jordtrykk, bæreevne og pelefundamenter.', 'Forutsetning: Eksamen i fag 33511 Geoteknikk 1 GK.', 'Innhold: Sirkulære og sammensatte glideflater. Direktemetoden for stabilitetsvurderinger. Spenningsfelter ut fra likevekt og styrketak basert på total\xad og effektivspenninger. Løsninger for jordtrykk, bæreevne og peler basert på spenningsfelter. Praktiske dimensjoneringsdiagrammer.', 'Undervisningsform: Forelesninger og øvinger. Bruk av beregningsmetodene på aktuelle geotekniske problemstillinger. Øvingene må være godkjent for å få adgang til eksamen.']"
bc88d36bf0288767e283f9fa32674c90baa3f746,ae42a3feaf93f818568c8d4ff48fce0217866c27,https://www.ntnu.no/studieinformasjon/siving/eldre/97-98/3/34512.htm,https://www.ntnu.no/studieinformasjon/siving/eldre/97-98/3/33052.htm,"['Mål: Faget tek sikte på å gje studentane grunnleggjande forståing av korleis vatnet førekjem i naturen, med kvantifisering og med innføring i hydrologiske berekningar.', 'Forutsetning: Byggjer på elementære kunnskaper i matematikk, statistikk, fysikk og kjemi. Det baserer seg på eit visst kjennskap til hydrologi slik denne blir presentert i fag 34511 Hydroteknikk GK.', 'Innhold: Orientering om klima. Innføring i observasjonsmetodikk og i bruk av grunnleggjande observasjonsmateriale for å finna tilgang på vatn, berekna vilkåra for å regulera og utnytta vassførekomstene, og ta vare på vassressursar.', 'Undervisningsform: Forelesingar, kombinerte med små teori\xad og rekneøvingar. Nokre øvingsoppgåver kan studentane arbeida vidare med sjølvstendig. Eit mini\xadprosjektarbeide i gruppe er obligatorisk. Ekskursjonar.', 'Kursmateriell: John Tveit: Ingeniørhydrologi 1994.', 'Ei amerikansk støttebok til utfylling og eventuell vidareføring: V.T. Chow, D.R. Maidment og L.W. Mays: Applied Hydrology, McGraw-Hill 1988.']","['Mål: Faget skal gi studentene innsikt i styringsprinsippene, planlegging og byggeøkonomi og forståelse av innvirkningen av usikkerhet, samt å gi verktøy og teknikker til å løse problemer knyttet til styring av tid og ressurser.']"
bc88d36bf0288767e283f9fa32674c90baa3f746,ab134fb5b5b57ee7756a2ea04a32aa3559f6b031,https://www.ntnu.no/studieinformasjon/siving/eldre/97-98/3/34512.htm,https://www.ntnu.no/studieinformasjon/siving/eldre/97-98/3/34264.htm,"['Mål: Faget tek sikte på å gje studentane grunnleggjande forståing av korleis vatnet førekjem i naturen, med kvantifisering og med innføring i hydrologiske berekningar.', 'Forutsetning: Byggjer på elementære kunnskaper i matematikk, statistikk, fysikk og kjemi. Det baserer seg på eit visst kjennskap til hydrologi slik denne blir presentert i fag 34511 Hydroteknikk GK.', 'Innhold: Orientering om klima. Innføring i observasjonsmetodikk og i bruk av grunnleggjande observasjonsmateriale for å finna tilgang på vatn, berekna vilkåra for å regulera og utnytta vassførekomstene, og ta vare på vassressursar.', 'Undervisningsform: Forelesingar, kombinerte med små teori\xad og rekneøvingar. Nokre øvingsoppgåver kan studentane arbeida vidare med sjølvstendig. Eit mini\xadprosjektarbeide i gruppe er obligatorisk. Ekskursjonar.', 'Kursmateriell: John Tveit: Ingeniørhydrologi 1994.', 'Ei amerikansk støttebok til utfylling og eventuell vidareføring: V.T. Chow, D.R. Maidment og L.W. Mays: Applied Hydrology, McGraw-Hill 1988.']","['Mål: Faget skal gjøre rede for hvordan rammebetingelsene for trafikanter og transportprodusenter skal utformes for at transportsystemet skal bidra til å nå overordnete politiske mål.', 'Forutsetning: Eksamen i fag 34216 Trafikkplanlegging 1 GK.', 'Innhold: Faget er en videreføring av fag 34216. Hovedproblemene er (1) hvordan trafikanter og produsenter av transporttjenester vil innrette seg ved gitt transportpolitikk, og (2) hvordan transportpolitikken bør utformes for at de skal innrette seg på en måte som tjener samfunnets mål. Vekten blir lagt på effektivitet, bruk av virkemidler og avveining mellom lønnsomhet og andre hensyn. Transportøkonomi og kollektivtrafikk er hovedtemaer med avgifter, subsidier og takster som de sentrale stikkord. Fremstillingen knyttes til aktuelle spørsmål om miljø, sikkerhet, bompenger, køer og konkurranse mellom buss og bil. Størstedelen av faget er innrettet mot vegtrafikk i byer og tettsteder.', 'Undervisningsform: Tavleforelesninger og diskusjonstimer med forberedte innlegg fra studentene. Alle øvingene må være utført og godkjent før eksamen.']"
bc88d36bf0288767e283f9fa32674c90baa3f746,e2e43138b50ad650526454073a3190812de31260,https://www.ntnu.no/studieinformasjon/siving/eldre/97-98/3/34512.htm,https://www.ntnu.no/studieinformasjon/siving/eldre/97-98/3/34027.htm,"['Mål: Faget tek sikte på å gje studentane grunnleggjande forståing av korleis vatnet førekjem i naturen, med kvantifisering og med innføring i hydrologiske berekningar.', 'Forutsetning: Byggjer på elementære kunnskaper i matematikk, statistikk, fysikk og kjemi. Det baserer seg på eit visst kjennskap til hydrologi slik denne blir presentert i fag 34511 Hydroteknikk GK.', 'Innhold: Orientering om klima. Innføring i observasjonsmetodikk og i bruk av grunnleggjande observasjonsmateriale for å finna tilgang på vatn, berekna vilkåra for å regulera og utnytta vassførekomstene, og ta vare på vassressursar.', 'Undervisningsform: Forelesingar, kombinerte med små teori\xad og rekneøvingar. Nokre øvingsoppgåver kan studentane arbeida vidare med sjølvstendig. Eit mini\xadprosjektarbeide i gruppe er obligatorisk. Ekskursjonar.', 'Kursmateriell: John Tveit: Ingeniørhydrologi 1994.', 'Ei amerikansk støttebok til utfylling og eventuell vidareføring: V.T. Chow, D.R. Maidment og L.W. Mays: Applied Hydrology, McGraw-Hill 1988.']","['Mål: Faget skal gi videregående kjennskap til vegbyggingsmaterialer, dimensjonering og utforming av overbygning for veger, jernbaner og flyplasser.', 'Forutsetning: Eksamen i fag 34015 Vegbygging GK.', 'Innhold: Sentrale emner er trafikk\xad og klimapåkjenninger, teletekniske forhold, materialparametre, nedbrytingsmekanismer, mekanismer for asfalt, dimensjonering og oppbygging av konstruksjoner med asfalt\xad og betongdekke på veger og flyplasser, bæreevne, geotekstiler, jernbaneoverbygning, ny asfaltteknologi samt miljøproblematikk.']"
bc88d36bf0288767e283f9fa32674c90baa3f746,9342e5e9ea7172408f6edebedd93d6788f60a024,https://www.ntnu.no/studieinformasjon/siving/eldre/97-98/3/34512.htm,https://www.ntnu.no/studieinformasjon/siving/eldre/97-98/3/31062.htm,"['Mål: Faget tek sikte på å gje studentane grunnleggjande forståing av korleis vatnet førekjem i naturen, med kvantifisering og med innføring i hydrologiske berekningar.', 'Forutsetning: Byggjer på elementære kunnskaper i matematikk, statistikk, fysikk og kjemi. Det baserer seg på eit visst kjennskap til hydrologi slik denne blir presentert i fag 34511 Hydroteknikk GK.', 'Innhold: Orientering om klima. Innføring i observasjonsmetodikk og i bruk av grunnleggjande observasjonsmateriale for å finna tilgang på vatn, berekna vilkåra for å regulera og utnytta vassførekomstene, og ta vare på vassressursar.', 'Undervisningsform: Forelesingar, kombinerte med små teori\xad og rekneøvingar. Nokre øvingsoppgåver kan studentane arbeida vidare med sjølvstendig. Eit mini\xadprosjektarbeide i gruppe er obligatorisk. Ekskursjonar.', 'Kursmateriell: John Tveit: Ingeniørhydrologi 1994.', 'Ei amerikansk støttebok til utfylling og eventuell vidareføring: V.T. Chow, D.R. Maidment og L.W. Mays: Applied Hydrology, McGraw-Hill 1988.']","['Mål: Faget tar sikte på å gi en videreføring i en del utvalgte og sentrale temaer innen betongteknologien som er viktige for prosjektering og produksjon av mer bestandige betongkonstruksjoner.', 'Forutsetning: Bygger på fag 37042 Betongteknologi GK.', 'Innhold: Det legges vekt på byggherrekrav samt prosjektering og produksjon av mer bestandige betongkonstruksjoner for gitte miljøbelastninger. I dette inngår vurdering av levetid samt forvaltning, drift og forebyggende vedlikehold inklusive instrumentering for korrosjonsovervåkning. Videre omfatter kurset kvalitetskrav til delmaterialer, reseptoptimalisering og produksjon av betong samt utførelse og etterbehandling. Det legges videre vekt på konstruktiv utforming kontra utførelse og bestandighet, kontroll og dokumentasjon av oppnådd sluttkvalitet samt overflatebeskyttelse av betong i spesielt utsatte miljø. Endeling inngår en innføring i prinsipper for kvalitetssikring og totalkvalitet.', 'Undervisningsform: I tillegg til forelesninger omfatter faget en prosjektoppgave samt besøk på en byggeplass eller en ferdigbetong\xad og en betongelementfabrikk.']"
bc88d36bf0288767e283f9fa32674c90baa3f746,438168380332568288243ac7f1a87bd36c5e536b,https://www.ntnu.no/studieinformasjon/siving/eldre/97-98/3/34512.htm,https://www.ntnu.no/studieinformasjon/siving/eldre/97-98/3/37042.htm,"['Mål: Faget tek sikte på å gje studentane grunnleggjande forståing av korleis vatnet førekjem i naturen, med kvantifisering og med innføring i hydrologiske berekningar.', 'Forutsetning: Byggjer på elementære kunnskaper i matematikk, statistikk, fysikk og kjemi. Det baserer seg på eit visst kjennskap til hydrologi slik denne blir presentert i fag 34511 Hydroteknikk GK.', 'Innhold: Orientering om klima. Innføring i observasjonsmetodikk og i bruk av grunnleggjande observasjonsmateriale for å finna tilgang på vatn, berekna vilkåra for å regulera og utnytta vassførekomstene, og ta vare på vassressursar.', 'Undervisningsform: Forelesingar, kombinerte med små teori\xad og rekneøvingar. Nokre øvingsoppgåver kan studentane arbeida vidare med sjølvstendig. Eit mini\xadprosjektarbeide i gruppe er obligatorisk. Ekskursjonar.', 'Kursmateriell: John Tveit: Ingeniørhydrologi 1994.', 'Ei amerikansk støttebok til utfylling og eventuell vidareføring: V.T. Chow, D.R. Maidment og L.W. Mays: Applied Hydrology, McGraw-Hill 1988.']","['Mål: Faget tar sikte på å gi studentene grunnlag for bruk av materialet betong med vekt på de muligheter man har innenfor rammen som Norsk Standard gir rådgiver, betongprodusent og utførende ledd i byggeprosessen.', 'Forutsetning: Ingen.', 'Innhold: Betongtyper og praktisk utførelse av betongarbeid. Sementtyper og egenskaper, pozzolane tilsetningsmaterialer, sementpastaens oppbygging, tilslagsegenskaper og funksjon, typer og bruk av tilsetningsstoffer. Fersk betongs støpelighet, herdeteknologi, herdnet betongs mekaniske og bestandighetsmessige egenskaper. Rehabilitering av betongkonstruksjoner.']"
bc88d36bf0288767e283f9fa32674c90baa3f746,f0057aaaefe0e37aa756df37cf6f9e5adf363cfc,https://www.ntnu.no/studieinformasjon/siving/eldre/97-98/3/34512.htm,https://www.ntnu.no/studieinformasjon/siving/eldre/97-98/3/34505.htm,"['Mål: Faget tek sikte på å gje studentane grunnleggjande forståing av korleis vatnet førekjem i naturen, med kvantifisering og med innføring i hydrologiske berekningar.', 'Forutsetning: Byggjer på elementære kunnskaper i matematikk, statistikk, fysikk og kjemi. Det baserer seg på eit visst kjennskap til hydrologi slik denne blir presentert i fag 34511 Hydroteknikk GK.', 'Innhold: Orientering om klima. Innføring i observasjonsmetodikk og i bruk av grunnleggjande observasjonsmateriale for å finna tilgang på vatn, berekna vilkåra for å regulera og utnytta vassførekomstene, og ta vare på vassressursar.', 'Undervisningsform: Forelesingar, kombinerte med små teori\xad og rekneøvingar. Nokre øvingsoppgåver kan studentane arbeida vidare med sjølvstendig. Eit mini\xadprosjektarbeide i gruppe er obligatorisk. Ekskursjonar.', 'Kursmateriell: John Tveit: Ingeniørhydrologi 1994.', 'Ei amerikansk støttebok til utfylling og eventuell vidareføring: V.T. Chow, D.R. Maidment og L.W. Mays: Applied Hydrology, McGraw-Hill 1988.']","['Innhold: Første del av faget, ca 2/5, tar for seg væskers fysiske egenskaper, trykktilstander og grunnleggende bevegelseslikninger. Andre del av faget legger hovedvekten på anvendelsesområder som bølgebevegelse, rørstrømning, kanalstrømning og krefter på legemer i strøm og bølger. Faget blir utformet og gjennomført i samarbeid mellom Fakultet for maskinteknikk ved Institutt for mekanikk, termo- og fluiddynamikk og Fakultet for bygg- og miljøteknikk ved Institutt for konstruksjonsteknikk og Institutt for vassbygging (med sistnevnte institutt som koordineringsansvarlig).']"
bc88d36bf0288767e283f9fa32674c90baa3f746,208ba251b5af4e054c1bc0933fe64f00ad1f2fb8,https://www.ntnu.no/studieinformasjon/siving/eldre/97-98/3/34512.htm,https://www.ntnu.no/studieinformasjon/siving/eldre/97-98/3/34226.htm,"['Mål: Faget tek sikte på å gje studentane grunnleggjande forståing av korleis vatnet førekjem i naturen, med kvantifisering og med innføring i hydrologiske berekningar.', 'Forutsetning: Byggjer på elementære kunnskaper i matematikk, statistikk, fysikk og kjemi. Det baserer seg på eit visst kjennskap til hydrologi slik denne blir presentert i fag 34511 Hydroteknikk GK.', 'Innhold: Orientering om klima. Innføring i observasjonsmetodikk og i bruk av grunnleggjande observasjonsmateriale for å finna tilgang på vatn, berekna vilkåra for å regulera og utnytta vassførekomstene, og ta vare på vassressursar.', 'Undervisningsform: Forelesingar, kombinerte med små teori\xad og rekneøvingar. Nokre øvingsoppgåver kan studentane arbeida vidare med sjølvstendig. Eit mini\xadprosjektarbeide i gruppe er obligatorisk. Ekskursjonar.', 'Kursmateriell: John Tveit: Ingeniørhydrologi 1994.', 'Ei amerikansk støttebok til utfylling og eventuell vidareføring: V.T. Chow, D.R. Maidment og L.W. Mays: Applied Hydrology, McGraw-Hill 1988.']","['Mål: Faget skal gi en innføring i de grunnleggende prinsipper for utforming, regulering og drift av veg- og gatenett for å oppnå en hensiktsmessig trafikkavvikling for ulike trafikantgrupper.', 'Forutsetning: Faget bygger delvis på fag 34210 Samferdsel GK.', 'Innhold: Trafikantens og trafikkens karakteristika. Trafikkteknisk utstyr og registreringsmetoder. Innsamling og statistisk behandling av trafikkdata. Geometrisk utforming av kryss. Valg av krysstype. Kapasitet og avviklingsforhold på vegstrekninger og i kryss. Signalregulering, samkjøring og områdekontroll. Trafikkregulering, skilting og oppmerking.', 'Undervisningsform: Forelesninger. Regne- og labøvinger som må være utført og godkjent før eksamen i faget.']"
bc88d36bf0288767e283f9fa32674c90baa3f746,fc61d074f5c4280d6ce674165d9f1a0d128a0c62,https://www.ntnu.no/studieinformasjon/siving/eldre/97-98/3/34512.htm,https://www.ntnu.no/studieinformasjon/siving/eldre/97-98/3/34545.htm,"['Mål: Faget tek sikte på å gje studentane grunnleggjande forståing av korleis vatnet førekjem i naturen, med kvantifisering og med innføring i hydrologiske berekningar.', 'Forutsetning: Byggjer på elementære kunnskaper i matematikk, statistikk, fysikk og kjemi. Det baserer seg på eit visst kjennskap til hydrologi slik denne blir presentert i fag 34511 Hydroteknikk GK.', 'Innhold: Orientering om klima. Innføring i observasjonsmetodikk og i bruk av grunnleggjande observasjonsmateriale for å finna tilgang på vatn, berekna vilkåra for å regulera og utnytta vassførekomstene, og ta vare på vassressursar.', 'Undervisningsform: Forelesingar, kombinerte med små teori\xad og rekneøvingar. Nokre øvingsoppgåver kan studentane arbeida vidare med sjølvstendig. Eit mini\xadprosjektarbeide i gruppe er obligatorisk. Ekskursjonar.', 'Kursmateriell: John Tveit: Ingeniørhydrologi 1994.', 'Ei amerikansk støttebok til utfylling og eventuell vidareføring: V.T. Chow, D.R. Maidment og L.W. Mays: Applied Hydrology, McGraw-Hill 1988.']","['Mål: Faget tar sikte på å gi helhetsvurderinger av vannforsynings- og avløpssystemer (VA\xadsystemer) med vekt på vanntransport, økonomi og funksjon samt miljømessige spørsmål.', 'Forutsetning: Bygger delvis på fag 34525 VA\xadteknikk GK eller tilsvarende forkunnskaper i transport av vann. De som ikke har fag 34525 må tilegne seg nødvendige kunnskaper på egen hånd. Omfanget av dette selvstudium avtales med faglærer.', 'Innhold: Totalsystemer for forsyningsvann og avløpsvann. Planlegging av VA-nettet med økonomiske analyser og alternativskalkyler samt valg av vannkilder og resipienter. Vannforsynings\xad og tettstedshydrologi. Overvannsteknologi. Ledningsmateriell og ledningsarbeider. Sanering, rehabilitering og fornyelse samt forvaltning, drift og vedlikehold (FDV) av VA\xadnettet. Lover og administrasjon. Det brukes ferdigutviklede EDB\xadprogrammer til systemanalytiske betraktninger og vurderinger av alternativer i plansammenheng og dimensjonering.', 'Undervisningsform: Forelesninger og obligatoriske øvinger basert på ferdigutviklede EDB\xadprogrammer samt en feltøving ved Risvollan urbanhydrologiske feltlaboratorium.']"
bc88d36bf0288767e283f9fa32674c90baa3f746,15eef5d072d71c381151981ab8f75fe02866f2db,https://www.ntnu.no/studieinformasjon/siving/eldre/97-98/3/34512.htm,https://www.ntnu.no/studieinformasjon/siving/eldre/97-98/3/34546.htm,"['Mål: Faget tek sikte på å gje studentane grunnleggjande forståing av korleis vatnet førekjem i naturen, med kvantifisering og med innføring i hydrologiske berekningar.', 'Forutsetning: Byggjer på elementære kunnskaper i matematikk, statistikk, fysikk og kjemi. Det baserer seg på eit visst kjennskap til hydrologi slik denne blir presentert i fag 34511 Hydroteknikk GK.', 'Innhold: Orientering om klima. Innføring i observasjonsmetodikk og i bruk av grunnleggjande observasjonsmateriale for å finna tilgang på vatn, berekna vilkåra for å regulera og utnytta vassførekomstene, og ta vare på vassressursar.', 'Undervisningsform: Forelesingar, kombinerte med små teori\xad og rekneøvingar. Nokre øvingsoppgåver kan studentane arbeida vidare med sjølvstendig. Eit mini\xadprosjektarbeide i gruppe er obligatorisk. Ekskursjonar.', 'Kursmateriell: John Tveit: Ingeniørhydrologi 1994.', 'Ei amerikansk støttebok til utfylling og eventuell vidareføring: V.T. Chow, D.R. Maidment og L.W. Mays: Applied Hydrology, McGraw-Hill 1988.']","['Mål: Faget sikter mot de som ønsker spesialisering innen vannrensing for kvalitetsforbedring av drikkevann, kommunalt og industrielt avløpsvann, samt vannrensing innen akvakultur.', 'Forutsetning: Eksamen i fag 34528 Kommunal miljøteknologi GK eller tilsvarende forkunnskaper i vannrensing som dette faget gir. Slike forkunnskaper kan erverves ved å sette seg grundig inn i kompendier i fag 34528 Kommunal miljøteknologi GK som omhandler vannrensing. Disse kompendiene kan kjøpes ved instituttet.', 'Innhold: Faget gir en grundigere innføring i det teoretiske grunnlaget for ulike rensemetoder enn det som gis i fag 34528, og omhandler prosesstekniske enhetsprosesser for kvalitetsendring av drikkevann, kommunalt og industrielt avløpsvann, vann i akvakultur osv. De viktigste emner er: Prosessteknisk grunnlag (reaksjonskinetikk, reaktorhydraulikk og materialbalanser). Koagulering (destabilisering, felling og flokkulering). Partikkelseparasjon (sedimentering, flotasjon, filtrering). Sorpsjonsprosesser (adsorpsjon, ionebytting). Kjemisk oksydasjon og desinfeksjon. Gassoverføring. Biologiske prosesser (aerobe og anaerobe). Videre gjennomgås anvendelse av de rensetekniske enhetsprosesser til dimensjonering og utforming av kommunale og industrielle renseanlegg for de ulike anvendelsesområdene som er angitt ovenfor.', 'Undervisningsform: Forelesninger, regneøvinger og laboratoriearbeid.', 'Kursmateriell: H. Ødegaard: Kompendium i vannrenseteknikk, Institutt for vassbygging.', 'H. Ødegaard: Fjerning av næringstoffer ved rensing av avløpsvann, Tapir Forlag 1992.']"
bc88d36bf0288767e283f9fa32674c90baa3f746,0d0567f690fa9f9f146f9971e76429c6c694de11,https://www.ntnu.no/studieinformasjon/siving/eldre/97-98/3/34512.htm,https://www.ntnu.no/studieinformasjon/siving/eldre/97-98/3/33511.htm,"['Mål: Faget tek sikte på å gje studentane grunnleggjande forståing av korleis vatnet førekjem i naturen, med kvantifisering og med innføring i hydrologiske berekningar.', 'Forutsetning: Byggjer på elementære kunnskaper i matematikk, statistikk, fysikk og kjemi. Det baserer seg på eit visst kjennskap til hydrologi slik denne blir presentert i fag 34511 Hydroteknikk GK.', 'Innhold: Orientering om klima. Innføring i observasjonsmetodikk og i bruk av grunnleggjande observasjonsmateriale for å finna tilgang på vatn, berekna vilkåra for å regulera og utnytta vassførekomstene, og ta vare på vassressursar.', 'Undervisningsform: Forelesingar, kombinerte med små teori\xad og rekneøvingar. Nokre øvingsoppgåver kan studentane arbeida vidare med sjølvstendig. Eit mini\xadprosjektarbeide i gruppe er obligatorisk. Ekskursjonar.', 'Kursmateriell: John Tveit: Ingeniørhydrologi 1994.', 'Ei amerikansk støttebok til utfylling og eventuell vidareføring: V.T. Chow, D.R. Maidment og L.W. Mays: Applied Hydrology, McGraw-Hill 1988.']","['Mål: Faget skal gi en innføring i jordartenes egenskaper og oppførsel i geoteknisk henseende.', 'Forutsetning: Ingen.', 'Innhold: Beskrivelse av jord for ingeniørmessige formål. Spenninger og spenningsendringer i jord, definisjoner og beregninger ved enkle likevektsbetraktninger. Deformasjon av jord (setninger) som følge av belastning. Strømningsanalyser. Eksperimentelle metoder til bestemmelse av permeabilitet, deformasjons\xad og styrkeparametre. Kort om skråningsstabilitet. Orientering om de vanligste geotekniske problemstillingene som forekommer i praksis.', 'Undervisningsform: Forelesninger, øvinger med veiledning og presentasjon av løsninger. Laboratorieøving og demonstrasjon av grunnboringsutstyr i felt. Samtlige øvinger må være godkjent for å få adgang til eksamen.']"
bc88d36bf0288767e283f9fa32674c90baa3f746,f823681fb3c49ccd5c84f9b37b1af2879fe80a0b,https://www.ntnu.no/studieinformasjon/siving/eldre/97-98/3/34512.htm,https://www.ntnu.no/studieinformasjon/siving/eldre/97-98/3/34240.htm,"['Mål: Faget tek sikte på å gje studentane grunnleggjande forståing av korleis vatnet førekjem i naturen, med kvantifisering og med innføring i hydrologiske berekningar.', 'Forutsetning: Byggjer på elementære kunnskaper i matematikk, statistikk, fysikk og kjemi. Det baserer seg på eit visst kjennskap til hydrologi slik denne blir presentert i fag 34511 Hydroteknikk GK.', 'Innhold: Orientering om klima. Innføring i observasjonsmetodikk og i bruk av grunnleggjande observasjonsmateriale for å finna tilgang på vatn, berekna vilkåra for å regulera og utnytta vassførekomstene, og ta vare på vassressursar.', 'Undervisningsform: Forelesingar, kombinerte med små teori\xad og rekneøvingar. Nokre øvingsoppgåver kan studentane arbeida vidare med sjølvstendig. Eit mini\xadprosjektarbeide i gruppe er obligatorisk. Ekskursjonar.', 'Kursmateriell: John Tveit: Ingeniørhydrologi 1994.', 'Ei amerikansk støttebok til utfylling og eventuell vidareføring: V.T. Chow, D.R. Maidment og L.W. Mays: Applied Hydrology, McGraw-Hill 1988.']","['Mål: Faget skal gjøre rede for grunnprinsippene for investeringsvurderinger og deres anvendelse innen samferdselssektoren.', 'Forutsetning: Bygger delvis på fag 34210 Samferdsel GK.', 'Innhold: Faget behandler det teoretiske grunnlaget for investeringsanalyser samt hvordan dette er tilpasset og operasjonalisert til bruk innen samferdselssektoren. Dette suppleres med behandling av de forhold som ikke tas med i de økonomiske vurderingsmetodene samt usikkerhetsanalyse av de ulike beregninger som foretas. I faget behandles også tema som bompenger/vegprising, parkering, deregulering innen samferdselssektoren, økonomiske konkurranseflater mellom transportmidler samt logistikk og bedriftstransporter.']"
bc88d36bf0288767e283f9fa32674c90baa3f746,c91b52400c0b5a5e673e581f06a1dc2003c5f911,https://www.ntnu.no/studieinformasjon/siving/eldre/97-98/3/34512.htm,https://www.ntnu.no/studieinformasjon/siving/eldre/97-98/3/34537.htm,"['Mål: Faget tek sikte på å gje studentane grunnleggjande forståing av korleis vatnet førekjem i naturen, med kvantifisering og med innføring i hydrologiske berekningar.', 'Forutsetning: Byggjer på elementære kunnskaper i matematikk, statistikk, fysikk og kjemi. Det baserer seg på eit visst kjennskap til hydrologi slik denne blir presentert i fag 34511 Hydroteknikk GK.', 'Innhold: Orientering om klima. Innføring i observasjonsmetodikk og i bruk av grunnleggjande observasjonsmateriale for å finna tilgang på vatn, berekna vilkåra for å regulera og utnytta vassførekomstene, og ta vare på vassressursar.', 'Undervisningsform: Forelesingar, kombinerte med små teori\xad og rekneøvingar. Nokre øvingsoppgåver kan studentane arbeida vidare med sjølvstendig. Eit mini\xadprosjektarbeide i gruppe er obligatorisk. Ekskursjonar.', 'Kursmateriell: John Tveit: Ingeniørhydrologi 1994.', 'Ei amerikansk støttebok til utfylling og eventuell vidareføring: V.T. Chow, D.R. Maidment og L.W. Mays: Applied Hydrology, McGraw-Hill 1988.']","['Mål: Faget sikter mot de som ønsker spesialisering på området vannkvalitet og vannbehandling innen akvakultur, med spesiell vekt på resirkulering/gjenbruk av vann.', 'Forutsetning: Eksamen i fag 34528 Kommunal miljøteknologi GK eller tilsvarende forkunnskaper i vannbehandling.', 'Innhold: Faget gir en grundig innføring i vannkvalitetskrav, -kvalitetsendringer og vannbehandlingsbehov ved oppdrett av fisk i lukkede produksjonsanlegg. De viktigste emner er: (1) Innføring/historikk vedrørende akvakultur i Norge. (2) Anleggstyper og driftsformer (settefiskanlegg og matfiskanlegg). (3) Vannkvalitet og -kvalitetskriterier (temperatur, oksygen, gassovermetning, surhetsgrad, karbondioksyd, ammoniakk, klor, metaller, partikler etc). (4) Vannforbruk. (5) Forurensingsformer og -mengder. (6) Vannbehandling (oppvarming, nøytralisering, lufting, oksygenering, partikkelfjerning, ammoniumfjerning, desinfeksjon etc). Videre gjennomgås anlegg for gjenbruk (resirkulering) av vann, og det gjennomgås hvordan data om fiskens opptak og ekskresjon av ulike stoffer kan anvendes for dimensjonering av rensetekniske enhetsprosesser.']"
bc88d36bf0288767e283f9fa32674c90baa3f746,aff49495253840c255b931a6e0ff7bf96eae47a6,https://www.ntnu.no/studieinformasjon/siving/eldre/97-98/3/34512.htm,https://www.ntnu.no/studieinformasjon/siving/eldre/97-98/3/34265.htm,"['Mål: Faget tek sikte på å gje studentane grunnleggjande forståing av korleis vatnet førekjem i naturen, med kvantifisering og med innføring i hydrologiske berekningar.', 'Forutsetning: Byggjer på elementære kunnskaper i matematikk, statistikk, fysikk og kjemi. Det baserer seg på eit visst kjennskap til hydrologi slik denne blir presentert i fag 34511 Hydroteknikk GK.', 'Innhold: Orientering om klima. Innføring i observasjonsmetodikk og i bruk av grunnleggjande observasjonsmateriale for å finna tilgang på vatn, berekna vilkåra for å regulera og utnytta vassførekomstene, og ta vare på vassressursar.', 'Undervisningsform: Forelesingar, kombinerte med små teori\xad og rekneøvingar. Nokre øvingsoppgåver kan studentane arbeida vidare med sjølvstendig. Eit mini\xadprosjektarbeide i gruppe er obligatorisk. Ekskursjonar.', 'Kursmateriell: John Tveit: Ingeniørhydrologi 1994.', 'Ei amerikansk støttebok til utfylling og eventuell vidareføring: V.T. Chow, D.R. Maidment og L.W. Mays: Applied Hydrology, McGraw-Hill 1988.']","['Mål: Faget tar sikte på å utvide og utdype kunnskaper i og forståelse for trafikk og trafikkavvikling i forhold til krav knyttet til framkommelighet, trafikksikkerhet og miljø.', 'Forutsetning: Eksamen i fag 34226 Trafikkteknikk 1 GK.', 'Innhold: Anvendt trafikkavviklingsteori. Sammenhengen mellom geometri, regulering og trafikantatferd. Trafikkavvikling til gatenett og på vegstrekninger. Aktuelle dataprogrammer for simulering og analyse av trafikkavviklingen. Trafikksikkerhetsanalyser. Miljøanalyser knyttet til trafikkavvikling og -regulering. Bruk av informasjonsteknologi (IT) for styrings- og informasjonsformål, herunder kollektivtrafikkprioritering og andre trafikktekniske tiltak.']"
bc88d36bf0288767e283f9fa32674c90baa3f746,f94ace9955f5cb1752be4a9c13ea0756b75dbef4,https://www.ntnu.no/studieinformasjon/siving/eldre/97-98/3/34512.htm,https://www.ntnu.no/studieinformasjon/siving/eldre/97-98/3/34028.htm,"['Mål: Faget tek sikte på å gje studentane grunnleggjande forståing av korleis vatnet førekjem i naturen, med kvantifisering og med innføring i hydrologiske berekningar.', 'Forutsetning: Byggjer på elementære kunnskaper i matematikk, statistikk, fysikk og kjemi. Det baserer seg på eit visst kjennskap til hydrologi slik denne blir presentert i fag 34511 Hydroteknikk GK.', 'Innhold: Orientering om klima. Innføring i observasjonsmetodikk og i bruk av grunnleggjande observasjonsmateriale for å finna tilgang på vatn, berekna vilkåra for å regulera og utnytta vassførekomstene, og ta vare på vassressursar.', 'Undervisningsform: Forelesingar, kombinerte med små teori\xad og rekneøvingar. Nokre øvingsoppgåver kan studentane arbeida vidare med sjølvstendig. Eit mini\xadprosjektarbeide i gruppe er obligatorisk. Ekskursjonar.', 'Kursmateriell: John Tveit: Ingeniørhydrologi 1994.', 'Ei amerikansk støttebok til utfylling og eventuell vidareføring: V.T. Chow, D.R. Maidment og L.W. Mays: Applied Hydrology, McGraw-Hill 1988.']","['Innhold: Sentrale emner vil være veg- og gateutforming, miljødefinisjoner og problemstillinger. Faget tar opp ulike sider av miljøbegrepet, både de kvantifiserbare som støy og forurensning og de kvalitative som de sosiale og visuelle forhold. De ulike miljøaspekter blir satt i sin sammenheng der det legges vekt på en forståelse av en helhetlig planlegging. Faget tar også opp problemsone- og miljøkonsekvensanalyser. I tillegg vil en gå inn på utforming av rasteplasser, støttemurer, tunellportaler og bruer.']"
