nynorsk_doc_hash,bokmaal_doc_hash,nynorsk_url,bokmaal_url,nynorsk_fulltext,bokmaal_fulltext
fa0d8b900c5bca77e9a104ffda23f761f9ef51cd,010cc34bf887a106a0dc7d81e7f0d5e0aed426ce,https://www4.uib.no/emner/SAMPOL233?sem=2024v,https://www4.uib.no/emner/SAMPOL332?sem=2024v,"['Emnebeskrivelse', 'Mål og innhald', 'Det norske Forsvaret har som primæroppgåve å hevda norske suverene rettigheiter og å forsvare landet mot ytre angrep, det vil si ivareta statssikkerheita. Statssikkerheit er likevel i aukande grad forbundet med samfunnssikkerheit, og truslar i skjeringspunktet mellom det sivile og det militære er blitt vanlegare. Skiljet mellom fred, krise og krig blir dermed i aukande grad viska ut. Dermed blir det også meir utfordrande å ivareta klare skilje mellom sivile og militære oppgåver. Samtidig har ein multipolær verdsorden gitt ein meir ustabil og usikker verdsorden. Særleg krigen i Ukraina har mint oss på at konvensjonelle angrep på andre statar framleis er ein aktuell trussel som må kunne handterast militært.', 'Dette emnet vil gje innsikt i korleis statssikkerheita er tenkt forvalta i etablerte demokrati generelt og i Noreg spesielt. Kva demokratiske prinsipp og normer ligg til grunn for når og kor militæret kan nyttast og kva instansar som skal ta del i krig til forsvar for landet? Eit sentralt tema i emnet er altså korleis Forsvaret er forankra i det norske demokratiet og i nasjonalstaten.', 'I tilfelle krig skal Noreg forsvarast av både vernepliktige og yrkesmilitæret gjennom Forsvaret. Forsvaret skal igjen støttast av sivile som blir mobilisert gjennom totalforsvaret. Emnet vil også omhandla totalforsvaret og kva sivil-militære relasjonar som er innbakt i totalforsvarskonseptet. Korleis er arbeidsfordelinga tenkt mellom Forsvaret og totalforsvaret i krise og i krig? Kva prinsipielle og praktiske utfordringar er knytt til dette?', 'Emnet vil òg gje innblikk i meir empiriske spørsmål som Forsvarets utviklings- og omstillingsprosessar etter andre verdskrig. Korleis har ulike sikkerheitsmessige utviklingstrekk og politiske prioriteringar påverka Forsvaret i ulike periodar? Emnet vil sette det norske Forsvaret inn i eit komparativt europeisk perspektiv, og gi et innblikk i ulike måtar dei vesteuropeiske statane har innordna sine forsvar. Vidare vil emnet i særleg grad sjå på korleis kommersialisering og privatiseringstendensar generelt påverkar forvaltninga av statssikkerheit. Emnet er forankra i statsvitskapeleg teori på statssikkerheit, demokratisk kontroll med det militære og sivil-militære relasjonar i etablerte demokrati.', 'Læringsutbyte', 'Kunnskap', 'Studenten har', 'empirisk kunnskap om det norske Forsvaret og utviklinga i det sidan andre verdskrig.']","['Mål og innhald', 'Emnet har som mål å gjøre studentene i stand til å gjennomføre en avansert kvantitativ analyse ved å benytte seg av moderne metoder og statistiske teknikker.', 'Innhold:', 'Studiet tar opp tema som maskinlæring, kausal inferens og bayesiansk analyse. Det legges særlig vekt på anvendelsen av metodene. Undervisningen er delt inn i to distinkte deler, hvor den ene hovedsakelig omhandler kausal inferens og den andre maskinlæring og moderne regresjonsanalyse.', 'Læringsutbyte', 'Studenten skal ved avslutta emne ha følgjande læringsutbytte:', 'Kunnskapar', 'Kjenskap til flere av hovedteknikkene innenfor moderne kvantitativ metode', 'Obligatorisk undervisningsaktivitet', 'Ingen', 'Eit essay, som før er innlevert og vurdert, kan ikkje leverast inn til eksamen i SAMPOL332 på nytt med mindre studenten på førehand kan dokumentere for instituttet at oppgåva har gitt svar på nye problemstillingar, og/eller at det er trekt inn nytt empirisk materiale (kjelder/data), og/eller at det er gjort ein radikalt endra analyse av tolkinga av empirien (jf. ""Utfyllende grads- og studiereglement for Det samfunnsvitskaplege fakultet"").', 'Bokstavkarakterar A-F', 'Vurderingssemester', 'Eksamen tilbys kun i undervisningssemesteret']"
79c0e95420d8fb7f126e334de6f773c96cdeb87e,aa05efb2a6aa026cd99571b52444d34318a1c365,https://www.uib.no/studies/PRMEDISIN/plan,https://www.uib.no/studier/PRMEDISIN/plan,"['Profesjonsstudiet i medisin har eit omfang på 360 studiepoeng. Ved medisinstudiet 2015-plan deles studentkullet i A-kull og B-kull frå og med hausten 4. studieår. Normert studietid for Medisinstudiet 2015-plan er 6 år for A-kull og 6,5 år for B-kull.', 'Profesjonsstudiet i medisin ved UiB skal kvalifisera for autorisasjon som lege og for nybyrjarstillingar innan alle medisinske spesialitetar. Ved avslutta studie skal dei som nyutdanna legar også kunne arbeide innan forsking, formidling og helseleiing.', 'Gjennom studiet skal studentane ha tileigna seg ein solid fagleg og oppdatert kunnskapsbase og akademisk danning som grunnlag for profesjonell yrkesutøving, kunnskapshandtering, kritisk kjeldevurdering og livslang læring.', 'Ved avslutta studie skal studentane kunne diagnostisera og behandle vanlege sjukdommar. Dei skal meistre akuttmedisinske tilstandar og skader. Dei skal kunne utføra gode anamneseopptak, kliniske undersøkingar og differensial-diagnostiske vurderingar og dei skal ha kunnskap om vidare utgreiing og behandling av mindre vanlege sjukdommar. Dei skal ha kompetanse på opplæring av pasientar og pårørande, undervisning, helsefremmande arbeid og tverrfagleg samarbeid i alle ledd av helsetenesta.', 'I løpet av studiet skal studentane lære å setje pasientane i sentrum og møte pasientar og pårørande med empati og respekt. Studentane skal difor trenast i god kommunikasjon med pasientar, pårørande og anna helsepersonell. Dei skal trenast i å gjere etiske overveiingar om behandlingsstrategiar, prioriteringar og bruk av medisinsk kunnskap.', 'Studiet skal fremje heilskapleg forståing for helse og sjukdom og vektlegge dei viktigaste helseproblema. Studentane skal tileigne seg innsikt i risikofaktorar for sjukdom og erfaring med førebyggjande tiltak på individ- og samfunnsnivå. Dei skal tileigne seg innsikt i den nasjonale og globale sjukdom- og skadebyrde samt ulikskapar i helse mellom land og innanfor landegrensene.', 'Studiet skal legge vekt på etikk, pasientsikkerheit og menneskerettar. Studentane skal ha kjennskap til organisering av norsk helsevesen, helseøkonomiske prinsipp og kvalitetsforbetring i helsesektoren.', 'Forskarlinja er eit spesialtilbod for ei gruppe medisinstudentar (inntil 10 %) som har interesse for medisinsk forsking og som kan tenkje seg ei forskarkarriere i framtida. Studentane på forskarlinja følgjer det ordinære medisinstudiet. Spesialtilbodet er at desse studentane i tillegg får ei organisert forskaropplæring og driv eiga forsking med skriving av forskingsoppgåve som kan vere starten på ei doktoravhandling. Studentar som vel forskarlinja får eit medisinstudium på 7 år for A-kull og 7,5 år for B-kull.', 'Etter fullført studium har den nyutdannede legen medisinsk kunnskap, ferdigheter og generell kompetanse til å utøve legeyrket på en god, ansvarlig, reflektert og omsorgsfull måte, og har grunnlag for videre spesialistutdanning, forskning og livslang læring.', 'Kunnskap', 'Den nyutdannede legen', 'har inngående kunnskap om det friske mennesket i alle aldre', 'har inngående kunnskap om vanlige sykdommer, livstruende og akuttmedisinske tilstander og behandling av disse', 'har inngående kunnskap om faktorer og tiltak som kan påvirke helse og sykdom', 'kan anvende kunnskap om helsetjenestens oppbygging, verdier og normer, og bidra til gode pasientforløp', 'kan anvende vitenskapelige metoder og forstå sammenhengen mellom vitenskap og erfaringsbasert praksis, og betydningen av dette for yrkesutøvelsen', 'Ferdigheter', 'Den nyutdannede legen', 'kan gjennomføre en medisinsk konsultasjon og kommunisere med pasienter og pårørende på en profesjonell og empatisk måte', 'kan identifisere problemstillinger, gjennomføre diagnostikk, iverksette behandling og/eller forebyggende tiltak, samt oppfølging ved ulike sykdomsgrupper og tilstander i samarbeid med pasienten og ulike helseprofesjoner', 'kan utøve ledelse i akuttmedisinske situasjoner der beslutningstaking, kommunikasjon og samarbeid med andre profesjoner kreves', 'kan benytte ulike informasjonskilder som forskningsbasert kunnskap, klinisk erfaring og pasientens preferanser i kliniske resonnement og beslutninger', 'kan foreta avveininger mellom medisinske og økonomiske forhold ved prioriteringer i klinisk og samfunnsmedisinsk arbeid', 'kan analysere og iverksette ulike typer forebyggende og helsefremmende arbeid på individ-, gruppe- og samfunnsnivå', 'kan handle forsvarlig ved sviktende kvalitet og kan bidra til forbedringsarbeid og pasientsikkerhet', 'Alle emnar er obligatoriske, og må gjennomførast i fastsett rekkefølgje. Det er ikkje mogleg å endre på utdanningsplanen eller rekkefølgja på eksamenane utan førehandsgodkjenning. Dei fleste emna i studiet har obligatorisk undervisning.', 'På profesjonsstudiet i medisin er det elektive periodar i 3.- 6. studieår. I elektiv periode kan studentar velje emnar etter interesse. For meir informasjon om elektive periodar https://www.uib.no/med/147776/elektiv-periode', 'Emna må gjennomførast i fastsett rekkjefølge. Det er ikkje mogleg å endre på utdanningsplanen eller rekkefølgja på eksamenane utan førehandsgodkjenning. Se fakultetets utfyllande regler til § 2-2 (2), § 7-3 (2) og § 8-2 (3) i UiBs studieforskrift.', 'Examen Philosophicum er obligatorisk, men er unnteke frå kravet om rekkefølgje. Examen Philosophicum må seinast vere bestått før studenten startar på 4. studieår.', 'Dersom ein student manglar bestått resultat i et emne etter ordinær eksamen og tilhøyrande kontinuasjonseksamen, blir studenten flytta ned til kullet under. Dette gjelder også om studenten har gyldig fråvær på ein av eller begge eksamenar.', 'Studieopphald i utlandet kan vere nyttig for kommande legar. Det medisinske fakultet samarbeider med mange ulike lærestader om studentutveksling. Dette skjer i hovudsak innanfor faste nettverk som Nordplus og Erasmus+. UiB legg til rette for utvekslingsopphald under profesjonsstudiet, og anbefaler utveksling i semestera MED4, MED7, MED9 eller i fritermin. Ta kontakt med internasjonal koordinator ved fakultet for å høyre meir om kva ordningar som finst.', 'Profesjonsstudiet i medisin har varierte undervisningsformer som stimulerer til studentaktiv læring; førelesingar, team-basert læring, case-basert læring, laboratoriekurs, seminar, praktiske øvingar, profesjonsgrupper, kliniske smågrupper og anna oppfølging i klinikk. Det er mykje obligatorisk undervisingsaktivitet, organisert dels som fellesaktivitetar, dels som gruppebasert opplegg.', 'Sjukehus, legekontor, legevakt, helsestasjon og sjukeheim inngår som faste undervisingsarenaer for hospitering og praksisopphald for medisinstudentar frå tidleg i studiet. Praksisopphald på samarbeidande sjukehus i Stavanger, Førde eller Haugesund er ein del av det obligatoriske studieopplegget i 4.-6. studieår, og fakultetet legg til rette for tilbod om hyblar og reisestønad.', 'Profesjonsstudiet i medisin har varierte undervisningsformer som stimulerer til studentaktiv læring; førelesingar, team-basert læring, case-basert læring, laboratoriekurs, seminar, praktiske øvingar, profesjonsgrupper, kliniske smågrupper og anna oppfølging i klinikk. Det er mykje obligatorisk undervisingsaktivitet, organisert dels som fellesaktiviteter, dels som gruppebasert opplegg.', 'Sjukehus, legekontor, legevakt og sjukeheim inngår som faste undervisingsarenaer for hospitering og praksisopphald for medisinstudentar frå tidleg i studiet. Praksisopphald på samarbeidande sjukehus i Stavanger, Førde eller Haugesund er ein del av det obligatoriske studieopplegget i 4.-6. studieår, og fakultetet legg til rette for tilbod om hyblar og reisestønad.', 'Ved avslutta studium blir du autorisert som lege. For å kunne spesialisere deg må du ha gjennomført gjeldande turnusordning. Som lege kan du arbeide på sjukehus, som fastlege i primærhelsetenesta eller på andre område som krev medisinsk kompetanse. Du kan òg halde fram innan forsking og bidra til å betre livskvaliteten og helsa til store grupper i samfunnet i framtida.', 'Som utdanningsinstitusjon skal vi vurdere om du er skikka til å utøve yrket som helse- eller sosialpersonell. Vurderinga omfattar både faglege, pedagogiske og personlege føresetnader, og vil gå føre seg under heile utdanninga - jf. Forskrift om skikkethetsvurdering i høgare utdanning. Studiet kvalifiserer for søknad om autorisasjon som lege etter fullført utdanning. Autorisasjon blir gitt av Helsedirektoratet.']","['Profesjonsstudiet i medisin fører fram til graden cand.med. Studiet tek 6-6½ år.', 'Profesjonsstudiet i medisin ved UiB har frå hausten 2015 to studieplanar, ""Medisin 2005"" og ""Medisin 2015"". ""Medisin 2015"", som er omtala på denne studieplansida, gjeld alle som får opptak til medisinstudiet ved UiB frå og med hausten 2015. Medisinstudentar som allereie er tatt opp på studiet fortset på studieplanen dei er tatt opp på, «Medisin 2005». Studieplanen til ""Medisin 2005"" finn du på denne nettsida.', 'Profesjonsstudiet i medisin ved UiB skal kvalifisere for autorisasjon som lege og for nybegynnerstillinger innen alle medisinske spesialiteter. Ved avsluttet studie skal de som nyutdannede leger også kunne arbeide innen forskning, formidling og helseledelse.', 'Gjennom studiet skal studentene ha tilegnet seg en solid faglig og oppdatert kunnskapsbase og akademisk dannelse som grunnlag for profesjonell yrkesutøvelse, kunnskapshåndtering, kritisk kildevurdering og livslang læring.', 'Ved avsluttet studie skal studentene kunne diagnostisere og behandle vanlige sykdommer. De skal mestre akuttmedisinske tilstander og skader. De skal kunne utføre gode anamneseopptak, kliniske undersøkelser og differensial-diagnostiske vurderinger og de skal ha kunnskap om videre utredning og behandling av mindre vanlige sykdommer. De skal ha kompetanse på opplæring av pasienter og pårørende, undervisning, helsefremmende arbeid og tverrfaglig samarbeid i alle ledd av helsetjenesten.', 'I løpet av studiet skal studentene lære å sette pasientene i sentrum og møte pasienter og pårørende med empati og respekt. Studentene skal derfor trenes i god kommunikasjon med pasienter, pårørende og annet helsepersonell. De skal trenes i å gjøre etiske overveielser om behandlingsstrategier, prioriteringer og bruk av medisinsk kunnskap.', 'Studiet skal fremme helhetlig forståelse for helse og sykdom og vektlegge de viktigste helseproblemene. Studentene skal tilegne seg innsikt i risikofaktorer for sykdom og erfaring med forebyggende tiltak på individ- og samfunnsnivå. De skal tilegne seg innsikt i den nasjonale og globale sykdoms- og skadebyrde samt ulikheter i helse mellom land og innenfor landegrensene.', 'Studiet skal legge vekt på etikk, pasientsikkerhet og menneskerettigheter. Studentene skal ha kjennskap til organisering av norsk helsevesen, helseøkonomiske prinsipper og kvalitetsforbedring i helsesektoren.', 'Forskarlinja er eit spesialtilbod for ei gruppe medisinstudentar (inntil 10 %) som har interesse for medisinsk forsking og som kan tenkje seg ei forskarkarriere i framtida. Studentane på forskarlinja følgjer det ordinære medisinstudiet. Spesialtilbodet er at desse studentane i tillegg får ei organisert forskaropplæring og driv eiga forsking med skriving av forskingsoppgåve som kan vere starten på ei doktoravhandling. Studentar som vel forskarlinja får eit medisinstudium på 7 år.', 'Etter fullført studium har den nyutdannede legen medisinsk kunnskap, ferdigheter og generell kompetanse til å utøve legeyrket på en god, ansvarlig, reflektert og omsorgsfull måte, og har grunnlag for videre spesialistutdanning, forskning og livslang læring.', 'Kunnskap', 'Den nyutdannede legen', 'har inngående kunnskap om det friske mennesket i alle aldre', 'har inngående kunnskap om vanlige sykdommer, livstruende og akuttmedisinske tilstander og behandling av disse', 'har inngående kunnskap om faktorer og tiltak som kan påvirke helse og sykdom', 'kan anvende kunnskap om helsetjenestens oppbygging, verdier og normer, og bidra til gode pasientforløp', 'kan anvende vitenskapelige metoder og forstå sammenhengen mellom vitenskap og erfaringsbasert praksis, og betydningen av dette for yrkesutøvelsen', 'Ferdigheter', 'Den nyutdannede legen', 'kan gjennomføre en medisinsk konsultasjon og kommunisere med pasienter og pårørende på en profesjonell og empatisk måte', 'kan identifisere problemstillinger, gjennomføre diagnostikk, iverksette behandling og/eller forebyggende tiltak, samt oppfølging ved ulike sykdomsgrupper og tilstander i samarbeid med pasienten og ulike helseprofesjoner', 'kan utøve ledelse i akuttmedisinske situasjoner der beslutningstaking, kommunikasjon og samarbeid med andre profesjoner kreves', 'kan benytte ulike informasjonskilder som forskningsbasert kunnskap, klinisk erfaring og pasientens preferanser i kliniske resonnement og beslutninger', 'kan foreta avveininger mellom medisinske og økonomiske forhold ved prioriteringer i klinisk og samfunnsmedisinsk arbeid', 'kan analysere og iverksette ulike typer forebyggende og helsefremmende arbeid på individ-, gruppe- og samfunnsnivå', 'kan handle forsvarlig ved sviktende kvalitet og kan bidra til forbedringsarbeid og pasientsikkerhet', 'Studieopphald i utlandet kan vere nyttig for kommande legar. Det medisinske fakultet samarbeider med mange ulike lærestader om studentutveksling. Dette skjer i hovudsak innanfor faste nettverk som Nordplus og Erasmus+.', 'Profesjonsstudiet i medisin har varierte undervisningsformer som stimulerer til studentaktiv læring; førelesingar, team-basert læring, case-basert læring, laboratoriekurs, seminar, praktiske øvingar, profesjonsgrupper, kliniske smågrupper og anna oppfølging i klinikk. Det er mykje obligatorisk undervisingsaktivitet, organisert dels som fellesaktiviteter, dels som gruppebasert opplegg.', 'Sjukehus, legekontor, legevakt og sjukeheim inngår som faste undervisingsarenaer for hospitering og praksisopphald for medisinstudentar frå tidleg i studiet. Praksisopphald på samarbeidande sjukehus i Stavanger, Førde eller Haugesund er ein del av det obligatoriske studieopplegget i 4.-6. studieår, og fakultetet legg til rette for tilbod om hyblar og reisestønad.', 'Det er normalt ein eksamen i slutten av kvart semester. Semestereksamen vil bygge på obligatoriske krav og individuelle testar som er gjort underveis i semesteret. Tilbakemeldingane studentane får på obligatoriske øvingar og testar undervegs i semesteret er ein del av læringsprosessen, og skal førebu studentane på semestereksamen. For enkelte semester vil underveistestar inngå med prosentvis uttelling i semestervurderinga.', 'Aktuelle vurderingsformer er skriftlig skuleeksamen, munnleg eksamen, mappevurdering, digitale testar, rettleia oppgåver og ikkje-rettleia oppgåver, bestått på grunnlag av frammøte, lab-rapportar, praksis og klinisk prøve. På to av semestereksamenane (6.og 12. semester) vil vurderingsforma vera OSCE (Objective structured clinical examination), stasjonseksamen der studentane blir testa i praktiske prosedyrar, undersøkingsteknikk, laboratorietestar og kommunikasjonsferdigheter.', 'Ved avslutta studium blir du autorisert som lege. For å kunne spesialisere deg må du ha gjennomført gjeldande turnusordning. Som lege kan du arbeide på sjukehus, som fastlege i primærhelsetenesta eller på andre område som krev medisinsk kompetanse. Du kan òg halde fram innan forsking og bidra til å betre livskvaliteten og helsa til store grupper i samfunnet i framtida.', 'Som utdanningsinstitusjon skal vi vurdere om du er skikka til å utøve yrket som helse- eller sosialpersonell. Vurderinga omfattar både faglege, pedagogiske og personlege føresetnader, og vil gå føre seg under heile utdanninga - jf. Forskrift om skikkethetsvurdering i høyere utdanning.', 'Studiet kvalifiserer for søknad om autorisasjon som lege etter fullført utdanning. Autorisasjon blir gitt av Helsedirektoratet.']"
e90cd6f9358a9be1f1b9c37da36597913b9debae,9b84499915dad88b8c363f9b2a3120a7d29fb183,https://www4.uib.no/emner/FIL328?sem=2023h,https://www4.uib.no/emner/FIL321?sem=2023h,"['Mål og innhald', 'Emnet skal gi studentane kjennskap til nokre av dei viktigaste spørsmåla og problemstillingane som det blir arbeida med innanfor moderne etikk. Nokre døme på tema som blir handsama er: rettferd, velferd, kva moralen krev, kva slags verdi livet har, moralsk plikt og rett, og moralske ideal. I tillegg vil emnet ta opp anvendte problemstillingar knyttet til liv og død, miljø, og globale etiske utfordringar. Emnet skal vidare gi studentane høve til fordjuping i eit utval av aktuelle tema innanfor moderne etikk.', 'Læringsutbyte', 'Kunnskap:', 'Etter fullført emne skal studenten ha', 'inngåande kjennskap til nokre sentrale tema innanfor moderne moralfilosofi.', 'innsikt i ulike filosofiske teoriar om grunnlaget for etiske vurderingar.', 'innsikt i korleis ulike moralfilosofiske standpunkt kan vere relevante for kva konklusjonar ein trekk i konkrete moralske/politiske spørsmål.', 'Studiepoeng, omfang', 'Studienivå (studiesyklus)', 'Undervisningssemester', 'Undervisningsstad', 'Gode engelskkunnskapar er naudsynte, sidan ein må rekne med at mykje av pensum er på engelsk.', 'Studiepoengsreduksjon', 'Emnet overlapper med FIL227 (Innføring i etikk) og FIL228 (Tema i moralfilosofi ). For studentar som har tatt eitt av emna FIL211 (Valemne 1 i filosofi), FIL212 (Valemne 2 i filosofi), FIL213 (Valemne 3 i filosofi), FIL214 (Valemne 4 i filosofi), FIL301 (Forskingsemne i filosofi 1), FIL302 (Forskingsemne i filosofi 2) eller FIL303 (Forskingsemne i filosofi 3) med nærliggande tema kan det og være overlapp. Ta i så fall kontakt med email-removed@email-removed.no for nærare informasjon.', 'Krav til studierett', 'For å ta emnet må ein vere tatt opp på masterstudiet i filosofi. Studentar som ikkje har studierett ved masterprogrammet kan ta kontakt med email-removed@email-removed.no', 'Arbeids- og undervisningsformer', 'Studentene vil bruke ca. 20 timer i klassen i løpet av semesteret, og ca. 10 timer per uke utenom klassen med emnerelaterte oppgaver. Klassetiden vil innebære forelesninger eller presentasjoner av faglærar, diskusjoner og gruppearbeid.', 'Studentene vil få veiledning av semesteroppgaven. I løpet av semesteret vil det være ulike muligheter for studentene til å få tilbakemelding på mindre oppgaver fra instruktør og/eller peers.', 'Om det melder seg færre enn fire studentar kan talet på samlingar bli redusert. Den einskilde student vil i staden bli tilbode individuell rettleiing eller grupperettleiing.', 'Obligatorisk undervisningsaktivitet', 'Ei godkjenning av obligatoriske arbeidskrav er gyldig i tre semester frå og med det semesteret godkjenninga finner stad, jamfør ordinære reglar.', 'Ei semesteroppgåve på mellom 4000 og 6000 ord (ikkje medrekna innhaldsliste, litteraturliste etc). Emnet for oppgåva skal vere godkjend av faglærar på førehand. Oppgåva skal leverast digitalt og blir sensurert ved slutten av semesteret.', 'Eksamen blir arrangert kvart semester.', 'Dei obligatoriske arbeidskrava må vere godkjende før ein kan gå opp til eksamen i emnet.', 'Obligatoriske arbeidskrav må vere godkjende i eit semester med undervisning for at ein skal kunne melde seg til eksamen i eit semester utan undervisning.', 'Karakterskala']","['Emnebeskrivelse', 'Mål og innhald', 'Dette kurset vil hjelpe studentane til å tileigne seg og utvikle kunnskap og dugleikar som trengs for å utføre forskning på masternivå i filosofi, med fokus på masteroppgava. Studentane vil bli gitt rettleiing og instruksjon i filosofisk metodikk, val av oppgåvetema, bruk av nettbaserte databasar og bibliotekressursar, samt akademisk skriving.', 'Læringsutbyte', 'Kunnskap:', 'Etter fullført emne skal studenten ha', 'Kjennskap til metoder som brukes for forsknig i filosofi', 'Forståing av korleis du kan gi eit originalt bidrag til filosofisk vitenskap', 'Kunnskap om nettbaserte databaser og bibliotekressurser relevante for forskning innen filosofi']"
5458622207e94fae66dd92c939f25e2446b114b1,efacd483232edfd2dbfe284423f6376aff49d20f,https://www4.uib.no/emner/PHYS203?sem=2023h,https://www4.uib.no/emner/PHYS204?sem=2023h,"['Mål og innhald', 'Mål:', 'Emnet skal gje forståing av effektane til den spesielle relativitetsteorien i kvantemekanikk og gje ei innføring i feltteori.', 'Innhald:', 'Emnet omhandlar relativistisk kvantemekanikk, uttrykt ved Dirac-likninga, samt Lorentz-kovarians av likninga og eksistensen av antipartiklar. Emnet omhandlar og kvantisering av Klein-Gordon felt, Dirac-felt, og foton-felt. Emnet dannar grunnlag for vidaregåande studium i feltteori og gir forståing av relativistiske effektar i atom.', 'Læringsutbyte', 'Studenten skal ved avslutta emne ha fylgjande læringsutbyte definert i kunnskapar, ferdigheiter og generell kompetanse:']","['Mål og innhald', 'Emnet skal gi en forståelse av Lagrange- og Hamilton-formalismene av klassisk mekanikk, så vel som deres anvendelse på både ikke-relativistiske og relativistiske systemer. Emnet gir en presis introduksjon til spesiell relativitetsteori. Tema inkluderer sentralkraftsproblemet, stiv legemsbevegelse, relativistisk elektrodynamikk, så vel som ikke-lineær dynamikk og kaos. Betydningen av symmetrier for å finne konserverte mengder blir vektlagt. Forelesningen gir grunnleggende kunnskaper som er relevante for en rekke emner som statistisk fysikk, kvantemekanikk, feltteori og generell relativitetsteori.', 'Læringsutbyte', 'Studenten skal ved avslutta emne ha fylgjande læringsutbyte definert i kunnskapar, ferdigheiter og generell kompetanse:', 'Kunnskapar', 'Studenten', 'kan forklare og sammenligne Lagrange- og Hamilton-formalismene av klassisk mekanikk']"
c874623e0610aed760c04d3994c51f1e73decd5a,b67a9844c0a35df1fb221618201d7cea20015e64,https://www4.uib.no/emner/ARK213?sem=2023h,https://www4.uib.no/emner/ARK121?sem=2023h,"['Mål og innhald', 'Emnet tek sikte på å gje studentane fordjuping i arkeologisk teori og metode.', 'Studiet omfattar eit fordjupingstema innanfor arkeologisk teori og metode. Når ressursane tillét det tilbyr instituttet undervisning i eitt eller fleire tema. Fordjupingstema varierer med aktuell forsking og tilgjengelege undervisningskrefter.']","['Mål og innhald', 'Mål:', 'Emnet tar sikte på å gi studentene et dyptgående innblikk i aktuelle arkeologiske tema i perioden fra 1000 e.Kr. til nytiden.', 'Arkeologi som er ikke kronologisk begrenset: den kan undersøke enhver periode i fortiden, men også nåtiden. Imidlertid kan den spesielle perioden, som arkeologer studerer, ha en effekt på hvordan de tenker, og hva slags metoder de bruker. Dette er spesielt viktig med historisk arkeologi og samtidsarkeologi. De undersøker perioder som kan analyseres gjennom kilder som ikke er tilgjengelige fra tidligere perioder, som skriftlige kilder og intervjuer. Dessuten er historisk og samtidsarkeologi ikke de eneste disiplinene som studerer de samme kronologiske periodene. Deres forhold til andre disipliner er derfor avgjørende.', 'Emnet fokuserer på å diskutere hva som er spesifikt ved historisk arkeologi og samtidsarkeologi. Hva er de sentrale forskningsspørsmålene, ideene og målene som diskuteres? Hva er forskjellene og likhetene mellom historisk og samtidsarkeologi?', 'For omtale av temaet som vert tilbydd inneverande semester, sjå her: Temaomtale ARK121', 'Læringsutbyte', 'Studenten skal ved avslutta emne ha følgjande læringsutbyte definert i kunnskap, ferdigheiter og generell kompetanse:', 'Kunnskapar']"
a1fd41e719068dcb4bccdb828d01a38b698439e0,97db23500370d2e60cb5defe48e9df0ed3acf7dc,https://www4.uib.no/emner/GEOV274?sem=2023h,https://www4.uib.no/emner/GEOV217?sem=2023h,"['Mål og innhald', 'Mål: Reservoargeofysikk har som mål å syne korleis ein ved geofysiske undersøkingar kan beskrive moglege typar væsker og voluma av desse i bergartar som ligg opp til fleire kilometer under jorda si overflate. Dette er viktig når ein til dømes skal leite etter hydrokarbon eller lokalisere bergarter som kan verte brukt til lagring av karbondioksid. Vidare er dette spesielt viktig når ein skal overvaka og betre utnytte reservoar som allereie vert nytta i produksjon av hydrokarbon og/eller lagring av karbondioksid.', 'Kurset gjev ei brei innføring i dei fysiske prinsippa som gjeld for slik kartlegging, samt å vise døme på korleis dette vert gjort i praksis.', 'Når kurset er ferdig skal studenten forstå dei grunnleggande prinsippa for dei metodane det vert gjort greie for og være i stand til å løyse enkle relevante oppgåver, samt gjere greie for usikkerheitar som heftar ved svara.', 'Innhald: Kurset har ei tematisk oppdeling og startar med å forklare de einskilde fysiske eigenskapane til bergarter og væsker, og korfor dei påverkar geofysiske målingar. Det vert lagt spesiell vekt på seismikk. Deretter definerast størrelsar som beskriv reservoar-eigenskaper i ein porøs bergart, og fylgjast av ulike teoriar for å berekne dei tilhøyrande seismiske forhold. Vidare går ein igjennom korleis ulike seismiske forhold i eit reservoar avbildast i seismiske data og seismiske attributtar. Til slutt koplast reservoar forhold saman med seismiske observasjonar, som endeleg definerer prinsippa for statisk og dynamisk kvantitativ seismisk tolking.', 'Læringsutbyte', 'Studenten skal ved avslutta emne ha følgjande læringsutbyte definert i kunnskapar, ferdigheiter og generell kompetanse:', 'Kunnskapar Studenten kan', 'forklara ulike seismiske forhold i en bergart', 'forklara reservoar eigenskaper til ein bergart og korleis desse er påverka av ulike geologiske prosessar', 'forklara dei viktigaste prinsippa som vert nytta til å berekne de seismiske forhold i ukonsoliderte og konsoliderte reservoarbergarter', 'forklare kvalitativt kva for effektar endringar i ulike reservoar eigenskapar vil ha på de seismiske forhold i bergarten', 'forklara dei mest sentrale stega i seismisk analyse og de viktigaste seismiske attributtane']","['Mål og innhald', 'Mål Geofarer er hendelser koblet til geologiske og/eller geofysiske prosesser, som potensielt kan lede til skade på miljø og/eller samfunn. Emnet har som mål å gi en innføring i forskjellige typer geofarer, deres potensielle konsekvenser og hva man kan gjøre for å forebygge naturkatastrofer. Hovedfokus vil være på norske geofarer, men ekstreme hendelser fra andre deler av verden vil dras inn som eksempler der det er formålstjenlig. Emnet skal formidle forståelse for de geologiske og fysiske prosesser som driver geofarer, hvordan samfunnet påvirkes av og kan håndtere geofarer, og hvilke tiltak som kan iverksettes for å hindre katastrofale hendelser. Det vil legges vekt på å bygge opp en forståelse for samspillet mellom natur og samfunn, og hvordan dette samspillet kontrollerer de potensielle konsekvenser av en hendelse.', 'Innhold Hovedfokus vil være på skred og ras, flom, tsunami, jordskjelv og vulkanutbrudd, der de geologiske og fysiske prosesser bak vil belyses sammen med mulige konsekvenser og metoder til å kvantifisere risiko. I tillegg diskuteres vekselvirkninger mellom forskjellige typer av geofarer, forebygging og håndtering av katastrofer samt kvantifisering og håndtering av usikkerheter. Kurset vil inneholde tre komponenter, en teoretisk, en praktisk og en feltbasert del. De teoretiske læringsaktivitetene vil i hovudsak være studentaktive, ledet av en foreleser med spisskompetanse innenfor sitt fagfelt. Videre vil en viktig del av kurset være praktiske undervisningsaktiviteter der studentene selv kan jobbe med forskjellige aspekter av pensum. For å få førstehånds kjennskap til aktuelle geofarer i nærmiljøet vil det gjennomføres en ekskursjon der studentene vil presenteres ulike geofarer (for eksempel flom og skred) samt forskjellige sikringstiltak, og vil få mulighet for selv å identifisere potensielle og tidligere hendelser i felt.', 'Læringsutbyte', 'Studenten skal ved avsluttet emne ha følgende læringsutbytte definert i kunnskaper, ferdigheter og generell kompetanse.', 'Kunnskap', 'Studenten har', 'oversikt over de fysiske og geologiske prosesser bak geofarer som skred, ras, flom, tsunami, jordskjelv og vulkanutbrudd.', 'kunnskap om dannelsen av ulike landformer og avsetninger knyttet til geofarer.', 'kunnskap til å beskrive metoder for å kvantifisere risiko for de enkelte geofarer og faktorer som kontrollerer usikkerheter.', 'forståelse av mulige konsekvenser av geofarer og håndtering av risiko og katastrofale hendelser.', 'viten om mulige vekselvirkninger mellom forskjellige geofarer og deres konsekvenser.']"
4cc92accdacee45f04aeca9db4cf004d63de1b0a,888bfb4dc7a6b70820f9d141796522013558a356,https://www.uib.no/fag/norlit,https://www.uib.no/fg/norlit,"['Nordisk litteratur har ei historisk og tekstanalytisk tilnærming til litteraturen. Kjernen er evna til å lese, glede seg over, forstå og drøfte den norske, svenske, danske og islandske litteraturen. Faget gir kunnskap om og innsikt i den nordiske litteraturen både historisk og tekstanalytisk. Studentane i faget ser litteraturen i lys av historiske og kulturelle kontekstar, og arbeider med eit mangfald av teoretiske perspektiv.']","['Hovedinnhold', 'Forskergruppen Nordisk litteratur samler forskere og prosjekter som fokuserer på litterære, teoretiske, idéhistoriske og filologiske problemstillinger innenfor en nordisk og litteraturvitenskapelig ramme. Medlemmene av forskergruppen studerer kanonisk og nyere litteratur innenfor det nordiske språkområdet, men er også opptatt av å undersøke rammene for ”nordisk litteratur” komparativt, (fag)historisk og ideologisk.', 'Forskergruppen ledes for tiden av professor Eirik Vassenden (email-removed@email-removed.no).']"
a990714752ddb87acb08fbe618681855606ebab4,e7f3d311fef33e2465a4c68ce8c09c2fb617e2c3,https://www.uib.no/fg/digitalkultur/nyhetsarkiv,https://www.uib.no/fag/digitalkultur/nyhetsarkiv,"['Kan snakkande maskiner gjere møte med helsevesenet betre? Vil pasientane oppleve slike maskiner som nyttige, og vil dei ha tillit til dei? Dette er spørsmål Henning Skarbø, stipendiat i digital kultur, skal finne ut av.', 'Digital kultur, arkeologi, filosofi og vitenskapsteori vil få nye internasjonale forskere til sine fagmiljø, finansiert av EU. Fagmiljøene ved Det humanistiske fakultet har fått fem av sju nye stipender til UiB i den rekordstore tildelingen fra Marie Curie-programmet.', 'I november og desember kan besøkende på Universitetsbibliotekets avdeling for humaniora nye elektronisk litteratur og digital kunst skapt av Jason Nelson, digital kulturs Fulbright for 2016/17, og hans partner, Alinta Krauth.']","['I dag kom nyheten om at Senter for digitale fortellinger har blitt tildelt status som Senter for fremragende forskning (SFF). Senteret skal utforske hvordan vi som enkeltmennesker og samfunn blir påvirket av at livene våre i økende grad styres av algoritmer.', 'We are busy planning the Digital Narrative Network conference on 21st and 22nd November with an exhibition in the same week at the Faculty of Fine Art, Music and Design. The conference will feature a keynote from N. Katherine Hayles, other special guests, and presentations of research from multiple faculties at UiB.', 'We are busy planning the Digital Narrative Network conference on 21st and 22nd November with an exhibition in the same week at the Faculty of Fine Art, Music and Design, featuring a keynote from N. Katherine Hayles and other special guests, alongside presentations of research from multiple faculties at UiB.', ""Hartmut Koenitz presented his lecture: 'Representation of Complexity – Interactive Digital Narratives Enabling Discourse for the 21st Century' organised by the Digital Narrative Network at the University of Bergen on September 12th 2019."", ""Hartmut Koenitz presented his lecture: 'Representation of Complexity – Interactive Digital Narratives Enabling Discourse for the 21st Century' organised by the Digital Narrative Network at the University of Bergen on September 12th 2019."", 'Vi er glade for å kunngjøre utnevnelsen av Nick Montfort, professor i digitale medier ved MIT, til en ansettelse som professor II med UiB Digital Culture. Montfort er kjent som både en kreativ forfatter og som kritiker og teoretiker av digitale medier.']"
750f776a906fab632d974d90930630b3b050fde2,b67a9844c0a35df1fb221618201d7cea20015e64,https://www4.uib.no/emner/ARK210?sem=2023h,https://www4.uib.no/emner/ARK121?sem=2023h,"['Mål og innhald', 'Emnet tek sikte på å gi oversikt over sentrale tema innan arkeologisk teori- og metodedebatt og arkeologisk faghistorie, med oversyn over karakteristiske trekk ved ulike fagretningar over tid.', 'Emnet omhandlar det teoretiske og metodiske grunnlaget for å kunne tolke dei materielle spora frå fortida. Det er lagt vekt på at studentane gjennom generell innsikt i teori og metode skal få ei betre forståing av viktige tema og problemstillingar og ta stilling til korleis dette er framstilt i arkeologisk litteratur. Døme på slike tema er samfunnsorganisasjon, byutvikling, landskap og romlege strukturar, kombinasjon av arkeologi og tekst, sosial identitet/kjønn, etnisitet og religion/rituelle aktivitetar. Den teoretisk-metodiske bakgrunnen gir eit viktig grunnlag for ARK250.', 'Emnet er obligatorisk i ein bachelorgrad i arkeologi.', 'Læringsutbyte', 'Studenten skal ved avslutta emne ha følgjande læringsutbyte definert i kunnskap, ferdigheter og generell kompetanse:', 'Kunnskapar:']","['Mål og innhald', 'Mål:', 'Emnet tar sikte på å gi studentene et dyptgående innblikk i aktuelle arkeologiske tema i perioden fra 1000 e.Kr. til nytiden.', 'Arkeologi som er ikke kronologisk begrenset: den kan undersøke enhver periode i fortiden, men også nåtiden. Imidlertid kan den spesielle perioden, som arkeologer studerer, ha en effekt på hvordan de tenker, og hva slags metoder de bruker. Dette er spesielt viktig med historisk arkeologi og samtidsarkeologi. De undersøker perioder som kan analyseres gjennom kilder som ikke er tilgjengelige fra tidligere perioder, som skriftlige kilder og intervjuer. Dessuten er historisk og samtidsarkeologi ikke de eneste disiplinene som studerer de samme kronologiske periodene. Deres forhold til andre disipliner er derfor avgjørende.', 'Emnet fokuserer på å diskutere hva som er spesifikt ved historisk arkeologi og samtidsarkeologi. Hva er de sentrale forskningsspørsmålene, ideene og målene som diskuteres? Hva er forskjellene og likhetene mellom historisk og samtidsarkeologi?', 'For omtale av temaet som vert tilbydd inneverande semester, sjå her: Temaomtale ARK121', 'Læringsutbyte', 'Studenten skal ved avslutta emne ha følgjande læringsutbyte definert i kunnskap, ferdigheiter og generell kompetanse:', 'Kunnskapar']"
40c770d4ccbb95ca375ba7972b1db17be713cc9a,4ae8925701ab70b1b42ac6c367d083e84ea6ab77,https://www4.uib.no/emner/MAT327?sem=2023h,https://www4.uib.no/emner/MAT323?sem=2023h,"['Emnebeskrivelse', 'Mål og innhald', 'Mål:', 'Emnet er ei innføring i knippekohomologi, samt algebraiske kurver og flater innanfor algebraisk geometri.', 'Innhald:', 'Emnet gir ein innføring i teorien for knippekohomologi brukt på skjemaer, til dømes Cech-kohomologi og Serre dualitet, samt grunnleggjande teori om algebraiske kurver, som Riemann-Roch teoremet, Riemann-Hurwitz teoremet, Cliffords teorem, embeddingar i projektive rom, og om algebraiske flater, som interseksjonsteori, Riemann-Roch-teoremet og oppblåsingar.', 'Læringsutbyte', 'Studenten skal ved avslutta emne ha følgjande læringsutbyte definert i kunnskapar, ferdigheiter og generell kompetanse:', 'Kunnskapar', 'Studenten', 'kan definere og nytte grunnleggjande omgrep og konstruksjonar og kjenner viktige resultat i algebraisk geometri knytta til knippekohomologi, algebraiske kurver og flater, samt morfismar mellom desse', 'For oppstart på emnet er det krav om at du har ein studierett knytt til eit masterprogram ved Det matematisk-naturvitskaplege fakultet eller ph.d.-utdanninga. www.uib.no/matnat/52646/opptak-ved-mn-fakultetet']","['Mål og innhald', 'Emnet gir en innføring i representasjonsteorien for endelige grupper og Liegrupper. En sentral metode er å representere grupper som symmetrier av endeligdimensjonale vektorrom. Slike representasjoner studeres gjennom deres karakterer.', 'Læringsutbyte', 'Etter fullført emne skal studentene kunne:', 'Beherske bevisførelse for grunnleggende resultater i representasjonsteori.', 'Gjengi definisjoner og begreper knyttet til grupper og deres representasjoner.']"
ce42cb34f7be03c653efae3ef9aca7c6a5461bb6,adf7e99798e7b74920a41061536c302761144ffb,https://www4.uib.no/emner/BIO250?sem=2023h,https://www4.uib.no/emner/BIO203?sem=2023h,"['Mål og innhald', 'Paleoøkologi er studiet av økologien i fortida der ein brukar ulike typar fossil funne i avsetjingar som eit indirekte bevis for artsamansetning i tidlegare tider, artsutbreiing og deira etablering etter istida, og korleis miljø, klima og menneskeleg påverknad på landskapet har vore med på å forme desse endringane. Målet med emnet er å formidle heilskapleg forståing for generelle og spesielle hendingar og tema der paleoøkologiske metodar kan nyttast for å få kunnskap om desse. Tidsskalaer blir rekonstruert ved ulike dateringsmetodar. Tema kan dekke heile jorda si historie, men fokus er sett på utvikling og endringar i som har funne stad i den mellomistida vi er inne i no, holosen.', 'Det vert lagt vekt på utvikling av praktiske ferdigheiter og presentasjon av eigne dta som kjem fra. Emnet nyttar artiklar og nettressursar til undervisning i førelesningar, felt- og labkurs, seminardiskusjonar og klasseaktivitetar.', 'Læringsutbyte', 'Studenten skal ved avslutta emne ha følgjande læringsutbyte definert i kunnskapar, ferdigheiter og generell kompetanse.', 'KunnskapStudenten', 'kan definere sentrale omgrep innan paleoøkologi og kjenne til breidd og mangfald innan fagområdet.', 'Studiepoeng, omfang', 'Studienivå (studiesyklus)', 'Master og bachelor (vidarekomne)', 'Undervisningssemester', 'Haust.', 'Emnet har eit avgrensa tal på plassar og inngår i undervisningsopptaket ved MN-fakultetet. Fristen for å melde seg til undervisning i emnet er onsdag i veke 33. Du får svar på om du har fått plass på emnet på Studentweb seinast måndag i veka etter fristen.', 'Det er obligatorisk oppmøte på første forelesing/orienteringsmøtet, og du kan risikere å miste plassen om du ikkje møter. Dersom du ikkje kan møte på første forelesing/orienteringsmøtet må du kontakte studieseksjonen på e-post: email-removed@email-removed.no Tidspunkt for første forelesing/orienteringsmøtet finn du i timeplanen under «Ressursar» øvst til høgre eller på MittUiB.']","['Mål og innhald', 'Emnet tar sikte på å gi studentene en bred og allsidig innføring i styrt biologisk akvatisk produksjon. Hovedvekten vil bli lagt på intensive systemer med vekt på forhold som ivaretar organismenes krav til miljø for normal vekst og utvikling ut ifra en grunnleggende forståelse av organismenes forutsetninger for å holdes i kultur. Emnet fokuserer på biologiske problemstillinger knyttet til oppdrett av laksefisk, marine fiskearter, skjell, krepsdyr og alger. Integrert i dette belyses andre sentrale tema som miljøfaktorer med betydning for oppdrett og produksjonsplanlegging, utforming og drift av oppdrettsanlegg, fiskehelse, genetikk, avlsarbeid og internasjonal akvakultur. De obligatoriske øvelsene fokuserer på viktige forhold knyttet til styrt biologisk produksjon.', 'Læringsutbyte', 'Etter å ha fullført emnet skal studentene ha en grundig forståelse av de biologiske utfordringene knyttet til oppdrett av laksefisk, marine fiskearter, skjell, krepsdyr og alger, med hovedvekt på kaldtvannsarter. Integrert i disse ferdighetene skal studentene ha innsikt i sentrale tema av stor betydning for oppdrett og produksjonsplanlegging, utforming og drift av oppdrettsanlegg, fiskehelse, genetikk og avl, samt internasjonal akvakultur. Gjennom semesteroppgaver skal studentene vise ferdigheter og kunnskap om sentrale spørsmål knyttet til akvatisk biologisk produksjon.', 'Mål', 'Oppnå en bred og allsidig oversikt over styrt biologisk akvatisk produksjon, med hovedvekt på intensive systemer for oppdrett av laksefisk, torsk og kveite.', 'Kunne gjøre rede for samspillet mellom artenes naturlige biologi (utvikling gjennom livssyklus, miljøkrav) og utforming av oppdrettsanlegg og produksjonsstrategier for fisk, skjell, krepsdyr og alger.', 'Ha grunnleggende kunnskap om organismenes krav til miljø for normal vekst og utvikling ut fra en forståelse av organismenes forutsetninger for å holdes i kultur.', 'Kunne gjøre rede for produksjon av akvatiske organismer i et internasjonalt perspektiv, herunder bl.a. ulike prinsipper, teknologier og artsgrupper i oppdrett.', 'Ha grunnleggende forståelse for forebyggende helsearbeid i produksjon av fisk, krepsdyr og skjell.', 'Kjenne prinsippene og metodene for avlsprogram på fisk, med vekt på det norske avlsprogrammet for laksefisk.', 'Få innsyn i praktiske forhold knyttet til produksjon av laks og marin fisk.', 'Oppnå en dypere forståelse av de økologiske forutsetningene for å holde fisk (egg, larver og yngel av laksefisk og marin fisk) i kultur.', 'Studiepoeng, omfang', 'Studienivå (studiesyklus)', 'Bachelor (vidarekomne) og master. Studentar på masterprogrammet i biologi blir prioriterte.', 'Undervisningssemester', 'Haust.', 'Emnet har eit avgrensa tal på plassar og inngår i undervisningsopptaket ved MN-fakultetet. Fristen for å melde seg til undervisning i emnet er onsdag i veke 33. Du får svar på om du har fått plass på emnet på Studentweb seinast måndag i veka etter fristen.', 'Det er obligatorisk oppmøte på første forelesing/orienteringsmøtet, og du kan risikere å miste plassen om du ikkje møter. Dersom du ikkje kan møte på første forelesing/orienteringsmøtet må du kontakte studieseksjonen (email-removed@email-removed.no). Tidspunkt for første forelesing/orienteringsmøtet finn du i timeplanen på nettsida til emnebeskrivinga, eller på Mitt UiB.', 'Karakterskalaen A til F, der A er beste karakter og F er stryk/ikkje bestått.', 'Vurderingssemester', 'Skriftleg skuleeksamen både vår- og haustsemester. I semester utan undervisning er eksamen tidleg i semesteret, og karakteren for den individuelle skriftlege oppgåva (20%) frå det foregåande semesteret blir inkludert i den endelege karakteren.', 'Litteraturliste', 'Litteraturlista vil vere klar innan 1. juni for haustsemesteret og 1. januar for vårsemesteret, og du finn den på nettsida til emnebeskrivinga eller på Mitt UiB.', 'Emneevaluering', 'Studentane skal evaluere undervisninga i tråd med UiB og instituttet sitt kvalitetssikringssystem. Evalueringar av emnet finn du i Studiekvalitetsdatabasen.']"
3b5cd087a8ffd11b5f9d38825c270dab720f1f6e,9b84499915dad88b8c363f9b2a3120a7d29fb183,https://www4.uib.no/emner/FIL342?sem=2023h,https://www4.uib.no/emner/FIL321?sem=2023h,"['Mål og innhald', 'Emnet skal gi studentene ei innføring i ferdigheter og oversikt over kunnskap dei treng for å arbeide med masteroppgåva, så som bruk av biblioteksressursar, siteringsteknikk og kjeldebruk. Det skal òg gi kunnskap om kva ei prosjektskildring skal innehalde.', 'Læringsutbyte', 'Kunnskap:', 'Etter fullført emne skal studenten ha', 'Kjennskap til metodar som brukt i forsking innen filosofi', 'Forståing av korleis ein kan gi eit originalt bidrag til filosofisk vitenskap', 'Kunnskap om nettbaserte databaser og bibliotekressurser som er relevante for forsking innan filosofi', 'Kjennskap til dei grunnleggjande komponentane i et forskningsprosjektforslag i filosofi']","['Emnebeskrivelse', 'Mål og innhald', 'Dette kurset vil hjelpe studentane til å tileigne seg og utvikle kunnskap og dugleikar som trengs for å utføre forskning på masternivå i filosofi, med fokus på masteroppgava. Studentane vil bli gitt rettleiing og instruksjon i filosofisk metodikk, val av oppgåvetema, bruk av nettbaserte databasar og bibliotekressursar, samt akademisk skriving.', 'Læringsutbyte', 'Kunnskap:', 'Etter fullført emne skal studenten ha', 'Kjennskap til metoder som brukes for forsknig i filosofi', 'Forståing av korleis du kan gi eit originalt bidrag til filosofisk vitenskap', 'Kunnskap om nettbaserte databaser og bibliotekressurser relevante for forskning innen filosofi']"
3b5cd087a8ffd11b5f9d38825c270dab720f1f6e,df38cca9ca2d52d18369c7116b09fef6645c29d2,https://www4.uib.no/emner/FIL342?sem=2023h,https://www4.uib.no/emner/FIL344?sem=2023h,"['Mål og innhald', 'Emnet skal gi studentene ei innføring i ferdigheter og oversikt over kunnskap dei treng for å arbeide med masteroppgåva, så som bruk av biblioteksressursar, siteringsteknikk og kjeldebruk. Det skal òg gi kunnskap om kva ei prosjektskildring skal innehalde.', 'Læringsutbyte', 'Kunnskap:', 'Etter fullført emne skal studenten ha', 'Kjennskap til metodar som brukt i forsking innen filosofi', 'Forståing av korleis ein kan gi eit originalt bidrag til filosofisk vitenskap', 'Kunnskap om nettbaserte databaser og bibliotekressurser som er relevante for forsking innan filosofi', 'Kjennskap til dei grunnleggjande komponentane i et forskningsprosjektforslag i filosofi']","['Mål og innhald', 'Dette kurset vil fokusere på et sentralt tema i praktisk filosofi. Studentene vil bli introdusert til sentrale begreper, problemstillinger og aktuelle debatter knyttet til dette tema. Kurset involverer et kritisk dypdykk inn i samtidsforskning i praktisk filosofi. Det vil også bli lagt vekt på filosofisk metodikk og utvikling av en forsknings-paper.', 'Læringsutbyte', 'Kunnskap:', 'Etter fullført emne skal studenten ha', 'Kjennskap til samtidsforskning om sentrale debatter knyttet til et sentralt tema i praktisk filosofi', 'Forståelse av begreper, problemer, argumenter og posisjoner innenfor sentrale debatter knyttet til dette temaet.', 'Sende inn og få godkjent ei skisse av tema for semesteroppgåva (frist satt av faglærar)', 'Gi ein presentasjon av semesteroppgåva (tid og stad satt av faglærar)', 'Sende inn eit utkast (minimum 3000 ord) av semesteroppgåva (frist fastsatt av faglærar).', 'Delta på ei rettleiingsøkt (planlagt av faglærar)', 'Vurderingsformer', 'Den endelige karakteren er basert utelukkende på en semesteroppgave på 4000-6000 ord (ikke inkludert referanser, litteraturliste osv.) Oppgavens tema må godkjennes på forhånd av faglærar. Forskningsoppgaven vil bli vurdert ved slutten av semesteret.', 'Dei obligatoriske arbeidskrava må vere godkjende før ein kan gå opp til eksamen i emnet.', 'Obligatoriske arbeidskrav må vere godkjende i eit semester med undervisning for at ein skal kunne melde seg til eksamen i eit semester utan undervisning.', 'Det vert nytta gradert karakterskala frå A til F, der F er stryk.']"
b4d174f25d53e12e0f6bd2b2747df94e450fd725,105ec3a0ba0f097d596a0ed1046efa84e34b5747,https://www4.uib.no/emner/JUS265-2-A,https://www4.uib.no/emner/JUS254-2-A,"['Mål og innhald', 'Rettsdisiplinen planrett (JUS 265-2-A) gjeld sentrale reglar som er styrande for samfunnsutvikling og arealforvaltning. Kurset føreset grunnleggjande forståing for alminneleg forvaltningsrett og tingsrett. Den sentrale lova i dette kurset er plan- og bygningslova, men emnet skal også gi ein djupare kunnskap om samspelet mellom plan- og bygningslova og forvaltningslova, og samspel mellom offentleg rett og privat rett.', 'Sentrale emne i kurset er reglane om kva for offentlege organ som har kompetanse til å forvalte arealet (personell kompetanse), framgangsmåten ved handsaming av plansaker og einskildvedtak (prosessuell kompetanse) og i kor stor grad kommunen har kompetanse til å planleggje til bruk og vern av fast eigedom og sjøareal i medhald av denne lova (materiell kompetanse). Vi ser nærare på kva som kan vere innhaldet i ein kommuneplan, reguleringsplan, føresegner og einskildvedtak.', 'I kurset vert det gjort nokre djupdykk i praktiske og viktige emne. Sentrale emne i kurset er byggjeforbodet i strandsona, dispensasjon og ulovleg bygging. Vidare er innløysing og ekspropriasjon, ein del av dette faget. Viktige tema er også i kor stor grad kommunen har kompetanse og plikt til å leggje vekt på privatrettslege tilhøve ved arealplanlegging, rett og plikt til å ta omsyn til miljøet og rettsleg kontroll med kommunale forvaltningsvedtak.', 'Læringsutbyte', 'KUNNSKAP', 'Studenten har djupare kunnskap om planlova som verkemiddel for styring av areal og ressursar, og korleis planlova verkar saman både med andre offentlege lover og prinsipp og reglar for vern av privat eigedomsrett. Dette inneber kunnskap og forståing for:', 'plan- og bygningslova sin systematikk', 'reglar om tilhøvet mellom kommunal og statleg styring i plansaker, under dette reglar om motsegn', 'reglane om sakshandsaming ved planvedtak og konsekvensutgreiing', 'dei rettslege styringsverkemidla kommune- og reguleringsplan, og særleg om kva som kan inngå i rettsleg bindande føresegner til dei ulike plantypane']","['Læringsutbyte', 'Grundig kjennskap til rettsreglane om organiseringa av politiet, politimannen sine rettar, plikter og vern, politiets oppgaver med hensyn til håndheving av offentlig ro og orden, redningstjenesten, politiet som samarbeids- og bistandsorgan til annen offentlig myndighet, politiets kontroll med næringsvirksomheter (herunder vaktvirksomhet) og våpenkontroll, og om kontroll med politiet og om reglane om når og korleis politiet skal gripa inn, under dette om førerkortreaksjonar.']"
b4d174f25d53e12e0f6bd2b2747df94e450fd725,b6ad3ea0b3e439c8b7310523ce7d10355729abb2,https://www4.uib.no/emner/JUS265-2-A,https://www4.uib.no/emner/JUS260-2-A,"['Mål og innhald', 'Rettsdisiplinen planrett (JUS 265-2-A) gjeld sentrale reglar som er styrande for samfunnsutvikling og arealforvaltning. Kurset føreset grunnleggjande forståing for alminneleg forvaltningsrett og tingsrett. Den sentrale lova i dette kurset er plan- og bygningslova, men emnet skal også gi ein djupare kunnskap om samspelet mellom plan- og bygningslova og forvaltningslova, og samspel mellom offentleg rett og privat rett.', 'Sentrale emne i kurset er reglane om kva for offentlege organ som har kompetanse til å forvalte arealet (personell kompetanse), framgangsmåten ved handsaming av plansaker og einskildvedtak (prosessuell kompetanse) og i kor stor grad kommunen har kompetanse til å planleggje til bruk og vern av fast eigedom og sjøareal i medhald av denne lova (materiell kompetanse). Vi ser nærare på kva som kan vere innhaldet i ein kommuneplan, reguleringsplan, føresegner og einskildvedtak.', 'I kurset vert det gjort nokre djupdykk i praktiske og viktige emne. Sentrale emne i kurset er byggjeforbodet i strandsona, dispensasjon og ulovleg bygging. Vidare er innløysing og ekspropriasjon, ein del av dette faget. Viktige tema er også i kor stor grad kommunen har kompetanse og plikt til å leggje vekt på privatrettslege tilhøve ved arealplanlegging, rett og plikt til å ta omsyn til miljøet og rettsleg kontroll med kommunale forvaltningsvedtak.', 'Læringsutbyte', 'KUNNSKAP', 'Studenten har djupare kunnskap om planlova som verkemiddel for styring av areal og ressursar, og korleis planlova verkar saman både med andre offentlege lover og prinsipp og reglar for vern av privat eigedomsrett. Dette inneber kunnskap og forståing for:', 'plan- og bygningslova sin systematikk', 'reglar om tilhøvet mellom kommunal og statleg styring i plansaker, under dette reglar om motsegn', 'reglane om sakshandsaming ved planvedtak og konsekvensutgreiing', 'dei rettslege styringsverkemidla kommune- og reguleringsplan, og særleg om kva som kan inngå i rettsleg bindande føresegner til dei ulike plantypane']","['Mål og innhald', 'Designretten befatter seg i hovedsak med design som virkemiddel i markedsføringen. Den sentrale rettskilden er designloven av 14. mars 2003, som gjennomfører EF-direktiv 98/71/EF om rettslig vern av mønstre. Sentrale rettslige spørsmål som blir behandlet er det rettslige rammeverket for rettslig vern av design, registreringssystemet og -vilkårene, herunder bl.a. kravet om nyhet og individuell karakter, design som det ikke kan oppnås designrett for, funksjonell design, designrettens gjenstand og innhold.', 'Patentretten gir mulighet for rettslige beskyttelse av oppfinnelser. En oppfinnelse kan kort beskrives som en praktisk løsning på et teknisk problem. Patentretten er derfor relevant på en rekke ulike tekniske områder. En oppfinnelse kan bygge på alt fra informasjonsteknologi til bioteknologi. Samfunnets behov for ny teknologi er stadig øktende, og patentretten tar sikte på å stimulere til videre forskning og utvikling innenfor det tekniske området.', 'Sentrale rettslige spørsmål i patentretten er vilkårene for meddelelse av patent, med særlig fokus på de materielle vilkår. For at patent skal meddeles må det foreligge en oppfinnelse som kan utnyttes industrielt, er ny og skiller seg vesentlig fra hva som tidligere var kjent. Reglene som knytter seg til patentbeskyttelsens innhold og omfang vil også bli behandlet.', 'Læringsutbyte', 'Emnet skal gi studentene innsikt i design og patentrett og tenkesett i både nasjonalt og internasjonalt perspektiv. Emnet skal kunne gi studentene en god oversikt og forståelse for sentrale materielle problemstillinger, begreper og arbeidsmetoder innenfor de to disipliner. Emnet skal tjene til å danne et teoretisk fundament for videre spesialisering, for eksempel gjennom skriving av masteravhandling eller annen forskning, eller i praktisk juridisk arbeid.', 'Fulltid/deltid', 'Fulltid', 'Studiepoeng, omfang', '10 studiepoeng', 'Studienivå (studiesyklus)', 'MA-nivå', 'Undervisningssemester', 'Høst.', 'Særlig egnet i kombinasjon med:', 'Kurset har en faglig tilknytning til kursene i markedsføringsrett, kjennetegnsrett, opphavsrett og international copyright law, men der er ingen direkte faglig overlapping mellom disse. Det anbefales imidlertid å kombinere kurset med noen av de øvrige nevnte kurs innenfor immaterialretten og/eller markeds- og konkurranseretten.', 'Ingen', 'Det gis separate delkarakterer på de to vurderingsdelene, som til sammen danner grunnlaget for en samlet karakter hvor hjemmeeksamen teller 49% og muntlig eksamen teller 51 %. Bare studenter som består hjemmeeksamen kan framstille seg til muntlig eksamen. Begge vurderingsdelene må være bestått for at emnet skal være bestått.', 'Informasjon om hjemmeeksamen og muntlig eksamen publiseres i Mitt UiB.', 'Kandidater som består hjemmeeksamen, men som har gyldig fravær ved muntlig eksamen, tilbys ny muntlig eksamen. Dersom kandidaten ikke gjennomfører muntlig eksamen når denne tilbys, må vurderingen i sin helhet gjennomføres i et senere undervisningssemester.', 'A til E for bestått og F for ikke bestått.', 'Vurderingssemester', 'Høst']"
b4d174f25d53e12e0f6bd2b2747df94e450fd725,6d2556929d247c9a3ed0bfd6290794016f66ff66,https://www4.uib.no/emner/JUS265-2-A,https://www4.uib.no/emner/JUS255-2-A,"['Mål og innhald', 'Rettsdisiplinen planrett (JUS 265-2-A) gjeld sentrale reglar som er styrande for samfunnsutvikling og arealforvaltning. Kurset føreset grunnleggjande forståing for alminneleg forvaltningsrett og tingsrett. Den sentrale lova i dette kurset er plan- og bygningslova, men emnet skal også gi ein djupare kunnskap om samspelet mellom plan- og bygningslova og forvaltningslova, og samspel mellom offentleg rett og privat rett.', 'Sentrale emne i kurset er reglane om kva for offentlege organ som har kompetanse til å forvalte arealet (personell kompetanse), framgangsmåten ved handsaming av plansaker og einskildvedtak (prosessuell kompetanse) og i kor stor grad kommunen har kompetanse til å planleggje til bruk og vern av fast eigedom og sjøareal i medhald av denne lova (materiell kompetanse). Vi ser nærare på kva som kan vere innhaldet i ein kommuneplan, reguleringsplan, føresegner og einskildvedtak.', 'I kurset vert det gjort nokre djupdykk i praktiske og viktige emne. Sentrale emne i kurset er byggjeforbodet i strandsona, dispensasjon og ulovleg bygging. Vidare er innløysing og ekspropriasjon, ein del av dette faget. Viktige tema er også i kor stor grad kommunen har kompetanse og plikt til å leggje vekt på privatrettslege tilhøve ved arealplanlegging, rett og plikt til å ta omsyn til miljøet og rettsleg kontroll med kommunale forvaltningsvedtak.', 'Læringsutbyte', 'KUNNSKAP', 'Studenten har djupare kunnskap om planlova som verkemiddel for styring av areal og ressursar, og korleis planlova verkar saman både med andre offentlege lover og prinsipp og reglar for vern av privat eigedomsrett. Dette inneber kunnskap og forståing for:', 'plan- og bygningslova sin systematikk', 'reglar om tilhøvet mellom kommunal og statleg styring i plansaker, under dette reglar om motsegn', 'reglane om sakshandsaming ved planvedtak og konsekvensutgreiing', 'dei rettslege styringsverkemidla kommune- og reguleringsplan, og særleg om kva som kan inngå i rettsleg bindande føresegner til dei ulike plantypane']","['Mål og innhald', 'Påtalerett omhandler reglene om påtalemyndighetens organisering, oppgaver, kompetanse og de saksbehandlingsregler som gjelder for påtalemyndighetens virksomhet. Faget skiller seg fra politirett, som omhandler politiets organisering, oppgaver og kompetanse mv. Det er først og fremst påtalemyndighetens oppgaver og ansvar for straffesaksbehandlingen, og de prinsipper og regler som gjelder for påtalemyndighetens avgjørelser og virksomhet, som behandles i dette faget. De nærmere regler om selve gjennomføringen av etterforsking og iretteføring av saker for domstolene faller utenfor fagets ramme.', 'Læringsutbyte', 'Etter at kurset er gjennomført skal studenten', 'kunne redegjøre for:', 'hovedtrekkene i påtalemyndighetens historiske utvikling, og den gjeldende organisering']"
b4d174f25d53e12e0f6bd2b2747df94e450fd725,7105c993a758cd1a7124b79d3faf96581050b7e3,https://www4.uib.no/emner/JUS265-2-A,https://www4.uib.no/emner/JUS261-2-A,"['Mål og innhald', 'Rettsdisiplinen planrett (JUS 265-2-A) gjeld sentrale reglar som er styrande for samfunnsutvikling og arealforvaltning. Kurset føreset grunnleggjande forståing for alminneleg forvaltningsrett og tingsrett. Den sentrale lova i dette kurset er plan- og bygningslova, men emnet skal også gi ein djupare kunnskap om samspelet mellom plan- og bygningslova og forvaltningslova, og samspel mellom offentleg rett og privat rett.', 'Sentrale emne i kurset er reglane om kva for offentlege organ som har kompetanse til å forvalte arealet (personell kompetanse), framgangsmåten ved handsaming av plansaker og einskildvedtak (prosessuell kompetanse) og i kor stor grad kommunen har kompetanse til å planleggje til bruk og vern av fast eigedom og sjøareal i medhald av denne lova (materiell kompetanse). Vi ser nærare på kva som kan vere innhaldet i ein kommuneplan, reguleringsplan, føresegner og einskildvedtak.', 'I kurset vert det gjort nokre djupdykk i praktiske og viktige emne. Sentrale emne i kurset er byggjeforbodet i strandsona, dispensasjon og ulovleg bygging. Vidare er innløysing og ekspropriasjon, ein del av dette faget. Viktige tema er også i kor stor grad kommunen har kompetanse og plikt til å leggje vekt på privatrettslege tilhøve ved arealplanlegging, rett og plikt til å ta omsyn til miljøet og rettsleg kontroll med kommunale forvaltningsvedtak.', 'Læringsutbyte', 'KUNNSKAP', 'Studenten har djupare kunnskap om planlova som verkemiddel for styring av areal og ressursar, og korleis planlova verkar saman både med andre offentlege lover og prinsipp og reglar for vern av privat eigedomsrett. Dette inneber kunnskap og forståing for:', 'plan- og bygningslova sin systematikk', 'reglar om tilhøvet mellom kommunal og statleg styring i plansaker, under dette reglar om motsegn', 'reglane om sakshandsaming ved planvedtak og konsekvensutgreiing', 'dei rettslege styringsverkemidla kommune- og reguleringsplan, og særleg om kva som kan inngå i rettsleg bindande føresegner til dei ulike plantypane']","['Mål og innhald', 'Formålet med kurset er å gi deltakerne en teoretisk og praktisk forståelse av konfliktmekling. Ved kursets avslutning vil deltakerne være fortrolige med grunnleggende begreper og sentrale utfordringer i meklingsfaget. I tillegg vil deltakerne ha prøvd mekling i praksis. Kurset vil foregå som et samspill mellom teori og praksis, og deltakerne medvirker aktivt i hele kursforløpet.', 'Kurset har klasseromsundervisning med forelesning, diskusjoner, rollespill og andre praktiske øvelser. Undervisningen er fordelt på to uker med intensiv undervisning, totalt 42 timer fordelt med cirka halvparten av timetallet på hver uke. De siste to timene er spørretime.', 'Studentene får løpende oppfølging og veiledning under meklingsrollespillene. Studentene vil bli delt opp i mindre grupper som hver veiledes av en lærer som observerer hele forløpet og gir tilbakemeldinger sammen med studenter. Forholdstall mellom lærer og studenter på slike rollespill vil være 1:8.', 'Følgende tema vil bli behandlet:', 'Konfliktforståelse', 'Mekling: Definisjon, historikk. Forholdet til andre konfliktløsningsformer.', 'Forhandlingsteknikk.']"
b4d174f25d53e12e0f6bd2b2747df94e450fd725,808099d662255bee0e28e2f0a87849cb0f4e4c89,https://www4.uib.no/emner/JUS265-2-A,https://www4.uib.no/emner/JUS256-2-A,"['Mål og innhald', 'Rettsdisiplinen planrett (JUS 265-2-A) gjeld sentrale reglar som er styrande for samfunnsutvikling og arealforvaltning. Kurset føreset grunnleggjande forståing for alminneleg forvaltningsrett og tingsrett. Den sentrale lova i dette kurset er plan- og bygningslova, men emnet skal også gi ein djupare kunnskap om samspelet mellom plan- og bygningslova og forvaltningslova, og samspel mellom offentleg rett og privat rett.', 'Sentrale emne i kurset er reglane om kva for offentlege organ som har kompetanse til å forvalte arealet (personell kompetanse), framgangsmåten ved handsaming av plansaker og einskildvedtak (prosessuell kompetanse) og i kor stor grad kommunen har kompetanse til å planleggje til bruk og vern av fast eigedom og sjøareal i medhald av denne lova (materiell kompetanse). Vi ser nærare på kva som kan vere innhaldet i ein kommuneplan, reguleringsplan, føresegner og einskildvedtak.', 'I kurset vert det gjort nokre djupdykk i praktiske og viktige emne. Sentrale emne i kurset er byggjeforbodet i strandsona, dispensasjon og ulovleg bygging. Vidare er innløysing og ekspropriasjon, ein del av dette faget. Viktige tema er også i kor stor grad kommunen har kompetanse og plikt til å leggje vekt på privatrettslege tilhøve ved arealplanlegging, rett og plikt til å ta omsyn til miljøet og rettsleg kontroll med kommunale forvaltningsvedtak.', 'Læringsutbyte', 'KUNNSKAP', 'Studenten har djupare kunnskap om planlova som verkemiddel for styring av areal og ressursar, og korleis planlova verkar saman både med andre offentlege lover og prinsipp og reglar for vern av privat eigedomsrett. Dette inneber kunnskap og forståing for:', 'plan- og bygningslova sin systematikk', 'reglar om tilhøvet mellom kommunal og statleg styring i plansaker, under dette reglar om motsegn', 'reglane om sakshandsaming ved planvedtak og konsekvensutgreiing', 'dei rettslege styringsverkemidla kommune- og reguleringsplan, og særleg om kva som kan inngå i rettsleg bindande føresegner til dei ulike plantypane']","['Mål og innhald', 'Skatterett 1 omfatter primært inntektsskatterett, men gir og en innføring i merverdiavgift. Formålet med valgemnet er tredelt. Dels skal valgemnet gi en grunnleggende innsikt i hvordan skatterettslige spørsmål oppstår og hvordan de kan løses. Dels skal valgemnet bidra til å utvikle evnen til å se hvordan skatterettslige problemstillinger kan inngå som viktige premisser i problemstillinger på andre områder. Og dels skal valgemnet danne basis for videregående studier i skatterett. Valgemnet fokuserer først og fremst på sentrale begreper og prinsipper, særlig med sikte på personbeskatning og beskatning av kapitalinntekter og -kostnader. Også de viktigste regler og prinsipper om beskatning av virksomhet i ulike organisasjonsformer er omfattet. I tillegg omfatter emnet en innføring i merverdiavgiftsrett. Et mer inngående studium i bl.a. selskapsbeskatning og utvalgte deler av bedriftsbeskatningen, finnes i Skatterett 2.', 'Læringsutbyte', 'Det kreves god forståelse av følgende emner:', 'Skattestrukturen (dvs de ulike skatter som utskrives på inntekt, herunder trygdeavgiften, og hvilke skattesatser som gjelder for disse).', 'Hovedreglene om skattesubjektene, herunder familiebeskatningen.', 'Reglene om skattepliktig alminnelig inntekt av fordeler vunnet ved arbeid, kapital og virksomhet.']"
b4d174f25d53e12e0f6bd2b2747df94e450fd725,07b00949c4d47d1b9a3fbecf31162d3c35159a1e,https://www4.uib.no/emner/JUS265-2-A,https://www4.uib.no/emner/JUS264-2-A,"['Mål og innhald', 'Rettsdisiplinen planrett (JUS 265-2-A) gjeld sentrale reglar som er styrande for samfunnsutvikling og arealforvaltning. Kurset føreset grunnleggjande forståing for alminneleg forvaltningsrett og tingsrett. Den sentrale lova i dette kurset er plan- og bygningslova, men emnet skal også gi ein djupare kunnskap om samspelet mellom plan- og bygningslova og forvaltningslova, og samspel mellom offentleg rett og privat rett.', 'Sentrale emne i kurset er reglane om kva for offentlege organ som har kompetanse til å forvalte arealet (personell kompetanse), framgangsmåten ved handsaming av plansaker og einskildvedtak (prosessuell kompetanse) og i kor stor grad kommunen har kompetanse til å planleggje til bruk og vern av fast eigedom og sjøareal i medhald av denne lova (materiell kompetanse). Vi ser nærare på kva som kan vere innhaldet i ein kommuneplan, reguleringsplan, føresegner og einskildvedtak.', 'I kurset vert det gjort nokre djupdykk i praktiske og viktige emne. Sentrale emne i kurset er byggjeforbodet i strandsona, dispensasjon og ulovleg bygging. Vidare er innløysing og ekspropriasjon, ein del av dette faget. Viktige tema er også i kor stor grad kommunen har kompetanse og plikt til å leggje vekt på privatrettslege tilhøve ved arealplanlegging, rett og plikt til å ta omsyn til miljøet og rettsleg kontroll med kommunale forvaltningsvedtak.', 'Læringsutbyte', 'KUNNSKAP', 'Studenten har djupare kunnskap om planlova som verkemiddel for styring av areal og ressursar, og korleis planlova verkar saman både med andre offentlege lover og prinsipp og reglar for vern av privat eigedomsrett. Dette inneber kunnskap og forståing for:', 'plan- og bygningslova sin systematikk', 'reglar om tilhøvet mellom kommunal og statleg styring i plansaker, under dette reglar om motsegn', 'reglane om sakshandsaming ved planvedtak og konsekvensutgreiing', 'dei rettslege styringsverkemidla kommune- og reguleringsplan, og særleg om kva som kan inngå i rettsleg bindande føresegner til dei ulike plantypane']","['Mål og innhald', 'Kurset bygger på en grunnleggende tanke om at forvaltningen trenger flere verktøy enn bare den juridiske metode og tradisjonelle forvaltningsmessige saksbehandlingsrutiner i sitt møte med borgerne. Borgere som møter forvaltningen har i en del tilfeller vanskelig for å orientere seg i regelverket, både når det gjelder rettigheter, plikter og prosessuelle bestemmelser. Møtet med juridisk og byråkratisk språk, kan resultere i forvirring, misforståelser og misnøye.', 'Juridisk metode er et verktøy for å løse rettstvister. Forvaltningsmessig saksbehandling er tradisjonelt rettet mot en mest mulig vurderingsfri og standardisert anvendelse av rettsregler og etablerte faglige og politiske prinsipper og målsettinger. Dette er en tilnærming som er tilpasset profesjonelle beslutningstakere og andre profesjonelle aktører, og som passer dårlig og er vanskelig å forholde seg til for parter uten en slik profesjonell utdanning eller erfaringsbakgrunn. Resultatet er mange ganger at borgeren føler seg fremmedgjort i sitt i møte med forvaltningen, og ikke makter å forstå og forholde seg til det som skjer i saksbehandlingen. Dette skaper ikke sjelden et unødvendig høyt konfliktnivå, noe som kan medføre både økt belasting for saksbehandlere og fare for rettstap eller unødvendig belastning for borgeren.', 'I Forvaltningsloven og i deler av særlovgivningen er det søkt tatt høyde for dette ved bestemmelser om veiledningsplikt for forvaltningen. Dette skal ivareta behovet for en mer dialogpreget og veiledende kommunikasjon overfor borgeren. I praksis viser det seg imidlertid at det er svært vanskelig å oppfylle denne ambisjonen. Det er åpenbart at det trengs andre verktøy i tillegg til juss og tradisjonell saksbehandling for å oppnå god kommunikasjon.', 'Dette kurset bygger på erkjennelsen av at mye kan vinnes både mht. ressursbruk og allmennhetens tilfredshet dersom forvaltningen settes bedre i stand til å ta vare på behovet for konfliktforståelse og kommunikasjon med borgeren, både under saksbehandlingen og etter at vedtak er truffet. Det er grunn til å tro at et ikke helt lite antall saker kunne vært løst eller avsluttet tidligere med et vesentlig lavere konfliktnivå dersom forvaltningstjenestemenn hadde bedre kunnskap om hvordan de kommuniserer med borgerne for å unngå misforståelser og gi dem en bedre forståelse av de hensynene som ligger bak den enkelte avgjørelse.', 'Formålet med kurset er å skape bevissthet om og forståelse av problemene og kildene til misforståelser som kan oppstå i møtet mellom borgere og forvaltningen, og å oppøve ferdigheter som kan bidra til bedre kommunikasjon og konflikthåndtering. Kurset vil foregå som et samspill mellom teori og praksis, der deltakerne medvirker aktivt i hele kursforløpet, med klasseromsundervisning med forelesning, diskusjoner og praktiske øvelser. Undervisningen foregår intensivt med 20 timer i løpet av en uke.', 'Følgende tema vil bli behandlet:', '1. a) Generelt om kravet til forsvarlig saksbehandling', 'Den liberale rettsstats oppfatning av forholdet mellom borger og forvaltning. Kravet om rettssikkerhet ved forvaltningsvedtak. Et utvidet rettssikkerhetsbegrep med krav om hensynsfull saksbehandling og aktivt fokus på å ivareta borgerens behov.', 'b) Generelt om god forvaltningsskikk og forvaltningsetikk', 'Rettslig status og utviklingstrekk for kravet om god forvaltningsskikk. Grensen og forholdet mellom juss og etikk på dette feltet.', '2. Hva er en konflikt, og hvordan eskalerer konflikter?', 'Definisjon av konflikt. Dimensjoner i en konflikt. Konflikttrappen (konflikteskalering).', '3. Kommunikasjon', 'Innføring i de mekanismene som gjør seg gjeldende i kommunikasjon mellom mennesker, og som kan bidra til å endre budskapet på veien mellom sender og mottaker. Innføring i lytte- og spørreteknikk med sikte på å få et godt opplysningsunderlag, sikre at man har forstått riktig, og at parten føler seg forstått og ivaretatt.', '4. Innføring i forhandlingsteknikk', 'Innføring i grunnleggende prinsipper for forhandlinger, med gjennomføring av rollespill.', '5. Konflikthåndtering og kravet om likebehandling og lovmessig forvaltning.', 'Hvilke rammer setter det forvaltningsrettslige prinsippet om likebehandling og kravet til lovmessig forvaltning for konfliktløsning i forvaltningen? Finnes det rom for minnelige løsninger i forvaltningssaker?', 'Læringsutbyte', 'Forståelse og kunnskaper om det rettslige grunnlaget for kravet til forsvarlig saksbehandling, konkretisert med forvaltningens veiledningsplikt, kravet om hensynsfull saksbehandling og kravet om en objektiv og borgervennlig myndighetsutøving. Oversikt over bakgrunn og utviklingslinjer i synet på forholdet mellom borger og stat.', 'Grundige kunnskaper om og forståelse av den rettslige standarden god forvaltningsskikk og begrepet forvaltningsetikk, og utviklingstrekk og diskusjon om disse begrepene, herunder diskusjonen om forholdet mellom juss og etikk på dette feltet.', 'Evne til å analysere en konflikt ved hjelp av de faglige tilnærmingsredskapene konflikteskalering, konfliktdimensjoner og modellen standpunkt-interesser-behov, og til å reflektere over bruken av begrepene i eget liv og i forvaltningssammenheng.', 'Beherskelse av faglig basert kommunikasjons- og spørreteknikk og kunne anvende denne kunnskapen og disse ferdighetene til å forbedre og reflektere over egen kommunikasjonsevne i rollen som tilsatt i forvaltningen.', 'Beherskelse av grunnleggende forhandlingsteori og grunnleggende ferdigheter i forhandlingsteknikk av nytte for forvaltningstjenestemenn.', 'Kunne perspektivere teorien med egne erfaringer i og utenfor undervisningen.', 'Kunne reflektere over hvordan konfliktforståelse, og kunnskaper og ferdigheter innen kommunikasjons- og forhandlingsteori, er viktig for å oppnå en forsvarlig saksbehandling i samsvar med god forvaltningsskikk.', 'Kunne formidle og formulere sin viten og argumentasjon faglig og språklig korrekt på en strukturert og sammenhengende måte.', 'Studienivå (studiesyklus)', 'Undervisningssemester', 'Undervisningsstad', 'Studentene må forstå norsk, dansk og engelsk og kunne snakke et skandinavisk språk.', 'Studentene må ha tre års universitets- eller høyskoleutdanning.', 'Personer med mindre utdanning, men med yrkeserfaring fra forvaltningen, kan gis studierett etter vurdering.', 'Studiepoengsreduksjon', 'Deler av undervisningen og enkelte deler av pensumet om konflikter , konflikteskalering og kommunikasjon overlapper med valgemnet JUS-261-2-A Konfliktmekling. Stofftilfanget og vinklingen på de overlappende temaene er likevel svært ulike. Emnene må derfor regnes som fullt ut selvstendige fag som kan tas ved siden av hverandre.', 'Studierett på toårig masterprogram i rettsvitenskap', 'Forkunnskapskravet kan likevel begrense enkelte studenters adgang til emnet.', 'Arbeids- og undervisningsformer', 'Forelesninger. 20 timer totalt.', 'Obligatorisk undervisningsaktivitet', 'To refleksjonsnotater på cirka 900 ord pr notat skal leveres to uker etter at undervisningen er avsluttet. Et av to notater må være bestått, og begge skal oppfylle kravet om ""seriøst faglig forsøk"".', 'Krav om 80 % oppmøte på undervisningen. Studentene må møte første dag for å beholde plassen sin på kurset. Studenter som ikke møter første dag mister plassen sin, og plassen tilbys deretter til studenter på venteliste.', 'Vurderingsformer', 'Hjemmeeksamen.', 'Det tilbys kontinuasjonseksamen (tidsbestemmes konkret), men ikke ordinær eksamen i mellomliggende semestre.', 'Karakterskala']"
b4d174f25d53e12e0f6bd2b2747df94e450fd725,55daf6f83fb931b181bf29183af4172573db7a78,https://www4.uib.no/emner/JUS265-2-A,https://www4.uib.no/emner/JUS251-2-A,"['Mål og innhald', 'Rettsdisiplinen planrett (JUS 265-2-A) gjeld sentrale reglar som er styrande for samfunnsutvikling og arealforvaltning. Kurset føreset grunnleggjande forståing for alminneleg forvaltningsrett og tingsrett. Den sentrale lova i dette kurset er plan- og bygningslova, men emnet skal også gi ein djupare kunnskap om samspelet mellom plan- og bygningslova og forvaltningslova, og samspel mellom offentleg rett og privat rett.', 'Sentrale emne i kurset er reglane om kva for offentlege organ som har kompetanse til å forvalte arealet (personell kompetanse), framgangsmåten ved handsaming av plansaker og einskildvedtak (prosessuell kompetanse) og i kor stor grad kommunen har kompetanse til å planleggje til bruk og vern av fast eigedom og sjøareal i medhald av denne lova (materiell kompetanse). Vi ser nærare på kva som kan vere innhaldet i ein kommuneplan, reguleringsplan, føresegner og einskildvedtak.', 'I kurset vert det gjort nokre djupdykk i praktiske og viktige emne. Sentrale emne i kurset er byggjeforbodet i strandsona, dispensasjon og ulovleg bygging. Vidare er innløysing og ekspropriasjon, ein del av dette faget. Viktige tema er også i kor stor grad kommunen har kompetanse og plikt til å leggje vekt på privatrettslege tilhøve ved arealplanlegging, rett og plikt til å ta omsyn til miljøet og rettsleg kontroll med kommunale forvaltningsvedtak.', 'Læringsutbyte', 'KUNNSKAP', 'Studenten har djupare kunnskap om planlova som verkemiddel for styring av areal og ressursar, og korleis planlova verkar saman både med andre offentlege lover og prinsipp og reglar for vern av privat eigedomsrett. Dette inneber kunnskap og forståing for:', 'plan- og bygningslova sin systematikk', 'reglar om tilhøvet mellom kommunal og statleg styring i plansaker, under dette reglar om motsegn', 'reglane om sakshandsaming ved planvedtak og konsekvensutgreiing', 'dei rettslege styringsverkemidla kommune- og reguleringsplan, og særleg om kva som kan inngå i rettsleg bindande føresegner til dei ulike plantypane']","['Mål og innhald', 'Grunnleggende arbeidsrett omhandler arbeidsforhold og arbeidsavtaler. En arbeidsavtale er en avtale mellom en arbeidsgiver og en arbeidstaker om at arbeidstakeren skal utføre personlig arbeid under arbeidsgiverens ledelse, i regelen mot betaling. Rettigheter og plikter i det enkelte arbeidsforhold blir dels bestemt av den individuelle arbeidsavtalen, dels av de kollektive avtaler (tariffavtaler) som måtte få anvendelse. Den mest sentrale loven på arbeidsrettens område er arbeidsmiljøloven av 2005, som som hovedregel ikke kan fravikes til skade for arbeidstaker.', 'Grunnleggende arbeidsrett tar for seg inngåelse av arbeidsavtaler, rettigheter og plikter under arbeidsforholdet (blant annet arbeidsplikt, lojalitetsplikt og lønn), samt reguleringen av opphør av arbeidsforhold. I tillegg gis en kort oversikt over den kollektive arbeidsretten; inngåelse og revisjon av tariffavtaler (herunder arbeidskamptiltak) samt virkninger av at en tariffavtale er inngått (binding, ufravikelighet, fredsplikt mv). Også kravene til arbeidsmiljøet blir gjennomgått.', 'Læringsutbyte', 'Det kreves god kjennskap til den individuelle arbeidsrettens regler om inngåelse og opphør av arbeidsforhold og om rettigheter og plikter mens arbeidsforholdet består. Det kreves også god kjennskap til arbeidsmiljøreguleringen. I tillegg skal studentene ha en grunnleggende oversikt over den kollektive arbeidsretten, blant annet hva en tariffavtale er og virkningene av at en tariffavtale er inngått.', 'Etter endt kurs skal studentene kunne analysere, drøfte og ta stilling til rettsspørsmål på arbeidsrettens område. Studentene skal kunne utrede og løse spørsmål som knytter seg til rettigheter og plikter i arbeidsforhold, herunder også individuelle rettigheter som har utspring i tariffavtaler. De skal kunne gjøre rede for metodiske spørsmål, bakgrunn og begrunnelser for reglene og for rettspolitiske perspektiver.', '100 % overlapp med UiB-emnene JUS301 Arbeidsrett, JUR103 Arbeidslivets rett, BRV360_1 Arbeidsrett og JUS251-1-A Arbeidslivets rett. Ved kombinasjoner av disse emnene, vil det/de siste man tar, ikke gi uttelling i studiepoeng.', 'Krav til studierett', 'Emnet er åpent for studenter med en av følgende studieretter:', 'Studierett på integrert masterprogram i rettsvitenskap (MAJUR)', 'Studierett på toårig masterprogram i rettsvitenskap (MAJUR-2)', 'Særskilt studierett til spesialemner ved Det juridiske fakultet (JUSVALG)']"
b4d174f25d53e12e0f6bd2b2747df94e450fd725,83e8f3842b08034166b132e3d7584161fbc4bf14,https://www4.uib.no/emner/JUS265-2-A,https://www4.uib.no/emner/JUS257-2-A,"['Mål og innhald', 'Rettsdisiplinen planrett (JUS 265-2-A) gjeld sentrale reglar som er styrande for samfunnsutvikling og arealforvaltning. Kurset føreset grunnleggjande forståing for alminneleg forvaltningsrett og tingsrett. Den sentrale lova i dette kurset er plan- og bygningslova, men emnet skal også gi ein djupare kunnskap om samspelet mellom plan- og bygningslova og forvaltningslova, og samspel mellom offentleg rett og privat rett.', 'Sentrale emne i kurset er reglane om kva for offentlege organ som har kompetanse til å forvalte arealet (personell kompetanse), framgangsmåten ved handsaming av plansaker og einskildvedtak (prosessuell kompetanse) og i kor stor grad kommunen har kompetanse til å planleggje til bruk og vern av fast eigedom og sjøareal i medhald av denne lova (materiell kompetanse). Vi ser nærare på kva som kan vere innhaldet i ein kommuneplan, reguleringsplan, føresegner og einskildvedtak.', 'I kurset vert det gjort nokre djupdykk i praktiske og viktige emne. Sentrale emne i kurset er byggjeforbodet i strandsona, dispensasjon og ulovleg bygging. Vidare er innløysing og ekspropriasjon, ein del av dette faget. Viktige tema er også i kor stor grad kommunen har kompetanse og plikt til å leggje vekt på privatrettslege tilhøve ved arealplanlegging, rett og plikt til å ta omsyn til miljøet og rettsleg kontroll med kommunale forvaltningsvedtak.', 'Læringsutbyte', 'KUNNSKAP', 'Studenten har djupare kunnskap om planlova som verkemiddel for styring av areal og ressursar, og korleis planlova verkar saman både med andre offentlege lover og prinsipp og reglar for vern av privat eigedomsrett. Dette inneber kunnskap og forståing for:', 'plan- og bygningslova sin systematikk', 'reglar om tilhøvet mellom kommunal og statleg styring i plansaker, under dette reglar om motsegn', 'reglane om sakshandsaming ved planvedtak og konsekvensutgreiing', 'dei rettslege styringsverkemidla kommune- og reguleringsplan, og særleg om kva som kan inngå i rettsleg bindande føresegner til dei ulike plantypane']","['Mål og innhald', '.', 'Læringsutbyte', 'Modulen Grunnleggende selskapsrett stiller krav om kjennskap til og forståelse av særtrekk ved sammenslutningsformene aksjeselskap, allmennaksjeselskap, ansvarlig selskap, kommandittselskap, indre selskap, enkeltmannsforetak, samvirkelag, stiftlese og tingsrettslig sameie. Dertil kommer kunnskap om NUF (Norsk filial av utenlandsk Foretak). Videre stilles det krav om kjennskap til hovedtrekk i regelverket for ansvarlige selskaper og aksje- og allmennaksjeselskaper for så vidt gjelder:']"
b4d174f25d53e12e0f6bd2b2747df94e450fd725,6c961988ddae593dc19bc31db697563adde5a3c7,https://www4.uib.no/emner/JUS265-2-A,https://www4.uib.no/emner/JUS253-2-A,"['Mål og innhald', 'Rettsdisiplinen planrett (JUS 265-2-A) gjeld sentrale reglar som er styrande for samfunnsutvikling og arealforvaltning. Kurset føreset grunnleggjande forståing for alminneleg forvaltningsrett og tingsrett. Den sentrale lova i dette kurset er plan- og bygningslova, men emnet skal også gi ein djupare kunnskap om samspelet mellom plan- og bygningslova og forvaltningslova, og samspel mellom offentleg rett og privat rett.', 'Sentrale emne i kurset er reglane om kva for offentlege organ som har kompetanse til å forvalte arealet (personell kompetanse), framgangsmåten ved handsaming av plansaker og einskildvedtak (prosessuell kompetanse) og i kor stor grad kommunen har kompetanse til å planleggje til bruk og vern av fast eigedom og sjøareal i medhald av denne lova (materiell kompetanse). Vi ser nærare på kva som kan vere innhaldet i ein kommuneplan, reguleringsplan, føresegner og einskildvedtak.', 'I kurset vert det gjort nokre djupdykk i praktiske og viktige emne. Sentrale emne i kurset er byggjeforbodet i strandsona, dispensasjon og ulovleg bygging. Vidare er innløysing og ekspropriasjon, ein del av dette faget. Viktige tema er også i kor stor grad kommunen har kompetanse og plikt til å leggje vekt på privatrettslege tilhøve ved arealplanlegging, rett og plikt til å ta omsyn til miljøet og rettsleg kontroll med kommunale forvaltningsvedtak.', 'Læringsutbyte', 'KUNNSKAP', 'Studenten har djupare kunnskap om planlova som verkemiddel for styring av areal og ressursar, og korleis planlova verkar saman både med andre offentlege lover og prinsipp og reglar for vern av privat eigedomsrett. Dette inneber kunnskap og forståing for:', 'plan- og bygningslova sin systematikk', 'reglar om tilhøvet mellom kommunal og statleg styring i plansaker, under dette reglar om motsegn', 'reglane om sakshandsaming ved planvedtak og konsekvensutgreiing', 'dei rettslege styringsverkemidla kommune- og reguleringsplan, og særleg om kva som kan inngå i rettsleg bindande føresegner til dei ulike plantypane']","['Mål og innhald', 'Emne for kommunalretten er de særlige rettsreglene om kommuner og fylkeskommuner. Kommunene og fylkeskommunene er organisert som selvstendige offentligrettslige rettssubjekter hjemlet i Kommuneloven (lov nr. 83 2018).', 'Læringsutbyte', 'I Kommunalrett skal studenten erverve seg kunnskap om bakgrunnen for og den historiske utviklingen av kommunaldemokratiet i Norge, og grundig kjennskap til og forståelse av reglene om kommunenes kompetanse og oppgaver. Det kreves grundig kjennskap til og forståelse av reglene om organiseringen av kommunale og fylkeskommunale folkevalgte organer, om arbeidsmåte og saksbehandling i disse organene, om politisk ledelse og tilsatt administrasjon, og om de folkevalgtes rettigheter og plikter.', 'Studentene skal ha grundig kjennskap til reglene om kommunal og fylkeskommunal økonomiforvaltning, om forholdet mellom Kommuneloven og særlovgivningen og om kommunal og statlig kontroll med virksomheten.']"
ff4b4a2e839dc47c184b5810218834eba1f05e15,9b84499915dad88b8c363f9b2a3120a7d29fb183,https://www4.uib.no/emner/FIL217?sem=2023h,https://www4.uib.no/emner/FIL321?sem=2023h,"['Mål og innhald', 'Kurset gir ein introduksjon til filosofien til Ludwig Wittgenstein. I tillegg til å gi eit generelt overblikk over forfattarskapen gir det ein oversikt over sentrale omgrep, synspunkt og metodar i Wittgenstein sin filosofi.', 'Læringsutbyte', 'Kunnskap:', 'Etter fullført emne skal studenten ha', 'ei generell oversikt over sentrale omgrep, synspunkt og metodar innanføre Wittgenstein sin filosofi', 'forståing for likskapar og skilnadar mellom ulike innfallsvinklar og fortolkingar av Wittgenstein', 'meir inngåande kunnskap om eit nærare avgrensa tema innanfor feltet', 'Dugleik:', 'Etter fullført emne skal studenten kunne', 'kjenne att sentrale posisjonar, argumentasjons- og framstillingsmåtar i Wittgensteinforskinga, og kunne formidle hovudtrekk ved dei', 'finne fram til og sette seg inn i sentral litteratur om Wittgenstein sin filosofi, og formidle kunnskap om litteraturen og dei perspektiva den gir på Wittgenstein sin filosofi til eit faglig og til eit allment publikum', 'reflektere over relevansen av sentrale omgrep, synspunkt og metodar innanfor Wittgenstein sin filosofi for å kunne forstå og ta stilling til aktuelle spørsmål og problemstillingar', 'Kompetanse:', 'Emnet kan inngå i ein bachelorgrad med spesialisering i filosofi. I kombinasjon med andre emne og fag kan det inngå i ei utdanning som kvalifiserer for undervisning i filosofi i ungdomsskule eller videregåande skole. Emnet kan ogsåvere eigna som støtte til fordjuping i grunnlagsspørsmål i samband med studiet av andre fag.', 'Fulltid/deltid', '-', 'Studiepoeng, omfang', '10', 'Studienivå (studiesyklus)', 'Undervisningssemester', 'Undervisningsstad', 'Bergen', 'Krav til forkunnskapar', 'Ingen.', 'Tilrådde forkunnskapar', 'Bestått ex.phil. og ex.fac. Valemna føreset gode bakgrunnskunnskapar i filosofi og studentane bør derfor normalt ha avlagd eksamen i alle obligatoriske emne på 100-nivå. Gode engelskkunnskapar er naudsynte, sidan ein må rekne med at mykje av pensum er på engelsk.', 'Studiepoengsreduksjon', 'Studentar som har tatt eitt av emna FIL211 (Valemne 1 i filosofi), FIL212 (Valemne 2 i filosofi), FIL213 (Valemne 3 i filosofi), FIL214 (Valemne 4 i filosofi), FIL301 (Forskingsemne i filosofi 1), FIL302 (Forskingsemne i filosofi 2) eller FIL303 (Forskingsemne i filosofi 3) med nærliggande tema kan det og være overlapp. Ta i så fall kontakt med instituttet for nærare informasjon.', 'Krav til studierett', 'Emnet er ope for studentar med studierett ved Universitetet i Bergen.', 'Arbeids- og undervisningsformer', 'Undervisninga har form av førelesingar og/eller seminar.', 'Rettleiing av semesteroppgåve: rettleiing er eit frivillig tilbod og kan førekomme individuelt eller i grupper.', 'Om det melder seg færre enn fire studentar kan talet på samlingar bli redusert. Den einskilde student vil i staden bli tilbode individuell rettleiing eller grupperettleiing.']","['Emnebeskrivelse', 'Mål og innhald', 'Dette kurset vil hjelpe studentane til å tileigne seg og utvikle kunnskap og dugleikar som trengs for å utføre forskning på masternivå i filosofi, med fokus på masteroppgava. Studentane vil bli gitt rettleiing og instruksjon i filosofisk metodikk, val av oppgåvetema, bruk av nettbaserte databasar og bibliotekressursar, samt akademisk skriving.', 'Læringsutbyte', 'Kunnskap:', 'Etter fullført emne skal studenten ha', 'Kjennskap til metoder som brukes for forsknig i filosofi', 'Forståing av korleis du kan gi eit originalt bidrag til filosofisk vitenskap', 'Kunnskap om nettbaserte databaser og bibliotekressurser relevante for forskning innen filosofi']"
5f1e6ac804376d2585430ceb5f2767553a2b683f,df38cca9ca2d52d18369c7116b09fef6645c29d2,https://www4.uib.no/emner/FIL345?sem=2023h,https://www4.uib.no/emner/FIL344?sem=2023h,"['Mål og innhald', 'Filosofi har til alle tider vore opptatt av kva for ei rolle språket speler for kunnskap, for grunngjeving og for korleis vi oppfattar verda ikring oss. I nyare tid har spørsmål om språkleg meining og referanse og om tilhøvet mellom språk, omgrep, logikk, tenkning, erfaring og røynsle vore sentrale. Sidan forrige hundreåret har mange også sett språkleg analyse som filosofiens grunnleggjande metode. Derfor er det naudsynt å ha kjennskap til moderne språkfilosofi for å kunne orientere seg i samtidsfilosofien.', 'FIL345 skal gje studentane eit oversyn over viktige grunnomgrep, argument og posisjonar i språkfilosofi. Hovudvekta ligg på tema i samtidsfilosofien, men det vil ofte vere aktuelt å ta utgangspunkt i filosofiske verk og posisjonar frå eldre tider. Etter fullført emne skal studentane vere i stand til å formidle sentrale teoriar og problemstillingar innanfor språkfilosofi og sjå relevansen av desse i andre samanhengar. Emnet skal gi grunnlag for vidare studiar i filosofi på bachelornivå.', 'Læringsutbyte', 'Kunnskap:', 'Etter fullført emne skal studentane ha god kjennskap til viktige grunnomgrep, argument og posisjonar i moderne språkfilosofi.', 'Dugleik:', 'Etter fullført emne skal studentane kunne kjenne att og formidle innsikt i grunnleggjande problemstillingar og argument innan språkfilosofi i ulike samanhengar.', 'Kompetanse:', 'Emnet gir grunnlag for vidare studiar med sikte på bachelorgrad med spesialisering i filosofi. I kombinasjon med andre emne og fag kan det inngå i ei utdanning som kvalifiserer for undervisning i filosofi i ungdomsskule eller videregåande skule. Emnet kan også vere eigna som støtte til fordjuping i grunnlagsspørsmål i samband med studiet av andre fag.', 'Ei godkjenning av obligatoriske arbeidskrav er gyldig i tre semester frå og med det semesteret godkjenninga finner stad, jamfør ordinære reglar.', 'Studentane skal levere forslag og utkast til semesteroppgåva. Fristar blir bestemt av instituttet', 'Studentane må delta på ei rettleiingsøkt med faglærar', 'Vurderingsformer', 'Ei rettleia oppgåve på mellom 4000 og 6000 ord (ikkje medrekna innhaldsliste, litteraturliste etc). Emnet for oppgåva skal vere godkjend av faglærar på førehand. Oppgåva skal leverast digitalt og blir sensurert ved slutten av semesteret.', 'Dei obligatoriske arbeidskrava må vere godkjende før ein kan gå opp til eksamen i emnet.', 'Vurdering i eit semester utan undervisning følger pensumet førre semester emnet hadde undervisning.', 'Det vert nytta gradert karakterskala frå A til F, der F er stryk.']","['Mål og innhald', 'Dette kurset vil fokusere på et sentralt tema i praktisk filosofi. Studentene vil bli introdusert til sentrale begreper, problemstillinger og aktuelle debatter knyttet til dette tema. Kurset involverer et kritisk dypdykk inn i samtidsforskning i praktisk filosofi. Det vil også bli lagt vekt på filosofisk metodikk og utvikling av en forsknings-paper.', 'Læringsutbyte', 'Kunnskap:', 'Etter fullført emne skal studenten ha', 'Kjennskap til samtidsforskning om sentrale debatter knyttet til et sentralt tema i praktisk filosofi', 'Forståelse av begreper, problemer, argumenter og posisjoner innenfor sentrale debatter knyttet til dette temaet.', 'Sende inn og få godkjent ei skisse av tema for semesteroppgåva (frist satt av faglærar)', 'Gi ein presentasjon av semesteroppgåva (tid og stad satt av faglærar)', 'Sende inn eit utkast (minimum 3000 ord) av semesteroppgåva (frist fastsatt av faglærar).', 'Delta på ei rettleiingsøkt (planlagt av faglærar)', 'Vurderingsformer', 'Den endelige karakteren er basert utelukkende på en semesteroppgave på 4000-6000 ord (ikke inkludert referanser, litteraturliste osv.) Oppgavens tema må godkjennes på forhånd av faglærar. Forskningsoppgaven vil bli vurdert ved slutten av semesteret.', 'Dei obligatoriske arbeidskrava må vere godkjende før ein kan gå opp til eksamen i emnet.', 'Obligatoriske arbeidskrav må vere godkjende i eit semester med undervisning for at ein skal kunne melde seg til eksamen i eit semester utan undervisning.', 'Det vert nytta gradert karakterskala frå A til F, der F er stryk.']"
0e5ca194141d4cdeaac9ec873943eb644d694ea7,29bd087144e909e4d66d7c7513fa3afd6658de92,https://www4.uib.no/emner/GEOV360?sem=2023h,https://www4.uib.no/emner/GEOV300?sem=2023h,"['Mål og innhald', 'Emnet gir fyrst ein omfattande gjennomgang av avsetningsprosesser på land og i havet, samt ei detaljert undervisning i korleis prosessane blir identifisert og tolka på grunnlag av avsetjingane sine karakteristikkar. Vidare gjer emnet ei kort oversikt over korleis dei forskjellige prosessane fungerar og korleis produkta (facies) er fordelt i rommet i forskjellige avsetningssystem, som fluviale- og kystmiljø, grunn- og djuphavsmiljø, og glasiale miljø. Deretter kombinerast forelesingane med praktiske øvingar og metodikk for facies-analyse av sedimentære lagrekkjer, samt nokre elementære prinsipp for sekvensstratigrafisk tolking. I emnet gir studentane god kjennskap til fysisk sedimentologi og eit solid grunnlag for vidare arbeid innanfor sedimentologi.', 'Læringsutbyte', 'Studenten skal ved avslutta emne ha følgjande læringsutbyte definert i kunnskapar, ferdigheiter og generell kompetanse:', 'Kunnskapar Studenten kan:', 'forklare fysiske prosessar bak transport og avsetjing av sedimenter', 'forklare grunnleggande prosessar innafor veskedynamikk relevant for sedimenttransport', 'forstå korleis prosessar innanfor væskedynamik fører til danning av ulike sedimentære strukturar']","['Mål og innhald', 'Emnet har til formål å gi studentene øvelse i å presentere vitenskapelige arbeider og resultater. Studentene skal i løpet av semesteret velge et emne (i samråd med hovedfagsveileder) som presenteres først i et essay med etterfølgende muntlig presentasjon. Essay vil bli lest og kommentert av to medstudenter. De muntlige presentasjonene fremføres på et intensivt mini-seminar for alle deltakere på kurset. Etter hver presentasjon vil det bli kommentarer og diskusjon blant kursdeltakerne om faglig innhold og presentasjonsteknikk.']"
fcca7c4a0133c33123c4e0db7c22a7e7138bb8e3,ace26706ca6871c60951f5ac9c6e29a667b2c0dd,https://www.uib.no/studier/MAMN-BIO/MI,https://www.uib.no/studier/MAMN-BIO/DI,"['Introduksjon', 'Mål og innhald', 'Mikrobiologi er læra om dei mikroskopiske organismeformene: bakteriar, arkeer, sopp, eincella algar og protozoar, og omfattar òg virus. Sentralt i faget er studiet av mikroorganismane sine eigenskapar og deira funksjonar i ulike miljø. Faget spenner frå grunnleggjande cellebiologiske og molekylære problemstillingar til økologi og utnytting av mikroorganismane i praktisk og kommersiell samanheng.', 'Mikrobiologi er eit viktig fag i mange samanhengar, som til dømes innan: matvareindustri, medisin og veterinærmedisin, jordbruk, oljeindustri, bioteknologi og i forhold til miljø og økologiske prosessar i naturen. Kunnskap i mikrobiologi er derfor viktig og har stor betyding for samfunnet og vår forståing av livets opprinnelse og mangfald på jorda og som modellsystem for mogeleg utanomjordisk liv.', 'Målet med spesialiseringa Mikrobiologi er å gje innsikt i faget gjennom teoretisk, eksperimentell og anna relevant verksemd, slik at studenten får ei heilskapleg forståing av mikroorganismane sine eigenskapar, aktivitetar og roller i naturen. Spesialiseringa skal gjere studenten skikka til å gå inn i et breitt utval av stillingar der mikrobiologi er relevant.', 'Kva lærer eg', 'Læringsutbyte', 'I studiet vil kandidaten tileigne seg kunnskapar om:', 'Dei mest karakteristiske eigenskapane til dei mikroskopiske organsimeformene: bakterier, arkeer, sopp, mikroalgar og protozooaer, og virus mikrorganismanes funksjon og betydning i ulike miljø', 'Det økologiske samspelet mellom mikroorganismar og mellom mikro- og makroorganismar (symbiose), inkludert deira betydning for utvikling av sjukdom', 'Kjenne til relevante spørsmål i mikrobiologi, og kunne bidra konstruktivt til planlegging og gjennomføring av mikrobielle undersøkelser og vurdere resultata i lys av hypotesene som blir testet', 'Oppsøke, kritisk vurdere, og benytte mikrobiologisk kunnskap og biologisk vitenskaplig litteratur', 'Ha kjennskap til og kunne nytte grunnleggjande mikrobiologiske metodar', 'Handtere og presentere kvantitative data, drøfte presisjon og nøyaktigheit og nytte dei mest grunnleggjande statistiske prinsippa', 'Presentere, analysere og diskutere mikrobiologiske forskningsresultat på ein faglig god og kritisk måte i lys av data og teoriar innan sitt fagområde, både muntleg og skriftleg - også til ikkje-spesialistar', 'Generell kompetanse', 'Kunne arbeide i tråd med vitenskaplige prinsipper og har forståelse og respekt for vitenskaplige verdier som åpenhet, presisjon, etterrettlighet, og betydning av å skille mellom kunnskap og meninger', 'kunne reflektere over sentrale, etiske og vitenskaplige problemstillinger i eget og andre sitt arbeid', 'Utveksling', 'Delstudium i utlandet', 'Opphald ved lærestadar i utlandet avtalast med rettleiar, og skal vere ein del av masteravtalen.', 'Korleis søke', 'Søknadsprosedyre', 'Du søkjer opptak til Det matematisk-naturvitskaplege fakultet. Søknadsfristen er 15. april for studiestart i august og 1. november for studiestart i januar. Meir informasjon om opptak og søknadsprosedyrar finn du på']","['Biodiversitet, evolusjon og økologi', 'Hovedinnhold', 'Introduksjon', 'Mål og innhald', 'Biodiversitet, evolusjon og økologi er ei spesialisering i masterprogrammet i biologi.', 'Spesialiseringa skal gje studentane ei brei innføring i økologisk, evolusjonær eller systematisk forsking. Programmet gjev undervising i tema som omhandlar skalaen frå enkeltindivid til biogeografimønster, og studentane kan fordjupe seg i både teoretiske og anvendte problemstillingar. Gjennom val av emne og det sjølvstendige arbeidet skal studentane opparbeide seg spesialkompetanse. I arbeidet med mastergradsoppgåva skal studentane få trening i vitskapleg arbeidsmetodikk.', 'Etter fullført studie skal kandidatane ha fått innsikt i kunnskapsproduksjon og ha utvikla evne til kritisk tenking basert på faglig funderte kunnskapar.', 'Være i stand til å bruke evolusjons-teorien til å forklare biologiske mønstre.', 'Kunne bidra til å forstå problemstillinger som er viktig i naturforvaltning og bidra med relevant kunnskap innenfor bevarings- og forvaltingsproblematikk.', 'Kjenne til relevante spørsmål i biodiversitet, evolusjon og økologi, og være i stand til å sette opp et eksperiment eller feltstudium som kan være med på å gi svar på slike spørsmål.', 'Kunne finne frem i biologisk vitenskaplig litteratur og forstå relevante metoder.', 'Hente inn, analysere og anvende ny kunnskap innenfor fagområdet', 'Analysere, tolke og drøfte egne data på en faglig god og kritisk måte, og i lys av data og teorier innen fagområdet.', 'Håndtere og presentere kvantitative data, drøfte presisjon og nøyaktighet og benytte de mest grunnleggende statistiske prinsippene', 'Generell kompetanse', 'Etter masterstudiet skal kandidatene kunne arbeide i tråd med vitenskapelige prinsipper og ha forståelse og respekt for åpenhet, presisjon, etterrettelighet og betydningen av å skille mellom kunnskap og meninger.', 'Kunne presentere, muntlig og skriftlig, forskningsresultater sett i sammenheng med eksisterende kunnskap, også til ikke-spesialister.', 'kunne analysere generelle biologiske vitskapelege problemstillingar og kunne delta i diskusjon om innfallsvinklar og måtar å løyse problem på.', 'Kunne arbeide selvstendig og i team med omfattende og krevende oppgaver, og å overholde tidsfrister.', 'Kunne diskutere faget i samfunnsdebatten.']"
d7669e9845991337927afba90e8bc73d530d4bbb,d09b4bcb29c418b6c7c5362f74a0680cf0dff891,https://www.uib.no/studier/MAMD-NUHUM/plan,https://www.uib.no/studier/BAMD-NUHUM/plan,"['Studieprogrammet har som mål å gi ernæringsfagleg kunnskap og metodisk grunnlag for arbeid innan forsking, næringsmiddelindustri og andre område der ernæringsfagleg kunnskap er etterspurt.', 'Master i human ernæring tar opp tema som fysiologien til mennesket, fordøyelse, opptak og metabolisme av næringsstoff, forskingsetikk, ernæring gjennom livet og førebygging av sjukdom med ernæring, . Det vert lagt vekt på forskingsmetodar som blir brukt innan ernæringsforsking, som kosthaldsregistrering, antropometri og biokjemiske teknikkar.', 'Studiet har ein teoretisk del og ein forskingsretta del. I den forskingsretta delen skal ein skrive ei masteroppgåve. .Masteroppgåva omfattar eit sjølvstendig vitskapleg arbeid under rettleiing. I oppgåva skal ein løyse ei praktisk problemstilling, behandle eigne data og gi ei skriftleg framstilling av hypotesar, resultat og konklusjonar.', 'Studiet er retta mot deg som har ein bachelorgrad i biologi, molekylærbiologi, matvareteknologi, human ernæring, bioingeniørutdanning eller tilsvarande utdanning på minimum 3 år (180 studiepoeng).', 'Opptak krev minimum 80 studiepoeng relevante emne der minimum 20 studiepoeng kjemi/biokjemi med laboratorieøvingar og minimum 20 studiepoeng molekylærbiologi/biologi. Andre relevante emne som kan inngå er: anatomi, fysiologi, statistikk og matvarekunnskap.', 'Minstekravet for opptak er at gjennomsnittskarakteren på opptaksgrunnlaget er C eller betre. Dersom det er fleire søkjarar til eit program enn studieplassar vil søkjarane bli rangerte etter karakterane i opptaksgrunnlaget.', 'Alle søknader blir behandla individuelt.', 'Du søkjer opptak via søknadsweb. Søknadsfrist er 15. april med studiestart i august.', 'Masteroppgåva omfattar eit sjølvstendig vitskapeleg arbeid på 60 studiepoeng som du utfører under rettleiing. I oppgåva skal du løyse ei praktisk problemstilling, behandle eigne data og gi ei skriftleg framstilling av hypotesar, resultat og konklusjonar.', 'Undervisninga vil vera ein kombinasjon av førelesingar, laboratorieoppgåver, dataøvingar, kollokvium og seminar. Uavhengig sjølvstudium kjem i tillegg. Metodar som blir nytta i studiet inkluderer kosthaldsregistrering, antropometri og biokjemiske/ teknikkar. Me gjer merksam på at nokre emne kan bli undervist på engelsk, og at pensum kan vera på engelsk.', 'Med ein master i human ernæring kan ei arbeide til dømes ved universitet, forskingsinstitutt, og i private føretak. Studiet gir fagleg og metodisk kunnskap som gir grunnlag for forsking og undervisning og arbeid innan matindustrien eller legemiddelbransjen. I tillegg gir studiet overførbare ferdigheiter som kan nyttast i arbeid i offentleg og privat sektor, og i andre samanhengar og arbeidssituasjonar der slik kunnskap er etterspurt.']","['Bachelor i ernæring gir forskningsbasert kunnskap om sammenhengene mellom kosthold og helse på individ og samfunnsnivå. Studentene vil få bred kunnskap om, og erfaring med, en rekke metoder som benyttes i ernæringsarbeid og kostholdsforskning. Bachelorprogrammet har hovedfokus på basalmedisinsk kompetanse, menneskets metabolisme og forebyggende ernæringsarbeid på individ- og samfunnsnivå, men studentene vil også få en innføring i klinisk ernæring og ernæringsarbeid i helse- og omsorgsektoren. Studieløpet kvalifiserer til opptak til master i klinisk ernæring som gir autorisasjon som klinisk ernæringsfysiolog.', 'Innhold', 'Første studieår tek for seg grunnleggende biomedisinske fag og en innføring i ernæringsvitenskap, med undervisning i bl.a. biokjemi, cellebiologi, statistikk og ernæring.', 'Andre studieår tek for seg oppbygginga av kroppen med undervisning i anatomi, fysiologi og næringsstoff. Kunnskap om matvarer og deira opphav, eigenskapar og bruk, og korleis kosthaldet verkar inn på åtferd og mental og somatisk helse, er andre viktige momenter.', 'Tredje studieår lærar studentene om forskningsmetodar i ernæring for klinisk og eksperimentell forsking, samt om organisering og politisk styring i eit ernæringsperspektiv. Ernæring i ulike fasar av livet, for grupper med særlege behov og i samanheng med livsstilsrelaterte sjukdommar står sentralt i tredje studieår. I tillegg får studentane ei innføring i klinisk ernæring og 4 vekers samanhengande klinisk praksis i primærhelsetenesta. Det inngår også skriving av bacheloroppgave i dette studieåret.', 'Studiet inneholder ein kombinasjon av forelesninger, laboratorieundervisning, seminar, gruppearbeid, klinisk praksis i primærhelsetjenesten og tverrprofesjonell praksis i barnehage eller annen institusjon for barn. Studentene følger deler av undervisning saman med andre helsefagstudentar dei tre første semestra.', 'har bred kunnskap om matvarers oppbygning, egenskaper, bruksområder og innhold av næringsstoffer og deres betydning i kostholdet', 'har bred kunnskap om kostholdet og de vanligste religiøse og kulturelle kosthensyn', 'har bred kunnskap om årsak, forekomst og konsekvenser av ernæringsrelaterte sykdommer og tilstander til personer i alle aldre og livsfaser', 'har bred kunnskap innenfor forebygging av de vanligste ikke-smittsomme sykdommer, og deres betydning for samfunnet, og variasjon i prevalens over tid', 'har inngående kunnskap om matvare- og næringsstoffanbefalinger og om grunnlaget for utarbeidelsen av kostråd til friske mennesker i livets ulike faser, og deres betydning for samfunnet, og variasjon i prevalens over tid', 'kan analysere kostholdet på individ-, gruppe- og befolkningsnivå opp mot anbefalinger og retningslinjer relevante i ernæringsarbeidet', 'kan analysere og forholde seg kritisk til hvordan det helsefremmende og forebyggende ernæringsarbeidet og -politikken er utviklet og organisert nasjonalt og internasjonalt.', 'kan anvende kunnskap om metoder for endring av kosthold på gruppe- og befolkningsnivå samt metoder for evaluering av folkehelseintervensjon.', 'Kjenner til forskingsmetoder i ernæring som kostholdsundersøkelser og ernæringsepidemiologi.', 'har brei kunnskap innenfor grunnleggende biologiske mekanismer og hvordan menneskets funksjoner reguleres, med spesiell vekt på det som har betydning for utvikling av sykdom eller skade', 'kan analysere og forholde seg kritisk til ulike informasjonskilder og teknologier og reflektere over effekten av disse på ernæring og helse', 'kan analysere eksisterende overordnede ernæringsfaglige problemstillinger og bidra i strategisk arbeid på ulike nivåer innen helse- og omsorgssektoren og samfunnet for øvrig.', 'kan bruke kunnskap innen psykologi for å gjenkjenne normal og forstyrret spiseatferd', 'kan analysere og forholde seg kritisk til hvordan det helsefremmende og forebyggende ernæringsarbeidet og -politikken er utviklet og organisert nasjonalt', 'Generell kompetanse:', 'Kandidaten..', 'kan anvende sine kunnskaper og ferdigheter til å planlegge, gjennomføre og evaluere helsefremmende og forebyggende ernæringstiltak i ulike befolkningsgrupper.', 'kan tilegne seg ny kunnskap og foreta faglige vurderinger, avgjørelser og handlinger i tråd med kunnskapsbasert praksis. Kandidaten skal også kunne dokumentere og formidle sin faglige kunnskap', 'kan anvende sine kunnskaper og ferdigheter til å forstå sammenhengene mellom helse, utdanning, arbeid og levekår, og kan anvende dette i sin tjenesteutøvelse, både overfor enkeltpersoner og grupper i samfunnet, for å bidra til god folkehelse og arbeidsinkludering', 'kan kommunisere kostråd til hele befolkningen eller til grupper av befolkningen som en del av helsefremmende og forebyggende ernæringsarbeid.', 'Alle emne i programmet er obligatoriske. Det er ikkje mogleg å endre på utdanningsplanen eller rekkefølgja på eksamenane utan førehandsgodkjenning. Dei fleste emna i studiet har obligatorisk undervisning.', 'Det er moglegheiter for å dra på utveksling på ernæringsstudiet, både gjennom avtaler på studieprogrammet og gjennom sentrale avtaler ved UiB. UiB legg til rette for utvekslingsopphald under bachelorstudiet, og anbefaler utveksling i 4. eller 5. semester. Ta kontakt med studierettleiar for å høyre meir om kva ordningar som finst.', 'For å sikre at studentane/kandidatane har nødvendige kunnskapar, ferdigheiter og generell kompetanse gjennomførast et bredt spekter av vurderingsformer gjennom hele studieløpet:', 'Skriftleg skuleeksamen og skriftleg heimeeksamen. Dei fleste emne har digital vurdering. I tillegg gjennomførast munnleg eksamen, presentasjonar, gruppeinnleveringer. Studieprogrammet avsluttast med Bacheloroppgåve.', 'Studiet kvalifisere til masterprogram i klinisk ernæring, andre masterprogram bl. a. i ernæring og til ei yrkeskarriere i ernæring.', 'Studenter som ikke ønsker videre studier kan arbeide innan offentlig og privat sektor, til dømes matvareindustri og opplysningskontor. Arbeidsoppgåver kan vere forebyggende helsearbeid, formidling og produktutvikling.']"
8fa062043517ce96072a95f7f5852e54a4a8d2ee,b67a9844c0a35df1fb221618201d7cea20015e64,https://www4.uib.no/emner/ARK212?sem=2023h,https://www4.uib.no/emner/ARK121?sem=2023h,"['Mål og innhald', 'Emnet tek sikte på å gje studentane fordjuping i arkeologisk teori og metode.', 'Studiet omfattar eit fordjupingstema innanfor arkeologisk teori og metode. Når ressursane tillét det, tilbyr instituttet undervisning i eitt eller fleire tema. Tema varierer avhengig av undervisningskrefter og aktuell forsking.']","['Mål og innhald', 'Mål:', 'Emnet tar sikte på å gi studentene et dyptgående innblikk i aktuelle arkeologiske tema i perioden fra 1000 e.Kr. til nytiden.', 'Arkeologi som er ikke kronologisk begrenset: den kan undersøke enhver periode i fortiden, men også nåtiden. Imidlertid kan den spesielle perioden, som arkeologer studerer, ha en effekt på hvordan de tenker, og hva slags metoder de bruker. Dette er spesielt viktig med historisk arkeologi og samtidsarkeologi. De undersøker perioder som kan analyseres gjennom kilder som ikke er tilgjengelige fra tidligere perioder, som skriftlige kilder og intervjuer. Dessuten er historisk og samtidsarkeologi ikke de eneste disiplinene som studerer de samme kronologiske periodene. Deres forhold til andre disipliner er derfor avgjørende.', 'Emnet fokuserer på å diskutere hva som er spesifikt ved historisk arkeologi og samtidsarkeologi. Hva er de sentrale forskningsspørsmålene, ideene og målene som diskuteres? Hva er forskjellene og likhetene mellom historisk og samtidsarkeologi?', 'For omtale av temaet som vert tilbydd inneverande semester, sjå her: Temaomtale ARK121', 'Læringsutbyte', 'Studenten skal ved avslutta emne ha følgjande læringsutbyte definert i kunnskap, ferdigheiter og generell kompetanse:', 'Kunnskapar']"
6f88abb5390610b2e6520167da81f784e818e607,9b84499915dad88b8c363f9b2a3120a7d29fb183,https://www4.uib.no/emner/FIL251?sem=2023h,https://www4.uib.no/emner/FIL321?sem=2023h,"['Mål og innhald', 'Emnet skal gje studentane høve til å arbeide sjølvstendig saman med faglærar/rettleiar med eit nærare avgrensa tema. Temaet kan være avgrensa til særskilde filosofiske problemområde (til dømes etikk, politisk filosofi, erkjenningsteori eller metafysikk) eller tilnærmingsmåtar (til dømes fenomenologiske, eksistensfilosofiske eller språkanalytiske tilnærmingar), eller til einskilde filosofiske verk eller forfattarskap.', 'Kvart semester tilbyr instituttet undervisning i ei rekkje andre emne på 200-nivå. Tema for FIL251 kan vere knytt til eitt av desse undervisningstilboda. Oversyn kva for emne som vert undervist i det einskilde semester finst i Mitt UiB og på instituttet si heimeside.', 'Læringsutbyte', 'Kunnskap:', 'Etter fullført emne skal studenten ha', 'innsikt i eit nærare avgrensa tema innan særskilde filosofiske problemområde eller tilnærmingsmåtar, eller til einskilde filosofiske verk eller forfattarskap', 'oversikt over sentrale problemstillinger, argument og posisjonar innan dette temaet', 'Etter fullført emne skal studenten ha kompetanse til', 'vidare studiar basert på temaet, til dømes på masternivå i filosofi', 'formidling av grunnleggjande innsikt i temaet, til dømes i form av undervisning i vidaregåande skule', 'utarbeiding av dokument for utgreiing og rådgjeving til bruk i samanhengar der innsikt i temaet er relevant', 'Emnet inngår i studiar med sikte på bachelorgrad med spesialisering i filosofi. I kombinasjon med andre emne og fag kan det inngå i ei utdanning som kvalifiserer for undervisning i filosofi i ungdomsskule eller videregåande skule. Emnet kan også vere eigna som støtte til fordjuping i grunnlagsspørsmål i samband med studiet av andre fag.', 'Ei godkjenning av obligatoriske arbeidskrav er gyldig i tre semester frå og med det semesteret godkjenninga finner stad, jamfør ordinære reglar.', 'Studentane skal delta på minst to tredelar av seminara.', 'Munnleg framlegg av utkast til oppgåve.', 'Innlevering av utkast til rettleia oppgåve.', 'Individuell rettleiing.', 'Innlevering av pensumliste innan 30. april om våren og innan 31. oktober om hausten. Pensumlista skal innehalde emnekode, eksamenssemester og namn på student og faglærar/rettleiar, og vere utforma i samsvar med vanlege standardar for bibliografiske referansar. Sidetal for kvar einskild bok/utdrag av bok eller artikkel samt samla tal på sider skal opplysast (for elektroniske kjelder utan sidetal rekner ein 500 ord pr. side). Pensumlista skal underskrivast av faglærar og godkjennast av instituttet.', 'Vurderingsformer', 'Ei rettleia oppgåve på mellom 6000 og 8000 ord (ikkje medrekna innhaldsliste, litteraturliste etc). Emnet for oppgåva skal være godkjent av faglærar på førehand. Eksamenssvaret skal leverast digitalt.', 'Eksamen blir arrangert kvart semester.', 'Dei obligatoriske arbeidskrava må vere godkjende før ein kan gå opp til eksamen i emnet.']","['Emnebeskrivelse', 'Mål og innhald', 'Dette kurset vil hjelpe studentane til å tileigne seg og utvikle kunnskap og dugleikar som trengs for å utføre forskning på masternivå i filosofi, med fokus på masteroppgava. Studentane vil bli gitt rettleiing og instruksjon i filosofisk metodikk, val av oppgåvetema, bruk av nettbaserte databasar og bibliotekressursar, samt akademisk skriving.', 'Læringsutbyte', 'Kunnskap:', 'Etter fullført emne skal studenten ha', 'Kjennskap til metoder som brukes for forsknig i filosofi', 'Forståing av korleis du kan gi eit originalt bidrag til filosofisk vitenskap', 'Kunnskap om nettbaserte databaser og bibliotekressurser relevante for forskning innen filosofi']"
7bec795e042da043c37d715f22c61e9b81de52ac,efacd483232edfd2dbfe284423f6376aff49d20f,https://www4.uib.no/emner/PHYS205?sem=2023h,https://www4.uib.no/emner/PHYS204?sem=2023h,"['Mål og innhald', 'Mål:', 'Gje avanserte kunskapar og ferdigheiter i elektromagnetisme.', 'Innhald:', 'Emnet inneheld tema som elektriske og magnetiske felt og potensial, Maxwells likningar, konserveringslover, elektromagnetisk stråling, elektromagnetiske bølgjer i ulike materiale, elektromagnetisk stråling, relativistisk elektrodynamikk, samt matematiske teknikkar for løysing av elektromagnetiske problem.']","['Mål og innhald', 'Emnet skal gi en forståelse av Lagrange- og Hamilton-formalismene av klassisk mekanikk, så vel som deres anvendelse på både ikke-relativistiske og relativistiske systemer. Emnet gir en presis introduksjon til spesiell relativitetsteori. Tema inkluderer sentralkraftsproblemet, stiv legemsbevegelse, relativistisk elektrodynamikk, så vel som ikke-lineær dynamikk og kaos. Betydningen av symmetrier for å finne konserverte mengder blir vektlagt. Forelesningen gir grunnleggende kunnskaper som er relevante for en rekke emner som statistisk fysikk, kvantemekanikk, feltteori og generell relativitetsteori.', 'Læringsutbyte', 'Studenten skal ved avslutta emne ha fylgjande læringsutbyte definert i kunnskapar, ferdigheiter og generell kompetanse:', 'Kunnskapar', 'Studenten', 'kan forklare og sammenligne Lagrange- og Hamilton-formalismene av klassisk mekanikk']"
23ce3c1c672b8cc2d02f73da6455dcc9979b6bea,a52e93ecb76d9da79135ed31badf41ec8f9d594c,https://www4.uib.no/emner/GEOV218?sem=2023h,https://www4.uib.no/emner/GEOV251?sem=2023h,"['Mål og innhald', 'Mål:Hovedmålet med kurset er å gi studenten eit teoretisk grunnlag for tolking av geofysiske (seismiske og elektromagnetiske) data med tanke på både fysiske og mikrostrukturelle parameter, samt moderne metodar for dynamisk reservoarkarakterisering basert på integrasjon av 4D geofysiske data med historiske (reservoar) produksjonsdata. Et annet mål er å bidra til etablering av et felles språk for geofysikere, geologer og reservoaringeniører og anvendte matematiskere, som ofte må samarbeide for å løse petroleumsrelaterte problemer.', 'Innhold:Pensum inkluderer element av teorien for dei effektive eigenskapane til mikroinhomogene medium, oppskalering, mekaniske eigenskapar til tørre bergartar, væskestraum og permeabilitet, mekanisk oppførsel til væskemetta porøse medium, akustiske og seismiske eigenskapar, elektrisk leidningsevne, dielektriske eigenskapar, elektromagnetiske bølgjer og diffusjon, samt termisk leidningsevne og varmestraum. Det vil bli fokusert spesielt på analogiar mellom ulike fysiske fenomen, samt korrelasjonar mellom ulike fysiske eigenskapar.', 'Læringsutbyte', 'Studenten skal ved avslutta emne ha følgjande læringsutbyte definert i kunnskapar, ferdigheiter og generell kompetanse:', 'KunnskaperVed fullført emne skal studenten ha ei djupare forståing av relasjonane som eksisterer mellom geologiske prosessar, bergartenes mikrostruktur og dei effektive fysiske eigenskapene på ulike skalaer. Det vert lagt stor vekt på kunnskapar om analogiar mellom ulike fysiske eigenskaper, samt bruken av bergartsfysiske relasjonar i ulike tverrfaglege område, med vekt på seismisk bergartsfysikk.', 'For oppstart på emnet er det krav om ein studierett knytt til Det matematisk-naturvitskaplege fakultet www.uib.no/matnat/52646/opptak-ved-mn-fakultetet', 'Arbeids- og undervisningsformer', 'Førelesningar, 2 timar/veke', 'Øvingar med hjelp, 2 timar/veke', 'Førelesningane fokuserer på utleiing av sentrale resultat frå pensumlista, men inkluderer òg uformelle demonstrasjonar og diskusjonar av meir anvendt karakter, spesielt retta mot integrert petroleumsforskning. Det vert lagt vekt på at studentane skal kunne forstå og diskutere gjetningane bak og gyldighetsområdet til ulike bergartsfysiske modellar og tilnærmingar.', 'Øvingane fokuserer på implementering av sentrale delar av teorien i form av forskjellige Matlab-programmer, men inkluderer òg teorispørsmål og trening i utleiing og analyse av matematiske modellar for bergartsfysiske fenomen. Øvingane er designet slik at studentane får kontinuerleg hjelp og tilbakemelding frå foreleser, samt trening i å samarbeide med einannan.', 'Obligatorisk undervisningsaktivitet', 'Studentane må levera inn to skriftlege oppgåver som må vere bestått for å ta skriftleg eksamen. Desse oppgåvene er berre gyldige for semesteret kurset vert undervist og for påfølgjande semester (for tidleg eksamen påfølgjande semester).', 'Dei obligatoriske innleveringane skal vere godkjend. Tilbakemeldingane på dei obligatoriske øvingane fungerer som ei formativ evaluering.', 'Vurderingsformer', 'Vurderingsform:Avsluttende skriftlig eksamen, 4 timar. Det blir normalt stilt spørsmål fra øvingane under den avsluttande skriftlige eksamen. Dette fungerer som en summativ evaluering.', 'Karakterskala']","['Mål og innhald', 'Mål: Strukturgeologi og tektonikk omhandler deformasjonen av jordens litosfære. Kurset tar sikte på å gi avanserte teoretiske aspekter av deformasjon. Foruten kvantitative aspekter ved spennings - og formforandringsanalyser, er det brede spekteret av deformasjonskompleksiteter i kontraksjons-, ekstensjon- og sidelengsregimer på forskjellige skalaer uthevet. Kurset gir en grundig forståelse av litosfærenes reologiske egenskaper, inkludert sprø og plastiske deformasjonsprosesser ved mikroskala. På makroskala diskuteres samspillet mellom klima og tektonikk. Forelesninger ledsages av en rekke praktiske studier med sikte på å anvende og styrke kunnskapen i ulike øvelser.', 'Innhold: Kurset inneholder en kvantitativ tilnærming av spenning og formforandring i ulike tektoniske omgivelser, avanserte aspekter av bergdeformasjon og reologi i lys av sprø, duktile og plastiske deformasjonsprosesser, en vurdering av spekteret av komplekse deformasjonsgeometrier, tilnærminger til balansering og resturering av seksjoner or kart, samt aspekter av klima-tektonikk interaksjon. I en serie seminarer bruker studentene sine kunnskaper på regionale geologiske aspekter fra Bergensområdet, Norge og Skandinavia og utover.', 'Læringsutbyte', 'Studenten skal ved avslutta emne ha følgjande læringsutbyte definert i kunnskapar, ferdigheiter og generell kompetanse:', 'Kunnskaper Studenten', 'har en avansert forståelse av spenning, formforandring, reologi og deformasjon, inkludert kvantitative aspekter', 'kan gjenkjenne moderat komplekse strukturer og forholde disse til bestemte deformasjonsregimer', 'har avansert innblikk i sprø og plastiske deformasjonsprosesser på mikroskala og en grunnleggende kunnskap om DPTt-utvikling', 'forstår hvordan forskjellige tektoniske stiler kan oppstå som kombinasjon av endogene og eksogene prosesser']"
23ce3c1c672b8cc2d02f73da6455dcc9979b6bea,97db23500370d2e60cb5defe48e9df0ed3acf7dc,https://www4.uib.no/emner/GEOV218?sem=2023h,https://www4.uib.no/emner/GEOV217?sem=2023h,"['Mål og innhald', 'Mål:Hovedmålet med kurset er å gi studenten eit teoretisk grunnlag for tolking av geofysiske (seismiske og elektromagnetiske) data med tanke på både fysiske og mikrostrukturelle parameter, samt moderne metodar for dynamisk reservoarkarakterisering basert på integrasjon av 4D geofysiske data med historiske (reservoar) produksjonsdata. Et annet mål er å bidra til etablering av et felles språk for geofysikere, geologer og reservoaringeniører og anvendte matematiskere, som ofte må samarbeide for å løse petroleumsrelaterte problemer.', 'Innhold:Pensum inkluderer element av teorien for dei effektive eigenskapane til mikroinhomogene medium, oppskalering, mekaniske eigenskapar til tørre bergartar, væskestraum og permeabilitet, mekanisk oppførsel til væskemetta porøse medium, akustiske og seismiske eigenskapar, elektrisk leidningsevne, dielektriske eigenskapar, elektromagnetiske bølgjer og diffusjon, samt termisk leidningsevne og varmestraum. Det vil bli fokusert spesielt på analogiar mellom ulike fysiske fenomen, samt korrelasjonar mellom ulike fysiske eigenskapar.', 'Læringsutbyte', 'Studenten skal ved avslutta emne ha følgjande læringsutbyte definert i kunnskapar, ferdigheiter og generell kompetanse:', 'KunnskaperVed fullført emne skal studenten ha ei djupare forståing av relasjonane som eksisterer mellom geologiske prosessar, bergartenes mikrostruktur og dei effektive fysiske eigenskapene på ulike skalaer. Det vert lagt stor vekt på kunnskapar om analogiar mellom ulike fysiske eigenskaper, samt bruken av bergartsfysiske relasjonar i ulike tverrfaglege område, med vekt på seismisk bergartsfysikk.', 'For oppstart på emnet er det krav om ein studierett knytt til Det matematisk-naturvitskaplege fakultet www.uib.no/matnat/52646/opptak-ved-mn-fakultetet', 'Arbeids- og undervisningsformer', 'Førelesningar, 2 timar/veke', 'Øvingar med hjelp, 2 timar/veke', 'Førelesningane fokuserer på utleiing av sentrale resultat frå pensumlista, men inkluderer òg uformelle demonstrasjonar og diskusjonar av meir anvendt karakter, spesielt retta mot integrert petroleumsforskning. Det vert lagt vekt på at studentane skal kunne forstå og diskutere gjetningane bak og gyldighetsområdet til ulike bergartsfysiske modellar og tilnærmingar.', 'Øvingane fokuserer på implementering av sentrale delar av teorien i form av forskjellige Matlab-programmer, men inkluderer òg teorispørsmål og trening i utleiing og analyse av matematiske modellar for bergartsfysiske fenomen. Øvingane er designet slik at studentane får kontinuerleg hjelp og tilbakemelding frå foreleser, samt trening i å samarbeide med einannan.', 'Obligatorisk undervisningsaktivitet', 'Studentane må levera inn to skriftlege oppgåver som må vere bestått for å ta skriftleg eksamen. Desse oppgåvene er berre gyldige for semesteret kurset vert undervist og for påfølgjande semester (for tidleg eksamen påfølgjande semester).', 'Dei obligatoriske innleveringane skal vere godkjend. Tilbakemeldingane på dei obligatoriske øvingane fungerer som ei formativ evaluering.', 'Vurderingsformer', 'Vurderingsform:Avsluttende skriftlig eksamen, 4 timar. Det blir normalt stilt spørsmål fra øvingane under den avsluttande skriftlige eksamen. Dette fungerer som en summativ evaluering.', 'Karakterskala']","['Mål og innhald', 'Mål Geofarer er hendelser koblet til geologiske og/eller geofysiske prosesser, som potensielt kan lede til skade på miljø og/eller samfunn. Emnet har som mål å gi en innføring i forskjellige typer geofarer, deres potensielle konsekvenser og hva man kan gjøre for å forebygge naturkatastrofer. Hovedfokus vil være på norske geofarer, men ekstreme hendelser fra andre deler av verden vil dras inn som eksempler der det er formålstjenlig. Emnet skal formidle forståelse for de geologiske og fysiske prosesser som driver geofarer, hvordan samfunnet påvirkes av og kan håndtere geofarer, og hvilke tiltak som kan iverksettes for å hindre katastrofale hendelser. Det vil legges vekt på å bygge opp en forståelse for samspillet mellom natur og samfunn, og hvordan dette samspillet kontrollerer de potensielle konsekvenser av en hendelse.', 'Innhold Hovedfokus vil være på skred og ras, flom, tsunami, jordskjelv og vulkanutbrudd, der de geologiske og fysiske prosesser bak vil belyses sammen med mulige konsekvenser og metoder til å kvantifisere risiko. I tillegg diskuteres vekselvirkninger mellom forskjellige typer av geofarer, forebygging og håndtering av katastrofer samt kvantifisering og håndtering av usikkerheter. Kurset vil inneholde tre komponenter, en teoretisk, en praktisk og en feltbasert del. De teoretiske læringsaktivitetene vil i hovudsak være studentaktive, ledet av en foreleser med spisskompetanse innenfor sitt fagfelt. Videre vil en viktig del av kurset være praktiske undervisningsaktiviteter der studentene selv kan jobbe med forskjellige aspekter av pensum. For å få førstehånds kjennskap til aktuelle geofarer i nærmiljøet vil det gjennomføres en ekskursjon der studentene vil presenteres ulike geofarer (for eksempel flom og skred) samt forskjellige sikringstiltak, og vil få mulighet for selv å identifisere potensielle og tidligere hendelser i felt.', 'Læringsutbyte', 'Studenten skal ved avsluttet emne ha følgende læringsutbytte definert i kunnskaper, ferdigheter og generell kompetanse.', 'Kunnskap', 'Studenten har', 'oversikt over de fysiske og geologiske prosesser bak geofarer som skred, ras, flom, tsunami, jordskjelv og vulkanutbrudd.', 'kunnskap om dannelsen av ulike landformer og avsetninger knyttet til geofarer.', 'kunnskap til å beskrive metoder for å kvantifisere risiko for de enkelte geofarer og faktorer som kontrollerer usikkerheter.', 'forståelse av mulige konsekvenser av geofarer og håndtering av risiko og katastrofale hendelser.', 'viten om mulige vekselvirkninger mellom forskjellige geofarer og deres konsekvenser.']"
e0042b4760bd61b559ba838c43fb14eef6fde3c0,898d7b76c3b1008aaf3203390b669a0e42df08aa,https://www4.uib.no/emner/GEOV245?sem=2023h,https://www4.uib.no/emner/GEOV205?sem=2023h,"['Mål og innhald', 'Mål: Emnet har som mål å gje ei innføring i hovudgrupper av mikroorganismar som er viktige for biogeokjemiske syklusar og korleis desse deltar i nedbryting av mineral og bergartar og i utfelling og utforming av nye mineralavsetjingar.', 'Innhald: Emnet gjev ei innføring i samanhengen mellom mikroorganismars metabolisme og geokjemiske miljø. Sentrale analytiske metodar for påvising og identifikasjon av mikroorganismar i materiale frå ulike geologiske miljø vert gjennomgått og demonstrert. Djupmarine sediment og hydrotermale system vert spesielt vektlagt.', 'Læringsutbyte', 'Studenten skal ved avslutta emne ha følgjande læringsutbyte definert i kunnskapar, ferdigheiter og generell kompetanse: Kunnskapar Studenten kan', 'gje ei oversikt over dei viktigaste mikrobielle metabolismane for biogeokjemiske syklusar', 'gje ei oversikt over dei viktigaste metodane for å påvise mikroorganismar i geologisk materiale', 'forklare korleis dei mikrobielle prosessane fører til oppløysing av mineral/bergartar og til utfelling av nye sekundære mineral', 'forklare samanhengen mellom geokjemiske profil og mikrobielle prosessar i ulike geologiske miljø']","['Mål og innhald', 'Målet med emnet er å introdusere studentene til geografiske informasjonssystemer (GIS) gjennom en teoretisk og praktisk tilnærming.', 'Dette er et introduksjonskurs i GIS som et verktøy for analyse av romlige data. Forelesninger introduserer de teoretiske aspektene, datalaboratorier gir praktisk erfaring med profesjonell GIS-programvare.', 'Dette emnet dekker temaer som ulike definisjoner og forståelsen av GIS som et verktøy mot en vitenskap, GIS i et historisk og fremtidsperspektiv, de forskjellige datastrukturene som brukes til å representere geografiske data og hvordan man kan sikre kvaliteten på slike data. Videre fokuserer den på organisering av geografiske data i databaser og hvordan man kan innhente disse, og den presenterer ulike typer romlige analyser, modellering og feilkilder i GIS. Prinsippene og anvendelsene av fjernmåling presenteres og en introduksjon til bildebehandling gis.', 'Læringsutbyte', 'Etter å ha deltatt i dette emnet skal studenten ha følgende læringsutbytte definert i form av kunnskap, ferdigheter og generell kompetanse:', 'Kunnskap', 'Kandidaten', 'har teoretisk kunnskap om styring og analyser av geografiske data i et GIS-prosjekt', 'har bred kunnskap om egenskaper, representasjon og forskjellige modeller av geografiske data', 'Undervisningssemester', 'Undervisningsstad', 'For oppstart på emnet er det krav om ein studierett knytt til Det matematisk-naturvitskaplege fakultet www.uib.no/matnat/52646/opptak-ved-mn-fakultetet', 'Dette emnet har et begrenset antall plasser som skal deles mellom Institutt for geovitenskap og Institutt for geografi. Ved påmelding til kurset søker du om å bli tatt opp. Prioritet gis til bachelorstudenter, deretter masterstudenter, deretter studenter fra utvekslingsprogrammer og andre avdelinger ved UiB.', '6-8 forelesninger / seminarer på 2 timer', '1 datalab á 3 timer per uke (7-8 datalaber)', 'I løpet av kurset vil du jobbe med ESRI GIS-programvare (ArcGIS). Programvaren er tilgjengelig for nedlasting fra IT-avdelingens nettside (tjinfo.uib.no/program) og fungerer for Windows. ArcGIS Pro er også tilgjengelig via universitetets tredjepartsportalen (apps.uib.no) som lar deg kjøre lisensiert programvare fra din private datamaskin, selv om denne tjenesten fortsatt er under testing og kan være upålitelig.', 'Obligatorisk undervisningsaktivitet', '2 godkjente rapporter og 1 skriftleg gruppeinnlevering.', 'Godkjente laboratorierapporter og gruppeinnlevering vil være gyldig dei 4 påfølgjande semester.', 'Vurderingsformer']"
e0042b4760bd61b559ba838c43fb14eef6fde3c0,a52e93ecb76d9da79135ed31badf41ec8f9d594c,https://www4.uib.no/emner/GEOV245?sem=2023h,https://www4.uib.no/emner/GEOV251?sem=2023h,"['Mål og innhald', 'Mål: Emnet har som mål å gje ei innføring i hovudgrupper av mikroorganismar som er viktige for biogeokjemiske syklusar og korleis desse deltar i nedbryting av mineral og bergartar og i utfelling og utforming av nye mineralavsetjingar.', 'Innhald: Emnet gjev ei innføring i samanhengen mellom mikroorganismars metabolisme og geokjemiske miljø. Sentrale analytiske metodar for påvising og identifikasjon av mikroorganismar i materiale frå ulike geologiske miljø vert gjennomgått og demonstrert. Djupmarine sediment og hydrotermale system vert spesielt vektlagt.', 'Læringsutbyte', 'Studenten skal ved avslutta emne ha følgjande læringsutbyte definert i kunnskapar, ferdigheiter og generell kompetanse: Kunnskapar Studenten kan', 'gje ei oversikt over dei viktigaste mikrobielle metabolismane for biogeokjemiske syklusar', 'gje ei oversikt over dei viktigaste metodane for å påvise mikroorganismar i geologisk materiale', 'forklare korleis dei mikrobielle prosessane fører til oppløysing av mineral/bergartar og til utfelling av nye sekundære mineral', 'forklare samanhengen mellom geokjemiske profil og mikrobielle prosessar i ulike geologiske miljø']","['Mål og innhald', 'Mål: Strukturgeologi og tektonikk omhandler deformasjonen av jordens litosfære. Kurset tar sikte på å gi avanserte teoretiske aspekter av deformasjon. Foruten kvantitative aspekter ved spennings - og formforandringsanalyser, er det brede spekteret av deformasjonskompleksiteter i kontraksjons-, ekstensjon- og sidelengsregimer på forskjellige skalaer uthevet. Kurset gir en grundig forståelse av litosfærenes reologiske egenskaper, inkludert sprø og plastiske deformasjonsprosesser ved mikroskala. På makroskala diskuteres samspillet mellom klima og tektonikk. Forelesninger ledsages av en rekke praktiske studier med sikte på å anvende og styrke kunnskapen i ulike øvelser.', 'Innhold: Kurset inneholder en kvantitativ tilnærming av spenning og formforandring i ulike tektoniske omgivelser, avanserte aspekter av bergdeformasjon og reologi i lys av sprø, duktile og plastiske deformasjonsprosesser, en vurdering av spekteret av komplekse deformasjonsgeometrier, tilnærminger til balansering og resturering av seksjoner or kart, samt aspekter av klima-tektonikk interaksjon. I en serie seminarer bruker studentene sine kunnskaper på regionale geologiske aspekter fra Bergensområdet, Norge og Skandinavia og utover.', 'Læringsutbyte', 'Studenten skal ved avslutta emne ha følgjande læringsutbyte definert i kunnskapar, ferdigheiter og generell kompetanse:', 'Kunnskaper Studenten', 'har en avansert forståelse av spenning, formforandring, reologi og deformasjon, inkludert kvantitative aspekter', 'kan gjenkjenne moderat komplekse strukturer og forholde disse til bestemte deformasjonsregimer', 'har avansert innblikk i sprø og plastiske deformasjonsprosesser på mikroskala og en grunnleggende kunnskap om DPTt-utvikling', 'forstår hvordan forskjellige tektoniske stiler kan oppstå som kombinasjon av endogene og eksogene prosesser']"
1705df3709a65c00b87bb73470eaf2222fcbf019,efacd483232edfd2dbfe284423f6376aff49d20f,https://www4.uib.no/emner/PHYS208?sem=2023h,https://www4.uib.no/emner/PHYS204?sem=2023h,"['Mål og innhald', 'Mål:', 'Emnet har som mål å gje ei innføring i faststoff-fysikk, og setje studenten i stand til å bruke klassiske og kvantemekaniske teoriar for å forstå fysiske eigenskapar hjå faste stoff. Ein legg vekt på bygging av modellar som kan brukast for å skildre fleire ulike mekanismar i faste stoff. Emnet skal formidle forståing for korleis faststoff-fysikk har bidrege til eksistensen av ei rekkje viktige teknologiske nyvinningar som pregar vår kvardag, og som kjem til å prege vår framtid.', 'Innhald:', 'Emnet gir ei innføring i fysikken til faste stoff. Første del tek for seg bindingar i faste stoff og deira krystallstruktur. Mekaniske eigenskapar hjå faste stoff vert undersøkt og knytt opp mot spesifikke bindingar. Diffraksjon av bølgjer på krystallar vert gjennomgått, og ein ser på korleis interferensmønsteret kan nyttast til å analysere krystallane sin gitterstruktur. Spesiell vekt vert lagt på kubiske og heksagonale krystallar. Konsept som resiprok gittervektor og Brillouinsone vert introdusert. Gittervibrasjonar vert analysert, og ein introduserer konseptet dispersjon for å forstå korleis gitterstrukturen vibrerer. Debye og Einstein sine teoriar for varmekapasitet vert gjennomgått med tanke på å forklare korleis krystallar endrar sine gittervibrasjonar med temperatur. Deretter går ein over til å studere varmeleiing, Fouriers lov, samt å finne den termiske konduktiviteten til faste stoff.', 'Klassiske og kvantemekaniske modellar for elektrisk leiingsevne og varmeleiingsevne vert analysert for frie elektrongassar. Vidare prøver ein å lage enkle modellar for korleis metall oppfører seg ved å studere elektron i periodiske potensial. Klassifikasjon av bandstruktur i metall, halvleiarar og isolatorar vert teke opp. Masseverknadslova, samt transport av elektron og hol i halvleiarar vert gjennomgått, der også konseptet effektiv masse vert introdusert. Ein studerer Schottky og PN-overgangar i halvleiarar og finn storleiken på desse og straum-spenning karakteristikk. Ulike bruksområde av halvleiarar, slik som solceller og lysdioder vert teke opp. Siste del av kurset handlar om magnetisme og superleiing. Konsepta dia-, para- og ferromagnetisme vert introdusert, og ein skil mellom lokale (Curie) og band (Stoner) modellar for ferromagnetisme. Emnet gir også ein kort introduksjon til superleiarar.', 'Læringsutbyte', 'Studenten skal ved avslutta emne ha fylgjande læringsutbyte definert i kunnskapar, ferdigheiter og generell kompetanse:', 'Kunnskapar', 'Studenten skal kunne', 'forklare mekaniske eigenskapar hjå faste stoff, og kunne knytte desse til bindingstype.', 'forklare korleis diffraksjon av elektromagnetiske bølgjer på faste stoff kan brukast til å finne gitterstruktur.', 'kjenne til omgrepet ""fonon"", og korleis dispersjonkurva ser ut for ulike krystallstrukturar.', 'forklare korleis gitter vibrerer ved endeleg temperatur og korleis slike vibrasjonar avgjer varmekapasitet og varmeleiing.']","['Mål og innhald', 'Emnet skal gi en forståelse av Lagrange- og Hamilton-formalismene av klassisk mekanikk, så vel som deres anvendelse på både ikke-relativistiske og relativistiske systemer. Emnet gir en presis introduksjon til spesiell relativitetsteori. Tema inkluderer sentralkraftsproblemet, stiv legemsbevegelse, relativistisk elektrodynamikk, så vel som ikke-lineær dynamikk og kaos. Betydningen av symmetrier for å finne konserverte mengder blir vektlagt. Forelesningen gir grunnleggende kunnskaper som er relevante for en rekke emner som statistisk fysikk, kvantemekanikk, feltteori og generell relativitetsteori.', 'Læringsutbyte', 'Studenten skal ved avslutta emne ha fylgjande læringsutbyte definert i kunnskapar, ferdigheiter og generell kompetanse:', 'Kunnskapar', 'Studenten', 'kan forklare og sammenligne Lagrange- og Hamilton-formalismene av klassisk mekanikk']"
d363e9a880f3252f270805441d35fe3d7bbd1aa3,56039454a5f507c24852ae974e3546b5613fa344,https://www.uib.no/fg/gbs/nyhetsarkiv,https://www.uib.no/fg/gbs/nyhetsarkiv,"['Fredag 16. June 2023 forsvarte Vilde Dimmen sin avhandling ""Geologic controls on fluid flow and seismic imaging of faults in carbonate rocks - Insights from quantitative outcrop analysis and reflection seismic modelling"" for PhD graden.', 'Kjersti B. Daae, Maria Jensen, Anne Bjune, Sehoya Cotner, Bjarte Hannisdal, Jorun Nyléhn og Vigdis Vandvik blir tatt opp i fakultetets pedagogiske akademi, og skal bidra til å øke kvaliteten på utdanningen ved fakultetet.', 'Forsknings- og høyere utdanningsminister Ola Borten Moe besøkte Realfagsbygget ved UiB for å lære mer om karbonfangst og -lagring, og studere Norges eneste kjerneprøver fra havvindområdene Sørlige Nordsjø II og Utsira Nord.', '17.-20. april har feltdelen av GEOV102 vorte avhalden i fantastisk vær på Herdla og på Ulven. Ivrige studentar har arbeidd sjølvstending i felt og har blant anna logga sedimentprofil, studert strandavsetningar, kartlagt store deler av Herdla, samla inn georadardata, teke sedimentkjerner og gjennomført strukturgeologisk kartlegging på Ulven']","['Nyhetsarkiv for Geodynamikk og Bassengstudier', 'Det matematisk-naturvitenskapelige fakultet ved Universitetet i Bergen har gleden av å kunngjøre den prestisjetunge utmerkelsen som æresdoktor til professor Christopher Aiden-Lee Jackson – en ledende stemme innen geovitenskap.', 'Fredag 16. June 2023 forsvarte Vilde Dimmen sin avhandling ""Geologic controls on fluid flow and seismic imaging of faults in carbonate rocks - Insights from quantitative outcrop analysis and reflection seismic modelling"" for PhD graden.', 'Kjersti B. Daae, Maria Jensen, Anne Bjune, Sehoya Cotner, Bjarte Hannisdal, Jorun Nyléhn og Vigdis Vandvik blir tatt opp i fakultetets pedagogiske akademi, og skal bidra til å øke kvaliteten på utdanningen ved fakultetet.', 'Forsknings- og høyere utdanningsminister Ola Borten Moe besøkte Realfagsbygget ved UiB for å lære mer om karbonfangst og -lagring, og studere Norges eneste kjerneprøver fra havvindområdene Sørlige Nordsjø II og Utsira Nord.', '17.-20. april har feltdelen av GEOV102 vorte avhalden i fantastisk vær på Herdla og på Ulven. Ivrige studentar har arbeidd sjølvstending i felt og har blant anna logga sedimentprofil, studert strandavsetningar, kartlagt store deler av Herdla, samla inn georadardata, teke sedimentkjerner og gjennomført strukturgeologisk kartlegging på Ulven']"
99bdc6a18b026c264c70cc65d5f542f62714124d,b67a9844c0a35df1fb221618201d7cea20015e64,https://www4.uib.no/emner/ARK110?sem=2023h,https://www4.uib.no/emner/ARK121?sem=2023h,"['Mål og innhald', 'Emnet er obligatorisk i ein bachelorgrad i arkeologi.LæringsmålEmnet tek sikte på å gje: 1) Ei allmenn innføring i jeger- og sankarsamfunn i tid og rom2) Innsikt i metodar som kan kasta lys over problem med datering og fortolking av dei tidlegaste samfunna av denne typen.3) Ei allmenn innføring i utviklinga av jordbruk og jordbruksøkonomi4) Ei innføring i tidleg metallbruk, i utvikling av hierarkiske samfunn og urbanisering, og i materielle uttrykk som kan knytast til ideologien i slike samfunn.5) Ei oversikt over den samfunnsmessige utviklinga fram til slutten av bronsealderen.Fagleg innhaldEmnet handlar om dei tidlegaste menneska si biologiske og kulturelle utvikling under den eldste steinalderen frå omtrent 3 millionar år sidan fram til det moderne mennesket. Her blir den globale spreiinga av jegerar-sankarar frå Afrika til Europa, Asia, Australia og Amerika følgd. Vidare fokuserer emnet på seinpaleolittikum og mesolittikum i Europa og Norden med spesiell vekt på koloniseringa av Norden. Også seinare tider sine jegerar-sankarar og deira samhandling med tidlege jordbrukssamfunn blir tatt opp. Sosiale og kulturelle sider av desse tidlege samfunna vert vektlagt, som teknologi og økonomisk organisering.Emnet tar vidare opp framveksten av jordbruk i Midtausten, med utbreiing og transformasjonar i Middelhavsområdet via Søraust-Europa til Norden. Spreiinga vidare til Nildalen og Nord-Afrika, respektive det indiske subkontinent blir òg fokusert på. Dei ulike typane av jordbruksøkonomi og den sosiale og kulturelle organisasjonen til dei første jordbrukarane blir beskrive og diskutert.', 'Vidare belyser emnet utviklinga av hierarkiske samfunn, frå tidlege urbane samfunn, bystatar og imperia i Midtausten og Middelhavsområdet til framveksten av komplekse hierarkiske samfunn i Sentral- og Nord-Europa under sein steinalder og bronsealder. Framveksten av pastoralisme og innflytelsen på seinare neolittiske kulturar i Sentral- og Nord-Europa blir òg tatt opp.', 'Eit viktig aspekt er framveksten av meir spesialiserte økonomiar, der metall og koppar blir tatt i bruk. Utviklinga av langvegs kontaktar og utveksling av ulike ressursar blir følgd fram til og med dei omfattande utbyttesnettverka under bronsealder.', 'Måten ideologiar blir uttrykte på blir vektlagd; frå dei tidlegaste indikasjonar på symbolsk åtferd til komplekse symbolske uttrykk i bergkunst og materiell kultur under tida etter den seinaste istid.', 'Læringsutbyte', 'Studenten skal ved avslutta emne ha følgjande læringsutbyte definert i kunnskapar, ferdigheiter og generell kompetanse:KunnskaparStudenten:', 'har grunnleggjande kunnskap om hovudlinene i kultur- og samfunnsutviklinga og innsikt i endringar i økonomiske og sosiale tilhøve fram til 500 f.Kr.']","['Mål og innhald', 'Mål:', 'Emnet tar sikte på å gi studentene et dyptgående innblikk i aktuelle arkeologiske tema i perioden fra 1000 e.Kr. til nytiden.', 'Arkeologi som er ikke kronologisk begrenset: den kan undersøke enhver periode i fortiden, men også nåtiden. Imidlertid kan den spesielle perioden, som arkeologer studerer, ha en effekt på hvordan de tenker, og hva slags metoder de bruker. Dette er spesielt viktig med historisk arkeologi og samtidsarkeologi. De undersøker perioder som kan analyseres gjennom kilder som ikke er tilgjengelige fra tidligere perioder, som skriftlige kilder og intervjuer. Dessuten er historisk og samtidsarkeologi ikke de eneste disiplinene som studerer de samme kronologiske periodene. Deres forhold til andre disipliner er derfor avgjørende.', 'Emnet fokuserer på å diskutere hva som er spesifikt ved historisk arkeologi og samtidsarkeologi. Hva er de sentrale forskningsspørsmålene, ideene og målene som diskuteres? Hva er forskjellene og likhetene mellom historisk og samtidsarkeologi?', 'For omtale av temaet som vert tilbydd inneverande semester, sjå her: Temaomtale ARK121', 'Læringsutbyte', 'Studenten skal ved avslutta emne ha følgjande læringsutbyte definert i kunnskap, ferdigheiter og generell kompetanse:', 'Kunnskapar']"
56a54ed66a325d4bd57f69315fcbd539132c1a98,b67a9844c0a35df1fb221618201d7cea20015e64,https://www4.uib.no/emner/ARK124?sem=2023h,https://www4.uib.no/emner/ARK121?sem=2023h,"['Mål og innhald', 'Emnet tek sikte på å gje studentane fordjuping i aktuelle arkeologiske tema og periodar i tida 500 f.Kr. - 1500 e.Kr.', 'Når ressursane tillét det tilbyr instituttet undervisning i eitt eller fleire tema. Studiet omfattar perioden frå 500 f.Kr. til 1500 e.Kr. Fordjupingstema kan skifte avhengig av undervisningskreftene som er tilgjengelege og aktuell forsking.']","['Mål og innhald', 'Mål:', 'Emnet tar sikte på å gi studentene et dyptgående innblikk i aktuelle arkeologiske tema i perioden fra 1000 e.Kr. til nytiden.', 'Arkeologi som er ikke kronologisk begrenset: den kan undersøke enhver periode i fortiden, men også nåtiden. Imidlertid kan den spesielle perioden, som arkeologer studerer, ha en effekt på hvordan de tenker, og hva slags metoder de bruker. Dette er spesielt viktig med historisk arkeologi og samtidsarkeologi. De undersøker perioder som kan analyseres gjennom kilder som ikke er tilgjengelige fra tidligere perioder, som skriftlige kilder og intervjuer. Dessuten er historisk og samtidsarkeologi ikke de eneste disiplinene som studerer de samme kronologiske periodene. Deres forhold til andre disipliner er derfor avgjørende.', 'Emnet fokuserer på å diskutere hva som er spesifikt ved historisk arkeologi og samtidsarkeologi. Hva er de sentrale forskningsspørsmålene, ideene og målene som diskuteres? Hva er forskjellene og likhetene mellom historisk og samtidsarkeologi?', 'For omtale av temaet som vert tilbydd inneverande semester, sjå her: Temaomtale ARK121', 'Læringsutbyte', 'Studenten skal ved avslutta emne ha følgjande læringsutbyte definert i kunnskap, ferdigheiter og generell kompetanse:', 'Kunnskapar']"
e37063e588fe8250e5e0ae182a8c562e71538894,6dafa1c25a212efd24d325949486027c0d1dd71f,https://www4.uib.no/emner/BIO214?sem=2023h,https://www4.uib.no/emner/BIO217?sem=2023h,"['Mål og innhald', 'Emnet gir en innføring i hovedgruppene av prokaryote mikroorganismer (bakterier og arkeer) og virus; deres systematikk, fysiologi og genetikk / molekylærbiologi. Energimetabolisme, regulering, genoverføring og mikrobiell diversitet / evolusjon er sentrale tema. Mikroorganismenes rolle i biogeokjemiske syklusar, bioteknologi og medisin blir også belyst.', 'Laboratoriekurset gjev ei innføring i grunnleggjande mikrobiologiske teknikkar og arbeidsmetodar som å anrike, dyrke, mikroskopere, isolere, karakterisere og identifisere mikroorganismar, samt genetisk analyse.', 'Læringsutbyte', 'Studenten skal ved avslutta emne ha følgjande læringsutbyte definert i kunnskapar, ferdigheiter og generell kompetanse:', 'Kunnskapar', 'Studenten har', 'oversikt over viktige hovedgrupper av bakterier og arkeer, og kjenner til deres spesielle biololgiske egenskaper, tilpasninger og habitater, samt evolusjonsmessige aspekter', 'Studiepoeng, omfang', 'Studienivå (studiesyklus)', 'Vidarekomne bachelorstudentar og masterstudentar', 'Undervisningssemester', 'Haust.', 'Emnet har eit avgrensa tal på plassar og inngår i undervisningsopptaket ved MN-fakultetet. Fristen for å melde seg til undervisning i emnet er onsdag i veke 33. Du får svar på om du har fått plass på emnet på Studentweb seinast måndag i veka etter fristen.', 'Det er obligatorisk oppmøte på første forelesing/orienteringsmøtet, og du kan risikere å miste plassen om du ikkje møter. Dersom du ikkje kan møte på første forelesing/orienteringsmøtet må du kontakte studieseksjonen på e-post: email-removed@email-removed.no Tidspunkt for første forelesing/orienteringsmøtet finn du i timeplanen under «Ressursar» øvst til høgre eller på Mitt UiB.']","['Mål og innhald', 'Emnet tar for seg det økologiske samspillet mellom mikroorganismer. Spesiell vekt legges på sammenhengen mellom det mikrobielle næringsnettet, biodiversitet, fysisk/kjemiske forhold (CO2, lys, mikro/makro næringssalter), og stoffomsetningen i havet. Det gis en innføring i bruk av enkle matematiske modeller som analyseverktøy for å forstå slike sammenhenger. Sammenhengen mellom bakteriefysiologi og struktur av anaerobe marine økosystemer samt betydningen av mikrobiell evolusjon for endringene i jordens biogeokjemiske sykler blir gjennomgått.', 'Grunnleggende arbeidsmetoder innenfor marin mikrobiologi blir gjennomgått og benyttet i en eksperimentelt anlagt semesteroppgave. Dette inkluderer også bruk av utvalgte molekylærbiologiske metoder for å studere mikrobielle populasjoner og samfunn.', 'Læringsutbyte', 'Gi en innføring i marin mikrobiell systemforståelse vha en kombinasjon av teori og eksperimentelt arbeid. Gjennom praktiske oppgaver gi økt kunnskap om og øvelse i bruk av sentrale metoder til å studere diversitet, sammensetning og funksjon av mikrobielle samfunn. Gi en øvelse i skriftlig fremstilling av forskningsresultater.', 'Undervisningssemester', 'Haust.', 'Emnet har eit avgrensa tal på plassar og inngår i undervisningsopptaket ved MN-fakultetet. Fristen for å melde seg til undervisning i emnet er onsdag i veke 33. Du får svar på om du har fått plass på emnet på Studentweb seinast måndag i veka etter fristen.', 'Det er obligatorisk oppmøte på første forelesing/orienteringsmøtet, og du kan risikere å miste plassen om du ikkje møter. Dersom du ikkje kan møte på første forelesing/orienteringsmøtet må du kontakte studieseksjonen på e-post: email-removed@email-removed.no Tidspunkt for første forelesing/orienteringsmøtet finn du i timeplanen under «Ressursar» øvst til høgre eller på Mitt UiB.']"
36e5b65b4a8d3254c1a211edac9e2ff6ee630d62,d2106e53d889ac63f9b065f34d14b68a447e3cf7,https://www.uib.no/studies/BAMN-PHYS/plan,https://www.uib.no/studies/MAMN-PHYS/plan,"['Fysikk er eit grunnleggjande fag som beskriver heile naturen, frå dei fjernaste galaksane til det indre av atomkjernen. Fysikken er og fundamentet for andre naturvitskapar og for all moderne teknologi.', 'Bachelorprogrammet i fysikk skal formidle forståing for teoretiske grunnlaget for fysikken, eksperimentelle metodar, og naturvitskapelige og teknologiske bruksområde. Det blir lagt vekt på analytisk tenking, teoretisk og praktisk problemløysning.', 'Studiet gjer ein innføring i alle delar av fysikken: Mekanikk, elektromagnetisme, statistisk fysikk og termodynamikk, kvantemekanikk, relativitetsteori, og naturens fundamentale byggesteiner og vekselverknadene mellom dei. Det vert og gitt ein innføring i eksperimentalfysikk, og i prosjektarbeid med rapportskriving og presentasjon. Matematikk og informatikk er viktige støttefag for fysikarar og emne innan desse fagområda inngår og i studieprogrammet.', 'anvende matematisk formalisme innan for eksempel analyse, komplekse tall, lineær algebra og enkle differensiallikningar på fysiske problem.', 'bruke grunnleggjande eksperimentell apparatur for målingar av fysiske størrelsar og gjere usikkerhetsoverslag', 'gjennomføre grunnleggjande PC-basert datainnsamling', 'bruke numeriske programmeringsverktøy for løysing av fysiske problemstillingar', 'analysere fysiske problemstillingar og utføre fysiske berekningar ved bruk av den kunnskapen studenten har tileigna seg innan klassisk mekanikk og relativitetsteori, elektromagnetisme, kvantemekanikk, statistisk fysikk, termodynamikk og kjerne- og partikkelfysikk', 'oppsøke og anvende kunnskapar i fysikk ut over det lærestoff som inngår i studiet', 'Generell kompetanse', 'Gje god skriftleg og munnleg framstilling av vitskaplege tema', 'Arbeide sjølvstendig og kunne delta i team', 'Utføre sjølvstendig prosjektarbeid, og skrive og presentere avsluttande prosjektrapport i tråd med god vitskapelig praksis', 'Bruke bibliotek og vitskapelige databaser til å hente inn relevant informasjon', 'Kommunisere om faglege problemstillingar innan fysikk, både med andre studentar og til allmennheita', 'Demonstrere forståing og respekt for vitskapelege verdiar som openheit, presisjon og pålitelegheit', 'I dette bachelorprogrammet er det mulig å legge inn eit utanlandsopphald eller eit semester ved Universitetssenteret på Svalbard (UNIS). Eit eventuelt utanlandsopphald passar best i 6. semester. Det finst i dag mange alternativ for deg som ønskjer å ta eit semester eller to i eit anna land. Universitetet i Bergen har mange utvekslingsavtalar, både i og utanfor Europa. På bachelorprogrammet i fysikk vel vi i tillegg ut spesielle samarbeidsuniversitet for å finne det fagtilbodet som passer best for våre studentar. På den måten får du tilbod om eit tilrettelagt utanlandsopphald som blir integrert i graden.', 'Kandidatar med solide basiskunnskapar i matematikk og fysikk er ei mangelvare på arbeidsmarknaden, mellom anna i industrien, forsking, skuleverket og forvalting. Institutt for fysikk og teknologi har ei sterk forankring i nysgjerrigdriven grunnforsking, som er heilt sentral for vår forståing av naturen, og som dessutan dannar grunnlaget for ny teknologi og med det utgjer ein viktig del av verdiskapinga i samfunnet.', 'Med ein bachelorgrad i fysikk har du og eit godt grunnlag for å gå vidare med masterstudium i fysikk eller tilgrensande fag. Dersom du avsluttar studiane etter fullført bachelorgrad, er det breidda i realfagsbakgrunnen som er ditt største konkurransefortrinn.']","['Masterprogrammet i fysikk blir tilbudt både i ren og anvendt fysikk. Programmet retter seg mot studenter med interesse for fysikk og beslektede fag og som ønsker å kvalifisere seg til forskning, utvikling eller undervisning, og søke arbeid der kvalifikasjoner i fysikk er påkrevd eller blir regnet som en fordel. Innenfor masterprogrammet i fysikk kan man velge mellom følgende studieretninger:', 'Studiet vert gjennomført under rettleiing av fagleg rettleiar. Rettleiar skal gi råd om formulering og avgrensing av emne og problemstilling for oppgåva, litteratur, fagleg innhald, arbeidsopplegg og framdriftsplan.', 'Undervisningsform for enkeltemne som inngår i kursdelen, er omtalt i emnebeskrivinga.']"
9fc2bf6b41730609bfe0dd6f769f2b324767380d,9b84499915dad88b8c363f9b2a3120a7d29fb183,https://www4.uib.no/emner/FIL218?sem=2023h,https://www4.uib.no/emner/FIL321?sem=2023h,"['Mål og innhald', 'Emnet skal gje ei innføring i filosofiske problemstillingar og posisjonar som er sentrale for filosofisk estetikk og for den teoretiske refleksjonen over dei estetiske faga. Kurset har i hovudsak ei tematisk tilnærming, men røttene til temaene er å finne hos Platon og Aristoteles. Eksempler på viktige tema inkluderer definisjon av kunst, estetisk erfaring, kunst og kunnskap, og spørsmål om smak.', 'Læringsutbyte', 'Kunnskap:', 'Etter fullført emne skal studentane ha god kjennskap til dei viktigaste grunnomgrepa og teoriane i estetikken.', 'Dugleik:', 'grundig forstå problemstillingane og utfordringane ved filosofisk estetikk.', 'gjere greie for viktige posisjonar i filosofisk estetikk.', 'identifisere og kritisk analysere ulike teoriar innan dei områda kurset tek for seg.', 'Kompetanse:', 'Emnet gir grunnlag for vidare studiar med sikte på bachelorgrad med spesialisering i filosofi. I kombinasjon med andre emne og fag kan det inngå i ei utdanning som kvalifiserer for undervisning i filosofi i ungdomsskule eller videregåande skule. Emnet kan ogsåvere eigna som støtte til fordjuping i grunnlagsspørsmål i samband med studiet av andre fag, særleg estetiske fag.', 'Studiepoeng, omfang', 'Studienivå (studiesyklus)', 'Undervisningssemester', 'Undervisningsstad', 'Det er tilrådd at studentane har avlagd eksamen i alle obligatoriske emne på 100-nivå. Gode engelskkunnskapar er naudsynte, sidan ein må rekne med at mykje av pensum er på engelsk.', 'Studiepoengsreduksjon', 'Emnet overlapper med FIL318 (Forskingsemne i estetikk). For studentar som har tatt eitt av emna FIL211 (Valemne 1 i filosofi), FIL212 (Valemne 2 i filosofi), FIL213 (Valemne 3 i filosofi), FIL214 (Valemne 4 i filosofi), FIL301 (Forskingsemne i filosofi 1), FIL302 (Forskingsemne i filosofi 2) eller FIL303 (Forskingsemne i filosofi 3) med nærliggande tema kan det og være overlapp. Ta i så fall kontakt med email-removed@email-removed.no for nærare informasjon.', 'Krav til studierett', 'Emnet er ope for studentar med studierett ved Universitetet i Bergen.', 'Arbeids- og undervisningsformer', 'Undervisninga har form av førelesingar og/eller seminar.', 'Rettleiing: rettleiing er eit frivillig tilbod og kan førekomme individuelt eller i grupper.', 'Om det melder seg færre enn fire studentar kan talet på samlingar bli redusert. Den einskilde student vil i staden bli tilbode individuell rettleiing eller grupperettleiing.', 'Obligatorisk undervisningsaktivitet', 'Ei godkjenning av obligatoriske arbeidskrav er gyldig i tre semester frå og med det semesteret godkjenninga finner stad.', 'Munnleg innlegg', 'Vurderingsformer', 'Emnet har mappevurdering. Studentane skal levere skriftleg svar på to oppgåver. Fristar blir sette av instituttet. Den første oppgava er om eit tema valgt frå ei liste levert av kurslærer, og skal vere på 1500-2000 ord (ikkje medrekna innhaldsliste, litteraturliste etc). Den andre oppgåva skal vere 2500-3000 (ikkje medrekna innhaldsliste, litteraturliste etc). Tema er sjølvvald, men må vere godkjend av faglærar på førehand. Mappa vert vurdert heilheitleg, men i vektinga av endeleg karakter tel den første oppgåva 30% og den andre oppgåva 70%', 'Dei obligatoriske arbeidskrava må vere godkjende før ein kan gå opp til eksamen i emnet.', 'Vurdering i eit semester utan undervisning følger pensumet førre semester emnet hadde undervisning.', 'Karakterskala', 'Det vert nytta gradert karakterskala frå A til F, der F er stryk.']","['Emnebeskrivelse', 'Mål og innhald', 'Dette kurset vil hjelpe studentane til å tileigne seg og utvikle kunnskap og dugleikar som trengs for å utføre forskning på masternivå i filosofi, med fokus på masteroppgava. Studentane vil bli gitt rettleiing og instruksjon i filosofisk metodikk, val av oppgåvetema, bruk av nettbaserte databasar og bibliotekressursar, samt akademisk skriving.', 'Læringsutbyte', 'Kunnskap:', 'Etter fullført emne skal studenten ha', 'Kjennskap til metoder som brukes for forsknig i filosofi', 'Forståing av korleis du kan gi eit originalt bidrag til filosofisk vitenskap', 'Kunnskap om nettbaserte databaser og bibliotekressurser relevante for forskning innen filosofi']"
3d3f3e1ad010b25dbbba32bef266a13a1bff6c22,aee3b21c62f5936f9f3027f8e0edc0b8ab05c713,https://www4.uib.no/emner/BIO205A,https://www4.uib.no/emner/BIO205A,"['Mål og innhald', 'Emnet tar opp sentrale tema knyttet til næringens organisering, lovverk og forvaltning. Kurset gir en grunnleggende innføring i juridisk metode og en innføring i forvaltningsrett med særlig vekt på de problemstillinger som er aktuelle i forvaltningen av havbruksnæringen Kurset inkluderer lovverk og forvaltning knyttet til akvatiske dyrs helse og sykdom.', 'Læringsutbyte', 'Etter å ha tatt dette emnet skal studentene:', 'ha kunnskap om forvaltningsrett og sentrale problemstillinger i offentlig saksbehandling knyttet til havbruksnæringen', 'ha kunnskap om lovverk og forvaltning knyttet til akvatiske dyrs helse og sykdom', 'kunne tilegne seg ferdigheter i bruk av rettskilder og rettskildebruk knyttet til havbruksnæringen', 'kunne tolke og reflektere kritisk over informasjon fra faglitteraturen', 'Studiepoeng, omfang', 'Studienivå (studiesyklus)', 'Bachelor', 'Undervisningssemester', 'Vår.', 'Emnet har eit avgrensa tal på plassar og inngår i undervisningsopptaket ved MN-fakultetet. Fristen for å melde seg til undervisning i emnet er onsdag i veke 2. Du får svar på om du har fått plass på emnet på Studentweb seinast måndag i veka etter fristen.', 'Det er obligatorisk oppmøte på første forelesing/orienteringsmøtet, og du kan risikere å miste plassen om du ikkje møter. Dersom du ikkje kan møte på første forelesing/orienteringsmøtet må du kontakte studieseksjonen på e-post: email-removed@email-removed.no Tidspunkt for første forelesing/orienteringsmøtet finn du i timeplanen under «Ressursar» øvst til høgre eller på Mitt UiB.']","['Mål og innhald', 'Emnet tar opp sentrale tema knyttet til næringens organisering, lovverk og forvaltning. Kurset gir en grunnleggende innføring i juridisk metode og en innføring i forvaltningsrett med særlig vekt på de problemstillinger som er aktuelle i forvaltningen av havbruksnæringen Kurset inkluderer lovverk og forvaltning knyttet til akvatiske dyrs helse og sykdom.', 'Læringsutbyte', 'Etter å ha tatt dette emnet skal studentene:', 'ha kunnskap om forvaltningsrett og sentrale problemstillinger i offentlig saksbehandling knyttet til havbruksnæringen', 'ha kunnskap om lovverk og forvaltning knyttet til akvatiske dyrs helse og sykdom', 'kunne tilegne seg ferdigheter i bruk av rettskilder og rettskildebruk knyttet til havbruksnæringen', 'kunne tolke og reflektere kritisk over informasjon fra faglitteraturen', 'Undervisningssemester', 'Vår.', 'Emnet har eit avgrensa tal på plassar og inngår i undervisningsopptaket ved MN-fakultetet. Fristen for å melde seg til undervisning i emnet er onsdag i veke 2. Du får svar på om du har fått plass på emnet på Studentweb seinast måndag i veka etter fristen.', 'Det er obligatorisk oppmøte på første forelesing/orienteringsmøtet, og du kan risikere å miste plassen om du ikkje møter. Dersom du ikkje kan møte på første forelesing/orienteringsmøtet må du kontakte studieseksjonen på e-post: email-removed@email-removed.no Tidspunkt for første forelesing/orienteringsmøtet finn du i timeplanen under «Ressursar» øvst til høgre eller på Mitt UiB.']"
83d2fe74a359405b0c63e6fe3d93bcf1aa648ec4,898d7b76c3b1008aaf3203390b669a0e42df08aa,https://www4.uib.no/emner/GEOV210?sem=2023h,https://www4.uib.no/emner/GEOV205?sem=2023h,"['Mål og innhald', 'Mål:Jordas ytste del er satt saman av eit begrensa antal stive plater som beveger seg i forhold til kvarandre langs dynamisk aktive grenser. Målet med emnet er å gje ein oversikt over dei fysiske kreftene som styrer mantelkonveksjon, og koplinga mellom denne og dynamikken til platene. Studentane vil få inngåande kunnskap om dei geologiske prosessane som styrer havbunnsspreiing, oppsprekking av kontinent, kontinentkollisjonar, fjellkjededannelse, subduksjonssoner og laterale skjærsoner. Emnet vil også diskutera samanhangen mellom platetektonikk og mantelplumer, samt platetektoniske forhold på andre telluriske planetar.', 'Innhald:Kurset er delt i to delar. I del 1 vert dei viktigaste elementa i global platetektonikk og samspelet mellom dei fysiske kreftene som styrer denne, introdusert. I denne delen vil ein kort introduksjon til geodynamiske prinsipp gje studentane eit nytt reiskap til å studera ulike geologiske prosessar som heng saman med platetektonikk; frå danninga av havbotnskorpe til den vert subdusert under vulkanske øybuer. I del 2 vert andre viktige faktorar som kontrollerer platetektonikk, som varmestrøm, bergartsstyrke, deformasjonstypar og ulike modellar for kontinentalstrekking, introdusert. Utviklinga av nord-Atlanteren vert gjennomgått i detalj, frå subduksjon, via kontinentalstrekking, til dannelse av havbunnsskorpe langs den midt-Atlantiske rygg.', 'Læringsutbyte', 'Studenten skal ved avslutta emne ha følgjande læringsutbyte definert i kunnskapar, ferdigheiter og generell kompetanse:', 'KunnskaparStudenten', 'kan beskriva kva som karaktereriserer platene som dannar jordas ytre skal', 'kan diskutera dei viktigaste geologisk prosessane som er aktive der platene møtes; både langs konvergerande, divergerande og masse-konserverande grenser', 'kan forklara dei geokjemiske forskjellane mellom bergartar laga ved oseane spreiieryggar, intra plate vulkanar og subduksjonssoner', 'kan diskutera hovedgrunnane for at det ikkje foregår signifikant platetektonikk på våre naboplanetar i solsystemet', 'kan diskutera dei viktigaste faktorane som knyt saman mantelkonveksjon og platetektonikk; slik som varmestrøm, bergartsstyrke, deformasjonsmekanismar, bergartskrystallisering', 'kan diskutera den geologiske utviklinga av nord-Atlanteren frå Paleosoikum til i dag; med fokus på interaksjonen mellom tektoniske og magmatiske prosessar gjennom kontinentalrifting og havbunnsspreiing', 'FerdigheiterStudenten', 'kan tolka generelle bergartstypar frå geofysiske modellar', 'kan identifisera og diskutara geologiske prosessar og utvikling frå geofysiske modellar', 'kan utføra enkle kvantitative analyser; som platehastigheit, magma produksjonsrate', 'kan utføra enkle søk etter relevant vitskapleg litteratur, og referera til desse på ein korrekt måte', 'Studentane må levera inn to skriftlege oppgåver (ein for kvar del av kurset) for å få lov til å ta skriftleg eksamen. Desse oppgåvene er berre gyldige for semesteret kurset vert undervist og for påfølgjande semester (for tidleg eksamen om våren).', 'Vurderingsformer', 'Skriftlege oppgåver utgjer 40% av karakteren.', 'Skriftleg eksamen (4 timar) utgjer 60% av karakteren.', 'Karakterskala', 'Ved sensur vert karakterskalaen A-F nytta. Graden A er best mogleg karakter, medan F er stryk.', 'Vurderingssemester', 'Det er ordinær eksamen kvart semester. I semester utan undervisning er eksamen tidleg i semesteret. Ved eventuell tidleg eksamen i påfølgjande semester vil resultatet frå dei andre vurderingsdelane stå. Disse kan ikkje tas opp igjen, i semester utan undervisning.', 'Litteraturliste', 'Litteraturlista vil vere klar innan 01.06. for haustsemesteret og 01.12. for vårsemesteret.', 'Emneevaluering', 'Studentane skal evaluere undervisninga i tråd med UiB og instituttet sitt kvalitetssikringssystem.']","['Mål og innhald', 'Målet med emnet er å introdusere studentene til geografiske informasjonssystemer (GIS) gjennom en teoretisk og praktisk tilnærming.', 'Dette er et introduksjonskurs i GIS som et verktøy for analyse av romlige data. Forelesninger introduserer de teoretiske aspektene, datalaboratorier gir praktisk erfaring med profesjonell GIS-programvare.', 'Dette emnet dekker temaer som ulike definisjoner og forståelsen av GIS som et verktøy mot en vitenskap, GIS i et historisk og fremtidsperspektiv, de forskjellige datastrukturene som brukes til å representere geografiske data og hvordan man kan sikre kvaliteten på slike data. Videre fokuserer den på organisering av geografiske data i databaser og hvordan man kan innhente disse, og den presenterer ulike typer romlige analyser, modellering og feilkilder i GIS. Prinsippene og anvendelsene av fjernmåling presenteres og en introduksjon til bildebehandling gis.', 'Læringsutbyte', 'Etter å ha deltatt i dette emnet skal studenten ha følgende læringsutbytte definert i form av kunnskap, ferdigheter og generell kompetanse:', 'Kunnskap', 'Kandidaten', 'har teoretisk kunnskap om styring og analyser av geografiske data i et GIS-prosjekt', 'har bred kunnskap om egenskaper, representasjon og forskjellige modeller av geografiske data', 'Undervisningssemester', 'Undervisningsstad', 'For oppstart på emnet er det krav om ein studierett knytt til Det matematisk-naturvitskaplege fakultet www.uib.no/matnat/52646/opptak-ved-mn-fakultetet', 'Dette emnet har et begrenset antall plasser som skal deles mellom Institutt for geovitenskap og Institutt for geografi. Ved påmelding til kurset søker du om å bli tatt opp. Prioritet gis til bachelorstudenter, deretter masterstudenter, deretter studenter fra utvekslingsprogrammer og andre avdelinger ved UiB.', '6-8 forelesninger / seminarer på 2 timer', '1 datalab á 3 timer per uke (7-8 datalaber)', 'I løpet av kurset vil du jobbe med ESRI GIS-programvare (ArcGIS). Programvaren er tilgjengelig for nedlasting fra IT-avdelingens nettside (tjinfo.uib.no/program) og fungerer for Windows. ArcGIS Pro er også tilgjengelig via universitetets tredjepartsportalen (apps.uib.no) som lar deg kjøre lisensiert programvare fra din private datamaskin, selv om denne tjenesten fortsatt er under testing og kan være upålitelig.', 'Obligatorisk undervisningsaktivitet', '2 godkjente rapporter og 1 skriftleg gruppeinnlevering.', 'Godkjente laboratorierapporter og gruppeinnlevering vil være gyldig dei 4 påfølgjande semester.', 'Vurderingsformer']"
83d2fe74a359405b0c63e6fe3d93bcf1aa648ec4,a52e93ecb76d9da79135ed31badf41ec8f9d594c,https://www4.uib.no/emner/GEOV210?sem=2023h,https://www4.uib.no/emner/GEOV251?sem=2023h,"['Mål og innhald', 'Mål:Jordas ytste del er satt saman av eit begrensa antal stive plater som beveger seg i forhold til kvarandre langs dynamisk aktive grenser. Målet med emnet er å gje ein oversikt over dei fysiske kreftene som styrer mantelkonveksjon, og koplinga mellom denne og dynamikken til platene. Studentane vil få inngåande kunnskap om dei geologiske prosessane som styrer havbunnsspreiing, oppsprekking av kontinent, kontinentkollisjonar, fjellkjededannelse, subduksjonssoner og laterale skjærsoner. Emnet vil også diskutera samanhangen mellom platetektonikk og mantelplumer, samt platetektoniske forhold på andre telluriske planetar.', 'Innhald:Kurset er delt i to delar. I del 1 vert dei viktigaste elementa i global platetektonikk og samspelet mellom dei fysiske kreftene som styrer denne, introdusert. I denne delen vil ein kort introduksjon til geodynamiske prinsipp gje studentane eit nytt reiskap til å studera ulike geologiske prosessar som heng saman med platetektonikk; frå danninga av havbotnskorpe til den vert subdusert under vulkanske øybuer. I del 2 vert andre viktige faktorar som kontrollerer platetektonikk, som varmestrøm, bergartsstyrke, deformasjonstypar og ulike modellar for kontinentalstrekking, introdusert. Utviklinga av nord-Atlanteren vert gjennomgått i detalj, frå subduksjon, via kontinentalstrekking, til dannelse av havbunnsskorpe langs den midt-Atlantiske rygg.', 'Læringsutbyte', 'Studenten skal ved avslutta emne ha følgjande læringsutbyte definert i kunnskapar, ferdigheiter og generell kompetanse:', 'KunnskaparStudenten', 'kan beskriva kva som karaktereriserer platene som dannar jordas ytre skal', 'kan diskutera dei viktigaste geologisk prosessane som er aktive der platene møtes; både langs konvergerande, divergerande og masse-konserverande grenser', 'kan forklara dei geokjemiske forskjellane mellom bergartar laga ved oseane spreiieryggar, intra plate vulkanar og subduksjonssoner', 'kan diskutera hovedgrunnane for at det ikkje foregår signifikant platetektonikk på våre naboplanetar i solsystemet', 'kan diskutera dei viktigaste faktorane som knyt saman mantelkonveksjon og platetektonikk; slik som varmestrøm, bergartsstyrke, deformasjonsmekanismar, bergartskrystallisering', 'kan diskutera den geologiske utviklinga av nord-Atlanteren frå Paleosoikum til i dag; med fokus på interaksjonen mellom tektoniske og magmatiske prosessar gjennom kontinentalrifting og havbunnsspreiing', 'FerdigheiterStudenten', 'kan tolka generelle bergartstypar frå geofysiske modellar', 'kan identifisera og diskutara geologiske prosessar og utvikling frå geofysiske modellar', 'kan utføra enkle kvantitative analyser; som platehastigheit, magma produksjonsrate', 'kan utføra enkle søk etter relevant vitskapleg litteratur, og referera til desse på ein korrekt måte', 'Studentane må levera inn to skriftlege oppgåver (ein for kvar del av kurset) for å få lov til å ta skriftleg eksamen. Desse oppgåvene er berre gyldige for semesteret kurset vert undervist og for påfølgjande semester (for tidleg eksamen om våren).', 'Vurderingsformer', 'Skriftlege oppgåver utgjer 40% av karakteren.', 'Skriftleg eksamen (4 timar) utgjer 60% av karakteren.', 'Karakterskala', 'Ved sensur vert karakterskalaen A-F nytta. Graden A er best mogleg karakter, medan F er stryk.', 'Vurderingssemester', 'Det er ordinær eksamen kvart semester. I semester utan undervisning er eksamen tidleg i semesteret. Ved eventuell tidleg eksamen i påfølgjande semester vil resultatet frå dei andre vurderingsdelane stå. Disse kan ikkje tas opp igjen, i semester utan undervisning.', 'Litteraturliste', 'Litteraturlista vil vere klar innan 01.06. for haustsemesteret og 01.12. for vårsemesteret.', 'Emneevaluering', 'Studentane skal evaluere undervisninga i tråd med UiB og instituttet sitt kvalitetssikringssystem.']","['Mål og innhald', 'Mål: Strukturgeologi og tektonikk omhandler deformasjonen av jordens litosfære. Kurset tar sikte på å gi avanserte teoretiske aspekter av deformasjon. Foruten kvantitative aspekter ved spennings - og formforandringsanalyser, er det brede spekteret av deformasjonskompleksiteter i kontraksjons-, ekstensjon- og sidelengsregimer på forskjellige skalaer uthevet. Kurset gir en grundig forståelse av litosfærenes reologiske egenskaper, inkludert sprø og plastiske deformasjonsprosesser ved mikroskala. På makroskala diskuteres samspillet mellom klima og tektonikk. Forelesninger ledsages av en rekke praktiske studier med sikte på å anvende og styrke kunnskapen i ulike øvelser.', 'Innhold: Kurset inneholder en kvantitativ tilnærming av spenning og formforandring i ulike tektoniske omgivelser, avanserte aspekter av bergdeformasjon og reologi i lys av sprø, duktile og plastiske deformasjonsprosesser, en vurdering av spekteret av komplekse deformasjonsgeometrier, tilnærminger til balansering og resturering av seksjoner or kart, samt aspekter av klima-tektonikk interaksjon. I en serie seminarer bruker studentene sine kunnskaper på regionale geologiske aspekter fra Bergensområdet, Norge og Skandinavia og utover.', 'Læringsutbyte', 'Studenten skal ved avslutta emne ha følgjande læringsutbyte definert i kunnskapar, ferdigheiter og generell kompetanse:', 'Kunnskaper Studenten', 'har en avansert forståelse av spenning, formforandring, reologi og deformasjon, inkludert kvantitative aspekter', 'kan gjenkjenne moderat komplekse strukturer og forholde disse til bestemte deformasjonsregimer', 'har avansert innblikk i sprø og plastiske deformasjonsprosesser på mikroskala og en grunnleggende kunnskap om DPTt-utvikling', 'forstår hvordan forskjellige tektoniske stiler kan oppstå som kombinasjon av endogene og eksogene prosesser']"
83d2fe74a359405b0c63e6fe3d93bcf1aa648ec4,97db23500370d2e60cb5defe48e9df0ed3acf7dc,https://www4.uib.no/emner/GEOV210?sem=2023h,https://www4.uib.no/emner/GEOV217?sem=2023h,"['Mål og innhald', 'Mål:Jordas ytste del er satt saman av eit begrensa antal stive plater som beveger seg i forhold til kvarandre langs dynamisk aktive grenser. Målet med emnet er å gje ein oversikt over dei fysiske kreftene som styrer mantelkonveksjon, og koplinga mellom denne og dynamikken til platene. Studentane vil få inngåande kunnskap om dei geologiske prosessane som styrer havbunnsspreiing, oppsprekking av kontinent, kontinentkollisjonar, fjellkjededannelse, subduksjonssoner og laterale skjærsoner. Emnet vil også diskutera samanhangen mellom platetektonikk og mantelplumer, samt platetektoniske forhold på andre telluriske planetar.', 'Innhald:Kurset er delt i to delar. I del 1 vert dei viktigaste elementa i global platetektonikk og samspelet mellom dei fysiske kreftene som styrer denne, introdusert. I denne delen vil ein kort introduksjon til geodynamiske prinsipp gje studentane eit nytt reiskap til å studera ulike geologiske prosessar som heng saman med platetektonikk; frå danninga av havbotnskorpe til den vert subdusert under vulkanske øybuer. I del 2 vert andre viktige faktorar som kontrollerer platetektonikk, som varmestrøm, bergartsstyrke, deformasjonstypar og ulike modellar for kontinentalstrekking, introdusert. Utviklinga av nord-Atlanteren vert gjennomgått i detalj, frå subduksjon, via kontinentalstrekking, til dannelse av havbunnsskorpe langs den midt-Atlantiske rygg.', 'Læringsutbyte', 'Studenten skal ved avslutta emne ha følgjande læringsutbyte definert i kunnskapar, ferdigheiter og generell kompetanse:', 'KunnskaparStudenten', 'kan beskriva kva som karaktereriserer platene som dannar jordas ytre skal', 'kan diskutera dei viktigaste geologisk prosessane som er aktive der platene møtes; både langs konvergerande, divergerande og masse-konserverande grenser', 'kan forklara dei geokjemiske forskjellane mellom bergartar laga ved oseane spreiieryggar, intra plate vulkanar og subduksjonssoner', 'kan diskutera hovedgrunnane for at det ikkje foregår signifikant platetektonikk på våre naboplanetar i solsystemet', 'kan diskutera dei viktigaste faktorane som knyt saman mantelkonveksjon og platetektonikk; slik som varmestrøm, bergartsstyrke, deformasjonsmekanismar, bergartskrystallisering', 'kan diskutera den geologiske utviklinga av nord-Atlanteren frå Paleosoikum til i dag; med fokus på interaksjonen mellom tektoniske og magmatiske prosessar gjennom kontinentalrifting og havbunnsspreiing', 'FerdigheiterStudenten', 'kan tolka generelle bergartstypar frå geofysiske modellar', 'kan identifisera og diskutara geologiske prosessar og utvikling frå geofysiske modellar', 'kan utføra enkle kvantitative analyser; som platehastigheit, magma produksjonsrate', 'kan utføra enkle søk etter relevant vitskapleg litteratur, og referera til desse på ein korrekt måte', 'Studentane må levera inn to skriftlege oppgåver (ein for kvar del av kurset) for å få lov til å ta skriftleg eksamen. Desse oppgåvene er berre gyldige for semesteret kurset vert undervist og for påfølgjande semester (for tidleg eksamen om våren).', 'Vurderingsformer', 'Skriftlege oppgåver utgjer 40% av karakteren.', 'Skriftleg eksamen (4 timar) utgjer 60% av karakteren.', 'Karakterskala', 'Ved sensur vert karakterskalaen A-F nytta. Graden A er best mogleg karakter, medan F er stryk.', 'Vurderingssemester', 'Det er ordinær eksamen kvart semester. I semester utan undervisning er eksamen tidleg i semesteret. Ved eventuell tidleg eksamen i påfølgjande semester vil resultatet frå dei andre vurderingsdelane stå. Disse kan ikkje tas opp igjen, i semester utan undervisning.', 'Litteraturliste', 'Litteraturlista vil vere klar innan 01.06. for haustsemesteret og 01.12. for vårsemesteret.', 'Emneevaluering', 'Studentane skal evaluere undervisninga i tråd med UiB og instituttet sitt kvalitetssikringssystem.']","['Mål og innhald', 'Mål Geofarer er hendelser koblet til geologiske og/eller geofysiske prosesser, som potensielt kan lede til skade på miljø og/eller samfunn. Emnet har som mål å gi en innføring i forskjellige typer geofarer, deres potensielle konsekvenser og hva man kan gjøre for å forebygge naturkatastrofer. Hovedfokus vil være på norske geofarer, men ekstreme hendelser fra andre deler av verden vil dras inn som eksempler der det er formålstjenlig. Emnet skal formidle forståelse for de geologiske og fysiske prosesser som driver geofarer, hvordan samfunnet påvirkes av og kan håndtere geofarer, og hvilke tiltak som kan iverksettes for å hindre katastrofale hendelser. Det vil legges vekt på å bygge opp en forståelse for samspillet mellom natur og samfunn, og hvordan dette samspillet kontrollerer de potensielle konsekvenser av en hendelse.', 'Innhold Hovedfokus vil være på skred og ras, flom, tsunami, jordskjelv og vulkanutbrudd, der de geologiske og fysiske prosesser bak vil belyses sammen med mulige konsekvenser og metoder til å kvantifisere risiko. I tillegg diskuteres vekselvirkninger mellom forskjellige typer av geofarer, forebygging og håndtering av katastrofer samt kvantifisering og håndtering av usikkerheter. Kurset vil inneholde tre komponenter, en teoretisk, en praktisk og en feltbasert del. De teoretiske læringsaktivitetene vil i hovudsak være studentaktive, ledet av en foreleser med spisskompetanse innenfor sitt fagfelt. Videre vil en viktig del av kurset være praktiske undervisningsaktiviteter der studentene selv kan jobbe med forskjellige aspekter av pensum. For å få førstehånds kjennskap til aktuelle geofarer i nærmiljøet vil det gjennomføres en ekskursjon der studentene vil presenteres ulike geofarer (for eksempel flom og skred) samt forskjellige sikringstiltak, og vil få mulighet for selv å identifisere potensielle og tidligere hendelser i felt.', 'Læringsutbyte', 'Studenten skal ved avsluttet emne ha følgende læringsutbytte definert i kunnskaper, ferdigheter og generell kompetanse.', 'Kunnskap', 'Studenten har', 'oversikt over de fysiske og geologiske prosesser bak geofarer som skred, ras, flom, tsunami, jordskjelv og vulkanutbrudd.', 'kunnskap om dannelsen av ulike landformer og avsetninger knyttet til geofarer.', 'kunnskap til å beskrive metoder for å kvantifisere risiko for de enkelte geofarer og faktorer som kontrollerer usikkerheter.', 'forståelse av mulige konsekvenser av geofarer og håndtering av risiko og katastrofale hendelser.', 'viten om mulige vekselvirkninger mellom forskjellige geofarer og deres konsekvenser.']"
e0657c8e6fdf61daa7f37b1f749d00cdff495f99,b67a9844c0a35df1fb221618201d7cea20015e64,https://www4.uib.no/emner/ARK113?sem=2023h,https://www4.uib.no/emner/ARK121?sem=2023h,"['Mål og innhald', 'Emnet tek sikte på å gi studentane fordjuping i aktuelle arkeologiske tema og periodar frå utviklinga av menneske fram til 500 f.Kr.', 'Når ressursane tillét det, tilbyr instituttet undervisning i eitt eller fleire tema. Fordjupingstema kan skifta, avhengig av undervisningskreftene som er tilgjengelege, og aktuell forsking. Studentane skal fordjupe seg i enkelte periodar eller tema knytt til arkeologiske problem på ein vitskapleg måte.', 'For omtale av temaet som vert tilbydd inneverande semester, sjå her: ARK113', 'Læringsutbyte', 'Studenten skal ved fullført emne ha følgjande læringsutbyte definert i kunnskapar, ferdigheitar og generell kompetanse:', 'Kunnskapar']","['Mål og innhald', 'Mål:', 'Emnet tar sikte på å gi studentene et dyptgående innblikk i aktuelle arkeologiske tema i perioden fra 1000 e.Kr. til nytiden.', 'Arkeologi som er ikke kronologisk begrenset: den kan undersøke enhver periode i fortiden, men også nåtiden. Imidlertid kan den spesielle perioden, som arkeologer studerer, ha en effekt på hvordan de tenker, og hva slags metoder de bruker. Dette er spesielt viktig med historisk arkeologi og samtidsarkeologi. De undersøker perioder som kan analyseres gjennom kilder som ikke er tilgjengelige fra tidligere perioder, som skriftlige kilder og intervjuer. Dessuten er historisk og samtidsarkeologi ikke de eneste disiplinene som studerer de samme kronologiske periodene. Deres forhold til andre disipliner er derfor avgjørende.', 'Emnet fokuserer på å diskutere hva som er spesifikt ved historisk arkeologi og samtidsarkeologi. Hva er de sentrale forskningsspørsmålene, ideene og målene som diskuteres? Hva er forskjellene og likhetene mellom historisk og samtidsarkeologi?', 'For omtale av temaet som vert tilbydd inneverande semester, sjå her: Temaomtale ARK121', 'Læringsutbyte', 'Studenten skal ved avslutta emne ha følgjande læringsutbyte definert i kunnskap, ferdigheiter og generell kompetanse:', 'Kunnskapar']"
670fc3df9a7ce7ad3bb93eda7f75d69ae460448e,df38cca9ca2d52d18369c7116b09fef6645c29d2,https://www4.uib.no/emner/FIL348?sem=2023h,https://www4.uib.no/emner/FIL344?sem=2023h,"['Mål og innhald', 'Emnet forsøker å formulere og klargjere de grunnleggende forutsetninger av de metodene som brukes i samfunnvitenskapene. Kurset kan inneholde både uformelle komponenter (e.g., undersøkelser av `the comparative method¿, `the case study method¿, studier av metodologisk individualisme, interpretivisme, relativisme, etc.) samt formelelementer (begreper fra probability theory, statistikk, Bayesianism, decision theory, game theory, formal epistemologi, etc.) Kurset kan organiseres enten som et oversikt av flere teorier og metoder eller det kan fokusere på kun ett eller et par temaer. FIL260 skal gi studentane en dyp forståelse av viktige grunnomgrep, argument og posisjonar involvert i metodene som brukes i samfunnvitenskapene. Hovudvekta ligg på tema i samtidsfilosofien, men det kan ofte vere aktuelt å ta utgangspunkt i filosofiske verk og posisjonar frå eldre tider. Etter fullført emne skal studentane vere i stand til å vurdere og formidle sentrale teoriar og problemstillingar innanfor metodene brukte i samfunnvitenskapene og sjå relevansen av desse i andre samanhengar. Emnet skal gi grunnlag for vidare studiar i filosofi på bachelornivå.', 'Læringsutbyte', 'Kunnskap:', 'Etter fullført emne skal studenten ha', 'ha god kjennskap til viktige grunnomgrep, argumenter og posisjonar i metodene og teoriene som brukes i samfunnvitenskapene', 'identifisere sterke og svake sider ved ulike posisjonar i forbindelse med de metodene og teoriene som brukes i samfunnvitenskapene', ""identifisere relevante argument og prinsipp i epistemologi (til dømes 'the closure principle')"", 'Kompetanse:', 'Etter fullført emne skal studenten ha kompetanse til', 'å lese epistemologiske artiklar og bøker på eit relativt høgt fagleg nivå', 'Emnet gir grunnlag for vidare studiar med sikte på bachelorgrad med spesialisering i filosofi. I kombinasjon med andre emne og fag kan det inngå i ei utdanning som kvalifiserer for undervisning i filosofi i ungdomsskule eller videregåande skole. Emnet kan også vere eigna som støtte til fordjuping i grunnlagsspørsmål i samband med studiet av andre fag.', 'Ei godkjenning av obligatoriske arbeidskrav er gyldig i tre semester frå og med det semesteret godkjenninga finner stad, jamfør ordinære reglar.', 'Innlevering av utkast til rettleia oppgåve før rettleiing.', 'Rettleiing av semesteroppgåve.', 'Vurderingsformer', 'Ei rettleia oppgåve på mellom 4000 og 6000 ord (ikkje medrekna innhaldsliste, litteraturliste etc). Emnet for oppgåva skal vere godkjend av faglærar på førehand. Oppgåva skal leverast digitalt og blir sensurert ved slutten av semesteret.', 'Dei obligatoriske arbeidskrava må vere godkjende før ein kan gå opp til eksamen i emnet.', 'Obligatoriske arbeidskrav må vere godkjende i eit semester med undervisning for at ein skal kunne melde seg til eksamen i eit semester utan undervisning.', 'Vurdering i eit semester utan undervisning følger pensumet førre semester emnet hadde undervisning.', 'Karakterskala']","['Mål og innhald', 'Dette kurset vil fokusere på et sentralt tema i praktisk filosofi. Studentene vil bli introdusert til sentrale begreper, problemstillinger og aktuelle debatter knyttet til dette tema. Kurset involverer et kritisk dypdykk inn i samtidsforskning i praktisk filosofi. Det vil også bli lagt vekt på filosofisk metodikk og utvikling av en forsknings-paper.', 'Læringsutbyte', 'Kunnskap:', 'Etter fullført emne skal studenten ha', 'Kjennskap til samtidsforskning om sentrale debatter knyttet til et sentralt tema i praktisk filosofi', 'Forståelse av begreper, problemer, argumenter og posisjoner innenfor sentrale debatter knyttet til dette temaet.', 'Sende inn og få godkjent ei skisse av tema for semesteroppgåva (frist satt av faglærar)', 'Gi ein presentasjon av semesteroppgåva (tid og stad satt av faglærar)', 'Sende inn eit utkast (minimum 3000 ord) av semesteroppgåva (frist fastsatt av faglærar).', 'Delta på ei rettleiingsøkt (planlagt av faglærar)', 'Vurderingsformer', 'Den endelige karakteren er basert utelukkende på en semesteroppgave på 4000-6000 ord (ikke inkludert referanser, litteraturliste osv.) Oppgavens tema må godkjennes på forhånd av faglærar. Forskningsoppgaven vil bli vurdert ved slutten av semesteret.', 'Dei obligatoriske arbeidskrava må vere godkjende før ein kan gå opp til eksamen i emnet.', 'Obligatoriske arbeidskrav må vere godkjende i eit semester med undervisning for at ein skal kunne melde seg til eksamen i eit semester utan undervisning.', 'Det vert nytta gradert karakterskala frå A til F, der F er stryk.']"
680501285297361d82aacc2641997aa27fab10c3,9b84499915dad88b8c363f9b2a3120a7d29fb183,https://www4.uib.no/emner/FIL317?sem=2023h,https://www4.uib.no/emner/FIL321?sem=2023h,"['Mål og innhald', 'Kurset gir ein introduksjon til filosofien til Ludwig Wittgenstein. I tillegg til å gi eit generelt overblikk over forfattarskapen gir det ein oversikt over sentrale omgrep, synspunkt og metodar i Wittgenstein sin filosofi.', 'Læringsutbyte', 'Kunnskap:', 'Etter fullført emne skal studenten ha', 'ei generell oversikt over sentrale omgrep, synspunkt og metodar innanføre Wittgenstein sin filosofi', 'forståing for likskapar og skilnadar mellom ulike innfallsvinklar og fortolkingar av Wittgenstein', 'meir inngåande kunnskap om eit nærare avgrensa tema innanfor feltet', 'Dugleik:', 'Etter fullført emne skal studenten kunne', 'kjenne att sentrale posisjonar, argumentasjons- og framstillingsmåtar i Wittgensteinforskinga, og kunne formidle hovudtrekk ved dei', 'finne fram til og sette seg inn i sentral litteratur om Wittgenstein sin filosofi, og formidle kunnskap om litteraturen og dei perspektiva den gir på Wittgenstein sin filosofi til eit faglig og til eit allment publikum', 'reflektere over relevansen av sentrale omgrep, synspunkt og metodar innanfor Wittgenstein sin filosofi for å kunne forstå og ta stilling til aktuelle spørsmål og problemstillingar', 'Kompetanse:', 'Emnet kan vere eigna som støtte til fordjuping i grunnlagsspørsmål i samband med studiet av andre fag.', 'Studiepoeng, omfang', 'Studienivå (studiesyklus)', 'Undervisningssemester', 'Undervisningsstad', 'Gode engelskkunnskapar er naudsynte, sidan ein må rekne med at mykje av pensum er på engelsk.', 'Studiepoengsreduksjon', 'Emnet overlapper med FIL217 (Wittgensteinstudiar). For studentar som har tatt eitt av emna FIL211 (Valemne 1 i filosofi), FIL212 (Valemne 2 i filosofi), FIL213 (Valemne 3 i filosofi), FIL214 (Valemne 4 i filosofi), FIL301 (Forskingsemne i filosofi 1), FIL302 (Forskingsemne i filosofi 2) eller FIL303 (Forskingsemne i filosofi 3) med nærliggande tema kan det og være overlapp. Ta i så fall kontakt med email-removed@email-removed.no for nærare informasjon.', 'Krav til studierett', 'For å ta emnet må ein vere tatt opp på masterstudiet i filosofi. Studentar som ikkje har studierett ved masterprogrammet kan ta kontakt med email-removed@email-removed.no', 'Arbeids- og undervisningsformer', 'Undervisninga har form av førelesingar og/eller seminar.', 'Om det melder seg færre enn fire studentar kan talet på samlingar bli redusert. Den einskilde student vil i staden bli tilbode individuell rettleiing eller grupperettleiing.', 'Ei godkjenning av obligatoriske arbeidskrav er gyldig i tre semester frå og med det semesteret godkjenninga finner stad, jamfør ordinære reglar.', 'Studentane skal levere forslag og utkast til semesteroppgåva. Fristar blir bestemt av instituttet', 'Studentane må delta på ei rettleiingsøkt med faglærar', 'Godkjent breiddetest', 'Vurderingsformer', 'Ei semesteroppgåve på mellom 4000 og 6000 ord (ikkje medrekna innhaldsliste, litteraturliste etc). Emnet for oppgåva skal vere godkjend av faglærar på førehand. Oppgåva skal leverast digitalt og blir sensurert ved slutten av semesteret.', 'Eksamen blir arrangert kvart semester.', 'Dei obligatoriske arbeidskrava må vere godkjende før ein kan gå opp til eksamen i emnet.', 'Obligatoriske arbeidskrav må vere godkjende i eit semester med undervisning for at ein skal kunne melde seg til eksamen i eit semester utan undervisning.']","['Emnebeskrivelse', 'Mål og innhald', 'Dette kurset vil hjelpe studentane til å tileigne seg og utvikle kunnskap og dugleikar som trengs for å utføre forskning på masternivå i filosofi, med fokus på masteroppgava. Studentane vil bli gitt rettleiing og instruksjon i filosofisk metodikk, val av oppgåvetema, bruk av nettbaserte databasar og bibliotekressursar, samt akademisk skriving.', 'Læringsutbyte', 'Kunnskap:', 'Etter fullført emne skal studenten ha', 'Kjennskap til metoder som brukes for forsknig i filosofi', 'Forståing av korleis du kan gi eit originalt bidrag til filosofisk vitenskap', 'Kunnskap om nettbaserte databaser og bibliotekressurser relevante for forskning innen filosofi']"
e4d49814b1f842cda20a94b51dc1e425eca787ee,df38cca9ca2d52d18369c7116b09fef6645c29d2,https://www4.uib.no/emner/FIL346?sem=2023h,https://www4.uib.no/emner/FIL344?sem=2023h,"['Mål og innhald', '¿Kontinentalfilosofi¿ er eit samleomgrep for fleire filosofiske tilnærmingar i 1900-talls og samtidsfilosofien som ligger utafor den analytiske tradisjonen, t.d. eksistensialisme, fenomenologi, kritisk teori, poststrukturalisme og postkolonial filosofi. Kurset skal ta føre seg ein eller flere sentrale problemstillingar og forfattere i kontinentalfilosofien, og utvikle studentane sine evner til analytisk lesing av og rasjonal diskusjon om rike og komplekse originaltekster.', 'Emnet kan enten fokusere på en bestemt tilnærming eller forfatter innafor kontinentalfilosofi og studere den ved hjelp av relevante originaltekstar, eller ta utgangspunkt i ein problemstilling og utforske den gjennom ulike forfattere og tekstar.', 'Læringsutbyte', 'Kunnskap:', 'Etter fullført emne skal studenten ha', 'spesialisert kunnskap om ein eller fleire problemstillingar og posisjonar i kontinentalfilosofien', 'utdjupande kjennskap til ein eller fleire kontinentalfilosofiske originaltekstar, samt relevant forskningslitteratur.', 'identifisere, analysere og formidle sentrale problemstillingar, posisjonar og argument i eitt eller fleire forskingsområde i kontinentalfilosofi', 'forstå og kritisk vurdere aktuelle bidrag i eitt eller fleire forskingsområde i kontinentalfilosofi', 'utvikle eigne idéar for debattbidrag innanfor kontinentalfilosofi', 'Kompetanse:', 'Etter fullført emne skal studenten ha kompetanse til', 'vidare studiar og eigen forsking i kontinentalfilosofi, t.d. i ei masteroppgåve.', 'Emnet kan inngå i ein mastergrad med spesialisering i filosofi. I kombinasjon med andre emne og fag kan det inngå i ei utdanning som kvalifiserer for undervisning i filosofi i ungdomsskule eller videregåande skule. Emnet kan òg vere eigna som støtte til fordjuping i grunnlagsspørsmål i samband med studiet av andre fag.', 'Ei godkjenning av obligatoriske arbeidskrav er gyldig i tre semester frå og med det semesteret godkjenninga finner stad, jamfør ordinære reglar.', 'Studentane skal levere forslag og utkast til semesteroppgåva. Fristar blir bestemt av instituttet', 'Studentane må delta på ei rettleiingsøkt med faglærar', 'Vurderingsformer', 'Ei semesteroppgåve på mellom 4000 og 6000 ord (ikkje medrekna innhaldsliste, litteraturliste etc). Emnet for oppgåva skal vere godkjend av faglærar på førehand. Oppgåva skal leverast digitalt og blir sensurert ved slutten av semesteret.', 'Eksamen blir arrangert kvart semester.', 'Dei obligatoriske arbeidskrava må vere godkjende før ein kan gå opp til eksamen i emnet.', 'Obligatoriske arbeidskrav må vere godkjende i eit semester med undervisning for at ein skal kunne melde seg til eksamen i eit semester utan undervisning.']","['Mål og innhald', 'Dette kurset vil fokusere på et sentralt tema i praktisk filosofi. Studentene vil bli introdusert til sentrale begreper, problemstillinger og aktuelle debatter knyttet til dette tema. Kurset involverer et kritisk dypdykk inn i samtidsforskning i praktisk filosofi. Det vil også bli lagt vekt på filosofisk metodikk og utvikling av en forsknings-paper.', 'Læringsutbyte', 'Kunnskap:', 'Etter fullført emne skal studenten ha', 'Kjennskap til samtidsforskning om sentrale debatter knyttet til et sentralt tema i praktisk filosofi', 'Forståelse av begreper, problemer, argumenter og posisjoner innenfor sentrale debatter knyttet til dette temaet.', 'Sende inn og få godkjent ei skisse av tema for semesteroppgåva (frist satt av faglærar)', 'Gi ein presentasjon av semesteroppgåva (tid og stad satt av faglærar)', 'Sende inn eit utkast (minimum 3000 ord) av semesteroppgåva (frist fastsatt av faglærar).', 'Delta på ei rettleiingsøkt (planlagt av faglærar)', 'Vurderingsformer', 'Den endelige karakteren er basert utelukkende på en semesteroppgave på 4000-6000 ord (ikke inkludert referanser, litteraturliste osv.) Oppgavens tema må godkjennes på forhånd av faglærar. Forskningsoppgaven vil bli vurdert ved slutten av semesteret.', 'Dei obligatoriske arbeidskrava må vere godkjende før ein kan gå opp til eksamen i emnet.', 'Obligatoriske arbeidskrav må vere godkjende i eit semester med undervisning for at ein skal kunne melde seg til eksamen i eit semester utan undervisning.', 'Det vert nytta gradert karakterskala frå A til F, der F er stryk.']"
8fa205205b27d552606a83fc9e178eb450f5f7a8,b67a9844c0a35df1fb221618201d7cea20015e64,https://www4.uib.no/emner/ARK216?sem=2023h,https://www4.uib.no/emner/ARK121?sem=2023h,"['Emnebeskrivelse', 'Mål og innhald', 'Emnet gir ein introduksjon til arkeologisk feltarbeid. Studentane lærer om den historiske utviklinga av feltarbeid som metode innan arkeologi, og korleis ei moderne utgraving foregår (utval av gravingsstad og dokumentasjon) og kva etterarbeid inneber.']","['Mål og innhald', 'Mål:', 'Emnet tar sikte på å gi studentene et dyptgående innblikk i aktuelle arkeologiske tema i perioden fra 1000 e.Kr. til nytiden.', 'Arkeologi som er ikke kronologisk begrenset: den kan undersøke enhver periode i fortiden, men også nåtiden. Imidlertid kan den spesielle perioden, som arkeologer studerer, ha en effekt på hvordan de tenker, og hva slags metoder de bruker. Dette er spesielt viktig med historisk arkeologi og samtidsarkeologi. De undersøker perioder som kan analyseres gjennom kilder som ikke er tilgjengelige fra tidligere perioder, som skriftlige kilder og intervjuer. Dessuten er historisk og samtidsarkeologi ikke de eneste disiplinene som studerer de samme kronologiske periodene. Deres forhold til andre disipliner er derfor avgjørende.', 'Emnet fokuserer på å diskutere hva som er spesifikt ved historisk arkeologi og samtidsarkeologi. Hva er de sentrale forskningsspørsmålene, ideene og målene som diskuteres? Hva er forskjellene og likhetene mellom historisk og samtidsarkeologi?', 'For omtale av temaet som vert tilbydd inneverande semester, sjå her: Temaomtale ARK121', 'Læringsutbyte', 'Studenten skal ved avslutta emne ha følgjande læringsutbyte definert i kunnskap, ferdigheiter og generell kompetanse:', 'Kunnskapar']"
338adf9cda3a085658bfe688b42bef3491e68ab5,eb7219b92eeb3a0895531371ceafe6ccc8d82ce5,https://www4.uib.no/emner/GEOF339?sem=2023h,https://www4.uib.no/emner/GEOF399?sem=2023h,"['Mål og innhald', 'Mål Kurset har som mål å presentere avanserte emne innan storskala og mesoskala havsirkulasjon med utgangspunkt i dei styrande likningane i geofysisk væske-dynamikk.', 'Innhald Med utgangspunkt i dei kvasigeostrofiske likningane som matematisk plattform, vil kurset dekkje Rossbybølgjer, barotrop- og baroklin ustabilitet, storskala sirkulasjon med teoriar for vinddriven straum på midlare og høgare bredde som Sverdrup- og Stommel-teori, og sjiktingseffektar som oppstrauming og nedstrauming. Den tettleikdrivne storskala sirkulasjonen vert også dekt og diskutert.', 'Læringsutbyte', 'Studenten skal ved avslutta emne ha følgjande læringsutbyte definert i kunnskapar, ferdigheiter og generell kompetanse:', 'Kunnskapar', 'Studenten', 'har god forståing av dei grunnleggjande prinsippa I storskala rørsle på ein roterende plane', 'forstår dei styrande likningane for ulike fenomen i geofysisk væskedynamikk', 'For oppstart på emnet er det krav om ein studierett knytt til eit masterprogram/ph.d.-utdanninga ved Det matematisk-naturvitskaplege fakultet, samt at du oppfyller ev. opptakskrav til emnet. www.uib.no/matnat/52646/opptak-ved-mn-fakultetet', 'Arbeids- og undervisningsformer', 'Undervisninga gis i form av førelesninga 2 timar pr. veke', 'Obligatorisk undervisningsaktivitet', 'Regelmessig oppmøte på rekneøvingar med presentasjon av eigne løysingar. Obligatorisk undervisningsaktivitet er gydlig inneverande og påfølgjande semester.']","['Mål og innhald', 'Dette kurset gir studenten formell opplæring i å implementere selvstendig forskning innenfor et spesialisert forskningsområde, ved bruk av eksperimentelle og/eller teoretiske, numeriske og andre egnede metoder. Gjennom dette studiet skal studentens evne til kritisk tenkning, og ferdigheter i bruk av vitenskapelig metode utvikles, samt skriftlige og muntlige kommunikasjonsevner. Studentene oppfordres til aktivt å utvikle oppgavens tema i dialog med veileder(e). Alternativt kan temaet for masteroppgaven velges fra en liste foreslått for hver studiespesialisering, eller fra relevante eksterne institusjoner.', 'Læringsutbyte', 'Studenten skal ha følgende læringsutbytte definert i kunnskap, ferdigheter og generelt', 'kompetanse ved slutten av dette kurset:', 'Kunnskap', 'Opptak på masterprogrammet i meteorologi og oseanografi.', 'Krav til studierett', 'For å ta emnet kreves opptak på masterprogrammet i meteorologi og oseanografi ved Geofysisk institutt ved Det matematisk-naturvitskaplege fakultet.', 'Arbeids- og undervisningsformer', 'Studentene utfører veiledet/veiledet vitenskapelig forskningsarbeid på det valgte temaet, dokumentert i en skriftlig masteroppgave. Studentene deltar på vanlige masterseminarmøter hvor de presenterer fremdriftsrapporter for andre studenter.', 'Vurderingsformer', 'Masterstudiet avsluttes med muntlig mastereksamen etter at oppgaven er levert og godkjent. Denne eksamen består av en offentlig presentasjon på ca 30 minutter, hvor studenten gir en oversikt over oppgaven. Sensor, veileder(e) og intern(e) sensor(er) bør normalt være tilstede ved den offentlige presentasjonen.', 'En ikke-offentlig muntlig eksamen/samtale om oppgaven bør følge presentasjonen. Oppgaven bør ha en tentativ karakter basert på et evalueringsskjema utfylt av sensorer før presentasjonen. Presentasjonen, sammen med muntlig eksamen/samtale, kan justere karakteren på oppgaven. Kun den endelige karakteren gjøres kjent for studenten, og vises på karakterutskriften.', 'Oppgaven skal leveres senest en måned før 4. semester.', 'Karakterskala', 'Karakterskalaen er A til F. Der A er den høyeste beståtte karakter og F er stryk.']"
81dfd2bd98fa748a467f85fb50e74974ea9a2f65,b67a9844c0a35df1fb221618201d7cea20015e64,https://www4.uib.no/emner/ARK112?sem=2023h,https://www4.uib.no/emner/ARK121?sem=2023h,"['Mål og innhald', 'Emnet tek sikte på å gi studentane fordjuping i aktuelle arkeologiske tema og periodar frå utviklinga av menneske fram til 500 f.Kr.', 'Når ressursane tillét det, tilbyr instituttet undervisning i eitt eller fleire tema. Fordjupingstema kan skifte, avhengig av undervisningskreftene som er tilgjengelege, og aktuell forsking. Studentane skal fordjupe seg i enkelte periodar eller tema knytt til arkeologiske problem på ein vitskapleg måte.']","['Mål og innhald', 'Mål:', 'Emnet tar sikte på å gi studentene et dyptgående innblikk i aktuelle arkeologiske tema i perioden fra 1000 e.Kr. til nytiden.', 'Arkeologi som er ikke kronologisk begrenset: den kan undersøke enhver periode i fortiden, men også nåtiden. Imidlertid kan den spesielle perioden, som arkeologer studerer, ha en effekt på hvordan de tenker, og hva slags metoder de bruker. Dette er spesielt viktig med historisk arkeologi og samtidsarkeologi. De undersøker perioder som kan analyseres gjennom kilder som ikke er tilgjengelige fra tidligere perioder, som skriftlige kilder og intervjuer. Dessuten er historisk og samtidsarkeologi ikke de eneste disiplinene som studerer de samme kronologiske periodene. Deres forhold til andre disipliner er derfor avgjørende.', 'Emnet fokuserer på å diskutere hva som er spesifikt ved historisk arkeologi og samtidsarkeologi. Hva er de sentrale forskningsspørsmålene, ideene og målene som diskuteres? Hva er forskjellene og likhetene mellom historisk og samtidsarkeologi?', 'For omtale av temaet som vert tilbydd inneverande semester, sjå her: Temaomtale ARK121', 'Læringsutbyte', 'Studenten skal ved avslutta emne ha følgjande læringsutbyte definert i kunnskap, ferdigheiter og generell kompetanse:', 'Kunnskapar']"
ab9bf2c843b498a36c05db40ec9e878104a429a7,9b84499915dad88b8c363f9b2a3120a7d29fb183,https://www4.uib.no/emner/FIL331?sem=2023h,https://www4.uib.no/emner/FIL321?sem=2023h,"['Emnebeskrivelse', 'Mål og innhald', 'Dette emnet vil fokusere på eit sentralt tema innan teoretisk filosofi. Studentane vil bli introdusert til sentrale omgrep, problem og aktuelle debattar knytt til dette tema. Emnet vil ha eit nær og kritisk tilnærming til samtidsvitenskap i teoretisk filosofi. Det vil også bli lagt vekt på filosofisk metodikk og utvikling av ein forskingsoppgåve.', 'Læringsutbyte', 'Kunnskap: Etter fullført emne skal studenten ha', 'Kjennskap til samtidsvitenskap om sentrale debattar knytta til eit sentralt tema i teoretisk filosofi', 'Forståing av omgrep, problem, argument og posisjonar innanfør sentrale debatter knytta til dette tema.', 'Sende inn og få godkjent ei skisse av tema for semesteroppgåva (frist satt av faglærar)', 'Gi ein presentasjon av semesteroppgåva (tid og stad satt av faglærar)', 'Sende inn eit utkast (minimum 3000 ord) av semesteroppgåva (frist fastsatt av faglærar).', 'Delta på ei rettleiingsøkt (planlagt av faglærar)', 'Vurderingsformer', 'Ei rettleia oppgåve på mellom 5000 og 7000 ord (ikkje medrekna innhaldsliste, litteraturliste etc). Emnet for oppgåva skal vere godkjend av faglærar på førehand. Oppgåva skal leverast digitalt og blir sensurert ved slutten av semesteret.', 'Dei obligatoriske arbeidskrava må vere godkjende før ein kan gå opp til eksamen i emnet.', 'Obligatoriske arbeidskrav må vere godkjende i eit semester med undervisning for at ein skal kunne melde seg til eksamen i eit semester utan undervisning.', 'Det vert nytta gradert karakterskala frå A til F, der F er stryk.']","['Emnebeskrivelse', 'Mål og innhald', 'Dette kurset vil hjelpe studentane til å tileigne seg og utvikle kunnskap og dugleikar som trengs for å utføre forskning på masternivå i filosofi, med fokus på masteroppgava. Studentane vil bli gitt rettleiing og instruksjon i filosofisk metodikk, val av oppgåvetema, bruk av nettbaserte databasar og bibliotekressursar, samt akademisk skriving.', 'Læringsutbyte', 'Kunnskap:', 'Etter fullført emne skal studenten ha', 'Kjennskap til metoder som brukes for forsknig i filosofi', 'Forståing av korleis du kan gi eit originalt bidrag til filosofisk vitenskap', 'Kunnskap om nettbaserte databaser og bibliotekressurser relevante for forskning innen filosofi']"
89b97da3087c1c1a464d79a1ab2f651847957390,df38cca9ca2d52d18369c7116b09fef6645c29d2,https://www4.uib.no/emner/FIL349?sem=2023h,https://www4.uib.no/emner/FIL344?sem=2023h,"['Mål og innhald', 'Dette vidaregåande kurset vil fokusere på sentrale tema i politisk filosofi som sosial rettferd, global rettferd, menneskerettar, fridom og liberalisme, identitetspolitikk, staten si rolle, demokratiet sin verdi, politikk og makt, eller politisk forplikting og ulydnad. Målet med kurset er å gi ein djup kunnskap og forståing av debattar om spørsmål som er relevante for samtida sitt politiske liv.', 'Læringsutbyte', 'Kunnskap:', 'Etter fullført emne skal studenten ha:', 'Oversikt over nokre sentrale tema og debattar i politisk filosofi', 'Kjennskap til viktig vitskapleg litteratur knytta til desse tema og debattane', 'Ei forståing av omgrep og argument som er relevante for desse temaa og debattane', 'Ei forståing av korleis desse tema og debattar blir kopla til kvarandre og til aktuelle politiske spørsmål', 'Ei djup forståing av minst eitt av tema som er dekka i emnet, inkludert kjennskap til ei utvida mengde av relatert vitskapleg litteratur', 'For å ta emnet må ein vere tatt opp på masterstudiet i filosofi. Studentar som ikkje har studierett ved masterprogrammet kan ta kontakt med email-removed@email-removed.no', 'Arbeids- og undervisningsformer', 'Omlag 20 timar med førelesingar i løpet av semesteret, og omlag 10 timar per veke på eiga hand til å jobbe med emnerelaterte oppgåver. Klassetid vil innebere førelesingar eller presentasjonar av emneansvarleg, diskusjonar og gruppearbeid.', 'Om det melder seg færre enn fire studentar kan talet på samlingar bli redusert. Den einskilde student vil i staden bli tilbode individuell rettleiing eller grupperettleiing.', 'Obligatorisk undervisningsaktivitet', 'Studentane skal levere forslag og utkast til semesteroppgåva. Fristar blir bestemt av instituttet', 'Studentane må delta på ei rettleiingsøkt med faglærar', 'Oppmøtekrav på førelesingane: studentar kan maksimalt gå glipp av 6 timar (3 førelesingar) utan gyldig grunn/dokumentasjon', 'Studentane må levere og få godkjent minst 6 mindre skriftlege oppgåver (omlag 500 ord per oppgåve). Fristar blir satt av instituttet', 'Vurderingsformer', 'Ei semesteroppgåve på mellom 4000 og 6000 ord (ikkje medrekna innhaldsliste, litteraturliste etc). Emnet for oppgåva skal vere godkjend av faglærar på førehand. Oppgåva skal leverast digitalt og blir sensurert ved slutten av semesteret.', 'Eksamen blir arrangert på slutten av det semesteret det blir gitt undervisning i emnet. I semesteret etter blir det arrangert midtsemestereksamen.', 'Dei obligatoriske arbeidskrava må vere godkjende før ein kan gå opp til eksamen i emnet.', 'Obligatoriske arbeidskrav må vere godkjende i eit semester med undervisning for at ein skal kunne melde seg til eksamen i eit semester utan undervisning.']","['Mål og innhald', 'Dette kurset vil fokusere på et sentralt tema i praktisk filosofi. Studentene vil bli introdusert til sentrale begreper, problemstillinger og aktuelle debatter knyttet til dette tema. Kurset involverer et kritisk dypdykk inn i samtidsforskning i praktisk filosofi. Det vil også bli lagt vekt på filosofisk metodikk og utvikling av en forsknings-paper.', 'Læringsutbyte', 'Kunnskap:', 'Etter fullført emne skal studenten ha', 'Kjennskap til samtidsforskning om sentrale debatter knyttet til et sentralt tema i praktisk filosofi', 'Forståelse av begreper, problemer, argumenter og posisjoner innenfor sentrale debatter knyttet til dette temaet.', 'Sende inn og få godkjent ei skisse av tema for semesteroppgåva (frist satt av faglærar)', 'Gi ein presentasjon av semesteroppgåva (tid og stad satt av faglærar)', 'Sende inn eit utkast (minimum 3000 ord) av semesteroppgåva (frist fastsatt av faglærar).', 'Delta på ei rettleiingsøkt (planlagt av faglærar)', 'Vurderingsformer', 'Den endelige karakteren er basert utelukkende på en semesteroppgave på 4000-6000 ord (ikke inkludert referanser, litteraturliste osv.) Oppgavens tema må godkjennes på forhånd av faglærar. Forskningsoppgaven vil bli vurdert ved slutten av semesteret.', 'Dei obligatoriske arbeidskrava må vere godkjende før ein kan gå opp til eksamen i emnet.', 'Obligatoriske arbeidskrav må vere godkjende i eit semester med undervisning for at ein skal kunne melde seg til eksamen i eit semester utan undervisning.', 'Det vert nytta gradert karakterskala frå A til F, der F er stryk.']"
dcaabb235945eadbfc2fe76df1ef775e5fa8ec1b,816272b9b4de1f36fdd18a91e56d9b9db2c0740e,https://www4.uib.no/emner/GOV606?sem=2023h,https://www4.uib.no/emner/GOV660?sem=2023h,"['Emnebeskrivelse', 'Mål og innhald', 'Studiet i teknologileiing skal gi grunnleggjande og generell innføring i organisasjon og leiing av verksemder prega av teknologi og som er konkurranseutsette og kundeorienterte.', 'Opplegget skal trene studentane i å tenke analytisk omkring eigen arbeidspraksis med utgangspunkt i moderne organisasjonsteori og utvikle evne til å sjå og føreslå konkrete forbetringstiltak på felt der dette er aktuelt. Utveksling og diskusjon av erfaringsmateriale er ein viktig del av læringsprosessen. Gjennom dette arbeidet ønskjer ein og å fremme studentanes generelle evne til å tematisere og kommunisere om slike erfaringar.', 'Læringsutbyte', 'Studenten skal ved avslutta emne ha følgjande læringsutbyte definert i kunnskapar, ferdigheiter og generell kompetanse:', 'Kunnskaper', 'Studenten kan:', 'redegjøre for ledelsesteori og ledelse av teknologipregede virksomheter', 'Studiepoeng, omfang', 'Studienivå (studiesyklus)', 'Undervisningssemester', 'Haust/vår', 'Krav til forkunnskapar', 'Medlemmer av FTL med formell studiekompetanse eller såkalla realkompetanse.', 'Studentane tas opp på bakgrunn av forkunnskapar og erfaringar i arbeidslivet som vurderast som naudsynte og relevante for å nyttiggjøre seg studietilbodet. Ansvarlege for opptaket er IAO. Det tildeles avgrensa studierett. Dette inneber at retten til å studere ved universitetet er kopla opp mot dette studietilbodet.', 'Studiepoengsreduksjon', '-', 'Krav til studierett', 'Lukka (Emnet er for studentar som følg etter- og vidareutdanningstilbodet til Forbundet for leiing og teknikk)', 'Arbeids- og undervisningsformer', 'Studiet er basert på standardisert læringsmateriale med tillegg av norsk tilpassa studiemateriale og gjennomførast hovudsakeleg som et fjernundervisningsopplegg via en elektronisk læringsplattform med innsending av oppgåveløysningar og deltaking i diskusjonsgrupper som krav. I tillegg vil det bli tre samlingar på tre dagar med erfaringsutveksling, kommunikasjonstrening gjennomgang av fagstoff. Studiet går som deltidsstudium over eit semester.', 'Samlingane vil fokusere på tre hovudtema: organisasjonsteori, ledelsesteori og teamorganisering. Dagen før eksamen arrangeras det et eksamensseminar kor studentane forbereder seg til eksamen gjennom gruppearbeid og oppgåveløysing.', 'Obligatorisk undervisningsaktivitet', 'Etter 1. og 2.samling får studentane utlevert ei obligatorisk oppgåve. Første oppgåve etter 1.samling er individuell medan den andre, etter 2.samling, er gruppebasert. Gruppene vert vilkårlig samansett ved semesterstart. Gruppeoppgåva vert levert og vurdert samla. Begge oppgåver må være bestått for å få gå opp til eksamen.']","['Emnebeskrivelse', 'Mål og innhald', 'En viktig spenning i det politisk administrative styringsverket er mellom faglig og organisatorisk frihet og autonomi på den ene siden og politisk og administrativ kontroll på den andre siden. Dette kurset skal ta for seg styringskapasitet og styringslegitimitet med vekt på spenningen mellom hierarkisk styring og autonomi, mellom ulike samordningsformer og mellom myndighetenes handlingskapasitet og ulike former for tillit. Det gjelder tillit innenfor offentlig sektor, men også mellom befolkningen og myndighetene.', ""Siden 1980-tallet har vi sett parallelle prosesser av nyliberalisme, deregulering og avmonopolisering på den ene siden - og økt kontroll, re-regulering og framvekst av nye revisjonsformer og semi-autonome tilsynsorganer på den andre siden. Den tradisjonelle norske samfunnsstyrende staten har i mange tiår blitt utfordret og supplert av en mer New Public Management orientert stat. Direkte inngripen i enkeltsaker har blitt supplert med styring på armlengdes avstand. Økt fleksibilitet og autonomi skjer samtidig med mer kontroll og overvåking. Det er ofte en ustabil og vanskelig balanse mellom disse hensynene og blandingsforholdet kan variere over tid, mellom organisasjoner og policyområder. Utover 2000 tallet har ulike former for post-NPM reformer, reforminitiativ i form av 'Whole-of-government' og New Public Governance kommet i tillegg, med økt vekt på samordning og tillitsbaserte reformer. Slike initiativ er i ferd med å innta den forvaltningspolitiske dagsorden for offentlig sektor både nasjonalt og internasjonalt."", 'Samfunnet står i økende grad overfor komplekse og grenseoverskridende problemer som er vanskelige å løse innenfor en enkelt organisasjon, sektor eller på ett enkelt administrativt nivå. Utfordringer knyttet til arbeid- og velferd, koordinering av helsetjenester, klimaendringer, samfunnssikkerhet og krisehåndtering er eksempler på dette. Gjenstridige problemer fordrer løsninger som involverer aktører på tvers av sektorlinjer. Dette er en utfordring som kan bli vanskelig å løse samtidig som man ivaretar prinsippet om ministerstyre. Mål- og resultatstyring som styringsverktøy vanskeliggjør videre samarbeid på tvers fordi det gir den hierarkiske modellen forrang. Endringer i offentlig sektor de siste tiårene har vært kjennetegnet av økende spesialisering, oppsplitting og fragmentering, men også stor tro på sammenslåing av organisasjoner i større enheter. Dette har ført til en ny oppmerksomhet om samordning og koordinering på tvers av sektor eller nivå. Utprøving av nye tversgående eller mer helhetlige organisatoriske løsninger fører samtidig med seg diskusjoner knyttet til ansvarsplassering, kompetanse og autonomi.', 'Forvaltningsreformer har i stor grad vært opptatt av styringskapasitet, men i et representativt demokrati må også styringslegitimiteten og befolkningens tillit til myndighetene vektlegges. Det samme gjelder tilliten mellom myndighetsorgan og mellom politiske og administrative organ. Dette kurset skal gi deltakeren kunnskap om initiativer til tillitsreformer i Norge og Skandinavia. Både i forlengelsen av ulike tilnærminger til governance, men også Nyweberianske ideer. Kurset gir dessuten utførlige kunnskaper om problemstillinger knyttet til forholdet mellom styringskapasitet og styringslegitimitet, til ulike former for spesialisering og samordning, til spenning mellom styring og autonomi og hvilke implikasjoner dette har for politisk styring og administrativ kontroll.', 'Læringsutbyte', 'Deltakeren skal ved avslutta kurs ha følgende læringsutbytte definert i kunnskaper, ferdigheter og generell kompetanse:', 'Kunnskaper', 'Deltakeren', 'Har kunnskap om og kan analysere hvordan organisasjonsformer og prosesser kan tolkes i lys av statsvitenskapelige grunnbegreper og innsikt knyttet til styring, autonomi og uregjerlige problemer.', 'Har bred innsikt i sentrale tema, og teoretiske tilnærminger innenfor fagområdet, og kan analysere problemstillinger knyttet til organisering, tillit og samordning.', 'Har kunnskap om og kan identifisere demokratiske utfordringer og se potensiale for endring og innovasjon som ligger i framveksten av alternative organisasjons- og styringsformer i offentlig sektor.', 'Kjenner til forskings- og utviklingsarbeid innenfor fagområdet, og kan oppdatere sin kunnskap om dette.', 'Ferdigheter', 'Deltakeren', 'Kan gjennomføre analyser med utgangspunkt i sentrale problemstillinger og teoretiske perspektiver i ulike tilnærminger til studiet av styring gjennom tillit og samordning.', 'Kan finne, vurdere, og være kritisk til informasjon og ulike teoretiske perspektiver og framstille dette slik at det kaster lys over en problemstilling, og kan bidra med selvstendig tenking og kreativitet i håndtering av konkrete utfordringer knyttet til tillit og samordning.', 'Kan utvikle selvstendig faglig utøvelse og justere denne under faglig veiledning.', 'Kan presentere og diskutere, både muntlig og skriftlig, styring gjennom tillit og samordning, samt vilkårene for innovasjon og endring i offentlig sektor.', 'Generell kompetanse', 'Deltakeren', 'Er kritisk til ulike teoretiske perspektiver, og kan utvise selvstendig tenking og kreativitet i løsningene av aktuelle styringsutfordringer.', 'Har utviklet gode grep for effektiv læring både gjennom selvstendig og mer kollektivt orientert arbeid.', 'Kan designe og gjennomføre analyser av aktuelle faglige problemstillinger innenfor gitte krav.', 'Har kompetanse til å undersøke, systematisere og kritisk vurdere informasjon og kunnskap', 'Kan formidle sentralt fagstoff som teorier, problemstillinger og løsninger både skriftlig og muntlig, og kan utveksle synspunkt og erfaringer med andre.', '-', 'Krav til studierett', 'Undervisningen er organisert i 3 fysiske samlinger over 3 dager kombinert med digitale og nettbaserte aktiviteter mellom samlingene. For å fremme faglig samhandling mellom studentene og mellom studentene og fagmiljøet er undervisningen på samlingene organisert i forelesinger, seminarundervisning og gruppearbeid. Mellom samlingene har studentene et ansvar for å følge opp et case som utgjør det obligatoriske arbeidskravet i emnet. Hovedarenaen for denne aktiviteten vil være UiB sin digitale plattform Mitt UiB, blant annet gjennom veiledning av case fram til presentasjon. Det legges til rette for ulike former for studentaktivitet. Dette foregår særlig gjennom aktiv bruk av empiriske case i undervisningen som studentene selv får ansvar for å utvikle gjennom semesteret. Webinarer og andre former for tilbakemeldinger på nett fra underviser og/eller medstudenter på skriftlige og muntlige arbeider vil støtte denne prosessen underveis.', 'Obligatorisk undervisningsaktivitet', 'Muntlig presentasjon av et aktuelt case innenfor kursets faglige tematikk. Må godkjennes.', 'Vurderingsformer', 'Eksamen består av en hjemmeeksamen på inntil 5000 ord. Eksamensperioden er 4 uker etter siste samling.']"
2b3b7924dc459c17ba1bea454a23bc3eff629dad,898d7b76c3b1008aaf3203390b669a0e42df08aa,https://www4.uib.no/emner/GEOV230?sem=2023h,https://www4.uib.no/emner/GEOV205?sem=2023h,"['Mål og innhald', 'Mål: Emnet har som mål å gje ei innføring i periglasiale prosessar og former, glasiologi, samt glasialgeologiske prosessar og -former i fast fjell og lausmassar. Glasiale erosjons- og avsetningsformer og effektar som isbrear og innlandsiser har, og har hatt, på utforminga av landskapet, som for eksempel fjell, dalar og fjordar er sentrale tema i emnet. Målet er også at studentane skal kunne danningsmåte og klassifikasjon av dei viktigaste glasiale avsetningstypane og at dei skal kunne utarbeide eit kvartærgeologisk kart med tilhøyrande feltrapport.', 'Innhald: Emnet byrjar med eit 5-dagars feltkurs på Vestlandet, der avsetningar frå brear og brenære geologiske miljø vert studerte og kartlagde. Førelesingane starter med ei innføring i glasiologi (brelære), der mellom anna massebalanse, brerørsle og brehydrologi vert gjennomgått. Vidare vert glasiale erosjons- og avsetningsformer og effektar som isbrear og innlandsiser har hatt på utforminga av landskapet, som for eksempel fjell, dalar og fjordar gjennomgått. Det vert òg gjeve ein kort oversikt over andre kvartære landformer danna ved kjemisk og fysisk forvitring, skred og elver. Danningsmåte og klassifikasjon av dei viktigaste glasiale avsetningstypane vert gjennomgått. Beskriving og tolking av korleis havnivået har endra seg under og etter istidene inngår også i emnet. Glasiasjonsforløpet til den skandinaviske innlandsisen vert gjennomgått, med vekt på isavsmeltingsforløpet mot slutten av siste istid i Noreg. I undervisninga inngår tre øvingar i flyfototolking av glasiale avsetningar og former, samt ei øving i konstruksjon av strandforskyvingskurvar og strandlinediagram.', 'Læringsutbyte', 'Studenten skal ved avslutta emne ha følgjande læringsutbyte definert i kunnskapar, ferdigheiter og generell kompetanse:', 'Førelesingar: 2 timar per veke', 'Øvingar: 2 timar per veke i fire veker (etter nærare avtale)', 'Fire øvingar à 2 timar og 5 dagars feltkurs på Finse. Godkjend/ikkje godkjend feltrapport og øvingar med rapport. Godkjende obligatoriske arbeidskrav er gyldige i tre semester, inkludert semesteret dei vart godkjente.', 'Vurderingsformer', 'I emnet nyttar ein følgjande vurderingsformer: Skriftleg digital skuleeksamen 4 timer.', 'Karakterskala', 'Ved sensur av emnet vert karakterskalaen A-F nytta.']","['Mål og innhald', 'Målet med emnet er å introdusere studentene til geografiske informasjonssystemer (GIS) gjennom en teoretisk og praktisk tilnærming.', 'Dette er et introduksjonskurs i GIS som et verktøy for analyse av romlige data. Forelesninger introduserer de teoretiske aspektene, datalaboratorier gir praktisk erfaring med profesjonell GIS-programvare.', 'Dette emnet dekker temaer som ulike definisjoner og forståelsen av GIS som et verktøy mot en vitenskap, GIS i et historisk og fremtidsperspektiv, de forskjellige datastrukturene som brukes til å representere geografiske data og hvordan man kan sikre kvaliteten på slike data. Videre fokuserer den på organisering av geografiske data i databaser og hvordan man kan innhente disse, og den presenterer ulike typer romlige analyser, modellering og feilkilder i GIS. Prinsippene og anvendelsene av fjernmåling presenteres og en introduksjon til bildebehandling gis.', 'Læringsutbyte', 'Etter å ha deltatt i dette emnet skal studenten ha følgende læringsutbytte definert i form av kunnskap, ferdigheter og generell kompetanse:', 'Kunnskap', 'Kandidaten', 'har teoretisk kunnskap om styring og analyser av geografiske data i et GIS-prosjekt', 'har bred kunnskap om egenskaper, representasjon og forskjellige modeller av geografiske data', 'Undervisningssemester', 'Undervisningsstad', 'For oppstart på emnet er det krav om ein studierett knytt til Det matematisk-naturvitskaplege fakultet www.uib.no/matnat/52646/opptak-ved-mn-fakultetet', 'Dette emnet har et begrenset antall plasser som skal deles mellom Institutt for geovitenskap og Institutt for geografi. Ved påmelding til kurset søker du om å bli tatt opp. Prioritet gis til bachelorstudenter, deretter masterstudenter, deretter studenter fra utvekslingsprogrammer og andre avdelinger ved UiB.', '6-8 forelesninger / seminarer på 2 timer', '1 datalab á 3 timer per uke (7-8 datalaber)', 'I løpet av kurset vil du jobbe med ESRI GIS-programvare (ArcGIS). Programvaren er tilgjengelig for nedlasting fra IT-avdelingens nettside (tjinfo.uib.no/program) og fungerer for Windows. ArcGIS Pro er også tilgjengelig via universitetets tredjepartsportalen (apps.uib.no) som lar deg kjøre lisensiert programvare fra din private datamaskin, selv om denne tjenesten fortsatt er under testing og kan være upålitelig.', 'Obligatorisk undervisningsaktivitet', '2 godkjente rapporter og 1 skriftleg gruppeinnlevering.', 'Godkjente laboratorierapporter og gruppeinnlevering vil være gyldig dei 4 påfølgjande semester.', 'Vurderingsformer']"
2b3b7924dc459c17ba1bea454a23bc3eff629dad,29bd087144e909e4d66d7c7513fa3afd6658de92,https://www4.uib.no/emner/GEOV230?sem=2023h,https://www4.uib.no/emner/GEOV300?sem=2023h,"['Mål og innhald', 'Mål: Emnet har som mål å gje ei innføring i periglasiale prosessar og former, glasiologi, samt glasialgeologiske prosessar og -former i fast fjell og lausmassar. Glasiale erosjons- og avsetningsformer og effektar som isbrear og innlandsiser har, og har hatt, på utforminga av landskapet, som for eksempel fjell, dalar og fjordar er sentrale tema i emnet. Målet er også at studentane skal kunne danningsmåte og klassifikasjon av dei viktigaste glasiale avsetningstypane og at dei skal kunne utarbeide eit kvartærgeologisk kart med tilhøyrande feltrapport.', 'Innhald: Emnet byrjar med eit 5-dagars feltkurs på Vestlandet, der avsetningar frå brear og brenære geologiske miljø vert studerte og kartlagde. Førelesingane starter med ei innføring i glasiologi (brelære), der mellom anna massebalanse, brerørsle og brehydrologi vert gjennomgått. Vidare vert glasiale erosjons- og avsetningsformer og effektar som isbrear og innlandsiser har hatt på utforminga av landskapet, som for eksempel fjell, dalar og fjordar gjennomgått. Det vert òg gjeve ein kort oversikt over andre kvartære landformer danna ved kjemisk og fysisk forvitring, skred og elver. Danningsmåte og klassifikasjon av dei viktigaste glasiale avsetningstypane vert gjennomgått. Beskriving og tolking av korleis havnivået har endra seg under og etter istidene inngår også i emnet. Glasiasjonsforløpet til den skandinaviske innlandsisen vert gjennomgått, med vekt på isavsmeltingsforløpet mot slutten av siste istid i Noreg. I undervisninga inngår tre øvingar i flyfototolking av glasiale avsetningar og former, samt ei øving i konstruksjon av strandforskyvingskurvar og strandlinediagram.', 'Læringsutbyte', 'Studenten skal ved avslutta emne ha følgjande læringsutbyte definert i kunnskapar, ferdigheiter og generell kompetanse:', 'Førelesingar: 2 timar per veke', 'Øvingar: 2 timar per veke i fire veker (etter nærare avtale)', 'Fire øvingar à 2 timar og 5 dagars feltkurs på Finse. Godkjend/ikkje godkjend feltrapport og øvingar med rapport. Godkjende obligatoriske arbeidskrav er gyldige i tre semester, inkludert semesteret dei vart godkjente.', 'Vurderingsformer', 'I emnet nyttar ein følgjande vurderingsformer: Skriftleg digital skuleeksamen 4 timer.', 'Karakterskala', 'Ved sensur av emnet vert karakterskalaen A-F nytta.']","['Mål og innhald', 'Emnet har til formål å gi studentene øvelse i å presentere vitenskapelige arbeider og resultater. Studentene skal i løpet av semesteret velge et emne (i samråd med hovedfagsveileder) som presenteres først i et essay med etterfølgende muntlig presentasjon. Essay vil bli lest og kommentert av to medstudenter. De muntlige presentasjonene fremføres på et intensivt mini-seminar for alle deltakere på kurset. Etter hver presentasjon vil det bli kommentarer og diskusjon blant kursdeltakerne om faglig innhold og presentasjonsteknikk.']"
8e9e5601fe5c2ec9199e962372b08db17f5465c5,df38cca9ca2d52d18369c7116b09fef6645c29d2,https://www4.uib.no/emner/FIL347?sem=2023h,https://www4.uib.no/emner/FIL344?sem=2023h,"['Mål og innhald', 'Emnet gir studentane ei utdjuping i debattar og spørsmål om kunnskap, til dømes: Finst det ein definisjon av kunnskap som er immun mot Gettier-moteksempel? Kva er fordelar og utfordringar med ein dydsepistemologisk tilnærming? Korleis kan andre sine vitnesbyrd rettferdiggjere våre overtydingar? Finnes det apriori kunnskap? Kurset er fleksibelt: det kan handle om ein del filosofiske posisjonar, eller det kan bli fokusert på eitt eller to tema, f. eks. relativisme, kontekstualisme, skeptisisme, invariantisme, epistemiske modalitetar, dydsepistemologi, kunnskapen sin verdi, forståinga si epistemologi, sosial epistemologi, formal epistemologi, rasjonalitet, eller pragmatisme. Hovudvekta ligg på tema i samtidsfilosofien, men det kan vere aktuelt å ta utgangspunkt i filosofiske verk og posisjonar frå eldre tider. Etter fullført emne skal studentane vere i stand til å vurdere og formidle sentrale teoriar og problemstillingar innanføre epistemologi, og sjå relevansen av desse i andre samanhengar. Emnet skal gi grunnlag for vidare studiar i filosofi på masternivå.', 'Læringsutbyte', 'Kunnskap:', 'Etter fullført emne skal studenten ha:', 'spesialisert kjennskap til viktige grunnomgrep, argument og posisjonar i eit eller fleire forskingsområde i epistemologi.', 'identifisere, analysere og formidle sentrale problemstillingar, posisjonar og argument i eitt eller fleire forskingsområde i epistemologi', 'forstå og kritisk vurdere aktuelle bidrag i eitt eller fleire forskingsområde i epistemologi', 'utvikle eigne idéar for debattbidrag i eitt eller fleire forskningsområd i epistemologi', 'Kompetanse:', 'Etter fullført emne skal studenten ha kompetanse til:', 'vidare studiar og eigen forsking i epistemologi, t.d. i ei masteroppgåve.', 'Emnet kan inngå i ein mastergrad med spesialisering i filosofi. I kombinasjon med andre emne og fag kan det inngå i ei utdanning som kvalifiserer for undervisning i filosofi i ungdomsskule eller videregåande skule. Emnet kan òg vere eigna som støtte til fordjuping i grunnlagsspørsmål i samband med studiet av andre fag.', 'Ei godkjenning av obligatoriske arbeidskrav er gyldig i tre semester frå og med det semesteret godkjenninga finner stad, jamfør ordinære reglar.', 'Studentane skal levere forslag og utkast til semesteroppgåva. Fristar blir bestemt av instituttet', 'Studentane må delta på ei rettleiingsøkt med faglærar', 'Innlevering av eitt oppgåvesvar på 900-1200 ord. Oppgåva blir gitt av faglærar. Innleveringsfrist blir sett av instituttet. Svaret må vere godkjent for at ein skal kunne gå opp til eksamen.', 'Bestått breiddetest', 'Vurderingsformer', 'Ei semesteroppgåve på mellom 4000 og 6000 ord (ikkje medrekna innhaldsliste, litteraturliste etc). Emnet for oppgåva skal vere godkjend av faglærar på førehand. Oppgåva skal leverast digitalt og blir sensurert ved slutten av semesteret.', 'Dei obligatoriske arbeidskrava må vere godkjende før ein kan gå opp til eksamen i emnet.', 'Obligatoriske arbeidskrav må vere godkjende i eit semester med undervisning for at ein skal kunne melde seg til eksamen i eit semester utan undervisning.', 'Vurdering i eit semester utan undervisning følger pensumet førre semester emnet hadde undervisning.', 'Karakterskala']","['Mål og innhald', 'Dette kurset vil fokusere på et sentralt tema i praktisk filosofi. Studentene vil bli introdusert til sentrale begreper, problemstillinger og aktuelle debatter knyttet til dette tema. Kurset involverer et kritisk dypdykk inn i samtidsforskning i praktisk filosofi. Det vil også bli lagt vekt på filosofisk metodikk og utvikling av en forsknings-paper.', 'Læringsutbyte', 'Kunnskap:', 'Etter fullført emne skal studenten ha', 'Kjennskap til samtidsforskning om sentrale debatter knyttet til et sentralt tema i praktisk filosofi', 'Forståelse av begreper, problemer, argumenter og posisjoner innenfor sentrale debatter knyttet til dette temaet.', 'Sende inn og få godkjent ei skisse av tema for semesteroppgåva (frist satt av faglærar)', 'Gi ein presentasjon av semesteroppgåva (tid og stad satt av faglærar)', 'Sende inn eit utkast (minimum 3000 ord) av semesteroppgåva (frist fastsatt av faglærar).', 'Delta på ei rettleiingsøkt (planlagt av faglærar)', 'Vurderingsformer', 'Den endelige karakteren er basert utelukkende på en semesteroppgave på 4000-6000 ord (ikke inkludert referanser, litteraturliste osv.) Oppgavens tema må godkjennes på forhånd av faglærar. Forskningsoppgaven vil bli vurdert ved slutten av semesteret.', 'Dei obligatoriske arbeidskrava må vere godkjende før ein kan gå opp til eksamen i emnet.', 'Obligatoriske arbeidskrav må vere godkjende i eit semester med undervisning for at ein skal kunne melde seg til eksamen i eit semester utan undervisning.', 'Det vert nytta gradert karakterskala frå A til F, der F er stryk.']"
d440fc976799040ca3d3be13fbda933dbb811e24,a52e93ecb76d9da79135ed31badf41ec8f9d594c,https://www4.uib.no/emner/GOV251?sem=2023h,https://www4.uib.no/emner/GEOV251?sem=2023h,"['Emnebeskrivelse', 'Mål og innhald', 'Målet med bacheloroppgåva er å gi deg ei forståing av korleis teoretiske perspektiv og empirisk materiale vert knytt saman i eit forskingsarbeid, og å gi deg trening i å utarbeide eit sjølvstendig skriftleg arbeid under rettleiing.', 'Bacheloroppgåvekurset er innhaldsmessig fokusert kring sentrale aspekt ved oppgåveskriving:', 'Formelle krav: Korleis ser ei bacheloroppgåve ut? Kva formelle krav vert stilt?', 'Problemstillingar knytt til sjølve skriveprosessen. Korleis går ein fram for å skrive oppgåva? Kurset skal munne ut i eit sjølvstendig skriftleg arbeid.', 'Grunnleggjande design og forskingsmetode.', 'Oppgåvetema og problemstilling for bacheloroppgåva skal ha sitt utgangspunkt i eit av dei tematiske fordjupingsemna på 200-nivå som det til ei kvar tid vert undervist i ved instituttet. Dersom studenten ikkje føljer slik undervisning så kan det etter søknad bli opna for unntak, men då i samråd med instituttet.', 'Læringsutbyte', 'Studenten skal ved avslutta emne ha følgjande læringsutbyte definert i kunnskapar, ferdigheiter og generell kompetanse:', 'Kunnskaper', 'Studenten kan:', 'Studentar som allereie har fått tilbod om rettleiing i AORG251 eit semester, har ikkje krav på ny rettleiing i seinare semester. Dette gjeld både studentar som tek emnet om igjen og studentar som utset eksamensinnleveringa.', 'Obligatorisk undervisningsaktivitet', 'Studentane skal', 'leggja fram eit skriftleg utkast til bacheloroppgåve og kommentera eit tilsvarande utkast frå ein medstudent på rettleiingsseminaret.', 'Arbeidskrava må være godkjente før eksamen kan avleggast.', 'Framleg av oppgåve og kommentere eit tilsvarande utkast er gyldige i det aktuelle eksamenssemesteret samt påfølgjande eksamenssemester.']","['Mål og innhald', 'Mål: Strukturgeologi og tektonikk omhandler deformasjonen av jordens litosfære. Kurset tar sikte på å gi avanserte teoretiske aspekter av deformasjon. Foruten kvantitative aspekter ved spennings - og formforandringsanalyser, er det brede spekteret av deformasjonskompleksiteter i kontraksjons-, ekstensjon- og sidelengsregimer på forskjellige skalaer uthevet. Kurset gir en grundig forståelse av litosfærenes reologiske egenskaper, inkludert sprø og plastiske deformasjonsprosesser ved mikroskala. På makroskala diskuteres samspillet mellom klima og tektonikk. Forelesninger ledsages av en rekke praktiske studier med sikte på å anvende og styrke kunnskapen i ulike øvelser.', 'Innhold: Kurset inneholder en kvantitativ tilnærming av spenning og formforandring i ulike tektoniske omgivelser, avanserte aspekter av bergdeformasjon og reologi i lys av sprø, duktile og plastiske deformasjonsprosesser, en vurdering av spekteret av komplekse deformasjonsgeometrier, tilnærminger til balansering og resturering av seksjoner or kart, samt aspekter av klima-tektonikk interaksjon. I en serie seminarer bruker studentene sine kunnskaper på regionale geologiske aspekter fra Bergensområdet, Norge og Skandinavia og utover.', 'Læringsutbyte', 'Studenten skal ved avslutta emne ha følgjande læringsutbyte definert i kunnskapar, ferdigheiter og generell kompetanse:', 'Kunnskaper Studenten', 'har en avansert forståelse av spenning, formforandring, reologi og deformasjon, inkludert kvantitative aspekter', 'kan gjenkjenne moderat komplekse strukturer og forholde disse til bestemte deformasjonsregimer', 'har avansert innblikk i sprø og plastiske deformasjonsprosesser på mikroskala og en grunnleggende kunnskap om DPTt-utvikling', 'forstår hvordan forskjellige tektoniske stiler kan oppstå som kombinasjon av endogene og eksogene prosesser']"
24a3d845cc343993211a43f92211985272817791,efacd483232edfd2dbfe284423f6376aff49d20f,https://www4.uib.no/emner/PHYS206?sem=2023h,https://www4.uib.no/emner/PHYS204?sem=2023h,"['Mål og innhald', 'Mål:', 'Emnet er ei vidareføring av statistisk mekanikk og termodynamikk i PHYS113 og gir studentane ei djupare innsikt i teori og metodar.', 'Innhald:', 'Emnet omfattar den Gibbske ensembleformuleringa av statistisk termodynamikk, klassisk og kvantemekanisk, med bruk av teori for gassar, kjemiske reaksjonar, to-atomige molekyl, magnetisering, elektrongass og fotongass. Emnet beskriv også termodynamisk teori for gassblandingar og fleirfasesystem, samt eksempel på fasediagram. Statistisk fysikk blir brukt til å beskrive dei makroskopiske eigenskapane til kjemiske og kvantemekaniske system utifrå dei mikroskopiske eigenskapane til partiklane i systemet. Statistisk fysikk vert brukt i astrofysikk, kondensertfase-fysikk, faststoff-fysikk og i væske- og gass teori.', 'Læringsutbyte', 'Studenten skal ved avslutta emne ha fylgjande læringsutbyte definert i kunnskapar, ferdigheiter og generell kompetanse:', 'Kunnskapar', 'Studenten', 'har inngåande kunnskap om dei ulike klassiske og kvantemekaniske fordelingsfunksjonane.', 'kan forklare korleis fordelingsfunksjonar gir relasjonar mellom termodynamiske storleikar som trykk, temperatur, entropi og varmekapasitet.', 'Undervisningssemester', 'Undervisningsstad', 'For oppstart på emnet er det krav om ein studierett knytt til Det matematisk-naturvitskaplege fakultet, samt at du oppfyller eventuelle opptakskrav', 'Obligatorisk undervisningsaktivitet', 'To obligatoriske oppgaver, som må være godkjent før ein går opp til eksamen. Godkjent obligatorisk aktivitet er gyldig i påfølgjande tre semester etter godkjenning.', 'Ikke-godkjent obligatorisk aktivitet gir rett til nytt forsøk, men først viss omsyn til kapasitet tillet det. Dersom det er avgrensa kapasitet skal studentar som har hatt gyldig fråvær frå aktiviteten prioriterast framfør studentar som ikke har hatt gyldig fråvær.', 'Ved sensur av emnet vert karakterskalaen A-F nytta.']","['Mål og innhald', 'Emnet skal gi en forståelse av Lagrange- og Hamilton-formalismene av klassisk mekanikk, så vel som deres anvendelse på både ikke-relativistiske og relativistiske systemer. Emnet gir en presis introduksjon til spesiell relativitetsteori. Tema inkluderer sentralkraftsproblemet, stiv legemsbevegelse, relativistisk elektrodynamikk, så vel som ikke-lineær dynamikk og kaos. Betydningen av symmetrier for å finne konserverte mengder blir vektlagt. Forelesningen gir grunnleggende kunnskaper som er relevante for en rekke emner som statistisk fysikk, kvantemekanikk, feltteori og generell relativitetsteori.', 'Læringsutbyte', 'Studenten skal ved avslutta emne ha fylgjande læringsutbyte definert i kunnskapar, ferdigheiter og generell kompetanse:', 'Kunnskapar', 'Studenten', 'kan forklare og sammenligne Lagrange- og Hamilton-formalismene av klassisk mekanikk']"
2bbda8cf1b28690ddbf2e3bb0d84dbb56eabc14b,d4d6301af431ede9baa98101ec2c1d86307d007a,https://www4.uib.no/emner/MAT252?sem=2023h,https://www4.uib.no/emner/MAT253?sem=2023h,"['Mål og innhald', 'Emnet gir ei innføring i grunnleggande konserveringsprinsipp og likningar for rørsler i kontinuerlige media. Det blir særskildt lagt vekt på likningane som gjeld for væsker og gasser. Sentrale modeller som Eulers likning for ideelle væsker, og Navier-Stokes likning for viskøse væsker blir gjennomgått.', 'Læringsutbyte', 'Etter fullført emne skal studentane kunne:', 'forklare sentrale omgrep som materielt volum, partikkel og deformasjonstensoren.', 'forklare skilnaden mellom Eulersk- og Lagrangesk formulering av rørslelikningane.', 'utleie konserveringslikningar for masse, momentum, og energi på integral- og differensialform.', 'definere spenningstensoren og utleie forma på denne for ideelle og Newtonske væsker.', 'gi modeller for enkle rørsler i ideele og viskøse væsker og analysere desse.']","['Mål og innhald', 'Kurset gir en innføring i de grunnleggende lover og prinsipper som brukes for å beskrive bevegelse av væsker. Emnet gir studentene grunnlag for videre studier i hydromekanikk og anvendt matematikk, og i andre fag hvor kunnskaper i fluidmekanikk er viktige, som for eksempel meteorologi, oseanografi, hydrologi og deler av fysikk, astrofysikk, geologi og geofysikk. Sentrale temaer er bevaringslikninger, friksjonsfri strømning, Bernoullis likning, potensialstrømning i to dimensjoner, Navier-Stokes likninger og hvirvling. Dessuten gir emnet en innføring i de grunnleggende prinsipper i hydrodynamisk bølgeteori og stabilitetsteori.', 'Læringsutbyte', 'Etter fullført emne skal studentene kunne:', 'Gjennomføre utledninger av Euler og Navier-Stokes likninger fra fysiske prinsipper.', 'Forklare den kvalitative forskjellen mellom friksjonsfri strømning og viskøs strømning.']"
6f1fc050633cf4ad39755d15af65f97ad09615b3,b6ad3ea0b3e439c8b7310523ce7d10355729abb2,https://www4.uib.no/emner/JUS266-2-A,https://www4.uib.no/emner/JUS260-2-A,"['Emnebeskrivelse', 'Mål og innhald', 'Domsanalyse og domsskriving er eit emne der studentane skal få inngåande kunnskap om den juridiske dommen som tekstsjanger. Dette skal dei oppnå gjennom å læra å analyserer dommar frå både nasjonale domstolar på alle nivå, og frå transnasjonale domstolar med særleg relevans for Norge.', 'Analysen skal gjelda argumentasjon, og korleis denne vert gjort presentert ved bruk av tekstlege verkemiddel. Faget vil difor både ha eit klarspråk- og eit metodeelement, og gje ferdigheiter i tekstanalyse og juridisk metodebruk.', 'Faget vil òg inkludera eit historisk og komparativt perspektiv for å visa korleis domssjangeren vert forma på bakgrunn av tradisjon og retts- og domstolssystemet si utforming, som saman skapar samfunnsforventingar. Studentane skal vis at dei har tileigna seg dette ved å saman i ei gruppe skriva ein dom som semesteroppgåve, og individuelt reflektera over dommen i ein munnleg eksamen.', 'Emnet skal gjera studentane i stand til å', 'analysera argumentasjon og tekstlege verkemiddel i dommar', 'til å sjølve skriva ein dom', 'Se også disse korte videosnuttene om emnet: Kort versjon 1 - Kort versjon 2', 'Læringsutbyte', 'Kunnskap', 'Innsikt i domssjangeren, samt i ulike variasjonar mellom ulike instansar og mellom nasjonale og transnasjonale domstolar. Forståing av dei argumentasjonsformer og dei tekstlege verkemiddel som domssjangeren femner om. Kunnskap om korleis den speglar samfunnsforventningar skapt gjennom tradisjon, utforminga av retts- og domstolssystemet, og gjeldande juridisk metode.', 'Ferdigheter', 'Evne til å analysera, skriva og reflektera over dommar på bakgrunn av kunnskap om metode, klarspråk og relasjonen mellom domstolar og omverda.']","['Mål og innhald', 'Designretten befatter seg i hovedsak med design som virkemiddel i markedsføringen. Den sentrale rettskilden er designloven av 14. mars 2003, som gjennomfører EF-direktiv 98/71/EF om rettslig vern av mønstre. Sentrale rettslige spørsmål som blir behandlet er det rettslige rammeverket for rettslig vern av design, registreringssystemet og -vilkårene, herunder bl.a. kravet om nyhet og individuell karakter, design som det ikke kan oppnås designrett for, funksjonell design, designrettens gjenstand og innhold.', 'Patentretten gir mulighet for rettslige beskyttelse av oppfinnelser. En oppfinnelse kan kort beskrives som en praktisk løsning på et teknisk problem. Patentretten er derfor relevant på en rekke ulike tekniske områder. En oppfinnelse kan bygge på alt fra informasjonsteknologi til bioteknologi. Samfunnets behov for ny teknologi er stadig øktende, og patentretten tar sikte på å stimulere til videre forskning og utvikling innenfor det tekniske området.', 'Sentrale rettslige spørsmål i patentretten er vilkårene for meddelelse av patent, med særlig fokus på de materielle vilkår. For at patent skal meddeles må det foreligge en oppfinnelse som kan utnyttes industrielt, er ny og skiller seg vesentlig fra hva som tidligere var kjent. Reglene som knytter seg til patentbeskyttelsens innhold og omfang vil også bli behandlet.', 'Læringsutbyte', 'Emnet skal gi studentene innsikt i design og patentrett og tenkesett i både nasjonalt og internasjonalt perspektiv. Emnet skal kunne gi studentene en god oversikt og forståelse for sentrale materielle problemstillinger, begreper og arbeidsmetoder innenfor de to disipliner. Emnet skal tjene til å danne et teoretisk fundament for videre spesialisering, for eksempel gjennom skriving av masteravhandling eller annen forskning, eller i praktisk juridisk arbeid.', 'Fulltid/deltid', 'Fulltid', 'Studiepoeng, omfang', '10 studiepoeng', 'Studienivå (studiesyklus)', 'MA-nivå', 'Undervisningssemester', 'Høst.', 'Særlig egnet i kombinasjon med:', 'Kurset har en faglig tilknytning til kursene i markedsføringsrett, kjennetegnsrett, opphavsrett og international copyright law, men der er ingen direkte faglig overlapping mellom disse. Det anbefales imidlertid å kombinere kurset med noen av de øvrige nevnte kurs innenfor immaterialretten og/eller markeds- og konkurranseretten.', 'Ingen', 'Det gis separate delkarakterer på de to vurderingsdelene, som til sammen danner grunnlaget for en samlet karakter hvor hjemmeeksamen teller 49% og muntlig eksamen teller 51 %. Bare studenter som består hjemmeeksamen kan framstille seg til muntlig eksamen. Begge vurderingsdelene må være bestått for at emnet skal være bestått.', 'Informasjon om hjemmeeksamen og muntlig eksamen publiseres i Mitt UiB.', 'Kandidater som består hjemmeeksamen, men som har gyldig fravær ved muntlig eksamen, tilbys ny muntlig eksamen. Dersom kandidaten ikke gjennomfører muntlig eksamen når denne tilbys, må vurderingen i sin helhet gjennomføres i et senere undervisningssemester.', 'A til E for bestått og F for ikke bestått.', 'Vurderingssemester', 'Høst']"
6f1fc050633cf4ad39755d15af65f97ad09615b3,7105c993a758cd1a7124b79d3faf96581050b7e3,https://www4.uib.no/emner/JUS266-2-A,https://www4.uib.no/emner/JUS261-2-A,"['Emnebeskrivelse', 'Mål og innhald', 'Domsanalyse og domsskriving er eit emne der studentane skal få inngåande kunnskap om den juridiske dommen som tekstsjanger. Dette skal dei oppnå gjennom å læra å analyserer dommar frå både nasjonale domstolar på alle nivå, og frå transnasjonale domstolar med særleg relevans for Norge.', 'Analysen skal gjelda argumentasjon, og korleis denne vert gjort presentert ved bruk av tekstlege verkemiddel. Faget vil difor både ha eit klarspråk- og eit metodeelement, og gje ferdigheiter i tekstanalyse og juridisk metodebruk.', 'Faget vil òg inkludera eit historisk og komparativt perspektiv for å visa korleis domssjangeren vert forma på bakgrunn av tradisjon og retts- og domstolssystemet si utforming, som saman skapar samfunnsforventingar. Studentane skal vis at dei har tileigna seg dette ved å saman i ei gruppe skriva ein dom som semesteroppgåve, og individuelt reflektera over dommen i ein munnleg eksamen.', 'Emnet skal gjera studentane i stand til å', 'analysera argumentasjon og tekstlege verkemiddel i dommar', 'til å sjølve skriva ein dom', 'Se også disse korte videosnuttene om emnet: Kort versjon 1 - Kort versjon 2', 'Læringsutbyte', 'Kunnskap', 'Innsikt i domssjangeren, samt i ulike variasjonar mellom ulike instansar og mellom nasjonale og transnasjonale domstolar. Forståing av dei argumentasjonsformer og dei tekstlege verkemiddel som domssjangeren femner om. Kunnskap om korleis den speglar samfunnsforventningar skapt gjennom tradisjon, utforminga av retts- og domstolssystemet, og gjeldande juridisk metode.', 'Ferdigheter', 'Evne til å analysera, skriva og reflektera over dommar på bakgrunn av kunnskap om metode, klarspråk og relasjonen mellom domstolar og omverda.']","['Mål og innhald', 'Formålet med kurset er å gi deltakerne en teoretisk og praktisk forståelse av konfliktmekling. Ved kursets avslutning vil deltakerne være fortrolige med grunnleggende begreper og sentrale utfordringer i meklingsfaget. I tillegg vil deltakerne ha prøvd mekling i praksis. Kurset vil foregå som et samspill mellom teori og praksis, og deltakerne medvirker aktivt i hele kursforløpet.', 'Kurset har klasseromsundervisning med forelesning, diskusjoner, rollespill og andre praktiske øvelser. Undervisningen er fordelt på to uker med intensiv undervisning, totalt 42 timer fordelt med cirka halvparten av timetallet på hver uke. De siste to timene er spørretime.', 'Studentene får løpende oppfølging og veiledning under meklingsrollespillene. Studentene vil bli delt opp i mindre grupper som hver veiledes av en lærer som observerer hele forløpet og gir tilbakemeldinger sammen med studenter. Forholdstall mellom lærer og studenter på slike rollespill vil være 1:8.', 'Følgende tema vil bli behandlet:', 'Konfliktforståelse', 'Mekling: Definisjon, historikk. Forholdet til andre konfliktløsningsformer.', 'Forhandlingsteknikk.']"
6f1fc050633cf4ad39755d15af65f97ad09615b3,808099d662255bee0e28e2f0a87849cb0f4e4c89,https://www4.uib.no/emner/JUS266-2-A,https://www4.uib.no/emner/JUS256-2-A,"['Emnebeskrivelse', 'Mål og innhald', 'Domsanalyse og domsskriving er eit emne der studentane skal få inngåande kunnskap om den juridiske dommen som tekstsjanger. Dette skal dei oppnå gjennom å læra å analyserer dommar frå både nasjonale domstolar på alle nivå, og frå transnasjonale domstolar med særleg relevans for Norge.', 'Analysen skal gjelda argumentasjon, og korleis denne vert gjort presentert ved bruk av tekstlege verkemiddel. Faget vil difor både ha eit klarspråk- og eit metodeelement, og gje ferdigheiter i tekstanalyse og juridisk metodebruk.', 'Faget vil òg inkludera eit historisk og komparativt perspektiv for å visa korleis domssjangeren vert forma på bakgrunn av tradisjon og retts- og domstolssystemet si utforming, som saman skapar samfunnsforventingar. Studentane skal vis at dei har tileigna seg dette ved å saman i ei gruppe skriva ein dom som semesteroppgåve, og individuelt reflektera over dommen i ein munnleg eksamen.', 'Emnet skal gjera studentane i stand til å', 'analysera argumentasjon og tekstlege verkemiddel i dommar', 'til å sjølve skriva ein dom', 'Se også disse korte videosnuttene om emnet: Kort versjon 1 - Kort versjon 2', 'Læringsutbyte', 'Kunnskap', 'Innsikt i domssjangeren, samt i ulike variasjonar mellom ulike instansar og mellom nasjonale og transnasjonale domstolar. Forståing av dei argumentasjonsformer og dei tekstlege verkemiddel som domssjangeren femner om. Kunnskap om korleis den speglar samfunnsforventningar skapt gjennom tradisjon, utforminga av retts- og domstolssystemet, og gjeldande juridisk metode.', 'Ferdigheter', 'Evne til å analysera, skriva og reflektera over dommar på bakgrunn av kunnskap om metode, klarspråk og relasjonen mellom domstolar og omverda.']","['Mål og innhald', 'Skatterett 1 omfatter primært inntektsskatterett, men gir og en innføring i merverdiavgift. Formålet med valgemnet er tredelt. Dels skal valgemnet gi en grunnleggende innsikt i hvordan skatterettslige spørsmål oppstår og hvordan de kan løses. Dels skal valgemnet bidra til å utvikle evnen til å se hvordan skatterettslige problemstillinger kan inngå som viktige premisser i problemstillinger på andre områder. Og dels skal valgemnet danne basis for videregående studier i skatterett. Valgemnet fokuserer først og fremst på sentrale begreper og prinsipper, særlig med sikte på personbeskatning og beskatning av kapitalinntekter og -kostnader. Også de viktigste regler og prinsipper om beskatning av virksomhet i ulike organisasjonsformer er omfattet. I tillegg omfatter emnet en innføring i merverdiavgiftsrett. Et mer inngående studium i bl.a. selskapsbeskatning og utvalgte deler av bedriftsbeskatningen, finnes i Skatterett 2.', 'Læringsutbyte', 'Det kreves god forståelse av følgende emner:', 'Skattestrukturen (dvs de ulike skatter som utskrives på inntekt, herunder trygdeavgiften, og hvilke skattesatser som gjelder for disse).', 'Hovedreglene om skattesubjektene, herunder familiebeskatningen.', 'Reglene om skattepliktig alminnelig inntekt av fordeler vunnet ved arbeid, kapital og virksomhet.']"
6f1fc050633cf4ad39755d15af65f97ad09615b3,07b00949c4d47d1b9a3fbecf31162d3c35159a1e,https://www4.uib.no/emner/JUS266-2-A,https://www4.uib.no/emner/JUS264-2-A,"['Emnebeskrivelse', 'Mål og innhald', 'Domsanalyse og domsskriving er eit emne der studentane skal få inngåande kunnskap om den juridiske dommen som tekstsjanger. Dette skal dei oppnå gjennom å læra å analyserer dommar frå både nasjonale domstolar på alle nivå, og frå transnasjonale domstolar med særleg relevans for Norge.', 'Analysen skal gjelda argumentasjon, og korleis denne vert gjort presentert ved bruk av tekstlege verkemiddel. Faget vil difor både ha eit klarspråk- og eit metodeelement, og gje ferdigheiter i tekstanalyse og juridisk metodebruk.', 'Faget vil òg inkludera eit historisk og komparativt perspektiv for å visa korleis domssjangeren vert forma på bakgrunn av tradisjon og retts- og domstolssystemet si utforming, som saman skapar samfunnsforventingar. Studentane skal vis at dei har tileigna seg dette ved å saman i ei gruppe skriva ein dom som semesteroppgåve, og individuelt reflektera over dommen i ein munnleg eksamen.', 'Emnet skal gjera studentane i stand til å', 'analysera argumentasjon og tekstlege verkemiddel i dommar', 'til å sjølve skriva ein dom', 'Se også disse korte videosnuttene om emnet: Kort versjon 1 - Kort versjon 2', 'Læringsutbyte', 'Kunnskap', 'Innsikt i domssjangeren, samt i ulike variasjonar mellom ulike instansar og mellom nasjonale og transnasjonale domstolar. Forståing av dei argumentasjonsformer og dei tekstlege verkemiddel som domssjangeren femner om. Kunnskap om korleis den speglar samfunnsforventningar skapt gjennom tradisjon, utforminga av retts- og domstolssystemet, og gjeldande juridisk metode.', 'Ferdigheter', 'Evne til å analysera, skriva og reflektera over dommar på bakgrunn av kunnskap om metode, klarspråk og relasjonen mellom domstolar og omverda.']","['Mål og innhald', 'Kurset bygger på en grunnleggende tanke om at forvaltningen trenger flere verktøy enn bare den juridiske metode og tradisjonelle forvaltningsmessige saksbehandlingsrutiner i sitt møte med borgerne. Borgere som møter forvaltningen har i en del tilfeller vanskelig for å orientere seg i regelverket, både når det gjelder rettigheter, plikter og prosessuelle bestemmelser. Møtet med juridisk og byråkratisk språk, kan resultere i forvirring, misforståelser og misnøye.', 'Juridisk metode er et verktøy for å løse rettstvister. Forvaltningsmessig saksbehandling er tradisjonelt rettet mot en mest mulig vurderingsfri og standardisert anvendelse av rettsregler og etablerte faglige og politiske prinsipper og målsettinger. Dette er en tilnærming som er tilpasset profesjonelle beslutningstakere og andre profesjonelle aktører, og som passer dårlig og er vanskelig å forholde seg til for parter uten en slik profesjonell utdanning eller erfaringsbakgrunn. Resultatet er mange ganger at borgeren føler seg fremmedgjort i sitt i møte med forvaltningen, og ikke makter å forstå og forholde seg til det som skjer i saksbehandlingen. Dette skaper ikke sjelden et unødvendig høyt konfliktnivå, noe som kan medføre både økt belasting for saksbehandlere og fare for rettstap eller unødvendig belastning for borgeren.', 'I Forvaltningsloven og i deler av særlovgivningen er det søkt tatt høyde for dette ved bestemmelser om veiledningsplikt for forvaltningen. Dette skal ivareta behovet for en mer dialogpreget og veiledende kommunikasjon overfor borgeren. I praksis viser det seg imidlertid at det er svært vanskelig å oppfylle denne ambisjonen. Det er åpenbart at det trengs andre verktøy i tillegg til juss og tradisjonell saksbehandling for å oppnå god kommunikasjon.', 'Dette kurset bygger på erkjennelsen av at mye kan vinnes både mht. ressursbruk og allmennhetens tilfredshet dersom forvaltningen settes bedre i stand til å ta vare på behovet for konfliktforståelse og kommunikasjon med borgeren, både under saksbehandlingen og etter at vedtak er truffet. Det er grunn til å tro at et ikke helt lite antall saker kunne vært løst eller avsluttet tidligere med et vesentlig lavere konfliktnivå dersom forvaltningstjenestemenn hadde bedre kunnskap om hvordan de kommuniserer med borgerne for å unngå misforståelser og gi dem en bedre forståelse av de hensynene som ligger bak den enkelte avgjørelse.', 'Formålet med kurset er å skape bevissthet om og forståelse av problemene og kildene til misforståelser som kan oppstå i møtet mellom borgere og forvaltningen, og å oppøve ferdigheter som kan bidra til bedre kommunikasjon og konflikthåndtering. Kurset vil foregå som et samspill mellom teori og praksis, der deltakerne medvirker aktivt i hele kursforløpet, med klasseromsundervisning med forelesning, diskusjoner og praktiske øvelser. Undervisningen foregår intensivt med 20 timer i løpet av en uke.', 'Følgende tema vil bli behandlet:', '1. a) Generelt om kravet til forsvarlig saksbehandling', 'Den liberale rettsstats oppfatning av forholdet mellom borger og forvaltning. Kravet om rettssikkerhet ved forvaltningsvedtak. Et utvidet rettssikkerhetsbegrep med krav om hensynsfull saksbehandling og aktivt fokus på å ivareta borgerens behov.', 'b) Generelt om god forvaltningsskikk og forvaltningsetikk', 'Rettslig status og utviklingstrekk for kravet om god forvaltningsskikk. Grensen og forholdet mellom juss og etikk på dette feltet.', '2. Hva er en konflikt, og hvordan eskalerer konflikter?', 'Definisjon av konflikt. Dimensjoner i en konflikt. Konflikttrappen (konflikteskalering).', '3. Kommunikasjon', 'Innføring i de mekanismene som gjør seg gjeldende i kommunikasjon mellom mennesker, og som kan bidra til å endre budskapet på veien mellom sender og mottaker. Innføring i lytte- og spørreteknikk med sikte på å få et godt opplysningsunderlag, sikre at man har forstått riktig, og at parten føler seg forstått og ivaretatt.', '4. Innføring i forhandlingsteknikk', 'Innføring i grunnleggende prinsipper for forhandlinger, med gjennomføring av rollespill.', '5. Konflikthåndtering og kravet om likebehandling og lovmessig forvaltning.', 'Hvilke rammer setter det forvaltningsrettslige prinsippet om likebehandling og kravet til lovmessig forvaltning for konfliktløsning i forvaltningen? Finnes det rom for minnelige løsninger i forvaltningssaker?', 'Læringsutbyte', 'Forståelse og kunnskaper om det rettslige grunnlaget for kravet til forsvarlig saksbehandling, konkretisert med forvaltningens veiledningsplikt, kravet om hensynsfull saksbehandling og kravet om en objektiv og borgervennlig myndighetsutøving. Oversikt over bakgrunn og utviklingslinjer i synet på forholdet mellom borger og stat.', 'Grundige kunnskaper om og forståelse av den rettslige standarden god forvaltningsskikk og begrepet forvaltningsetikk, og utviklingstrekk og diskusjon om disse begrepene, herunder diskusjonen om forholdet mellom juss og etikk på dette feltet.', 'Evne til å analysere en konflikt ved hjelp av de faglige tilnærmingsredskapene konflikteskalering, konfliktdimensjoner og modellen standpunkt-interesser-behov, og til å reflektere over bruken av begrepene i eget liv og i forvaltningssammenheng.', 'Beherskelse av faglig basert kommunikasjons- og spørreteknikk og kunne anvende denne kunnskapen og disse ferdighetene til å forbedre og reflektere over egen kommunikasjonsevne i rollen som tilsatt i forvaltningen.', 'Beherskelse av grunnleggende forhandlingsteori og grunnleggende ferdigheter i forhandlingsteknikk av nytte for forvaltningstjenestemenn.', 'Kunne perspektivere teorien med egne erfaringer i og utenfor undervisningen.', 'Kunne reflektere over hvordan konfliktforståelse, og kunnskaper og ferdigheter innen kommunikasjons- og forhandlingsteori, er viktig for å oppnå en forsvarlig saksbehandling i samsvar med god forvaltningsskikk.', 'Kunne formidle og formulere sin viten og argumentasjon faglig og språklig korrekt på en strukturert og sammenhengende måte.', 'Studienivå (studiesyklus)', 'Undervisningssemester', 'Undervisningsstad', 'Studentene må forstå norsk, dansk og engelsk og kunne snakke et skandinavisk språk.', 'Studentene må ha tre års universitets- eller høyskoleutdanning.', 'Personer med mindre utdanning, men med yrkeserfaring fra forvaltningen, kan gis studierett etter vurdering.', 'Studiepoengsreduksjon', 'Deler av undervisningen og enkelte deler av pensumet om konflikter , konflikteskalering og kommunikasjon overlapper med valgemnet JUS-261-2-A Konfliktmekling. Stofftilfanget og vinklingen på de overlappende temaene er likevel svært ulike. Emnene må derfor regnes som fullt ut selvstendige fag som kan tas ved siden av hverandre.', 'Studierett på toårig masterprogram i rettsvitenskap', 'Forkunnskapskravet kan likevel begrense enkelte studenters adgang til emnet.', 'Arbeids- og undervisningsformer', 'Forelesninger. 20 timer totalt.', 'Obligatorisk undervisningsaktivitet', 'To refleksjonsnotater på cirka 900 ord pr notat skal leveres to uker etter at undervisningen er avsluttet. Et av to notater må være bestått, og begge skal oppfylle kravet om ""seriøst faglig forsøk"".', 'Krav om 80 % oppmøte på undervisningen. Studentene må møte første dag for å beholde plassen sin på kurset. Studenter som ikke møter første dag mister plassen sin, og plassen tilbys deretter til studenter på venteliste.', 'Vurderingsformer', 'Hjemmeeksamen.', 'Det tilbys kontinuasjonseksamen (tidsbestemmes konkret), men ikke ordinær eksamen i mellomliggende semestre.', 'Karakterskala']"
4737c8a6a4dfc02dd8d2a899ef18344cc6b1823f,df38cca9ca2d52d18369c7116b09fef6645c29d2,https://www4.uib.no/emner/FIL343?sem=2023h,https://www4.uib.no/emner/FIL344?sem=2023h,"['Mål og innhald', 'FIL343 skal gi studentane ei innføring i eit forskingsrelatert tema i teoretisk filosofi. Det nøyaktige tema vil bli bestemt av faglærar. Emnet skal syne korleis ein set seg inn i og bidrar til ein pågåande forskingsdebatt i teoretisk filosofi. I tillegg til å gi ei innføring i sentrale omgrep og argument i den aktuelle forskingsdebatten, vil det bli lagt særskilt vekt på filosofisk metode.', 'Læringsutbyte', 'Etter fullført emne skal studenten ha', 'ha ei djupare forståing av ein sentral forskningsdebatt i teoretisk filosofi', 'oversikt over denne debatten sine sentrale problemstillingar, argument og posisjonar', 'Sende inn og få godkjent ei skisse av tema for semesteroppgåva (frist satt av faglærar)', 'Gi ein presentasjon av semesteroppgåva (tid og stad satt av faglærar)', 'Sende inn eit utkast (minimum 3000 ord) av semesteroppgåva (frist fastsatt av faglærar).', 'Delta på ei rettleiingsøkt (planlagt av faglærar)', 'Vurderingsformer', 'Ei rettleia oppgåve på mellom 4000 og 6000 ord (ikkje medrekna innhaldsliste, litteraturliste etc). Emnet for oppgåva skal vere godkjend av faglærar på førehand. Oppgåva skal leverast digitalt og blir sensurert ved slutten av semesteret.', 'Dei obligatoriske arbeidskrava må vere godkjende før ein kan gå opp til eksamen i emnet.', 'Obligatoriske arbeidskrav må vere godkjende i eit semester med undervisning for at ein skal kunne melde seg til eksamen i eit semester utan undervisning.', 'Det vert nytta gradert karakterskala frå A til F, der F er stryk.']","['Mål og innhald', 'Dette kurset vil fokusere på et sentralt tema i praktisk filosofi. Studentene vil bli introdusert til sentrale begreper, problemstillinger og aktuelle debatter knyttet til dette tema. Kurset involverer et kritisk dypdykk inn i samtidsforskning i praktisk filosofi. Det vil også bli lagt vekt på filosofisk metodikk og utvikling av en forsknings-paper.', 'Læringsutbyte', 'Kunnskap:', 'Etter fullført emne skal studenten ha', 'Kjennskap til samtidsforskning om sentrale debatter knyttet til et sentralt tema i praktisk filosofi', 'Forståelse av begreper, problemer, argumenter og posisjoner innenfor sentrale debatter knyttet til dette temaet.', 'Sende inn og få godkjent ei skisse av tema for semesteroppgåva (frist satt av faglærar)', 'Gi ein presentasjon av semesteroppgåva (tid og stad satt av faglærar)', 'Sende inn eit utkast (minimum 3000 ord) av semesteroppgåva (frist fastsatt av faglærar).', 'Delta på ei rettleiingsøkt (planlagt av faglærar)', 'Vurderingsformer', 'Den endelige karakteren er basert utelukkende på en semesteroppgave på 4000-6000 ord (ikke inkludert referanser, litteraturliste osv.) Oppgavens tema må godkjennes på forhånd av faglærar. Forskningsoppgaven vil bli vurdert ved slutten av semesteret.', 'Dei obligatoriske arbeidskrava må vere godkjende før ein kan gå opp til eksamen i emnet.', 'Obligatoriske arbeidskrav må vere godkjende i eit semester med undervisning for at ein skal kunne melde seg til eksamen i eit semester utan undervisning.', 'Det vert nytta gradert karakterskala frå A til F, der F er stryk.']"
bc86d712ae62e1952526a4e4555a51d3e61f78aa,eb7219b92eeb3a0895531371ceafe6ccc8d82ce5,https://www4.uib.no/emner/GEOV399?sem=2023h,https://www4.uib.no/emner/GEOF399?sem=2023h,"['Mål og innhald', 'Masteroppgaven gir 60 studiepoeng og skal være en dokumentasjon av den forskningsmessige delen av masterstudiet i geovitenskap. Mastergradsoppgaven er vanligvis studentens første mulighet til et selvstendig, vitenskapelig forfatterskap.', 'Hvis du begynner på masterprogrammet i januar skal du levere masteroppgaven 20. november to år senere. Hvis du begynner i august er innleveringsfristen 1. juni to år senere.', 'Merk: Vi vil prøve å legge til rette for at alle masterstudenter får avlegge masteroppgave innen det forskningsfeltet de ønsker, men vi vil samtidig opplyse om at hver enkelt veileder har begrenset kapasitet og vi kan derfor ikke garantere dette dersom mange studenter ønsker oppgave innen det samme forskningsfeltet.', 'Masterprogrammet i geovitenskap har ingen offisielle studieretninger, men vi har definert fire ulike forskingsrområde du kan velge å fordype deg innan. Prosjektene som nye masterstudentar kan velje mellom befinn seg innan disse forskningsområdene:', 'geodynamikk og bassengstudier', 'Geokjemi og geologibiologi', 'geofysikk', 'kvartærgeologi og paleoklima', 'Innen oppmeldingfristen til emner, onsdag i uke 33 for høstsemesteret og onsdag i uke 2 for vårsemesteret, bør alle studenter ha funnet en veileder, og hvilke emner de skal ta første semester.', 'Fulltid/deltid', 'Masteroppgava kan gjennomførast som heilttidsstudium, eller som deltidsstudium. Du kan ikje studere på mindre belastning enn 50 %. Ta kontakt med din studierettleiar, dersom du treng ein tilpassa studieplan.', 'Studiepoeng, omfang', 'Masteroppgåva har eit omfang på 60 studiepoeng, tilsvarande eitt heilt studieår.', 'Studienivå (studiesyklus)', 'Undervisningssemester', 'Undervisningsstad', 'For oppstart på emnet er det krav om ein studierett knytt til eit masterprogram/Ph.d-utdanninga ved Det matematisk-naturvitskaplege fakultet, samt at du oppfyller ev opptakskrav', 'Arbeids- og undervisningsformer', 'Masteroppgava består av ein forskingsdel og ein dokumentasjonsdel. Oppgåva vil inneholde datainnsamling, dataprosessering, tolking og diskusjon. Som dokumentasjon skal du skrive ei masteroppgåve etter IMRaD-form. Institutt for geovitskap har utarbeida ei momentliste for skriving av masteroppgave.', 'Vurderingsformer', 'Etter at masteroppgava er innlevert og godkjend, avsluttas studiet med ein munnleg mastergradseksamen. Denne eksamen består av ein offentleg presentasjon på rundt 30 minuttar der studenten sjølv gjev ei oversikt over oppgåva. Intern og eksern sensor, samt vegledar skal vere til stades ved den offentlege presentasjonen. Deretter følgjer ein munnleg eksaminasjon/samtale med sensorar og vegledar om oppgåva.', 'Før presentasjonen skal det vere satt ein karakter på oppgåva. Presentasjonen kan saman med den påfølgaende munnlee eksaminasjonen/samtalen vere justerande på den endelige karakteren på oppgåva. Det er den endelege karakteren som gjeres kjend for kandidaten og som kjem fram på karakterutskrifta.', 'Ved sensur av masteroppgava, vert karakterskalaen A-F nytta.', 'Vurderingssemester', 'Det er ordinær vurdering kvart semester.']","['Mål og innhald', 'Dette kurset gir studenten formell opplæring i å implementere selvstendig forskning innenfor et spesialisert forskningsområde, ved bruk av eksperimentelle og/eller teoretiske, numeriske og andre egnede metoder. Gjennom dette studiet skal studentens evne til kritisk tenkning, og ferdigheter i bruk av vitenskapelig metode utvikles, samt skriftlige og muntlige kommunikasjonsevner. Studentene oppfordres til aktivt å utvikle oppgavens tema i dialog med veileder(e). Alternativt kan temaet for masteroppgaven velges fra en liste foreslått for hver studiespesialisering, eller fra relevante eksterne institusjoner.', 'Læringsutbyte', 'Studenten skal ha følgende læringsutbytte definert i kunnskap, ferdigheter og generelt', 'kompetanse ved slutten av dette kurset:', 'Kunnskap', 'Opptak på masterprogrammet i meteorologi og oseanografi.', 'Krav til studierett', 'For å ta emnet kreves opptak på masterprogrammet i meteorologi og oseanografi ved Geofysisk institutt ved Det matematisk-naturvitskaplege fakultet.', 'Arbeids- og undervisningsformer', 'Studentene utfører veiledet/veiledet vitenskapelig forskningsarbeid på det valgte temaet, dokumentert i en skriftlig masteroppgave. Studentene deltar på vanlige masterseminarmøter hvor de presenterer fremdriftsrapporter for andre studenter.', 'Vurderingsformer', 'Masterstudiet avsluttes med muntlig mastereksamen etter at oppgaven er levert og godkjent. Denne eksamen består av en offentlig presentasjon på ca 30 minutter, hvor studenten gir en oversikt over oppgaven. Sensor, veileder(e) og intern(e) sensor(er) bør normalt være tilstede ved den offentlige presentasjonen.', 'En ikke-offentlig muntlig eksamen/samtale om oppgaven bør følge presentasjonen. Oppgaven bør ha en tentativ karakter basert på et evalueringsskjema utfylt av sensorer før presentasjonen. Presentasjonen, sammen med muntlig eksamen/samtale, kan justere karakteren på oppgaven. Kun den endelige karakteren gjøres kjent for studenten, og vises på karakterutskriften.', 'Oppgaven skal leveres senest en måned før 4. semester.', 'Karakterskala', 'Karakterskalaen er A til F. Der A er den høyeste beståtte karakter og F er stryk.']"
