nno_doc_hash,nob_doc_hash,nno_url,nob_url,nno_fulltext,nob_fulltext
fbfd1d4ff63c77c8e0116457421f661c622b7d24,1ebdf0804463a8e20af279346a751ef886820aff,https://www.digitalarkivet.no/nn/content/933/forenklet-brukergrensesnitt,https://www.digitalarkivet.no/content/933/forenklet-brukergrensesnitt,"['Tema eller kategori baserte innganger testes', 'Rollebaserte innganger', 'Lukk Informasjon om informasjonskapslar (cookies) Arkivverket brukar cookies (informasjonskapslar) på sine nettsider for å levere ei betre teneste. Dei brukast til mellom anna skjemaoppdateringar og innlogging. Bruk sida som normalt, eller lukk informasjonsboksen for å akseptere bruk av cookies. Les meir om korleis du styrer informasjonskapslar (cookies)']","['Tema eller kategori baserte innganger testes', 'Rollebaserte innganger', 'Lukk Informasjon om cookies Arkivverket bruker cookies (informasjonskapsler) på sine nettsider for å levere en bedre tjeneste. De brukes til bl.a. skjemaoppdateringer og innlogging. Bruk siden som normalt, eller lukk informasjonsboksen for å akseptere bruk av cookies. Les mer om hvordan du styrer cookies.']"
f049d0ab026f112bccec69526221f5127575b5ab,3b6f2e7b1c0d8dfa02984f60c751088970bbad78,https://www.digitalarkivet.no/nn/actors/341/litta-olsen,https://www.digitalarkivet.no/actors/341/litta-olsen,"['Litta Olsen', 'Nøkkelinformasjon', 'Kontaktinformasjon', '-', 'Om Litta Olsen', 'Litta Olsen har registrert kirkebøker fra Bremnes i Finnås, Hordaland fylke. Alle data har lenke til originalteksten. De samme databasene er tilgjengelig i sorterbar form: http://www.loslekt.com/kbregister/doeptefinnas.html.', 'Lukk Informasjon om informasjonskapslar (cookies) Arkivverket brukar cookies (informasjonskapslar) på sine nettsider for å levere ei betre teneste. Dei brukast til mellom anna skjemaoppdateringar og innlogging. Bruk sida som normalt, eller lukk informasjonsboksen for å akseptere bruk av cookies. Les meir om korleis du styrer informasjonskapslar (cookies)']","['Litta Olsen', 'Nøkkelinformasjon', 'Kontaktinformasjon', '-', 'Om Litta Olsen', 'Litta Olsen har registrert kirkebøker fra Bremnes i Finnås, Hordaland fylke. Alle data har lenke til originalteksten. De samme databasene er tilgjengelig i sorterbar form: http://www.loslekt.com/kbregister/doeptefinnas.html.', 'Lukk Informasjon om cookies Arkivverket bruker cookies (informasjonskapsler) på sine nettsider for å levere en bedre tjeneste. De brukes til bl.a. skjemaoppdateringer og innlogging. Bruk siden som normalt, eller lukk informasjonsboksen for å akseptere bruk av cookies. Les mer om hvordan du styrer cookies.']"
895367a03a5634fe77b6782a472d4fce9064c330,9e4c093e3ef79c60e9378563e6695c95b6517521,https://www.digitalarkivet.no/nn/actors/689/bindal-kommune,https://www.digitalarkivet.no/actors/689/bindal-kommune,"['Kontaktinformasjon', 'Om Bindal kommune', 'Allerede i 1987 startet bygdebokarbeider Håvard Sylten å samle materiale til en gårds- og slektshistorie for Bindal kommune. De fire bindene ble utgitt i 1999 til 2013. Avskriftene av kirkebøkene for Bindal ble gjort av Håvard Sylten før han døde i 2009. Disse avskriftene ble i 2016 bearbeidet av Jostein Mediaa for å kunne publisere disse i Digitalarkivet.', 'Lukk Informasjon om informasjonskapslar (cookies) Arkivverket brukar cookies (informasjonskapslar) på sine nettsider for å levere ei betre teneste. Dei brukast til mellom anna skjemaoppdateringar og innlogging. Bruk sida som normalt, eller lukk informasjonsboksen for å akseptere bruk av cookies. Les meir om korleis du styrer informasjonskapslar (cookies)']","['Kontaktinformasjon', 'Om Bindal kommune', 'Allerede i 1987 startet bygdebokarbeider Håvard Sylten å samle materiale til en gårds- og slektshistorie for Bindal kommune. De fire bindene ble utgitt i 1999 til 2013. Avskriftene av kirkebøkene for Bindal ble gjort av Håvard Sylten før han døde i 2009. Disse avskriftene ble i 2016 bearbeidet av Jostein Mediaa for å kunne publisere disse i Digitalarkivet.', 'Lukk Informasjon om cookies Arkivverket bruker cookies (informasjonskapsler) på sine nettsider for å levere en bedre tjeneste. De brukes til bl.a. skjemaoppdateringer og innlogging. Bruk siden som normalt, eller lukk informasjonsboksen for å akseptere bruk av cookies. Les mer om hvordan du styrer cookies.']"
f7cf670c01809da7fba16791f0590b3904daa6af,e3bddb9abdd86555792f2f13c7ed9d6627c9afde,https://www.digitalarkivet.no/nn/content/127/petroleumsarkiver,https://www.digitalarkivet.no/content/127/petroleumsarkiver,"['Petroleumsarkiver', 'Statsarkivet i Stavanger har et nasjonalt ansvar for å bevare og tilgjengeliggjøre arkiver fra petroleumsindustrien. Arkivene etter de største oljeselskapene, fagbevegelsen, bransjeorganisasjoner og leverandørbedrifter på norsk sokkel er avlevert eller deponert i Statsarkivet i Stavanger. Et lite utvalg av disse arkivene er skanna og gjort tilgjengelige i Digitalarkivet.', 'Med emneknaggen Olje- og petroleumsindustri (se også Finn kilde) finner du alt skanna arkivmateriale som kan knyttes til norsk petroleumsindustri.', 'Lukk Informasjon om informasjonskapslar (cookies) Arkivverket brukar cookies (informasjonskapslar) på sine nettsider for å levere ei betre teneste. Dei brukast til mellom anna skjemaoppdateringar og innlogging. Bruk sida som normalt, eller lukk informasjonsboksen for å akseptere bruk av cookies. Les meir om korleis du styrer informasjonskapslar (cookies)']","['Petroleumsarkiver', 'Statsarkivet i Stavanger har et nasjonalt ansvar for å bevare og tilgjengeliggjøre arkiver fra petroleumsindustrien. Arkivene etter de største oljeselskapene, fagbevegelsen, bransjeorganisasjoner og leverandørbedrifter på norsk sokkel er avlevert eller deponert i Statsarkivet i Stavanger. Et lite utvalg av disse arkivene er skanna og gjort tilgjengelige i Digitalarkivet.', 'Med emneknaggen Olje- og petroleumsindustri (se også Finn kilde) finner du alt skanna arkivmateriale som kan knyttes til norsk petroleumsindustri.', 'Lukk Informasjon om cookies Arkivverket bruker cookies (informasjonskapsler) på sine nettsider for å levere en bedre tjeneste. De brukes til bl.a. skjemaoppdateringer og innlogging. Bruk siden som normalt, eller lukk informasjonsboksen for å akseptere bruk av cookies. Les mer om hvordan du styrer cookies.']"
0de145b361e9c4dc603e2ac9089e0fed57fc840a,6783de892c166a18c7f00f6f911f871c3f24e05e,https://www.digitalarkivet.no/nn/actors/547/slekt-og-data-molde,https://www.digitalarkivet.no/actors/547/slekt-og-data-molde,"['Kontaktinformasjon', 'Om Slekt og Data Molde', 'Slekt og Data Molde er eit lokallag under Slekt og Data Møre og Romsdal som er tilslutta Slekt og Data Norge. Lokallaget vart stifta 07.09.1999. Slekt og Data Molde arbeider for å stimulere til slektsforsking i nærområdet.', 'Lukk Informasjon om informasjonskapslar (cookies) Arkivverket brukar cookies (informasjonskapslar) på sine nettsider for å levere ei betre teneste. Dei brukast til mellom anna skjemaoppdateringar og innlogging. Bruk sida som normalt, eller lukk informasjonsboksen for å akseptere bruk av cookies. Les meir om korleis du styrer informasjonskapslar (cookies)']","['Kontaktinformasjon', 'Om Slekt og Data Molde', 'Slekt og Data Molde er eit lokallag under Slekt og Data Møre og Romsdal som er tilslutta Slekt og Data Norge. Lokallaget vart stifta 07.09.1999. Slekt og Data Molde arbeider for å stimulere til slektsforsking i nærområdet.', 'Lukk Informasjon om cookies Arkivverket bruker cookies (informasjonskapsler) på sine nettsider for å levere en bedre tjeneste. De brukes til bl.a. skjemaoppdateringer og innlogging. Bruk siden som normalt, eller lukk informasjonsboksen for å akseptere bruk av cookies. Les mer om hvordan du styrer cookies.']"
5ee8ae4d7ab99fb303030cf78a99a351602e22ee,8137f9984d9d76490fb6d720faa9534bfd736026,https://www.digitalarkivet.no/nn/actors/487/terje-christoffersen/transcriptions,https://www.digitalarkivet.no/actors/487/terje-christoffersen/transcriptions,"['Terje Christoffersen', 'Lukk Informasjon om informasjonskapslar (cookies) Arkivverket brukar cookies (informasjonskapslar) på sine nettsider for å levere ei betre teneste. Dei brukast til mellom anna skjemaoppdateringar og innlogging. Bruk sida som normalt, eller lukk informasjonsboksen for å akseptere bruk av cookies. Les meir om korleis du styrer informasjonskapslar (cookies)']","['Terje Christoffersen', 'Lukk Informasjon om cookies Arkivverket bruker cookies (informasjonskapsler) på sine nettsider for å levere en bedre tjeneste. De brukes til bl.a. skjemaoppdateringer og innlogging. Bruk siden som normalt, eller lukk informasjonsboksen for å akseptere bruk av cookies. Les mer om hvordan du styrer cookies.']"
e90095021fdb8617b6ebb9e5d1db35359ffa1ec0,54f3e9f8226d40dc2faa0b18dca54a3adfd54abb,https://www.digitalarkivet.no/nn/actors/429/rhk-sande,https://www.digitalarkivet.no/actors/429/rhk-sande,"['Om RHK Sande', 'Lukk Informasjon om informasjonskapslar (cookies) Arkivverket brukar cookies (informasjonskapslar) på sine nettsider for å levere ei betre teneste. Dei brukast til mellom anna skjemaoppdateringar og innlogging. Bruk sida som normalt, eller lukk informasjonsboksen for å akseptere bruk av cookies. Les meir om korleis du styrer informasjonskapslar (cookies)']","['Om RHK Sande', 'Lukk Informasjon om cookies Arkivverket bruker cookies (informasjonskapsler) på sine nettsider for å levere en bedre tjeneste. De brukes til bl.a. skjemaoppdateringer og innlogging. Bruk siden som normalt, eller lukk informasjonsboksen for å akseptere bruk av cookies. Les mer om hvordan du styrer cookies.']"
0b785ad34f5b55a78c3ef6ebf6fed269becbedb3,87fcb8eeb7a8c87f938c1b4df88444fa73f99cad,https://www.digitalarkivet.no/nn/actors/57/arne-fanebust,https://www.digitalarkivet.no/actors/57/arne-fanebust,"['Kontaktinformasjon', 'Om Arne Fanebust', 'Lukk Informasjon om informasjonskapslar (cookies) Arkivverket brukar cookies (informasjonskapslar) på sine nettsider for å levere ei betre teneste. Dei brukast til mellom anna skjemaoppdateringar og innlogging. Bruk sida som normalt, eller lukk informasjonsboksen for å akseptere bruk av cookies. Les meir om korleis du styrer informasjonskapslar (cookies)']","['Kontaktinformasjon', 'Om Arne Fanebust', 'Lukk Informasjon om cookies Arkivverket bruker cookies (informasjonskapsler) på sine nettsider for å levere en bedre tjeneste. De brukes til bl.a. skjemaoppdateringer og innlogging. Bruk siden som normalt, eller lukk informasjonsboksen for å akseptere bruk av cookies. Les mer om hvordan du styrer cookies.']"
7e9fc5081905376f914dcc59956b16d31d4f80a6,9d4cbbbb8850a5e8896f4b9b74d523f59bade472,https://www.digitalarkivet.no/nn/actors/163/eiker-gotisk-gruppe,https://www.digitalarkivet.no/actors/163/eiker-gotisk-gruppe,"['Eiker gotisk gruppe', 'Nøkkelinformasjon', 'Kontaktinformasjon', '-', 'Om Eiker gotisk gruppe', 'Eiker historielag gotisk gruppe har registrert eiendomsskatten for Eiker fra 1765, i tillegg til kirkebokregistreringer i Eiker for periodene 1683-1753 og 1764-1774. Der kirke er oppgitt med en F indikerer dette Fiskum kirke, er det ikke oppgitt noen kirke er det Haug kirke.', 'Lukk Informasjon om informasjonskapslar (cookies) Arkivverket brukar cookies (informasjonskapslar) på sine nettsider for å levere ei betre teneste. Dei brukast til mellom anna skjemaoppdateringar og innlogging. Bruk sida som normalt, eller lukk informasjonsboksen for å akseptere bruk av cookies. Les meir om korleis du styrer informasjonskapslar (cookies)']","['Eiker gotisk gruppe', 'Nøkkelinformasjon', 'Kontaktinformasjon', '-', 'Om Eiker gotisk gruppe', 'Eiker historielag gotisk gruppe har registrert eiendomsskatten for Eiker fra 1765, i tillegg til kirkebokregistreringer i Eiker for periodene 1683-1753 og 1764-1774. Der kirke er oppgitt med en F indikerer dette Fiskum kirke, er det ikke oppgitt noen kirke er det Haug kirke.', 'Lukk Informasjon om cookies Arkivverket bruker cookies (informasjonskapsler) på sine nettsider for å levere en bedre tjeneste. De brukes til bl.a. skjemaoppdateringer og innlogging. Bruk siden som normalt, eller lukk informasjonsboksen for å akseptere bruk av cookies. Les mer om hvordan du styrer cookies.']"
758d01cb58bb8ae528fc5725754613e9aac19ec9,964e47e72bc4820fceb42e8af9a8892eb3532b64,https://www.digitalarkivet.no/nn/content/906/utvidet-mottaksautomatisering,https://www.digitalarkivet.no/content/906/utvidet-mottaksautomatisering,"['Utvidet mottaksautomatisering', 'Mulighet for høyere automatiseringsgrad innen mottak. For eksempel hvis Arkivinstitusjonene ønsker det, skal løsningen være i stand til å sende ut automatisk godkjenning eller automatisere valideringen av arkivene.', 'Lukk Informasjon om informasjonskapslar (cookies) Arkivverket brukar cookies (informasjonskapslar) på sine nettsider for å levere ei betre teneste. Dei brukast til mellom anna skjemaoppdateringar og innlogging. Bruk sida som normalt, eller lukk informasjonsboksen for å akseptere bruk av cookies. Les meir om korleis du styrer informasjonskapslar (cookies)']","['Utvidet mottaksautomatisering', 'Mulighet for høyere automatiseringsgrad innen mottak. For eksempel hvis Arkivinstitusjonene ønsker det, skal løsningen være i stand til å sende ut automatisk godkjenning eller automatisere valideringen av arkivene.', 'Lukk Informasjon om cookies Arkivverket bruker cookies (informasjonskapsler) på sine nettsider for å levere en bedre tjeneste. De brukes til bl.a. skjemaoppdateringer og innlogging. Bruk siden som normalt, eller lukk informasjonsboksen for å akseptere bruk av cookies. Les mer om hvordan du styrer cookies.']"
5aeb24f4c59474e444f1a51e234797dd4c60da1e,c8816861325601cc420389c3807e280ffb465638,https://www.digitalarkivet.no/nn/actors/271/jo-rune-ugulen,https://www.digitalarkivet.no/actors/271/jo-rune-ugulen,"['Om Jo Rune Ugulen', 'Lukk Informasjon om informasjonskapslar (cookies) Arkivverket brukar cookies (informasjonskapslar) på sine nettsider for å levere ei betre teneste. Dei brukast til mellom anna skjemaoppdateringar og innlogging. Bruk sida som normalt, eller lukk informasjonsboksen for å akseptere bruk av cookies. Les meir om korleis du styrer informasjonskapslar (cookies)']","['Om Jo Rune Ugulen', 'Lukk Informasjon om cookies Arkivverket bruker cookies (informasjonskapsler) på sine nettsider for å levere en bedre tjeneste. De brukes til bl.a. skjemaoppdateringer og innlogging. Bruk siden som normalt, eller lukk informasjonsboksen for å akseptere bruk av cookies. Les mer om hvordan du styrer cookies.']"
6df0c35f83e9418d8e3b50558113e230150c1b0b,7f82d1f58004e86e3d5e42d0594bc05124902ee3,https://www.digitalarkivet.no/nn/content/885/sikker-bevaring,https://www.digitalarkivet.no/content/885/sikker-bevaring,"['Sikker bevaring', 'Lukk Informasjon om informasjonskapslar (cookies) Arkivverket brukar cookies (informasjonskapslar) på sine nettsider for å levere ei betre teneste. Dei brukast til mellom anna skjemaoppdateringar og innlogging. Bruk sida som normalt, eller lukk informasjonsboksen for å akseptere bruk av cookies. Les meir om korleis du styrer informasjonskapslar (cookies)']","['Sikker bevaring', 'Lukk Informasjon om cookies Arkivverket bruker cookies (informasjonskapsler) på sine nettsider for å levere en bedre tjeneste. De brukes til bl.a. skjemaoppdateringer og innlogging. Bruk siden som normalt, eller lukk informasjonsboksen for å akseptere bruk av cookies. Les mer om hvordan du styrer cookies.']"
a532d52e7fc265353daac9d9484e2d0dc8c61a57,81364c5561ae46c1fa658524129d0271105f7a83,https://www.digitalarkivet.no/nn/actors/567/tore-j-mehl,https://www.digitalarkivet.no/actors/567/tore-j-mehl,"['Kontaktinformasjon', 'Om Tore J. Mehl', 'Lukk Informasjon om informasjonskapslar (cookies) Arkivverket brukar cookies (informasjonskapslar) på sine nettsider for å levere ei betre teneste. Dei brukast til mellom anna skjemaoppdateringar og innlogging. Bruk sida som normalt, eller lukk informasjonsboksen for å akseptere bruk av cookies. Les meir om korleis du styrer informasjonskapslar (cookies)']","['Kontaktinformasjon', 'Om Tore J. Mehl', 'Lukk Informasjon om cookies Arkivverket bruker cookies (informasjonskapsler) på sine nettsider for å levere en bedre tjeneste. De brukes til bl.a. skjemaoppdateringer og innlogging. Bruk siden som normalt, eller lukk informasjonsboksen for å akseptere bruk av cookies. Les mer om hvordan du styrer cookies.']"
806563ae3f85e50177f078dff09d3859de9bead9,6e859dabf3a35939f0de01de32e092ea71fbd682,https://www.digitalarkivet.no/nn/content/our-searches,https://www.digitalarkivet.no/content/our-searches,"['Spesialtegn i søkbare data Har du sett noen ""rare"" tegn i de registrerte dataene som er søkbare? Her kan du finne forklaringen på disse.', 'Spørsmål om søkbart materiale? Her finner du ofte stilte spørsmål vedrørende søkbart materiale', 'Lukk Informasjon om informasjonskapslar (cookies) Arkivverket brukar cookies (informasjonskapslar) på sine nettsider for å levere ei betre teneste. Dei brukast til mellom anna skjemaoppdateringar og innlogging. Bruk sida som normalt, eller lukk informasjonsboksen for å akseptere bruk av cookies. Les meir om korleis du styrer informasjonskapslar (cookies)']","['Spesialtegn i søkbare data Har du sett noen ""rare"" tegn i de registrerte dataene som er søkbare? Her kan du finne forklaringen på disse.', 'Spørsmål om søkbart materiale? Her finner du ofte stilte spørsmål vedrørende søkbart materiale', 'Lukk Informasjon om cookies Arkivverket bruker cookies (informasjonskapsler) på sine nettsider for å levere en bedre tjeneste. De brukes til bl.a. skjemaoppdateringer og innlogging. Bruk siden som normalt, eller lukk informasjonsboksen for å akseptere bruk av cookies. Les mer om hvordan du styrer cookies.']"
2020139b13015d2da9200308a810f1b1236aa8e0,10007144b0c5e932c84704db1b83e5c68e8fb7ed,https://www.digitalarkivet.no/nn/content/894/enkel-uthenting,https://www.digitalarkivet.no/content/894/enkel-uthenting,"['Enkel uthenting', 'Eier av arkivmaterialet i bevaring kan hente materialet ut, inkludert logginformasjon. Dette omfatter også å sette sammen pakker fra inkrementelle oppdateringer.', 'Lukk Informasjon om informasjonskapslar (cookies) Arkivverket brukar cookies (informasjonskapslar) på sine nettsider for å levere ei betre teneste. Dei brukast til mellom anna skjemaoppdateringar og innlogging. Bruk sida som normalt, eller lukk informasjonsboksen for å akseptere bruk av cookies. Les meir om korleis du styrer informasjonskapslar (cookies)']","['Enkel uthenting', 'Eier av arkivmaterialet i bevaring kan hente materialet ut, inkludert logginformasjon. Dette omfatter også å sette sammen pakker fra inkrementelle oppdateringer.', 'Lukk Informasjon om cookies Arkivverket bruker cookies (informasjonskapsler) på sine nettsider for å levere en bedre tjeneste. De brukes til bl.a. skjemaoppdateringer og innlogging. Bruk siden som normalt, eller lukk informasjonsboksen for å akseptere bruk av cookies. Les mer om hvordan du styrer cookies.']"
caf96f10f8d5e10b8ca7dcd1db852740ad374258,c2e949e528ba4335e75a060e58fda4aa48ea8c5e,https://www.digitalarkivet.no/nn/actors/449/slektsforum-for-indre-nordm%C3%B8re,https://www.digitalarkivet.no/actors/449/slektsforum-for-indre-nordm%C3%B8re,"['Om Slektsforum for Indre Nordmøre', 'Lukk Informasjon om informasjonskapslar (cookies) Arkivverket brukar cookies (informasjonskapslar) på sine nettsider for å levere ei betre teneste. Dei brukast til mellom anna skjemaoppdateringar og innlogging. Bruk sida som normalt, eller lukk informasjonsboksen for å akseptere bruk av cookies. Les meir om korleis du styrer informasjonskapslar (cookies)']","['Om Slektsforum for Indre Nordmøre', 'Lukk Informasjon om cookies Arkivverket bruker cookies (informasjonskapsler) på sine nettsider for å levere en bedre tjeneste. De brukes til bl.a. skjemaoppdateringer og innlogging. Bruk siden som normalt, eller lukk informasjonsboksen for å akseptere bruk av cookies. Les mer om hvordan du styrer cookies.']"
d71e29184b097c03b656dbf77c335ef9fc1db95a,14d51a113fb0feeda567740b9859aca7a75d9db2,https://www.digitalarkivet.no/nn/actors/307/kjersti-andersen,https://www.digitalarkivet.no/actors/307/kjersti-andersen,"['Kontaktinformasjon', 'Om Kjersti Andersen', 'Lukk Informasjon om informasjonskapslar (cookies) Arkivverket brukar cookies (informasjonskapslar) på sine nettsider for å levere ei betre teneste. Dei brukast til mellom anna skjemaoppdateringar og innlogging. Bruk sida som normalt, eller lukk informasjonsboksen for å akseptere bruk av cookies. Les meir om korleis du styrer informasjonskapslar (cookies)']","['Kontaktinformasjon', 'Om Kjersti Andersen', 'Lukk Informasjon om cookies Arkivverket bruker cookies (informasjonskapsler) på sine nettsider for å levere en bedre tjeneste. De brukes til bl.a. skjemaoppdateringer og innlogging. Bruk siden som normalt, eller lukk informasjonsboksen for å akseptere bruk av cookies. Les mer om hvordan du styrer cookies.']"
7dbcc236a646095c35a634524c6b89f0f43731fd,b3067618609d8a6ad855568f70fd54ec3d86332d,https://www.digitalarkivet.no/nn/actors/423/raumnes-historielag-slekthistorisk-utvalg,https://www.digitalarkivet.no/actors/423/raumnes-historielag-slekthistorisk-utvalg,"['Kontaktinformasjon', 'Om Raumnes Historielag, Slekthistorisk utvalg', 'Raumnes Historielag, Slekthistorisk utvalg, har registrert kirkebøker i mange år. Så langt har vi nesten hele perioden fra 1689 - 1810 og perioden 1830 - 1849. Arbeidet startet opp for mange år siden, så mye av registreringen er skrevet på skrivemaskin. Nå ønsker vi å dele vårt bidrag for flere som har slektsforskning som hobby, enn de som har tilgang til Nes Biblioteket på Årnes.', 'Lukk Informasjon om informasjonskapslar (cookies) Arkivverket brukar cookies (informasjonskapslar) på sine nettsider for å levere ei betre teneste. Dei brukast til mellom anna skjemaoppdateringar og innlogging. Bruk sida som normalt, eller lukk informasjonsboksen for å akseptere bruk av cookies. Les meir om korleis du styrer informasjonskapslar (cookies)']","['Kontaktinformasjon', 'Om Raumnes Historielag, Slekthistorisk utvalg', 'Raumnes Historielag, Slekthistorisk utvalg, har registrert kirkebøker i mange år. Så langt har vi nesten hele perioden fra 1689 - 1810 og perioden 1830 - 1849. Arbeidet startet opp for mange år siden, så mye av registreringen er skrevet på skrivemaskin. Nå ønsker vi å dele vårt bidrag for flere som har slektsforskning som hobby, enn de som har tilgang til Nes Biblioteket på Årnes.', 'Lukk Informasjon om cookies Arkivverket bruker cookies (informasjonskapsler) på sine nettsider for å levere en bedre tjeneste. De brukes til bl.a. skjemaoppdateringer og innlogging. Bruk siden som normalt, eller lukk informasjonsboksen for å akseptere bruk av cookies. Les mer om hvordan du styrer cookies.']"
35465aafbe6f0156ffbe94c809a124db4116edc5,bffe970c061962a64c39f4d199d81f33e5b80045,https://www.digitalarkivet.no/nn/actors/325/langeland-og-mathiesen,https://www.digitalarkivet.no/actors/325/langeland-og-mathiesen,"['Nøkkelinformasjon', 'Kontaktinformasjon', 'Om Langeland og Mathiesen', 'Jan Langeland og Johan Martin Mathisen har registrert militære mannskapsruller fra Rødøy i Nordland. Navn, etternavn og gårdsnavn er normalisert. Langeland har også sendt oss kirkebokregistreringer for Rødøy 1739-1824(1845). Her har ikke normaliseringen av navn og gårdsnavn blitt gjennomført helt konsekvent, samtidig som dataene ikke er korrekturlest.', 'Lukk Informasjon om informasjonskapslar (cookies) Arkivverket brukar cookies (informasjonskapslar) på sine nettsider for å levere ei betre teneste. Dei brukast til mellom anna skjemaoppdateringar og innlogging. Bruk sida som normalt, eller lukk informasjonsboksen for å akseptere bruk av cookies. Les meir om korleis du styrer informasjonskapslar (cookies)']","['Nøkkelinformasjon', 'Kontaktinformasjon', 'Om Langeland og Mathiesen', 'Jan Langeland og Johan Martin Mathisen har registrert militære mannskapsruller fra Rødøy i Nordland. Navn, etternavn og gårdsnavn er normalisert. Langeland har også sendt oss kirkebokregistreringer for Rødøy 1739-1824(1845). Her har ikke normaliseringen av navn og gårdsnavn blitt gjennomført helt konsekvent, samtidig som dataene ikke er korrekturlest.', 'Lukk Informasjon om cookies Arkivverket bruker cookies (informasjonskapsler) på sine nettsider for å levere en bedre tjeneste. De brukes til bl.a. skjemaoppdateringer og innlogging. Bruk siden som normalt, eller lukk informasjonsboksen for å akseptere bruk av cookies. Les mer om hvordan du styrer cookies.']"
3754989d768e0686f02e03e4c3c8f36b9eee5ab0,96480b8a72a1b8f0e07ef1a89f37cfd02a67dc72,https://www.digitalarkivet.no/nn/actors/357/mette-v%C3%A6rnes,https://www.digitalarkivet.no/actors/357/mette-v%C3%A6rnes,"['Mette Værnes', 'Nøkkelinformasjon', 'Kontaktinformasjon', '-', 'Om Mette Værnes', 'Mette Værnes registrerer folketellinger og annet materiale, og legger ut disse databasene i Digitalpensjonatet. I tillegg registrerer hun kirkebøker fra Ytterøy prestegjeld i Nord-Trøndelag for DIS-Nord-Trøndelag og Ytterøy Historienemd. DIS Nord-Trøndelag koordinerer denne kirkebokregistreringen. Dette arbeidet er en del av en samarbeidsavtale mellom DIS-Norge og Riksarkivet.', 'Lukk Informasjon om informasjonskapslar (cookies) Arkivverket brukar cookies (informasjonskapslar) på sine nettsider for å levere ei betre teneste. Dei brukast til mellom anna skjemaoppdateringar og innlogging. Bruk sida som normalt, eller lukk informasjonsboksen for å akseptere bruk av cookies. Les meir om korleis du styrer informasjonskapslar (cookies)']","['Mette Værnes', 'Nøkkelinformasjon', 'Kontaktinformasjon', '-', 'Om Mette Værnes', 'Mette Værnes registrerer folketellinger og annet materiale, og legger ut disse databasene i Digitalpensjonatet. I tillegg registrerer hun kirkebøker fra Ytterøy prestegjeld i Nord-Trøndelag for DIS-Nord-Trøndelag og Ytterøy Historienemd. DIS Nord-Trøndelag koordinerer denne kirkebokregistreringen. Dette arbeidet er en del av en samarbeidsavtale mellom DIS-Norge og Riksarkivet.', 'Lukk Informasjon om cookies Arkivverket bruker cookies (informasjonskapsler) på sine nettsider for å levere en bedre tjeneste. De brukes til bl.a. skjemaoppdateringer og innlogging. Bruk siden som normalt, eller lukk informasjonsboksen for å akseptere bruk av cookies. Les mer om hvordan du styrer cookies.']"
f911c7686b6e9a0865377c0fbd5aef38de6d0ed9,b89468eac9e24b3d80e04775aa889e1720bc6566,https://www.digitalarkivet.no/nn/actors/167/eilert-hansen-og-turid-danielsen-holsve,https://www.digitalarkivet.no/actors/167/eilert-hansen-og-turid-danielsen-holsve,"['Om Eilert Hansen og Turid Danielsen Holsve', 'Lukk Informasjon om informasjonskapslar (cookies) Arkivverket brukar cookies (informasjonskapslar) på sine nettsider for å levere ei betre teneste. Dei brukast til mellom anna skjemaoppdateringar og innlogging. Bruk sida som normalt, eller lukk informasjonsboksen for å akseptere bruk av cookies. Les meir om korleis du styrer informasjonskapslar (cookies)']","['Om Eilert Hansen og Turid Danielsen Holsve', 'Lukk Informasjon om cookies Arkivverket bruker cookies (informasjonskapsler) på sine nettsider for å levere en bedre tjeneste. De brukes til bl.a. skjemaoppdateringer og innlogging. Bruk siden som normalt, eller lukk informasjonsboksen for å akseptere bruk av cookies. Les mer om hvordan du styrer cookies.']"
2e457a2d552342fa7f0c33ce480654f96231912a,f3a7247445528a20ed9e0eaed24a364861cf790f,https://www.digitalarkivet.no/nn/actors/169/einar-b-benjaminsen,https://www.digitalarkivet.no/actors/169/einar-b-benjaminsen,"['Om Einar B. Benjaminsen', 'Lukk Informasjon om informasjonskapslar (cookies) Arkivverket brukar cookies (informasjonskapslar) på sine nettsider for å levere ei betre teneste. Dei brukast til mellom anna skjemaoppdateringar og innlogging. Bruk sida som normalt, eller lukk informasjonsboksen for å akseptere bruk av cookies. Les meir om korleis du styrer informasjonskapslar (cookies)']","['Om Einar B. Benjaminsen', 'Lukk Informasjon om cookies Arkivverket bruker cookies (informasjonskapsler) på sine nettsider for å levere en bedre tjeneste. De brukes til bl.a. skjemaoppdateringer og innlogging. Bruk siden som normalt, eller lukk informasjonsboksen for å akseptere bruk av cookies. Les mer om hvordan du styrer cookies.']"
e6c13a8761f71bda10930b6bec6fab0a41f2a089,c5517f40d7badac0830d2cd58c1a818a123f992c,https://www.digitalarkivet.no/nn/actors/267/jan-helge-trelsg%C3%A5rd,https://www.digitalarkivet.no/actors/267/jan-helge-trelsg%C3%A5rd,"['Kontaktinformasjon', 'Om Jan Helge Trelsgård', 'Lukk Informasjon om informasjonskapslar (cookies) Arkivverket brukar cookies (informasjonskapslar) på sine nettsider for å levere ei betre teneste. Dei brukast til mellom anna skjemaoppdateringar og innlogging. Bruk sida som normalt, eller lukk informasjonsboksen for å akseptere bruk av cookies. Les meir om korleis du styrer informasjonskapslar (cookies)']","['Kontaktinformasjon', 'Om Jan Helge Trelsgård', 'Lukk Informasjon om cookies Arkivverket bruker cookies (informasjonskapsler) på sine nettsider for å levere en bedre tjeneste. De brukes til bl.a. skjemaoppdateringer og innlogging. Bruk siden som normalt, eller lukk informasjonsboksen for å akseptere bruk av cookies. Les mer om hvordan du styrer cookies.']"
23380f3f6935f3361a422c06b22179734b1cb014,b5cbdb3e51963a65f7581b282c620d865e10bab0,https://www.digitalarkivet.no/nn/actors/279/john-herstad,https://www.digitalarkivet.no/actors/279/john-herstad,"['John Herstad', 'Nøkkelinformasjon', 'Kontaktinformasjon', 'E-post:', '-', 'Lukk Informasjon om informasjonskapslar (cookies) Arkivverket brukar cookies (informasjonskapslar) på sine nettsider for å levere ei betre teneste. Dei brukast til mellom anna skjemaoppdateringar og innlogging. Bruk sida som normalt, eller lukk informasjonsboksen for å akseptere bruk av cookies. Les meir om korleis du styrer informasjonskapslar (cookies)']","['John Herstad', 'Nøkkelinformasjon', 'Kontaktinformasjon', 'E-post:', '-', 'Lukk Informasjon om cookies Arkivverket bruker cookies (informasjonskapsler) på sine nettsider for å levere en bedre tjeneste. De brukes til bl.a. skjemaoppdateringer og innlogging. Bruk siden som normalt, eller lukk informasjonsboksen for å akseptere bruk av cookies. Les mer om hvordan du styrer cookies.']"
27120c882a4895f1ea45fea3e206164ceec5215d,4698d6aa3ddd64a270160fcbfb46708a300bec38,https://www.digitalarkivet.no/nn/actors/301/kevin-questad,https://www.digitalarkivet.no/actors/301/kevin-questad,"['Kontaktinformasjon', 'Om Kevin Questad', 'Lukk Informasjon om informasjonskapslar (cookies) Arkivverket brukar cookies (informasjonskapslar) på sine nettsider for å levere ei betre teneste. Dei brukast til mellom anna skjemaoppdateringar og innlogging. Bruk sida som normalt, eller lukk informasjonsboksen for å akseptere bruk av cookies. Les meir om korleis du styrer informasjonskapslar (cookies)']","['Kontaktinformasjon', 'Om Kevin Questad', 'Lukk Informasjon om cookies Arkivverket bruker cookies (informasjonskapsler) på sine nettsider for å levere en bedre tjeneste. De brukes til bl.a. skjemaoppdateringer og innlogging. Bruk siden som normalt, eller lukk informasjonsboksen for å akseptere bruk av cookies. Les mer om hvordan du styrer cookies.']"
ba46a687866027ad852ea9a0b889c92c37e7a74f,68050bb25ecc15c915ecdb9cf52992bf4f8cd18b,https://www.digitalarkivet.no/nn/content/about-da,https://www.digitalarkivet.no/nn/content/about-dp,"['Forkortingar i søkbare folketeljingar Registreringsstandard for folketeljingar, HISTFORM, har etablert eit felles sett med forkortingar som ein skal nytte når ein transkriberer folketeljingar.', 'Korrekturmeldingar og merknadar Har du funne feil i transkriberte data i Digitalarkivet, eller har du motstridande opplysingar til det som er registrert? Her får du vite korleis du...', 'Korrekturmeldinger og kommentarer på registrerte kirkebøker fra AMF Publiseringen av registrerte kirkebøker fra AMF har resultert i en stor økning av innsendte korrekturmeldinger.', 'Kontaktinformasjon Vi har ulike kanaler du kan bruke dersom du lurer på noe.', '2021-06-17', 'Videreformidling av skannede dokumenter Ønsker du å bruke kopier av skannede dokumenter du har lastet ned fra Digitalarkivet?', 'Digitale format I Digitalarkivet er arkivkjelder gjort tilgjengelege for brukarane på ulike måtar. Lær meir om våre digitale format her.', 'Personvernerklæring Personvernerklæringa gjer greie for vår handsaming av personopplysningar når du nyttar Arkivverket sine tenester i arkivportalen.no, digitalarkivet.no, arkivverket.no eller kontaktar oss via skjema, nettforum, brev,...', '2018-08-20', 'Lukk Informasjon om informasjonskapslar (cookies) Arkivverket brukar cookies (informasjonskapslar) på sine nettsider for å levere ei betre teneste. Dei brukast til mellom anna skjemaoppdateringar og innlogging. Bruk sida som normalt, eller lukk informasjonsboksen for å akseptere bruk av cookies. Les meir om korleis du styrer informasjonskapslar (cookies)']","['Om Digitalpensjonatet', 'Bidragsyterne, benevnt som aktører, kan være privatpersoner, grupper, foreninger og institusjoner. Digitalarkivet oppretter et rom i Digitalpensjonatet for hver aktør. Hver bidragsyter vil dermed ha sin egen aktørprofil, hvor man også kan se en oversikt over hvilket arbeid som har blitt utført. Hvis du ønsker å publisere ditt arbeid hos oss, ber vi deg om å kontakte Digitalarkivet først. Da får vi en oversikt over hva vi kan forvente å motta, samt gi råd og veiledning for å hindre merarbeid for deg eller oss. Digitalarkivet tilbyr også organiserte dugnader.', 'Ikke alt materiale kan gjøres søkbart på Digitalarkivet. Det er viktig å sette seg inn i regler for hva som kan publiseres åpent på nettet. Sperringsregler ved registrerte historiske dokumenter', 'Krav til materialet', 'Alle som registrerer historiske dokumenter (arkiver) kan selvsagt taste inn informasjonen slik de selv ønsker til eget bruk, men ved publisering i Digitalarkivet må enkelte krav ivaretas: Digitale kilder skal bygge på et arkivstykke (f.eks. en protokoll eller arkivboks), eller en serie fra et arkiv. Man skal ikke konstruere en kilde ved å hente informasjon fra flere steder eller trekke egne slutninger. Den digitale kilden skal heller ikke bare være på et par sider eller som et tekstutdrag fra en kilde. Et viktig prinsipp er at arkivmaterialet skal gjengis bokstavrett, selv om det er åpenbart at arkivmaterialet inneholder feil. For eksempel korrigeres ikke bokstaveringen i personnavn, selv om bokstaveringen ikke stemmer med den personen selv brukte. Registreringen skal gjengi arkivmaterialet slik det er, og tolking og kildekritikk må overlates til brukerne selv.', 'Rettigheter til materialet', 'Som bidragsyter gjennom Digitalpensjonatet godkjenner du at Digitalarkivet har rettighetene til å bruke resultatene av registreringsarbeidet gjennom visningsverktøyene på nettsidene, og kan bli delt med forskere og forfattere. Det betyr at Digitalarkivet også må ha anledning til å gjøre rettelser i det innsendte materialet. Når materialet er oversendt Digitalarkivet kan man ikke trekke dette tilbake.', 'Digitalarkivet har en redaktørrolle i Digitalpensjonatet, og skal se til at materialet er av en slik kvalitet at det er til god nytte for brukerne. Digitalarkivet kan derfor reservere seg mot å publisere en digital kilde dersom materialet er av en slik art at vi ikke ønsker å publisere det på nettsidene våre.', 'Innsending av registreringen', 'Lukk Informasjon om informasjonskapslar (cookies) Arkivverket brukar cookies (informasjonskapslar) på sine nettsider for å levere ei betre teneste. Dei brukast til mellom anna skjemaoppdateringar og innlogging. Bruk sida som normalt, eller lukk informasjonsboksen for å akseptere bruk av cookies. Les meir om korleis du styrer informasjonskapslar (cookies)']"
da4024adaa16f6f06b39e1b91600cf2f89c39d82,71eb61499e20025ab17928c686638b16556de4b3,https://www.digitalarkivet.no/nn/actors/187/falk-liebezeit,https://www.digitalarkivet.no/actors/187/falk-liebezeit,"['Falk Liebezeit', 'Nøkkelinformasjon', 'Kontaktinformasjon', '-', 'Om Falk Liebezeit', 'Falk Liebezeit er arkivar ved byarkivet i Diepholz, Tyskland, men har drevet med slektsgransking i Norge i mer enn 35 år. Morssiden stammer fra Matre. De siste 20 årene har blitt viet familiene i Masfjorden. Han er naturlig nok interessert i relasjoner mellom Nord-Tyskland og Norge. Han har registrert vielser Masfjorden 1851-1864.', 'Lukk Informasjon om informasjonskapslar (cookies) Arkivverket brukar cookies (informasjonskapslar) på sine nettsider for å levere ei betre teneste. Dei brukast til mellom anna skjemaoppdateringar og innlogging. Bruk sida som normalt, eller lukk informasjonsboksen for å akseptere bruk av cookies. Les meir om korleis du styrer informasjonskapslar (cookies)']","['Falk Liebezeit', 'Nøkkelinformasjon', 'Kontaktinformasjon', '-', 'Om Falk Liebezeit', 'Falk Liebezeit er arkivar ved byarkivet i Diepholz, Tyskland, men har drevet med slektsgransking i Norge i mer enn 35 år. Morssiden stammer fra Matre. De siste 20 årene har blitt viet familiene i Masfjorden. Han er naturlig nok interessert i relasjoner mellom Nord-Tyskland og Norge. Han har registrert vielser Masfjorden 1851-1864.', 'Lukk Informasjon om cookies Arkivverket bruker cookies (informasjonskapsler) på sine nettsider for å levere en bedre tjeneste. De brukes til bl.a. skjemaoppdateringer og innlogging. Bruk siden som normalt, eller lukk informasjonsboksen for å akseptere bruk av cookies. Les mer om hvordan du styrer cookies.']"
570cb4e14349fd5e239113022f4cc326534c4e92,1b81fc6cf15dd56ef7b1bed9b79825dc665569c0,https://www.digitalarkivet.no/nn/actors/497/tore-h-vigerust,https://www.digitalarkivet.no/actors/497/tore-h-vigerust,"['Tore H. Vigerust', 'Nøkkelinformasjon', 'Kontaktinformasjon', '-', 'Om Tore H. Vigerust', 'Tore Hermundsson Vigerust (f.1955 - d. 2010) var historiker og genealog bosatt i Oslo. Han registrerte kilder fra norske kjøpsteder på 1600- og 1700-tallet samt skattemanntall, regnskaper og jordebøker for Østlandet ca 1570-1660', 'Lukk Informasjon om informasjonskapslar (cookies) Arkivverket brukar cookies (informasjonskapslar) på sine nettsider for å levere ei betre teneste. Dei brukast til mellom anna skjemaoppdateringar og innlogging. Bruk sida som normalt, eller lukk informasjonsboksen for å akseptere bruk av cookies. Les meir om korleis du styrer informasjonskapslar (cookies)']","['Tore H. Vigerust', 'Nøkkelinformasjon', 'Kontaktinformasjon', '-', 'Om Tore H. Vigerust', 'Tore Hermundsson Vigerust (f.1955 - d. 2010) var historiker og genealog bosatt i Oslo. Han registrerte kilder fra norske kjøpsteder på 1600- og 1700-tallet samt skattemanntall, regnskaper og jordebøker for Østlandet ca 1570-1660', 'Lukk Informasjon om cookies Arkivverket bruker cookies (informasjonskapsler) på sine nettsider for å levere en bedre tjeneste. De brukes til bl.a. skjemaoppdateringer og innlogging. Bruk siden som normalt, eller lukk informasjonsboksen for å akseptere bruk av cookies. Les mer om hvordan du styrer cookies.']"
c428732d83bfbb715c0d6e3870057c29cc30070f,414cece334c7dddb9527cccc5670f93202277442,https://www.digitalarkivet.no/nn/actors/489/terje-e-skrolsvik,https://www.digitalarkivet.no/actors/489/terje-e-skrolsvik,"['Terje E Skrolsvik', 'Nøkkelinformasjon', 'Kontaktinformasjon', '-', 'Om Terje E Skrolsvik', 'Terje E. Skrolsvik har registrert faddere for døpte ved Nykirken, i Bergen, i perioden 1700-1750. Han har også laget avskriften til Bergen Bys Matrikkel for 1906-1907 som ligger til grunn for databasen Overgang rode-gatenavn i Bergen. Arne Solli har tilrettelagt databasen for internett.', 'Lukk Informasjon om informasjonskapslar (cookies) Arkivverket brukar cookies (informasjonskapslar) på sine nettsider for å levere ei betre teneste. Dei brukast til mellom anna skjemaoppdateringar og innlogging. Bruk sida som normalt, eller lukk informasjonsboksen for å akseptere bruk av cookies. Les meir om korleis du styrer informasjonskapslar (cookies)']","['Terje E Skrolsvik', 'Nøkkelinformasjon', 'Kontaktinformasjon', '-', 'Om Terje E Skrolsvik', 'Terje E. Skrolsvik har registrert faddere for døpte ved Nykirken, i Bergen, i perioden 1700-1750. Han har også laget avskriften til Bergen Bys Matrikkel for 1906-1907 som ligger til grunn for databasen Overgang rode-gatenavn i Bergen. Arne Solli har tilrettelagt databasen for internett.', 'Lukk Informasjon om cookies Arkivverket bruker cookies (informasjonskapsler) på sine nettsider for å levere en bedre tjeneste. De brukes til bl.a. skjemaoppdateringer og innlogging. Bruk siden som normalt, eller lukk informasjonsboksen for å akseptere bruk av cookies. Les mer om hvordan du styrer cookies.']"
f9e0577279782236774da0db4fbe399dc3adcac3,4dd330e84c2195f36b27516554e422d40ccd4148,https://www.digitalarkivet.no/nn/actors/145/slekt-og-data-salten-slektshistorielag,https://www.digitalarkivet.no/actors/145/slekt-og-data-salten-slektshistorielag,"['Kontaktinformasjon', 'Om Slekt og Data Salten Slektshistorielag', 'Slekt og Data-Salten Slektshistorielag har tilgang til kilder ved Arkiv i Nordland, slik at hvis noen ønsker å registrere skolelister, vaksinasjonslister, manntall eller andre kilder derfra er det bare å kontakte koordinator. Alle registreringer skal være korrekturlest.', 'Lukk Informasjon om informasjonskapslar (cookies) Arkivverket brukar cookies (informasjonskapslar) på sine nettsider for å levere ei betre teneste. Dei brukast til mellom anna skjemaoppdateringar og innlogging. Bruk sida som normalt, eller lukk informasjonsboksen for å akseptere bruk av cookies. Les meir om korleis du styrer informasjonskapslar (cookies)']","['Kontaktinformasjon', 'Om Slekt og Data Salten Slektshistorielag', 'Slekt og Data-Salten Slektshistorielag har tilgang til kilder ved Arkiv i Nordland, slik at hvis noen ønsker å registrere skolelister, vaksinasjonslister, manntall eller andre kilder derfra er det bare å kontakte koordinator. Alle registreringer skal være korrekturlest.', 'Lukk Informasjon om cookies Arkivverket bruker cookies (informasjonskapsler) på sine nettsider for å levere en bedre tjeneste. De brukes til bl.a. skjemaoppdateringer og innlogging. Bruk siden som normalt, eller lukk informasjonsboksen for å akseptere bruk av cookies. Les mer om hvordan du styrer cookies.']"
a4dd57fd5cbce57d23ff94a54e21b1deccf1b3e2,a87b37abf6e862c631c017904ff2c000632725e9,https://www.digitalarkivet.no/nn/actors/319/kristian-hunskaar,https://www.digitalarkivet.no/actors/319/kristian-hunskaar,"['Om Kristian Hunskaar', 'Lukk Informasjon om informasjonskapslar (cookies) Arkivverket brukar cookies (informasjonskapslar) på sine nettsider for å levere ei betre teneste. Dei brukast til mellom anna skjemaoppdateringar og innlogging. Bruk sida som normalt, eller lukk informasjonsboksen for å akseptere bruk av cookies. Les meir om korleis du styrer informasjonskapslar (cookies)']","['Om Kristian Hunskaar', 'Lukk Informasjon om cookies Arkivverket bruker cookies (informasjonskapsler) på sine nettsider for å levere en bedre tjeneste. De brukes til bl.a. skjemaoppdateringer og innlogging. Bruk siden som normalt, eller lukk informasjonsboksen for å akseptere bruk av cookies. Les mer om hvordan du styrer cookies.']"
c7bab5cf08a41d9b3a88eb1e7d20e611d24ad767,50080ec34c4e734c11f196da8de69f59de7de0a4,https://www.digitalarkivet.no/nn/actors/581/stein-owe-haugland,https://www.digitalarkivet.no/actors/581/stein-owe-haugland,"['Stein Owe Haugland', 'Nøkkelinformasjon', 'Kontaktinformasjon', '-', 'Om Stein Owe Haugland', 'Stein Owe Haugland registrere ministerialbøkene for Evje prestegjeld. Prestegjeldet består av Evje, Hornnes, Iveland og Vegusdal sokn. Vegusdal ble siden overført til Herefoss prestegjeld. Fra 1705 til 1816 er det ført kronologisk liste i separate bøker, mens det fra 1816 til 1884 er alle sokn ført i en felles kirkebok. Etter 1884 er det igjen en bok for hvert sokn. Han har konsentrert seg om Evje sokn siden det nå skrives bygdebok for Evje (ferdig ca. 2015).', 'Lukk Informasjon om informasjonskapslar (cookies) Arkivverket brukar cookies (informasjonskapslar) på sine nettsider for å levere ei betre teneste. Dei brukast til mellom anna skjemaoppdateringar og innlogging. Bruk sida som normalt, eller lukk informasjonsboksen for å akseptere bruk av cookies. Les meir om korleis du styrer informasjonskapslar (cookies)']","['Stein Owe Haugland', 'Nøkkelinformasjon', 'Kontaktinformasjon', '-', 'Om Stein Owe Haugland', 'Stein Owe Haugland registrere ministerialbøkene for Evje prestegjeld. Prestegjeldet består av Evje, Hornnes, Iveland og Vegusdal sokn. Vegusdal ble siden overført til Herefoss prestegjeld. Fra 1705 til 1816 er det ført kronologisk liste i separate bøker, mens det fra 1816 til 1884 er alle sokn ført i en felles kirkebok. Etter 1884 er det igjen en bok for hvert sokn. Han har konsentrert seg om Evje sokn siden det nå skrives bygdebok for Evje (ferdig ca. 2015).', 'Lukk Informasjon om cookies Arkivverket bruker cookies (informasjonskapsler) på sine nettsider for å levere en bedre tjeneste. De brukes til bl.a. skjemaoppdateringer og innlogging. Bruk siden som normalt, eller lukk informasjonsboksen for å akseptere bruk av cookies. Les mer om hvordan du styrer cookies.']"
01ad9b3492fabc9c9aa200f2b416c9320ecbd9f4,545921bd127d472af5facdc95419f75bb53648c7,https://www.digitalarkivet.no/nn/actors/271/jo-rune-ugulen/transcriptions,https://www.digitalarkivet.no/actors/271/jo-rune-ugulen/transcriptions,"['Jo Rune Ugulen', 'Lukk Informasjon om informasjonskapslar (cookies) Arkivverket brukar cookies (informasjonskapslar) på sine nettsider for å levere ei betre teneste. Dei brukast til mellom anna skjemaoppdateringar og innlogging. Bruk sida som normalt, eller lukk informasjonsboksen for å akseptere bruk av cookies. Les meir om korleis du styrer informasjonskapslar (cookies)']","['Jo Rune Ugulen', 'Lukk Informasjon om cookies Arkivverket bruker cookies (informasjonskapsler) på sine nettsider for å levere en bedre tjeneste. De brukes til bl.a. skjemaoppdateringer og innlogging. Bruk siden som normalt, eller lukk informasjonsboksen for å akseptere bruk av cookies. Les mer om hvordan du styrer cookies.']"
133daa24737f952f52a4ede1aa48a11331cba059,b9c36cb0c0de24fdee1c8a944809437ffb8df2a4,https://www.digitalarkivet.no/nn/actors/149/slekt-og-data-s%C3%B8rtr%C3%B8ndelag,https://www.digitalarkivet.no/actors/149/slekt-og-data-s%C3%B8rtr%C3%B8ndelag,"['Kontaktinformasjon', 'Om Slekt og Data Sør-Trøndelag', 'Slekt og Data-Sør-Trøndelag registrerer kirkebøker fra Sør-Trøndelag. Foreningen deltar i Samarbeidsavtalen mellom Riksarkiven og Slekt og Data, men har likevel eget rom i Digitalpensjonatet for å presentere registreringer som ikke er korrekturlest. Når/hvis en korrekturlesing blir gjennomført, vil materialet bli flyttet over til Digitalarkivet. Jostein Mediaa har registrert kirkebøkene for Domkirken, Ila kirke, Fillan og Røros. Arbeidet er ikke korrekturlest.', 'Lukk Informasjon om informasjonskapslar (cookies) Arkivverket brukar cookies (informasjonskapslar) på sine nettsider for å levere ei betre teneste. Dei brukast til mellom anna skjemaoppdateringar og innlogging. Bruk sida som normalt, eller lukk informasjonsboksen for å akseptere bruk av cookies. Les meir om korleis du styrer informasjonskapslar (cookies)']","['Kontaktinformasjon', 'Om Slekt og Data Sør-Trøndelag', 'Slekt og Data-Sør-Trøndelag registrerer kirkebøker fra Sør-Trøndelag. Foreningen deltar i Samarbeidsavtalen mellom Riksarkiven og Slekt og Data, men har likevel eget rom i Digitalpensjonatet for å presentere registreringer som ikke er korrekturlest. Når/hvis en korrekturlesing blir gjennomført, vil materialet bli flyttet over til Digitalarkivet. Jostein Mediaa har registrert kirkebøkene for Domkirken, Ila kirke, Fillan og Røros. Arbeidet er ikke korrekturlest.', 'Lukk Informasjon om cookies Arkivverket bruker cookies (informasjonskapsler) på sine nettsider for å levere en bedre tjeneste. De brukes til bl.a. skjemaoppdateringer og innlogging. Bruk siden som normalt, eller lukk informasjonsboksen for å akseptere bruk av cookies. Les mer om hvordan du styrer cookies.']"
7967d025eb513c0b65fcc70a0983fa2c4e6b7303,c142677ec031d8339862393eb2054d133bcd6f73,https://www.digitalarkivet.no/nn/actors/247/ingerkarin-martinsen/transcriptions,https://www.digitalarkivet.no/actors/247/ingerkarin-martinsen/transcriptions,"['Inger-Karin Martinsen', 'Lukk Informasjon om informasjonskapslar (cookies) Arkivverket brukar cookies (informasjonskapslar) på sine nettsider for å levere ei betre teneste. Dei brukast til mellom anna skjemaoppdateringar og innlogging. Bruk sida som normalt, eller lukk informasjonsboksen for å akseptere bruk av cookies. Les meir om korleis du styrer informasjonskapslar (cookies)']","['Inger-Karin Martinsen', 'Lukk Informasjon om cookies Arkivverket bruker cookies (informasjonskapsler) på sine nettsider for å levere en bedre tjeneste. De brukes til bl.a. skjemaoppdateringer og innlogging. Bruk siden som normalt, eller lukk informasjonsboksen for å akseptere bruk av cookies. Les mer om hvordan du styrer cookies.']"
158377b72d07a131fff6544a54e6192023d918f1,8351394e61298df3a2edb244097c254b142759ba,https://www.digitalarkivet.no/nn/actors/417/p%C3%A5l-andr%C3%A9-j%C3%B8rgensen/transcriptions,https://www.digitalarkivet.no/actors/417/p%C3%A5l-andr%C3%A9-j%C3%B8rgensen/transcriptions,"['Pål André Jørgensen', 'Lukk Informasjon om informasjonskapslar (cookies) Arkivverket brukar cookies (informasjonskapslar) på sine nettsider for å levere ei betre teneste. Dei brukast til mellom anna skjemaoppdateringar og innlogging. Bruk sida som normalt, eller lukk informasjonsboksen for å akseptere bruk av cookies. Les meir om korleis du styrer informasjonskapslar (cookies)']","['Pål André Jørgensen', 'Lukk Informasjon om cookies Arkivverket bruker cookies (informasjonskapsler) på sine nettsider for å levere en bedre tjeneste. De brukes til bl.a. skjemaoppdateringer og innlogging. Bruk siden som normalt, eller lukk informasjonsboksen for å akseptere bruk av cookies. Les mer om hvordan du styrer cookies.']"
3d05287255f1275f9d36c47c87c7bd1c04a713bd,6e2d6e4bc2b2d731be7c48acd0d9b465fc592e9e,https://www.digitalarkivet.no/nn/actors/109/buskerud-slektshistorielag,https://www.digitalarkivet.no/actors/109/buskerud-slektshistorielag,"['Kontaktinformasjon', 'Om Buskerud slektshistorielag', 'Buskerud slektshistorielag har registrert eiendomsskatten fra 1765 for Modum, samt begravelser fra samme område for perioden 1712-1740. Laget har også registrert dåp i Sandsvær fra 1701 til 1779. For kirkene i Sandsvær er det brukt forkortelser: E = Efteløt H = Hedenstad T = Tuft K = Komnes J = Jondalen', 'Lukk Informasjon om informasjonskapslar (cookies) Arkivverket brukar cookies (informasjonskapslar) på sine nettsider for å levere ei betre teneste. Dei brukast til mellom anna skjemaoppdateringar og innlogging. Bruk sida som normalt, eller lukk informasjonsboksen for å akseptere bruk av cookies. Les meir om korleis du styrer informasjonskapslar (cookies)']","['Kontaktinformasjon', 'Om Buskerud slektshistorielag', 'Buskerud slektshistorielag har registrert eiendomsskatten fra 1765 for Modum, samt begravelser fra samme område for perioden 1712-1740. Laget har også registrert dåp i Sandsvær fra 1701 til 1779. For kirkene i Sandsvær er det brukt forkortelser: E = Efteløt H = Hedenstad T = Tuft K = Komnes J = Jondalen', 'Lukk Informasjon om cookies Arkivverket bruker cookies (informasjonskapsler) på sine nettsider for å levere en bedre tjeneste. De brukes til bl.a. skjemaoppdateringer og innlogging. Bruk siden som normalt, eller lukk informasjonsboksen for å akseptere bruk av cookies. Les mer om hvordan du styrer cookies.']"
761b0124ca35b2604c57c64b93f5ea35e9074184,2f435c52d47cf47f47e870612ac25a84dcc7aa76,https://www.digitalarkivet.no/nn/actors/183/espen-brataker,https://www.digitalarkivet.no/actors/183/espen-brataker,"['Om Espen Brataker', 'Lukk Informasjon om informasjonskapslar (cookies) Arkivverket brukar cookies (informasjonskapslar) på sine nettsider for å levere ei betre teneste. Dei brukast til mellom anna skjemaoppdateringar og innlogging. Bruk sida som normalt, eller lukk informasjonsboksen for å akseptere bruk av cookies. Les meir om korleis du styrer informasjonskapslar (cookies)']","['Om Espen Brataker', 'Lukk Informasjon om cookies Arkivverket bruker cookies (informasjonskapsler) på sine nettsider for å levere en bedre tjeneste. De brukes til bl.a. skjemaoppdateringer og innlogging. Bruk siden som normalt, eller lukk informasjonsboksen for å akseptere bruk av cookies. Les mer om hvordan du styrer cookies.']"
efef7e6a7471fc4126fb58a47d58c3a8d9612212,c91116ce39efab54cfe0d9f6d9c8c4fcb66c4c5a,https://www.digitalarkivet.no/nn/actors/61/arne-johan-gjermundsen/transcriptions,https://www.digitalarkivet.no/actors/61/arne-johan-gjermundsen/transcriptions,"['Arne Johan Gjermundsen', 'Lukk Informasjon om informasjonskapslar (cookies) Arkivverket brukar cookies (informasjonskapslar) på sine nettsider for å levere ei betre teneste. Dei brukast til mellom anna skjemaoppdateringar og innlogging. Bruk sida som normalt, eller lukk informasjonsboksen for å akseptere bruk av cookies. Les meir om korleis du styrer informasjonskapslar (cookies)']","['Arne Johan Gjermundsen', 'Lukk Informasjon om cookies Arkivverket bruker cookies (informasjonskapsler) på sine nettsider for å levere en bedre tjeneste. De brukes til bl.a. skjemaoppdateringer og innlogging. Bruk siden som normalt, eller lukk informasjonsboksen for å akseptere bruk av cookies. Les mer om hvordan du styrer cookies.']"
6998bdbf7527fff4ac1032cfcb5b7d808a61ba45,8fa56f74b3591ab9fe976ba2a210ce45cdc3c3fd,https://www.digitalarkivet.no/nn/content/948/manuell-sladding-av-personnummer,https://www.digitalarkivet.no/content/948/manuell-sladding-av-personnummer,"['Manuell sladding av personnummer', 'Lukk Informasjon om informasjonskapslar (cookies) Arkivverket brukar cookies (informasjonskapslar) på sine nettsider for å levere ei betre teneste. Dei brukast til mellom anna skjemaoppdateringar og innlogging. Bruk sida som normalt, eller lukk informasjonsboksen for å akseptere bruk av cookies. Les meir om korleis du styrer informasjonskapslar (cookies)']","['Manuell sladding av personnummer', 'Lukk Informasjon om cookies Arkivverket bruker cookies (informasjonskapsler) på sine nettsider for å levere en bedre tjeneste. De brukes til bl.a. skjemaoppdateringer og innlogging. Bruk siden som normalt, eller lukk informasjonsboksen for å akseptere bruk av cookies. Les mer om hvordan du styrer cookies.']"
06434418e632c21241dfa0bc81820de92466407f,794673677d02ccdd8daf432881bed3434bac68f2,https://www.digitalarkivet.no/nn/actors/651/aslak-kittelsen,https://www.digitalarkivet.no/actors/651/aslak-kittelsen,"['Aslak Kittelsen', 'Nøkkelinformasjon', 'Kontaktinformasjon', '-', 'Om Aslak Kittelsen', 'Aslak Kittelsen er bygdebokforfatter i Sørum kommune. I forbindelse med arbeidet sitt vil han transkribere flyttelister for kirkebøkene for Aurskog prestegjeld. Listene blir lagt ut for søk fortløpende etterhvert som dataene sendes til Digitalarkivet.', 'Lukk Informasjon om informasjonskapslar (cookies) Arkivverket brukar cookies (informasjonskapslar) på sine nettsider for å levere ei betre teneste. Dei brukast til mellom anna skjemaoppdateringar og innlogging. Bruk sida som normalt, eller lukk informasjonsboksen for å akseptere bruk av cookies. Les meir om korleis du styrer informasjonskapslar (cookies)']","['Aslak Kittelsen', 'Nøkkelinformasjon', 'Kontaktinformasjon', '-', 'Om Aslak Kittelsen', 'Aslak Kittelsen er bygdebokforfatter i Sørum kommune. I forbindelse med arbeidet sitt vil han transkribere flyttelister for kirkebøkene for Aurskog prestegjeld. Listene blir lagt ut for søk fortløpende etterhvert som dataene sendes til Digitalarkivet.', 'Lukk Informasjon om cookies Arkivverket bruker cookies (informasjonskapsler) på sine nettsider for å levere en bedre tjeneste. De brukes til bl.a. skjemaoppdateringer og innlogging. Bruk siden som normalt, eller lukk informasjonsboksen for å akseptere bruk av cookies. Les mer om hvordan du styrer cookies.']"
6f16a450ad54e5e80fe23a14b68c9ff6caa7b472,c6ccfe5745ef0c5592f0f7b9c423c11ec61d2bac,https://www.digitalarkivet.no/nn/content/93/arv-og-skiftemateriale,https://www.digitalarkivet.no/content/93/arv-og-skiftemateriale,"['Arv og skiftemateriale', 'Ved dødsfall ble det i mange tilfeller holdt offentlig skifte. På Digitalarkivet finner du skiftemateriale fra hele landet.', 'Lukk Informasjon om informasjonskapslar (cookies) Arkivverket brukar cookies (informasjonskapslar) på sine nettsider for å levere ei betre teneste. Dei brukast til mellom anna skjemaoppdateringar og innlogging. Bruk sida som normalt, eller lukk informasjonsboksen for å akseptere bruk av cookies. Les meir om korleis du styrer informasjonskapslar (cookies)']","['Arv og skiftemateriale', 'Ved dødsfall ble det i mange tilfeller holdt offentlig skifte. På Digitalarkivet finner du skiftemateriale fra hele landet.', 'Lukk Informasjon om cookies Arkivverket bruker cookies (informasjonskapsler) på sine nettsider for å levere en bedre tjeneste. De brukes til bl.a. skjemaoppdateringer og innlogging. Bruk siden som normalt, eller lukk informasjonsboksen for å akseptere bruk av cookies. Les mer om hvordan du styrer cookies.']"
0239b99a4b6ba3ce4cbe240440707ea2e5289e5e,4682b6008120c8a7c5a613a4e6f3b175724c4bff,https://www.digitalarkivet.no/nn/actors/563/hans-haug-ruud,https://www.digitalarkivet.no/actors/563/hans-haug-ruud,"['Om Hans Haug Ruud', 'Lukk Informasjon om informasjonskapslar (cookies) Arkivverket brukar cookies (informasjonskapslar) på sine nettsider for å levere ei betre teneste. Dei brukast til mellom anna skjemaoppdateringar og innlogging. Bruk sida som normalt, eller lukk informasjonsboksen for å akseptere bruk av cookies. Les meir om korleis du styrer informasjonskapslar (cookies)']","['Om Hans Haug Ruud', 'Lukk Informasjon om cookies Arkivverket bruker cookies (informasjonskapsler) på sine nettsider for å levere en bedre tjeneste. De brukes til bl.a. skjemaoppdateringer og innlogging. Bruk siden som normalt, eller lukk informasjonsboksen for å akseptere bruk av cookies. Les mer om hvordan du styrer cookies.']"
e6de4d0a9455f2525ca5c21cf1f619bb9ec0e520,01a467bbb1347df26fb14650a53ce75aeec7982b,https://www.digitalarkivet.no/nn/content/888/selvbetjent-overf%C3%B8ring-mottak-til-bevaring,https://www.digitalarkivet.no/content/888/selvbetjent-overf%C3%B8ring-mottak-til-bevaring,"['Sporbarhet i endringer som gjøres i forbindelse med kontroll av mottatte arkiv', 'Enkel overlevering av kontrollerte arkiv til langtidsbevaring', 'Lukk Informasjon om informasjonskapslar (cookies) Arkivverket brukar cookies (informasjonskapslar) på sine nettsider for å levere ei betre teneste. Dei brukast til mellom anna skjemaoppdateringar og innlogging. Bruk sida som normalt, eller lukk informasjonsboksen for å akseptere bruk av cookies. Les meir om korleis du styrer informasjonskapslar (cookies)']","['Sporbarhet i endringer som gjøres i forbindelse med kontroll av mottatte arkiv', 'Enkel overlevering av kontrollerte arkiv til langtidsbevaring', 'Lukk Informasjon om cookies Arkivverket bruker cookies (informasjonskapsler) på sine nettsider for å levere en bedre tjeneste. De brukes til bl.a. skjemaoppdateringer og innlogging. Bruk siden som normalt, eller lukk informasjonsboksen for å akseptere bruk av cookies. Les mer om hvordan du styrer cookies.']"
fe0b56c27662c09b90b22ccb50f7b405c38c438d,b1d0e3dba73461113ff15e26193847a8f65f2b9e,https://www.digitalarkivet.no/nn/actors/121/dagfinn-refseth,https://www.digitalarkivet.no/actors/121/dagfinn-refseth,"['Kontaktinformasjon', 'Om Dagfinn Refseth', 'Lukk Informasjon om informasjonskapslar (cookies) Arkivverket brukar cookies (informasjonskapslar) på sine nettsider for å levere ei betre teneste. Dei brukast til mellom anna skjemaoppdateringar og innlogging. Bruk sida som normalt, eller lukk informasjonsboksen for å akseptere bruk av cookies. Les meir om korleis du styrer informasjonskapslar (cookies)']","['Kontaktinformasjon', 'Om Dagfinn Refseth', 'Lukk Informasjon om cookies Arkivverket bruker cookies (informasjonskapsler) på sine nettsider for å levere en bedre tjeneste. De brukes til bl.a. skjemaoppdateringer og innlogging. Bruk siden som normalt, eller lukk informasjonsboksen for å akseptere bruk av cookies. Les mer om hvordan du styrer cookies.']"
a70804eb90a0d889da514a3b2dd26b21188b0cdd,1c6d80da1cbe016a7e6cc490c5a792a9a62c8451,https://www.digitalarkivet.no/nn/content/909/automatisk-formatkonvertering-par,https://www.digitalarkivet.no/content/909/automatisk-formatkonvertering-par,"['Automatisk formatkonvertering (PAR)', 'Støtte for Preservation Action Registry som i praksis er en samlet “oppskriftsbok” for handlinger som kan gjøres i bevaringsløsningen. For eksempel innstillingene og verktøyene som kan brukes til å konvertere fra et filformat til et annet.', 'Lukk Informasjon om informasjonskapslar (cookies) Arkivverket brukar cookies (informasjonskapslar) på sine nettsider for å levere ei betre teneste. Dei brukast til mellom anna skjemaoppdateringar og innlogging. Bruk sida som normalt, eller lukk informasjonsboksen for å akseptere bruk av cookies. Les meir om korleis du styrer informasjonskapslar (cookies)']","['Automatisk formatkonvertering (PAR)', 'Støtte for Preservation Action Registry som i praksis er en samlet “oppskriftsbok” for handlinger som kan gjøres i bevaringsløsningen. For eksempel innstillingene og verktøyene som kan brukes til å konvertere fra et filformat til et annet.', 'Lukk Informasjon om cookies Arkivverket bruker cookies (informasjonskapsler) på sine nettsider for å levere en bedre tjeneste. De brukes til bl.a. skjemaoppdateringer og innlogging. Bruk siden som normalt, eller lukk informasjonsboksen for å akseptere bruk av cookies. Les mer om hvordan du styrer cookies.']"
5fd3b5ab624ade719ab25cf4e4e8ec41a9b7179d,1ac7fff0414145631bc066c5937e93bb01cb41c0,https://www.digitalarkivet.no/nn/actors/753/arkivverket,https://www.digitalarkivet.no/actors/753/arkivverket,"['Kontaktinformasjon', 'Om Arkivverket', 'Arkivverket består av Riksarkivet, åtte regionale statsarkiv og Samisk arkiv. Arkivverkets samfunnsoppdrag er å sikre samfunnets behov for å bevare, gjøre tilgjengelig og formidle arkiver som er avlevert til eller deponert i etaten. Samfunnsoppdraget omfatter også å fastsette krav og standarder, veilede og føre tilsyn med offentlige arkiv, samt oversikt og samordning av arbeidet med privatarkiv.', 'Lukk Informasjon om informasjonskapslar (cookies) Arkivverket brukar cookies (informasjonskapslar) på sine nettsider for å levere ei betre teneste. Dei brukast til mellom anna skjemaoppdateringar og innlogging. Bruk sida som normalt, eller lukk informasjonsboksen for å akseptere bruk av cookies. Les meir om korleis du styrer informasjonskapslar (cookies)']","['Kontaktinformasjon', 'Om Arkivverket', 'Arkivverket består av Riksarkivet, åtte regionale statsarkiv og Samisk arkiv. Arkivverkets samfunnsoppdrag er å sikre samfunnets behov for å bevare, gjøre tilgjengelig og formidle arkiver som er avlevert til eller deponert i etaten. Samfunnsoppdraget omfatter også å fastsette krav og standarder, veilede og føre tilsyn med offentlige arkiv, samt oversikt og samordning av arbeidet med privatarkiv.', 'Lukk Informasjon om cookies Arkivverket bruker cookies (informasjonskapsler) på sine nettsider for å levere en bedre tjeneste. De brukes til bl.a. skjemaoppdateringer og innlogging. Bruk siden som normalt, eller lukk informasjonsboksen for å akseptere bruk av cookies. Les mer om hvordan du styrer cookies.']"
821fdc27e29c63f5a4ff753b8f6cb238922fab0e,28504c2f1e1bc778c6797b11bdf9f658315a65ee,https://www.digitalarkivet.no/nn/actors/195/gdsbuskerud,https://www.digitalarkivet.no/actors/195/gdsbuskerud,"['Kontaktinformasjon', 'Om GDS-Buskerud', 'For nærmere informasjon om GDS-Buskerud se hjemmesidene til Buskerud Slektshistorielag. Kirkebøkene for Hurum er kontrollest av medlemmer av Hurum historielag. Men det betyr ikke at det er 100% feilfritt. GDS-Buskerud vil være svært takknemlige for å bli gjort oppmerksomme på eventuelle feil. De vil bli sjekket og rettet. Kirkebøkene for Lier er kontrollest av medlemmene i Lier Historielag, og med hjelp av Slekt og Data Buskerud-Drammen', 'Lukk Informasjon om informasjonskapslar (cookies) Arkivverket brukar cookies (informasjonskapslar) på sine nettsider for å levere ei betre teneste. Dei brukast til mellom anna skjemaoppdateringar og innlogging. Bruk sida som normalt, eller lukk informasjonsboksen for å akseptere bruk av cookies. Les meir om korleis du styrer informasjonskapslar (cookies)']","['Kontaktinformasjon', 'Om GDS-Buskerud', 'For nærmere informasjon om GDS-Buskerud se hjemmesidene til Buskerud Slektshistorielag. Kirkebøkene for Hurum er kontrollest av medlemmer av Hurum historielag. Men det betyr ikke at det er 100% feilfritt. GDS-Buskerud vil være svært takknemlige for å bli gjort oppmerksomme på eventuelle feil. De vil bli sjekket og rettet. Kirkebøkene for Lier er kontrollest av medlemmene i Lier Historielag, og med hjelp av Slekt og Data Buskerud-Drammen', 'Lukk Informasjon om cookies Arkivverket bruker cookies (informasjonskapsler) på sine nettsider for å levere en bedre tjeneste. De brukes til bl.a. skjemaoppdateringer og innlogging. Bruk siden som normalt, eller lukk informasjonsboksen for å akseptere bruk av cookies. Les mer om hvordan du styrer cookies.']"
73b5fbaceee38f9082d596ab87a9b010a6668144,7b868797d8e91674b1ebe7a82417c6ed7d59f350,https://www.digitalarkivet.no/nn/actors/75/connie-jaynes-og-arnt-stavne,https://www.digitalarkivet.no/actors/75/connie-jaynes-og-arnt-stavne,"['Nøkkelinformasjon', 'Kontaktinformasjon', 'Om Connie Jaynes og Arnt Stavne', 'Connie Jaynes og Arnt Stavne har registrert folketellingene 1815 og 1825 for Rennebu sokn, Meldal prestegjeld. De takker ansatte ved Statsarkivet i Trondheim for bistand til å tolke vanskelige navn/yrkesbetegnelser. De takker også Arnfinn Kjelland for forslag/hjelp til endelig utforming av regnearket.', 'Lukk Informasjon om informasjonskapslar (cookies) Arkivverket brukar cookies (informasjonskapslar) på sine nettsider for å levere ei betre teneste. Dei brukast til mellom anna skjemaoppdateringar og innlogging. Bruk sida som normalt, eller lukk informasjonsboksen for å akseptere bruk av cookies. Les meir om korleis du styrer informasjonskapslar (cookies)']","['Nøkkelinformasjon', 'Kontaktinformasjon', 'Om Connie Jaynes og Arnt Stavne', 'Connie Jaynes og Arnt Stavne har registrert folketellingene 1815 og 1825 for Rennebu sokn, Meldal prestegjeld. De takker ansatte ved Statsarkivet i Trondheim for bistand til å tolke vanskelige navn/yrkesbetegnelser. De takker også Arnfinn Kjelland for forslag/hjelp til endelig utforming av regnearket.', 'Lukk Informasjon om cookies Arkivverket bruker cookies (informasjonskapsler) på sine nettsider for å levere en bedre tjeneste. De brukes til bl.a. skjemaoppdateringer og innlogging. Bruk siden som normalt, eller lukk informasjonsboksen for å akseptere bruk av cookies. Les mer om hvordan du styrer cookies.']"
9b2fb4a1ab75a405ff16e024529fb15730307d30,add83052223c5ba2d0c9990b615a4bc6b87bd396,https://www.digitalarkivet.no/nn/actors/657/grethe-hegge,https://www.digitalarkivet.no/actors/657/grethe-hegge,"['Om Grethe Hegge', 'Lukk Informasjon om informasjonskapslar (cookies) Arkivverket brukar cookies (informasjonskapslar) på sine nettsider for å levere ei betre teneste. Dei brukast til mellom anna skjemaoppdateringar og innlogging. Bruk sida som normalt, eller lukk informasjonsboksen for å akseptere bruk av cookies. Les meir om korleis du styrer informasjonskapslar (cookies)']","['Om Grethe Hegge', 'Lukk Informasjon om cookies Arkivverket bruker cookies (informasjonskapsler) på sine nettsider for å levere en bedre tjeneste. De brukes til bl.a. skjemaoppdateringer og innlogging. Bruk siden som normalt, eller lukk informasjonsboksen for å akseptere bruk av cookies. Les mer om hvordan du styrer cookies.']"
ace6c4a213341536610e9ffe60821b3497141959,ebb05748afced407acebc314c60a1239d60222c8,https://www.digitalarkivet.no/nn/actors/49/anita-odberg,https://www.digitalarkivet.no/actors/49/anita-odberg,"['Om Anita Odberg', 'Lukk Informasjon om informasjonskapslar (cookies) Arkivverket brukar cookies (informasjonskapslar) på sine nettsider for å levere ei betre teneste. Dei brukast til mellom anna skjemaoppdateringar og innlogging. Bruk sida som normalt, eller lukk informasjonsboksen for å akseptere bruk av cookies. Les meir om korleis du styrer informasjonskapslar (cookies)']","['Om Anita Odberg', 'Lukk Informasjon om cookies Arkivverket bruker cookies (informasjonskapsler) på sine nettsider for å levere en bedre tjeneste. De brukes til bl.a. skjemaoppdateringer og innlogging. Bruk siden som normalt, eller lukk informasjonsboksen for å akseptere bruk av cookies. Les mer om hvordan du styrer cookies.']"
53edeee37751b5bd5f81f0c350fc39bed87d71d7,28315f1d1a7c09f51eebd3569d3e6a3c02bb2c22,https://www.digitalarkivet.no/nn/content/guidelines-tools,https://www.digitalarkivet.no/content/guidelines-tools,"['Registreringsinstruks', 'Her finner du informasjon om hvordan du skal registrere historiske data for publisering på Digitalarkivet.', 'Registreringsveiledning Når du skal registrere historiske kilder, er det viktig å følge retningslinjene vi har utarbeidet. Dette vil gjøre arbeidet enklere både for deg som registrerer,...', 'HISTFORM-standarden HISTFORM er ein norsk standard for registrering og utveksling av nominative folketeljingsdata for åra 1865-1910. Den fortel korleis du gjer om handskrivne innførslar i folketeljingar...', 'KYRRE-standarden KYRRE er ein norsk standard for registrering av kyrkjebøker. Den fortel korleis du gjer om handskrivne innførslar i kyrkjebøker til søkbare data i Digitalarkivet.', 'Transkripsjonsretningslinjer for håndskriftsgjenkjenning Generelle retningslinjer for transkripsjon av tekst tilpasset arbeid med håndskriftsgjenkjenning (HTR).', 'Lukk Informasjon om informasjonskapslar (cookies) Arkivverket brukar cookies (informasjonskapslar) på sine nettsider for å levere ei betre teneste. Dei brukast til mellom anna skjemaoppdateringar og innlogging. Bruk sida som normalt, eller lukk informasjonsboksen for å akseptere bruk av cookies. Les meir om korleis du styrer informasjonskapslar (cookies)']","['Registreringsinstruks', 'Her finner du informasjon om hvordan du skal registrere historiske data for publisering på Digitalarkivet.', 'Registreringsveiledning Når du skal registrere historiske kilder, er det viktig å følge retningslinjene vi har utarbeidet. Dette vil gjøre arbeidet enklere både for deg som registrerer,...', 'HISTFORM-standarden HISTFORM er ein norsk standard for registrering og utveksling av nominative folketeljingsdata for åra 1865-1910. Den fortel korleis du gjer om handskrivne innførslar i folketeljingar...', 'KYRRE-standarden KYRRE er ein norsk standard for registrering av kyrkjebøker. Den fortel korleis du gjer om handskrivne innførslar i kyrkjebøker til søkbare data i Digitalarkivet.', 'Transkripsjonsretningslinjer for håndskriftsgjenkjenning Generelle retningslinjer for transkripsjon av tekst tilpasset arbeid med håndskriftsgjenkjenning (HTR).', 'Lukk Informasjon om cookies Arkivverket bruker cookies (informasjonskapsler) på sine nettsider for å levere en bedre tjeneste. De brukes til bl.a. skjemaoppdateringer og innlogging. Bruk siden som normalt, eller lukk informasjonsboksen for å akseptere bruk av cookies. Les mer om hvordan du styrer cookies.']"
c6f7630d55e3cdbefedc700d4c2e4874eb1e827f,759583fe5e0aff9a8a3eb35b3e9df79fae6acad4,https://www.digitalarkivet.no/nn/actors/99/birger-nytr%C3%B8en,https://www.digitalarkivet.no/actors/99/birger-nytr%C3%B8en,"['Birger Nytrøen', 'Nøkkelinformasjon', 'Kontaktinformasjon', '-', 'Om Birger Nytrøen', 'Kildene er avskrevet av Birger Nytrøen, 1928 - 2004. Birger Nytrøen registrerte kirkebøker fra Målselv etter at Registreringssentralen for historiske data (RHD) stanset sitt registreringsprosjekt for Lenvik/Målselv, da var det registrert fram til år 1884. Birger Nytrøen sine registreringer er derfor basert på kirkeboken for Målselv 1884-1921. Nytrøen laget også en database over utvandrere fra Målselv og Bardu, basert på blant annet emigrantprotokollen for Trondheim, men også kirkeboken ble brukt.', 'Lukk Informasjon om informasjonskapslar (cookies) Arkivverket brukar cookies (informasjonskapslar) på sine nettsider for å levere ei betre teneste. Dei brukast til mellom anna skjemaoppdateringar og innlogging. Bruk sida som normalt, eller lukk informasjonsboksen for å akseptere bruk av cookies. Les meir om korleis du styrer informasjonskapslar (cookies)']","['Birger Nytrøen', 'Nøkkelinformasjon', 'Kontaktinformasjon', '-', 'Om Birger Nytrøen', 'Kildene er avskrevet av Birger Nytrøen, 1928 - 2004. Birger Nytrøen registrerte kirkebøker fra Målselv etter at Registreringssentralen for historiske data (RHD) stanset sitt registreringsprosjekt for Lenvik/Målselv, da var det registrert fram til år 1884. Birger Nytrøen sine registreringer er derfor basert på kirkeboken for Målselv 1884-1921. Nytrøen laget også en database over utvandrere fra Målselv og Bardu, basert på blant annet emigrantprotokollen for Trondheim, men også kirkeboken ble brukt.', 'Lukk Informasjon om cookies Arkivverket bruker cookies (informasjonskapsler) på sine nettsider for å levere en bedre tjeneste. De brukes til bl.a. skjemaoppdateringer og innlogging. Bruk siden som normalt, eller lukk informasjonsboksen for å akseptere bruk av cookies. Les mer om hvordan du styrer cookies.']"
456cb9ea983b628cdcc5afeebe8ce2b4c812c550,9e88908890d6d1a6be6b769d0ebadadd681c3adc,https://www.digitalarkivet.no/nn/actors/115/carol-og-walter-ellefson,https://www.digitalarkivet.no/actors/115/carol-og-walter-ellefson,"['Nøkkelinformasjon', 'Kontaktinformasjon', 'Om Carol og Walter Ellefson', 'Carol og Walter Ellefson (1929-2014) har registrert kirkebøker fra Lone Rock, Little Rock og Oslo Norsk-lutherske kirker i Moody County, Sør-Dakota. De har også registrert gravstener på Bethania kirkegård i Moody County, Sør-Dakota.', 'Lukk Informasjon om informasjonskapslar (cookies) Arkivverket brukar cookies (informasjonskapslar) på sine nettsider for å levere ei betre teneste. Dei brukast til mellom anna skjemaoppdateringar og innlogging. Bruk sida som normalt, eller lukk informasjonsboksen for å akseptere bruk av cookies. Les meir om korleis du styrer informasjonskapslar (cookies)']","['Nøkkelinformasjon', 'Kontaktinformasjon', 'Om Carol og Walter Ellefson', 'Carol og Walter Ellefson (1929-2014) har registrert kirkebøker fra Lone Rock, Little Rock og Oslo Norsk-lutherske kirker i Moody County, Sør-Dakota. De har også registrert gravstener på Bethania kirkegård i Moody County, Sør-Dakota.', 'Lukk Informasjon om cookies Arkivverket bruker cookies (informasjonskapsler) på sine nettsider for å levere en bedre tjeneste. De brukes til bl.a. skjemaoppdateringer og innlogging. Bruk siden som normalt, eller lukk informasjonsboksen for å akseptere bruk av cookies. Les mer om hvordan du styrer cookies.']"
bd7f93633766ad7d5c5a262bba6ab6735c714f61,c4c75835bc33862d6ca5edef347247929b497ae0,https://www.digitalarkivet.no/nn/actors/525/verdal-historielag,https://www.digitalarkivet.no/actors/525/verdal-historielag,"['Kontaktinformasjon', 'Om Verdal historielag', 'De registrerte data tilhører Verdal Historielag. Leder er Øystein Walberg. Trond Okkenhaug har koordinert innsamling og registrering av materialet. Bjørn Inge Langdal har bidratt med tilrettelegging av registrene på EDB.', 'Lukk Informasjon om informasjonskapslar (cookies) Arkivverket brukar cookies (informasjonskapslar) på sine nettsider for å levere ei betre teneste. Dei brukast til mellom anna skjemaoppdateringar og innlogging. Bruk sida som normalt, eller lukk informasjonsboksen for å akseptere bruk av cookies. Les meir om korleis du styrer informasjonskapslar (cookies)']","['Kontaktinformasjon', 'Om Verdal historielag', 'De registrerte data tilhører Verdal Historielag. Leder er Øystein Walberg. Trond Okkenhaug har koordinert innsamling og registrering av materialet. Bjørn Inge Langdal har bidratt med tilrettelegging av registrene på EDB.', 'Lukk Informasjon om cookies Arkivverket bruker cookies (informasjonskapsler) på sine nettsider for å levere en bedre tjeneste. De brukes til bl.a. skjemaoppdateringer og innlogging. Bruk siden som normalt, eller lukk informasjonsboksen for å akseptere bruk av cookies. Les mer om hvordan du styrer cookies.']"
7dd0d42d5d004244921ba1b851e97073b4bab9db,f036a9b7a1e6f04f46fbd03222cee749eef6a743,https://www.digitalarkivet.no/nn/content/255/skifter,https://www.digitalarkivet.no/content/255/skifter,"['Sunnfjord', 'Lukk Informasjon om informasjonskapslar (cookies) Arkivverket brukar cookies (informasjonskapslar) på sine nettsider for å levere ei betre teneste. Dei brukast til mellom anna skjemaoppdateringar og innlogging. Bruk sida som normalt, eller lukk informasjonsboksen for å akseptere bruk av cookies. Les meir om korleis du styrer informasjonskapslar (cookies)']","['Sunnfjord', 'Lukk Informasjon om cookies Arkivverket bruker cookies (informasjonskapsler) på sine nettsider for å levere en bedre tjeneste. De brukes til bl.a. skjemaoppdateringer og innlogging. Bruk siden som normalt, eller lukk informasjonsboksen for å akseptere bruk av cookies. Les mer om hvordan du styrer cookies.']"
05c6645fa9f9e8b4b1aa9e5d31cd5d91113328e9,3ebcda15a27b8e742d7527508802ee08a25c24f8,https://www.digitalarkivet.no/nn/content/912/delegert-dataforvaltning,https://www.digitalarkivet.no/content/912/delegert-dataforvaltning,"['Delegert dataforvaltning', 'Lukk Informasjon om informasjonskapslar (cookies) Arkivverket brukar cookies (informasjonskapslar) på sine nettsider for å levere ei betre teneste. Dei brukast til mellom anna skjemaoppdateringar og innlogging. Bruk sida som normalt, eller lukk informasjonsboksen for å akseptere bruk av cookies. Les meir om korleis du styrer informasjonskapslar (cookies)']","['Delegert dataforvaltning', 'Lukk Informasjon om cookies Arkivverket bruker cookies (informasjonskapsler) på sine nettsider for å levere en bedre tjeneste. De brukes til bl.a. skjemaoppdateringer og innlogging. Bruk siden som normalt, eller lukk informasjonsboksen for å akseptere bruk av cookies. Les mer om hvordan du styrer cookies.']"
cd31d284e20e51d17ea06045843dc4fd801e4d54,cacaf83c92e4e078851aca85083cad608580e3c3,https://www.digitalarkivet.no/nn/actors/441/sissil-bruun-s%C3%B8rensen,https://www.digitalarkivet.no/actors/441/sissil-bruun-s%C3%B8rensen,"['Sissil Bruun Sørensen', 'Nøkkelinformasjon', 'Kontaktinformasjon', '-', 'Om Sissil Bruun Sørensen', 'Sissil Bruun Sørensen har registrert 1701-manntallet for Stod. Fra Inderøy fogderi, Nord-Trøndelag har hun registrert skifter 1689-1699, og tingbøkene 1694-1703. Til Inderøy fogderi hørte Stod, Beitstad, Snåsa, Sparbu, Inderøy og Ytterøy. Skiftene og tingbøkene er lagt ut slik Bruun Sørensen har registrert dem, mens manntallet er i DA-databaseform.', 'Lukk Informasjon om informasjonskapslar (cookies) Arkivverket brukar cookies (informasjonskapslar) på sine nettsider for å levere ei betre teneste. Dei brukast til mellom anna skjemaoppdateringar og innlogging. Bruk sida som normalt, eller lukk informasjonsboksen for å akseptere bruk av cookies. Les meir om korleis du styrer informasjonskapslar (cookies)']","['Sissil Bruun Sørensen', 'Nøkkelinformasjon', 'Kontaktinformasjon', '-', 'Om Sissil Bruun Sørensen', 'Sissil Bruun Sørensen har registrert 1701-manntallet for Stod. Fra Inderøy fogderi, Nord-Trøndelag har hun registrert skifter 1689-1699, og tingbøkene 1694-1703. Til Inderøy fogderi hørte Stod, Beitstad, Snåsa, Sparbu, Inderøy og Ytterøy. Skiftene og tingbøkene er lagt ut slik Bruun Sørensen har registrert dem, mens manntallet er i DA-databaseform.', 'Lukk Informasjon om cookies Arkivverket bruker cookies (informasjonskapsler) på sine nettsider for å levere en bedre tjeneste. De brukes til bl.a. skjemaoppdateringer og innlogging. Bruk siden som normalt, eller lukk informasjonsboksen for å akseptere bruk av cookies. Les mer om hvordan du styrer cookies.']"
acdde0200197606417a1f30476e18dbeb2c6a253,be757e1f808f5fa61483b4919c762ba96658d4d9,https://www.digitalarkivet.no/nn/actors/83/asle-jonassen,https://www.digitalarkivet.no/actors/83/asle-jonassen,"['Om Asle Jonassen', 'Lukk Informasjon om informasjonskapslar (cookies) Arkivverket brukar cookies (informasjonskapslar) på sine nettsider for å levere ei betre teneste. Dei brukast til mellom anna skjemaoppdateringar og innlogging. Bruk sida som normalt, eller lukk informasjonsboksen for å akseptere bruk av cookies. Les meir om korleis du styrer informasjonskapslar (cookies)']","['Om Asle Jonassen', 'Lukk Informasjon om cookies Arkivverket bruker cookies (informasjonskapsler) på sine nettsider for å levere en bedre tjeneste. De brukes til bl.a. skjemaoppdateringer og innlogging. Bruk siden som normalt, eller lukk informasjonsboksen for å akseptere bruk av cookies. Les mer om hvordan du styrer cookies.']"
f0e6434401d2d3515853f5775cef0003a5c32acc,7601be121f17458bb0a603e74aef60dc6853f162,https://www.digitalarkivet.no/nn/content/879/veikart-for-digitalarkivet,https://www.digitalarkivet.no/content/879/veikart-for-digitalarkivet,"['Status: Ferdig', 'Data fra register for selvangivelser er relevant i forbindelse med beregninger for skatt og pensjon.', 'Det er stor etterspørsel fra saksbehandlere i forvaltningen og innbyggere som trenger hjelp fra Arkivverket til å finne historiske tall.', 'Status: Ferdig', 'Lukk Informasjon om informasjonskapslar (cookies) Arkivverket brukar cookies (informasjonskapslar) på sine nettsider for å levere ei betre teneste. Dei brukast til mellom anna skjemaoppdateringar og innlogging. Bruk sida som normalt, eller lukk informasjonsboksen for å akseptere bruk av cookies. Les meir om korleis du styrer informasjonskapslar (cookies)']","['Status: Ferdig', 'Data fra register for selvangivelser er relevant i forbindelse med beregninger for skatt og pensjon.', 'Det er stor etterspørsel fra saksbehandlere i forvaltningen og innbyggere som trenger hjelp fra Arkivverket til å finne historiske tall.', 'Status: Ferdig', 'Lukk Informasjon om cookies Arkivverket bruker cookies (informasjonskapsler) på sine nettsider for å levere en bedre tjeneste. De brukes til bl.a. skjemaoppdateringer og innlogging. Bruk siden som normalt, eller lukk informasjonsboksen for å akseptere bruk av cookies. Les mer om hvordan du styrer cookies.']"
93c05c7e81bcf20235db009d51241a0cae2f9714,c5dce8d39152d433449e2e8fdcd8da4623d324de,https://www.digitalarkivet.no/nn/actors/171/einar-balle,https://www.digitalarkivet.no/actors/171/einar-balle,"['Kontaktinformasjon', 'Om Einar Balle', 'Lukk Informasjon om informasjonskapslar (cookies) Arkivverket brukar cookies (informasjonskapslar) på sine nettsider for å levere ei betre teneste. Dei brukast til mellom anna skjemaoppdateringar og innlogging. Bruk sida som normalt, eller lukk informasjonsboksen for å akseptere bruk av cookies. Les meir om korleis du styrer informasjonskapslar (cookies)']","['Kontaktinformasjon', 'Om Einar Balle', 'Lukk Informasjon om cookies Arkivverket bruker cookies (informasjonskapsler) på sine nettsider for å levere en bedre tjeneste. De brukes til bl.a. skjemaoppdateringer og innlogging. Bruk siden som normalt, eller lukk informasjonsboksen for å akseptere bruk av cookies. Les mer om hvordan du styrer cookies.']"
0648f020077e7a3b3092a072701f64963c5bac71,c94eb03a6237dff6fd2cdee6f0c709e9f7c199d1,https://www.digitalarkivet.no/nn/content/253/skattelister-og-regnskaper---fulltekstavskrifter,https://www.digitalarkivet.no/content/253/skattelister-og-regnskaper---fulltekstavskrifter,"['Kornpriser', 'Dette omfatter 4 sammenstilling av kornpriser laget av John Herstad. Publisert første gang før 2011, lagt ut her 25.11.2019. Dette er statistikk som ble laget forbindelse med hans bok ""I hetstatens grep – Kornmonopolet 1735-88"", utgitt 2000.', 'PS! Det mangler en dokumentasjonsfil som skal hete ""/herstad/kapittel.html"", denne er ikke kommet over.', 'Lukk Informasjon om informasjonskapslar (cookies) Arkivverket brukar cookies (informasjonskapslar) på sine nettsider for å levere ei betre teneste. Dei brukast til mellom anna skjemaoppdateringar og innlogging. Bruk sida som normalt, eller lukk informasjonsboksen for å akseptere bruk av cookies. Les meir om korleis du styrer informasjonskapslar (cookies)']","['Kornpriser', 'Dette omfatter 4 sammenstilling av kornpriser laget av John Herstad. Publisert første gang før 2011, lagt ut her 25.11.2019. Dette er statistikk som ble laget forbindelse med hans bok ""I hetstatens grep – Kornmonopolet 1735-88"", utgitt 2000.', 'PS! Det mangler en dokumentasjonsfil som skal hete ""/herstad/kapittel.html"", denne er ikke kommet over.', 'Lukk Informasjon om cookies Arkivverket bruker cookies (informasjonskapsler) på sine nettsider for å levere en bedre tjeneste. De brukes til bl.a. skjemaoppdateringer og innlogging. Bruk siden som normalt, eller lukk informasjonsboksen for å akseptere bruk av cookies. Les mer om hvordan du styrer cookies.']"
3bc987a31593bf2a34eb31db4104a659bdf873c5,41ca77c6e709543a1c4f7440be1a8ee0d133390b,https://www.digitalarkivet.no/nn/actors/221/hanspetter-taraldsvik,https://www.digitalarkivet.no/actors/221/hanspetter-taraldsvik,"['Hans-Petter Taraldsvik', 'Nøkkelinformasjon', 'Kontaktinformasjon', '-', 'Om Hans-Petter Taraldsvik', 'Hans-Petter Taraldsvik registrerer kyrkjebøker for Ofoten. Ver merksam på at materialet ikkje er korrekturlese. Hans-Petter Taraldsvik ynskjer å koma i kontakt med andre som har aner i folk som har aner i Beisfjord og Skjomen.', 'Lukk Informasjon om informasjonskapslar (cookies) Arkivverket brukar cookies (informasjonskapslar) på sine nettsider for å levere ei betre teneste. Dei brukast til mellom anna skjemaoppdateringar og innlogging. Bruk sida som normalt, eller lukk informasjonsboksen for å akseptere bruk av cookies. Les meir om korleis du styrer informasjonskapslar (cookies)']","['Hans-Petter Taraldsvik', 'Nøkkelinformasjon', 'Kontaktinformasjon', '-', 'Om Hans-Petter Taraldsvik', 'Hans-Petter Taraldsvik registrerer kyrkjebøker for Ofoten. Ver merksam på at materialet ikkje er korrekturlese. Hans-Petter Taraldsvik ynskjer å koma i kontakt med andre som har aner i folk som har aner i Beisfjord og Skjomen.', 'Lukk Informasjon om cookies Arkivverket bruker cookies (informasjonskapsler) på sine nettsider for å levere en bedre tjeneste. De brukes til bl.a. skjemaoppdateringer og innlogging. Bruk siden som normalt, eller lukk informasjonsboksen for å akseptere bruk av cookies. Les mer om hvordan du styrer cookies.']"
facf431aff357862407ab80dd67ffe9a201d40f9,7bd2001f1fa048a1cb20cc04a8ded67af2a62d00,https://www.digitalarkivet.no/nn/actors/475/svein-sture,https://www.digitalarkivet.no/actors/475/svein-sture,"['Svein Sture', 'Nøkkelinformasjon', 'Kontaktinformasjon', '-', 'Om Svein Sture', ""Svein Sture har skrive hovudoppgåve i historie med tittelen 'Modernisering på hjul : bilen i Bergen og Hordaland før 1940 - en sosial konstruksjon', Universitetet i Bergen, 2001. Databasane nedanfor vart registrerte i samband med dette arbeidet."", 'Lukk Informasjon om informasjonskapslar (cookies) Arkivverket brukar cookies (informasjonskapslar) på sine nettsider for å levere ei betre teneste. Dei brukast til mellom anna skjemaoppdateringar og innlogging. Bruk sida som normalt, eller lukk informasjonsboksen for å akseptere bruk av cookies. Les meir om korleis du styrer informasjonskapslar (cookies)']","['Svein Sture', 'Nøkkelinformasjon', 'Kontaktinformasjon', '-', 'Om Svein Sture', ""Svein Sture har skrive hovudoppgåve i historie med tittelen 'Modernisering på hjul : bilen i Bergen og Hordaland før 1940 - en sosial konstruksjon', Universitetet i Bergen, 2001. Databasane nedanfor vart registrerte i samband med dette arbeidet."", 'Lukk Informasjon om cookies Arkivverket bruker cookies (informasjonskapsler) på sine nettsider for å levere en bedre tjeneste. De brukes til bl.a. skjemaoppdateringer og innlogging. Bruk siden som normalt, eller lukk informasjonsboksen for å akseptere bruk av cookies. Les mer om hvordan du styrer cookies.']"
f480481928998be848edc1f9bb732fe819918b63,0a27ae168a7fc3a124899f086ee88ee0abc6d92e,https://www.digitalarkivet.no/nn/actors/217/hallvard-bragstad,https://www.digitalarkivet.no/actors/217/hallvard-bragstad,"['Hallvard Bragstad', 'Nøkkelinformasjon', 'Kontaktinformasjon', '-', 'Om Hallvard Bragstad', 'Hallvard Bragstad registrerer kirkebøker for Inderøy. Han arbeider også med registrering av noen folketellinger og manntall for samme område. Dersom databasene skal brukes til kommersielle tiltak, skal Hallvard Bragstad kontaktes på forhånd.', 'Lukk Informasjon om informasjonskapslar (cookies) Arkivverket brukar cookies (informasjonskapslar) på sine nettsider for å levere ei betre teneste. Dei brukast til mellom anna skjemaoppdateringar og innlogging. Bruk sida som normalt, eller lukk informasjonsboksen for å akseptere bruk av cookies. Les meir om korleis du styrer informasjonskapslar (cookies)']","['Hallvard Bragstad', 'Nøkkelinformasjon', 'Kontaktinformasjon', '-', 'Om Hallvard Bragstad', 'Hallvard Bragstad registrerer kirkebøker for Inderøy. Han arbeider også med registrering av noen folketellinger og manntall for samme område. Dersom databasene skal brukes til kommersielle tiltak, skal Hallvard Bragstad kontaktes på forhånd.', 'Lukk Informasjon om cookies Arkivverket bruker cookies (informasjonskapsler) på sine nettsider for å levere en bedre tjeneste. De brukes til bl.a. skjemaoppdateringer og innlogging. Bruk siden som normalt, eller lukk informasjonsboksen for å akseptere bruk av cookies. Les mer om hvordan du styrer cookies.']"
24dea2064b099518b93ab08a4c754df447d001d4,21522bc31e59cacca4d4716a6e696ad170454708,https://www.digitalarkivet.no/nn/actors/711/oppdal-kommune,https://www.digitalarkivet.no/actors/711/oppdal-kommune,"['Oppdal kommune', 'Nøkkelinformasjon', 'Kontaktinformasjon', 'Om Oppdal kommune', 'Registreringa er gjort i samband med bygdebokprosjektet til Oppdal, Oppdal kommune .Registrator og kontaktperson: Arvid Skogseth', 'Lukk Informasjon om informasjonskapslar (cookies) Arkivverket brukar cookies (informasjonskapslar) på sine nettsider for å levere ei betre teneste. Dei brukast til mellom anna skjemaoppdateringar og innlogging. Bruk sida som normalt, eller lukk informasjonsboksen for å akseptere bruk av cookies. Les meir om korleis du styrer informasjonskapslar (cookies)']","['Oppdal kommune', 'Nøkkelinformasjon', 'Kontaktinformasjon', 'Om Oppdal kommune', 'Registreringa er gjort i samband med bygdebokprosjektet til Oppdal, Oppdal kommune .Registrator og kontaktperson: Arvid Skogseth', 'Lukk Informasjon om cookies Arkivverket bruker cookies (informasjonskapsler) på sine nettsider for å levere en bedre tjeneste. De brukes til bl.a. skjemaoppdateringer og innlogging. Bruk siden som normalt, eller lukk informasjonsboksen for å akseptere bruk av cookies. Les mer om hvordan du styrer cookies.']"
4bd3dc1cb3cdedd7bc4732ff118ee7f6780a401f,872592490466da3460e74c352335d7c5ed81a10f,https://www.digitalarkivet.no/nn/actors/337/linda-m-gunderson,https://www.digitalarkivet.no/actors/337/linda-m-gunderson,"['Linda M. Gunderson', 'Nøkkelinformasjon', 'Kontaktinformasjon', '-', 'Om Linda M. Gunderson', 'Linda M. Gunderson har registrert lister fra Stjordalen Lutheran kirkesamfunn, i North Dakota. Kirkesamfunnet ble stiftet i 1882, Stjordalen er navnet på stedet i Norge hvor mange av medlemmene kom fra.', 'Lukk Informasjon om informasjonskapslar (cookies) Arkivverket brukar cookies (informasjonskapslar) på sine nettsider for å levere ei betre teneste. Dei brukast til mellom anna skjemaoppdateringar og innlogging. Bruk sida som normalt, eller lukk informasjonsboksen for å akseptere bruk av cookies. Les meir om korleis du styrer informasjonskapslar (cookies)']","['Linda M. Gunderson', 'Nøkkelinformasjon', 'Kontaktinformasjon', '-', 'Om Linda M. Gunderson', 'Linda M. Gunderson har registrert lister fra Stjordalen Lutheran kirkesamfunn, i North Dakota. Kirkesamfunnet ble stiftet i 1882, Stjordalen er navnet på stedet i Norge hvor mange av medlemmene kom fra.', 'Lukk Informasjon om cookies Arkivverket bruker cookies (informasjonskapsler) på sine nettsider for å levere en bedre tjeneste. De brukes til bl.a. skjemaoppdateringer og innlogging. Bruk siden som normalt, eller lukk informasjonsboksen for å akseptere bruk av cookies. Les mer om hvordan du styrer cookies.']"
9228005f843983f967d233f189e0345cf9284b3a,01acb2419c8b8d51cb594f0e572be7820748ea72,https://www.digitalarkivet.no/nn/content/924/enkel-opplasting-av-ulike-formater,https://www.digitalarkivet.no/content/924/enkel-opplasting-av-ulike-formater,"['Enkel opplasting av ulike formater', 'Lukk Informasjon om informasjonskapslar (cookies) Arkivverket brukar cookies (informasjonskapslar) på sine nettsider for å levere ei betre teneste. Dei brukast til mellom anna skjemaoppdateringar og innlogging. Bruk sida som normalt, eller lukk informasjonsboksen for å akseptere bruk av cookies. Les meir om korleis du styrer informasjonskapslar (cookies)']","['Enkel opplasting av ulike formater', 'Lukk Informasjon om cookies Arkivverket bruker cookies (informasjonskapsler) på sine nettsider for å levere en bedre tjeneste. De brukes til bl.a. skjemaoppdateringer og innlogging. Bruk siden som normalt, eller lukk informasjonsboksen for å akseptere bruk av cookies. Les mer om hvordan du styrer cookies.']"
13cb02caf7d593bc43791bb6bfb2c36a03c3eee3,b0d0efd79bd21cf06d6e31a6b38d9d5edeed8906,https://www.digitalarkivet.no/nn/actors/157/slekt-og-data-vestfold,https://www.digitalarkivet.no/actors/157/slekt-og-data-vestfold,"['Nøkkelinformasjon', 'Kontaktinformasjon', 'Om Slekt og Data Vestfold', 'Slekt og Data Vestfold registrer kirkebøker fra Vestfold. Foreninga deltar i Samarbeidsavtalen mellom Riksarkiven og Slekt og Data, men har likevel sitt eget rom i Digitalpensjonatet for å presentere registreringer som ikke er korrekturlest i Arkivverket. Når/hvis en korrekturlesing blir gjennomført, vil materialet bli flytta over til Digitalarkivet.', 'Lukk Informasjon om informasjonskapslar (cookies) Arkivverket brukar cookies (informasjonskapslar) på sine nettsider for å levere ei betre teneste. Dei brukast til mellom anna skjemaoppdateringar og innlogging. Bruk sida som normalt, eller lukk informasjonsboksen for å akseptere bruk av cookies. Les meir om korleis du styrer informasjonskapslar (cookies)']","['Nøkkelinformasjon', 'Kontaktinformasjon', 'Om Slekt og Data Vestfold', 'Slekt og Data Vestfold registrer kirkebøker fra Vestfold. Foreninga deltar i Samarbeidsavtalen mellom Riksarkiven og Slekt og Data, men har likevel sitt eget rom i Digitalpensjonatet for å presentere registreringer som ikke er korrekturlest i Arkivverket. Når/hvis en korrekturlesing blir gjennomført, vil materialet bli flytta over til Digitalarkivet.', 'Lukk Informasjon om cookies Arkivverket bruker cookies (informasjonskapsler) på sine nettsider for å levere en bedre tjeneste. De brukes til bl.a. skjemaoppdateringer og innlogging. Bruk siden som normalt, eller lukk informasjonsboksen for å akseptere bruk av cookies. Les mer om hvordan du styrer cookies.']"
7a7da86ec70e735cf8ff1af59835e28e22d15d07,1ab8e8e55d69388a95ecd2283c0eae1bc4eaf726,https://www.digitalarkivet.no/nn/actors/335/nils-elsrud,https://www.digitalarkivet.no/actors/335/nils-elsrud,"['Nils Elsrud', 'Nøkkelinformasjon', 'Kontaktinformasjon', '-', 'Om Nils Elsrud', 'Nils Elsrud er i styret for Ringerike slektshistorielag. Nils registrerer data fra blant annet Ådal i Buskerud og sender filer etterhvert som de blir ferdige. Nils har drevet slektsforskning siden 1980. Holder historiske foredrag og skrevet bok om utvandring fra Ringeriksbygdene, samt en bok om Elsrud Ætten.', 'Lukk Informasjon om informasjonskapslar (cookies) Arkivverket brukar cookies (informasjonskapslar) på sine nettsider for å levere ei betre teneste. Dei brukast til mellom anna skjemaoppdateringar og innlogging. Bruk sida som normalt, eller lukk informasjonsboksen for å akseptere bruk av cookies. Les meir om korleis du styrer informasjonskapslar (cookies)']","['Nils Elsrud', 'Nøkkelinformasjon', 'Kontaktinformasjon', '-', 'Om Nils Elsrud', 'Nils Elsrud er i styret for Ringerike slektshistorielag. Nils registrerer data fra blant annet Ådal i Buskerud og sender filer etterhvert som de blir ferdige. Nils har drevet slektsforskning siden 1980. Holder historiske foredrag og skrevet bok om utvandring fra Ringeriksbygdene, samt en bok om Elsrud Ætten.', 'Lukk Informasjon om cookies Arkivverket bruker cookies (informasjonskapsler) på sine nettsider for å levere en bedre tjeneste. De brukes til bl.a. skjemaoppdateringer og innlogging. Bruk siden som normalt, eller lukk informasjonsboksen for å akseptere bruk av cookies. Les mer om hvordan du styrer cookies.']"
20d03df1a2be624aa5b220822783155884d5b9d3,57967e785212609c31cd3b5b2d6c3c7cfff8e115,https://www.digitalarkivet.no/nn/actors/631/moss-historielag,https://www.digitalarkivet.no/actors/631/moss-historielag,"['Kontaktinformasjon', 'Om Moss Historielag', 'Moss Historielag ble stiftet i 2005. Vår virksomhet er tuftet på tre temaer: slektsgransking, kulturminneregistrering og informasjon om lokalhistorie. Gjennom slektsgranskingen ønske vi å gi bred informasjon og skolering.', 'Lukk Informasjon om informasjonskapslar (cookies) Arkivverket brukar cookies (informasjonskapslar) på sine nettsider for å levere ei betre teneste. Dei brukast til mellom anna skjemaoppdateringar og innlogging. Bruk sida som normalt, eller lukk informasjonsboksen for å akseptere bruk av cookies. Les meir om korleis du styrer informasjonskapslar (cookies)']","['Kontaktinformasjon', 'Om Moss Historielag', 'Moss Historielag ble stiftet i 2005. Vår virksomhet er tuftet på tre temaer: slektsgransking, kulturminneregistrering og informasjon om lokalhistorie. Gjennom slektsgranskingen ønske vi å gi bred informasjon og skolering.', 'Lukk Informasjon om cookies Arkivverket bruker cookies (informasjonskapsler) på sine nettsider for å levere en bedre tjeneste. De brukes til bl.a. skjemaoppdateringer og innlogging. Bruk siden som normalt, eller lukk informasjonsboksen for å akseptere bruk av cookies. Les mer om hvordan du styrer cookies.']"
7ad2fdf69cadf1f89edf77025bbbd0a97baaa22c,3fdf60c09cd2feab837b3872ca5354c9e1535830,https://www.digitalarkivet.no/nn/actors/63/arne-lang%C3%A5s,https://www.digitalarkivet.no/actors/63/arne-lang%C3%A5s,"['Om Arne Langås', 'Lukk Informasjon om informasjonskapslar (cookies) Arkivverket brukar cookies (informasjonskapslar) på sine nettsider for å levere ei betre teneste. Dei brukast til mellom anna skjemaoppdateringar og innlogging. Bruk sida som normalt, eller lukk informasjonsboksen for å akseptere bruk av cookies. Les meir om korleis du styrer informasjonskapslar (cookies)']","['Om Arne Langås', 'Lukk Informasjon om cookies Arkivverket bruker cookies (informasjonskapsler) på sine nettsider for å levere en bedre tjeneste. De brukes til bl.a. skjemaoppdateringer og innlogging. Bruk siden som normalt, eller lukk informasjonsboksen for å akseptere bruk av cookies. Les mer om hvordan du styrer cookies.']"
5d18157978a9d3d757b3466a93081618c56f4882,db31923e6d4f831bb575f15d2940367961d299c4,https://www.digitalarkivet.no/nn/actors/185/eva-mandt,https://www.digitalarkivet.no/actors/185/eva-mandt,"['Eva Mandt', 'Nøkkelinformasjon', 'Kontaktinformasjon', '-', 'Om Eva Mandt', 'Eva Mandt har skrevet av flere folketellinger og kirkebøker fra Lårdal, Mo og Vinje, i tillegg til et skifteregister fra samme området. Lårdal og Mo er idag under Tokke kommune. Avskriftene var opprinnelig i word-format før den ble konvertert til databaseformat av Nils Johan Stoa ved Statsarkivet i Kongsberg. Den opprinnelige avskriften til, og informasjon om, dødsfallsprotokollen kan leses her.', 'Lukk Informasjon om informasjonskapslar (cookies) Arkivverket brukar cookies (informasjonskapslar) på sine nettsider for å levere ei betre teneste. Dei brukast til mellom anna skjemaoppdateringar og innlogging. Bruk sida som normalt, eller lukk informasjonsboksen for å akseptere bruk av cookies. Les meir om korleis du styrer informasjonskapslar (cookies)']","['Eva Mandt', 'Nøkkelinformasjon', 'Kontaktinformasjon', '-', 'Om Eva Mandt', 'Eva Mandt har skrevet av flere folketellinger og kirkebøker fra Lårdal, Mo og Vinje, i tillegg til et skifteregister fra samme området. Lårdal og Mo er idag under Tokke kommune. Avskriftene var opprinnelig i word-format før den ble konvertert til databaseformat av Nils Johan Stoa ved Statsarkivet i Kongsberg. Den opprinnelige avskriften til, og informasjon om, dødsfallsprotokollen kan leses her.', 'Lukk Informasjon om cookies Arkivverket bruker cookies (informasjonskapsler) på sine nettsider for å levere en bedre tjeneste. De brukes til bl.a. skjemaoppdateringer og innlogging. Bruk siden som normalt, eller lukk informasjonsboksen for å akseptere bruk av cookies. Les mer om hvordan du styrer cookies.']"
f6d1550e53f97ee65b9dc20ca77e88bb56d23dd4,2403889497ccaa341412b48cfa7d661d92bc3661,https://www.digitalarkivet.no/nn/actors/533/%C3%B8ivind-larsen,https://www.digitalarkivet.no/actors/533/%C3%B8ivind-larsen,"['Om Øivind Larsen', 'Lukk Informasjon om informasjonskapslar (cookies) Arkivverket brukar cookies (informasjonskapslar) på sine nettsider for å levere ei betre teneste. Dei brukast til mellom anna skjemaoppdateringar og innlogging. Bruk sida som normalt, eller lukk informasjonsboksen for å akseptere bruk av cookies. Les meir om korleis du styrer informasjonskapslar (cookies)']","['Om Øivind Larsen', 'Lukk Informasjon om cookies Arkivverket bruker cookies (informasjonskapsler) på sine nettsider for å levere en bedre tjeneste. De brukes til bl.a. skjemaoppdateringer og innlogging. Bruk siden som normalt, eller lukk informasjonsboksen for å akseptere bruk av cookies. Les mer om hvordan du styrer cookies.']"
7829670efdbe1b310ca70239b56e4c65497bbd34,f83735303f6047654b2d1e96223f12ee6305d23f,https://www.digitalarkivet.no/nn/content/975/jordskifte---ofte-stilte-sp%C3%B8rsm%C3%A5l,https://www.digitalarkivet.no/content/975/jordskifte---ofte-stilte-sp%C3%B8rsm%C3%A5l,"['Jordskifte - ofte stilte spørsmål', 'Lukk Informasjon om informasjonskapslar (cookies) Arkivverket brukar cookies (informasjonskapslar) på sine nettsider for å levere ei betre teneste. Dei brukast til mellom anna skjemaoppdateringar og innlogging. Bruk sida som normalt, eller lukk informasjonsboksen for å akseptere bruk av cookies. Les meir om korleis du styrer informasjonskapslar (cookies)']","['Jordskifte - ofte stilte spørsmål', 'Lukk Informasjon om cookies Arkivverket bruker cookies (informasjonskapsler) på sine nettsider for å levere en bedre tjeneste. De brukes til bl.a. skjemaoppdateringer og innlogging. Bruk siden som normalt, eller lukk informasjonsboksen for å akseptere bruk av cookies. Les mer om hvordan du styrer cookies.']"
528ab28dea2b15d8a997e7c0acca9538475053b3,d3c2a03c4b20f5365fdac7fae64e194f1c0dd363,https://www.digitalarkivet.no/nn/content/915/overf%C3%B8ring-via-ekstern-l%C3%B8sning-f-eks-altinn,https://www.digitalarkivet.no/content/915/overf%C3%B8ring-via-ekstern-l%C3%B8sning-f-eks-altinn,"['Overføring via ekstern løsning, f. eks. Altinn', 'I dag bruker Digitalarkivet en egen overføringskanal, men det er et ønske om å kunne benytte nasjonale felleskomponenter. Dette sikrer en mer kostnadseffektiv løsning og gir oss muligheter for å automatisere større deler av selve mottaksprosessen.', 'Lukk Informasjon om informasjonskapslar (cookies) Arkivverket brukar cookies (informasjonskapslar) på sine nettsider for å levere ei betre teneste. Dei brukast til mellom anna skjemaoppdateringar og innlogging. Bruk sida som normalt, eller lukk informasjonsboksen for å akseptere bruk av cookies. Les meir om korleis du styrer informasjonskapslar (cookies)']","['Overføring via ekstern løsning, f. eks. Altinn', 'I dag bruker Digitalarkivet en egen overføringskanal, men det er et ønske om å kunne benytte nasjonale felleskomponenter. Dette sikrer en mer kostnadseffektiv løsning og gir oss muligheter for å automatisere større deler av selve mottaksprosessen.', 'Lukk Informasjon om cookies Arkivverket bruker cookies (informasjonskapsler) på sine nettsider for å levere en bedre tjeneste. De brukes til bl.a. skjemaoppdateringer og innlogging. Bruk siden som normalt, eller lukk informasjonsboksen for å akseptere bruk av cookies. Les mer om hvordan du styrer cookies.']"
f27d6e7767343daa7dca0f715f52e3a83281e951,2f29ed6c05e3817f5414d876d32a60767f0c77a9,https://www.digitalarkivet.no/nn/content/903/georedundans,https://www.digitalarkivet.no/content/903/georedundans,"['Georedundans', 'Lukk Informasjon om informasjonskapslar (cookies) Arkivverket brukar cookies (informasjonskapslar) på sine nettsider for å levere ei betre teneste. Dei brukast til mellom anna skjemaoppdateringar og innlogging. Bruk sida som normalt, eller lukk informasjonsboksen for å akseptere bruk av cookies. Les meir om korleis du styrer informasjonskapslar (cookies)']","['Georedundans', 'Lukk Informasjon om cookies Arkivverket bruker cookies (informasjonskapsler) på sine nettsider for å levere en bedre tjeneste. De brukes til bl.a. skjemaoppdateringer og innlogging. Bruk siden som normalt, eller lukk informasjonsboksen for å akseptere bruk av cookies. Les mer om hvordan du styrer cookies.']"
5eba85b0b8d8d9942f90fb137590f242e6292fb6,40d79d25ab6e5b718731a3d78b6fa7d68aa3a117,https://www.digitalarkivet.no/nn/actors/615/tonny-sundeng,https://www.digitalarkivet.no/actors/615/tonny-sundeng,"['Om Tonny Sundeng', 'Lukk Informasjon om informasjonskapslar (cookies) Arkivverket brukar cookies (informasjonskapslar) på sine nettsider for å levere ei betre teneste. Dei brukast til mellom anna skjemaoppdateringar og innlogging. Bruk sida som normalt, eller lukk informasjonsboksen for å akseptere bruk av cookies. Les meir om korleis du styrer informasjonskapslar (cookies)']","['Om Tonny Sundeng', 'Lukk Informasjon om cookies Arkivverket bruker cookies (informasjonskapsler) på sine nettsider for å levere en bedre tjeneste. De brukes til bl.a. skjemaoppdateringer og innlogging. Bruk siden som normalt, eller lukk informasjonsboksen for å akseptere bruk av cookies. Les mer om hvordan du styrer cookies.']"
13f2eb831cceb774a1e697a2bcc61174e1b0acf5,6a35c1f582e2c611c6660e24ba114ca63b0d8907,https://www.digitalarkivet.no/nn/actors/339/lisbeth-akerholt,https://www.digitalarkivet.no/actors/339/lisbeth-akerholt,"['Lisbeth Akerholt', 'Nøkkelinformasjon', 'Kontaktinformasjon', '-', 'Om Lisbeth Akerholt', 'Lisbeth Akerholt er bosatt i Sandefjord. Hun har hatt slektshistorie som hobby siden 1989 og har i den forbindelse begynt å interessere seg for bl.a. bergverksslekt. Hun vil bidra med databaser bl.a. fra bergverkkilder.', 'Lukk Informasjon om informasjonskapslar (cookies) Arkivverket brukar cookies (informasjonskapslar) på sine nettsider for å levere ei betre teneste. Dei brukast til mellom anna skjemaoppdateringar og innlogging. Bruk sida som normalt, eller lukk informasjonsboksen for å akseptere bruk av cookies. Les meir om korleis du styrer informasjonskapslar (cookies)']","['Lisbeth Akerholt', 'Nøkkelinformasjon', 'Kontaktinformasjon', '-', 'Om Lisbeth Akerholt', 'Lisbeth Akerholt er bosatt i Sandefjord. Hun har hatt slektshistorie som hobby siden 1989 og har i den forbindelse begynt å interessere seg for bl.a. bergverksslekt. Hun vil bidra med databaser bl.a. fra bergverkkilder.', 'Lukk Informasjon om cookies Arkivverket bruker cookies (informasjonskapsler) på sine nettsider for å levere en bedre tjeneste. De brukes til bl.a. skjemaoppdateringer og innlogging. Bruk siden som normalt, eller lukk informasjonsboksen for å akseptere bruk av cookies. Les mer om hvordan du styrer cookies.']"
692dd850d7a7024562fe40b8e04a1dae2c2bb97d,212abbe5a7024bf4fcdb95b5ecdc648b086b1d36,https://www.digitalarkivet.no/nn/actors/73/arnt-landre,https://www.digitalarkivet.no/actors/73/arnt-landre,"['Kontaktinformasjon', 'Om Arnt Landre', 'Lukk Informasjon om informasjonskapslar (cookies) Arkivverket brukar cookies (informasjonskapslar) på sine nettsider for å levere ei betre teneste. Dei brukast til mellom anna skjemaoppdateringar og innlogging. Bruk sida som normalt, eller lukk informasjonsboksen for å akseptere bruk av cookies. Les meir om korleis du styrer informasjonskapslar (cookies)']","['Kontaktinformasjon', 'Om Arnt Landre', 'Lukk Informasjon om cookies Arkivverket bruker cookies (informasjonskapsler) på sine nettsider for å levere en bedre tjeneste. De brukes til bl.a. skjemaoppdateringer og innlogging. Bruk siden som normalt, eller lukk informasjonsboksen for å akseptere bruk av cookies. Les mer om hvordan du styrer cookies.']"
e693d7273db7b9614ef0cab57984186208ac406d,1dc73d0e3febf05a848be8bb0a7957987d963a6c,https://www.digitalarkivet.no/nn/actors/191/fr%C3%B8ya-historielag,https://www.digitalarkivet.no/actors/191/fr%C3%B8ya-historielag,"['Om Frøya Historielag', 'Lukk Informasjon om informasjonskapslar (cookies) Arkivverket brukar cookies (informasjonskapslar) på sine nettsider for å levere ei betre teneste. Dei brukast til mellom anna skjemaoppdateringar og innlogging. Bruk sida som normalt, eller lukk informasjonsboksen for å akseptere bruk av cookies. Les meir om korleis du styrer informasjonskapslar (cookies)']","['Om Frøya Historielag', 'Lukk Informasjon om cookies Arkivverket bruker cookies (informasjonskapsler) på sine nettsider for å levere en bedre tjeneste. De brukes til bl.a. skjemaoppdateringer og innlogging. Bruk siden som normalt, eller lukk informasjonsboksen for å akseptere bruk av cookies. Les mer om hvordan du styrer cookies.']"
8a6e347d5decd96bfa50c4c0ce3be887929ba400,039eea31a7149aaee4d071425b276ef3e39173dc,https://www.digitalarkivet.no/nn/actors/235/hurum-historielag,https://www.digitalarkivet.no/actors/235/hurum-historielag,"['Om Hurum historielag', 'Lukk Informasjon om informasjonskapslar (cookies) Arkivverket brukar cookies (informasjonskapslar) på sine nettsider for å levere ei betre teneste. Dei brukast til mellom anna skjemaoppdateringar og innlogging. Bruk sida som normalt, eller lukk informasjonsboksen for å akseptere bruk av cookies. Les meir om korleis du styrer informasjonskapslar (cookies)']","['Om Hurum historielag', 'Lukk Informasjon om cookies Arkivverket bruker cookies (informasjonskapsler) på sine nettsider for å levere en bedre tjeneste. De brukes til bl.a. skjemaoppdateringer og innlogging. Bruk siden som normalt, eller lukk informasjonsboksen for å akseptere bruk av cookies. Les mer om hvordan du styrer cookies.']"
b89f2d0cb6c80b9a7cbcf7b74ae4102f2a21b9a9,c261f2b633c22c21c982c0cef50417242f9ea748,https://www.digitalarkivet.no/nn/actors/493/tom-larsen,https://www.digitalarkivet.no/actors/493/tom-larsen,"['Tom Larsen', 'Nøkkelinformasjon', 'Kontaktinformasjon', '-', 'Om Tom Larsen', 'Medlem av Ringerike slektshistorielag Tom Larsen har registrert oversikten over domsakter for Akershus Festning Slaveri som finnes i Statsarkivet i Oslo, da den ikke hadde noe alfabetisk navneregister. Han har også laget register til fangealbum fra Botsfengselet i Kristiania og fra Kristiania politikammer.', 'Lukk Informasjon om informasjonskapslar (cookies) Arkivverket brukar cookies (informasjonskapslar) på sine nettsider for å levere ei betre teneste. Dei brukast til mellom anna skjemaoppdateringar og innlogging. Bruk sida som normalt, eller lukk informasjonsboksen for å akseptere bruk av cookies. Les meir om korleis du styrer informasjonskapslar (cookies)']","['Tom Larsen', 'Nøkkelinformasjon', 'Kontaktinformasjon', '-', 'Om Tom Larsen', 'Medlem av Ringerike slektshistorielag Tom Larsen har registrert oversikten over domsakter for Akershus Festning Slaveri som finnes i Statsarkivet i Oslo, da den ikke hadde noe alfabetisk navneregister. Han har også laget register til fangealbum fra Botsfengselet i Kristiania og fra Kristiania politikammer.', 'Lukk Informasjon om cookies Arkivverket bruker cookies (informasjonskapsler) på sine nettsider for å levere en bedre tjeneste. De brukes til bl.a. skjemaoppdateringer og innlogging. Bruk siden som normalt, eller lukk informasjonsboksen for å akseptere bruk av cookies. Les mer om hvordan du styrer cookies.']"
0f328d78071fe7455045a42a64efb38927358336,1d8fe9c7ddb9443fea671028bea076967b856f3e,https://www.digitalarkivet.no/nn/content/start-properties,https://www.digitalarkivet.no/content/start-properties,"['Innhaldsside pantebøker Ei innhaldsside hjelper deg å finne fram i ei pantebok, men ikkje alle pantebøker har ei innhaldsside. Her lærer du korleis du finn, og korleis...', 'Eksempel: Årstadveien 22 i Bergen Her kan du lese om hvordan du kan bruke Gammel grunnbok for å finne pantebokhenvisninger til tinglyste dokumenter for en eiendom. Det vises eksempler på...', 'Selvbetjeningsløsning for gammel grunnbok Gammel grunnbok ble ført i perioden 1936 til ca. 1991 og erstattet panteregistrene. Gammel grunnbok er nyttig for å finne tinglysinger fra før ca. 1991.', 'Slik finner du jordskiftesaker i Digitalarkivet Arkivverket skanner jordskifteprotokoller og utarbeider søkbare registre til disse. Les hvordan du finner frem til jordskiftesaker.', 'Slik finner du tinglysinger i Digitalarkivet Kartverket har i dag ansvar for tinglyste eiendomsopplysninger, men tinglysinger fra før 1951 er avlevert til Arkivverket, og disse er avfotografert og tilgjengelig via Digitalarkivet.', 'Direkteoppslag med dagboknummer For pantebøker fra perioden 1936-1950 er det mulig å slå opp et dagboknummer direkte, forutsatt at den aktuelle panteboka er indeksert med dagboknummer.', 'Søk etter eigedom i panteregistra I panteregistra finn du tilvisingar til tinglysingar sortert etter eigedom. Her får du vite korleis du går fram for å søke etter ein eigedom i...', 'Overgang mellom panteregistersøk Ikkje alle panteregister er lagde til rette for søk etter eigedomar. Difor er det nyttig å kunne variere mellom søk etter skanna panteregister og søk...', 'Søk etter panteregister Panteregister er register til pantebøkene. Det finst to typar panteregister, realpanteregister for fast eigedom og personalpanteregister for lausøyre (og anna). Her lærer du å søke...', 'Lukk Informasjon om informasjonskapslar (cookies) Arkivverket brukar cookies (informasjonskapslar) på sine nettsider for å levere ei betre teneste. Dei brukast til mellom anna skjemaoppdateringar og innlogging. Bruk sida som normalt, eller lukk informasjonsboksen for å akseptere bruk av cookies. Les meir om korleis du styrer informasjonskapslar (cookies)']","['Innhaldsside pantebøker Ei innhaldsside hjelper deg å finne fram i ei pantebok, men ikkje alle pantebøker har ei innhaldsside. Her lærer du korleis du finn, og korleis...', 'Eksempel: Årstadveien 22 i Bergen Her kan du lese om hvordan du kan bruke Gammel grunnbok for å finne pantebokhenvisninger til tinglyste dokumenter for en eiendom. Det vises eksempler på...', 'Selvbetjeningsløsning for gammel grunnbok Gammel grunnbok ble ført i perioden 1936 til ca. 1991 og erstattet panteregistrene. Gammel grunnbok er nyttig for å finne tinglysinger fra før ca. 1991.', 'Slik finner du jordskiftesaker i Digitalarkivet Arkivverket skanner jordskifteprotokoller og utarbeider søkbare registre til disse. Les hvordan du finner frem til jordskiftesaker.', 'Slik finner du tinglysinger i Digitalarkivet Kartverket har i dag ansvar for tinglyste eiendomsopplysninger, men tinglysinger fra før 1951 er avlevert til Arkivverket, og disse er avfotografert og tilgjengelig via Digitalarkivet.', 'Direkteoppslag med dagboknummer For pantebøker fra perioden 1936-1950 er det mulig å slå opp et dagboknummer direkte, forutsatt at den aktuelle panteboka er indeksert med dagboknummer.', 'Søk etter eigedom i panteregistra I panteregistra finn du tilvisingar til tinglysingar sortert etter eigedom. Her får du vite korleis du går fram for å søke etter ein eigedom i...', 'Overgang mellom panteregistersøk Ikkje alle panteregister er lagde til rette for søk etter eigedomar. Difor er det nyttig å kunne variere mellom søk etter skanna panteregister og søk...', 'Søk etter panteregister Panteregister er register til pantebøkene. Det finst to typar panteregister, realpanteregister for fast eigedom og personalpanteregister for lausøyre (og anna). Her lærer du å søke...', 'Lukk Informasjon om cookies Arkivverket bruker cookies (informasjonskapsler) på sine nettsider for å levere en bedre tjeneste. De brukes til bl.a. skjemaoppdateringer og innlogging. Bruk siden som normalt, eller lukk informasjonsboksen for å akseptere bruk av cookies. Les mer om hvordan du styrer cookies.']"
071f6970dc3938b85ce06497df806de639052ffc,06012af6b4222e8e111e6415e93a2b548e984450,https://www.digitalarkivet.no/nn/actors/81/asbj%C3%B8rn-r%C3%B8sbak,https://www.digitalarkivet.no/actors/81/asbj%C3%B8rn-r%C3%B8sbak,"['Om Asbjørn Røsbak', 'Lukk Informasjon om informasjonskapslar (cookies) Arkivverket brukar cookies (informasjonskapslar) på sine nettsider for å levere ei betre teneste. Dei brukast til mellom anna skjemaoppdateringar og innlogging. Bruk sida som normalt, eller lukk informasjonsboksen for å akseptere bruk av cookies. Les meir om korleis du styrer informasjonskapslar (cookies)']","['Om Asbjørn Røsbak', 'Lukk Informasjon om cookies Arkivverket bruker cookies (informasjonskapsler) på sine nettsider for å levere en bedre tjeneste. De brukes til bl.a. skjemaoppdateringer og innlogging. Bruk siden som normalt, eller lukk informasjonsboksen for å akseptere bruk av cookies. Les mer om hvordan du styrer cookies.']"
0184db48976048416797dba27dae661afad36379,867b25bcf47ad0d53c96c575d421b3216a7342f0,https://www.digitalarkivet.no/nn/actors/1/riksarkivaren,https://www.digitalarkivet.no/actors/1/riksarkivaren,"['Nøkkelinformasjon', 'Kontaktinformasjon', 'Om Riksarkivaren', 'Riksarkivaren er øverste leder for Arkivverket. Hennes myndighet er beskrevet i arkivloven og arkivforskriften.', 'Lukk Informasjon om informasjonskapslar (cookies) Arkivverket brukar cookies (informasjonskapslar) på sine nettsider for å levere ei betre teneste. Dei brukast til mellom anna skjemaoppdateringar og innlogging. Bruk sida som normalt, eller lukk informasjonsboksen for å akseptere bruk av cookies. Les meir om korleis du styrer informasjonskapslar (cookies)']","['Nøkkelinformasjon', 'Kontaktinformasjon', 'Om Riksarkivaren', 'Riksarkivaren er øverste leder for Arkivverket. Hennes myndighet er beskrevet i arkivloven og arkivforskriften.', 'Lukk Informasjon om cookies Arkivverket bruker cookies (informasjonskapsler) på sine nettsider for å levere en bedre tjeneste. De brukes til bl.a. skjemaoppdateringer og innlogging. Bruk siden som normalt, eller lukk informasjonsboksen for å akseptere bruk av cookies. Les mer om hvordan du styrer cookies.']"
9c0409c08a02dc77037c95d7dc6af7a14e6dcac7,d01cf4d93bf2c8305ec19d48063d5263832b62c9,https://www.digitalarkivet.no/nn/actors/371/norsk-slektshistorisk-forening,https://www.digitalarkivet.no/actors/371/norsk-slektshistorisk-forening,"['Kontaktinformasjon', 'Om Norsk Slektshistorisk Forening', 'Norsk Slektshistorisk Forening er Norges eldste riksdekkende forening for slektsforskere. Foreningens hovedmål er å utgi publikasjoner som fremmer kunnskapen om slekter og slektsforskning i Norge.', 'Lukk Informasjon om informasjonskapslar (cookies) Arkivverket brukar cookies (informasjonskapslar) på sine nettsider for å levere ei betre teneste. Dei brukast til mellom anna skjemaoppdateringar og innlogging. Bruk sida som normalt, eller lukk informasjonsboksen for å akseptere bruk av cookies. Les meir om korleis du styrer informasjonskapslar (cookies)']","['Kontaktinformasjon', 'Om Norsk Slektshistorisk Forening', 'Norsk Slektshistorisk Forening er Norges eldste riksdekkende forening for slektsforskere. Foreningens hovedmål er å utgi publikasjoner som fremmer kunnskapen om slekter og slektsforskning i Norge.', 'Lukk Informasjon om cookies Arkivverket bruker cookies (informasjonskapsler) på sine nettsider for å levere en bedre tjeneste. De brukes til bl.a. skjemaoppdateringer og innlogging. Bruk siden som normalt, eller lukk informasjonsboksen for å akseptere bruk av cookies. Les mer om hvordan du styrer cookies.']"
dbcd3f868d4adbc2d783f17e6d70e897ed9d5685,ce4177653f3b59aab441da49d39ebcca86086fa3,https://www.digitalarkivet.no/nn/actors/555/familysearch,https://www.digitalarkivet.no/actors/555/familysearch,"['Nøkkelinformasjon', 'Kontaktinformasjon', 'Om FamilySearch', 'FamilySearch er en nettjeneste som tilbys av The Church of Jesus Christ of Latter-day Saints (Mormonkirken). Deres bidrag til transkribering, eller heller navneindeksering av skannede kilder, foregår vanligvis gjennom deres FamilySearch Indexing Projects.', 'Lukk Informasjon om informasjonskapslar (cookies) Arkivverket brukar cookies (informasjonskapslar) på sine nettsider for å levere ei betre teneste. Dei brukast til mellom anna skjemaoppdateringar og innlogging. Bruk sida som normalt, eller lukk informasjonsboksen for å akseptere bruk av cookies. Les meir om korleis du styrer informasjonskapslar (cookies)']","['Nøkkelinformasjon', 'Kontaktinformasjon', 'Om FamilySearch', 'FamilySearch er en nettjeneste som tilbys av The Church of Jesus Christ of Latter-day Saints (Mormonkirken). Deres bidrag til transkribering, eller heller navneindeksering av skannede kilder, foregår vanligvis gjennom deres FamilySearch Indexing Projects.', 'Lukk Informasjon om cookies Arkivverket bruker cookies (informasjonskapsler) på sine nettsider for å levere en bedre tjeneste. De brukes til bl.a. skjemaoppdateringer og innlogging. Bruk siden som normalt, eller lukk informasjonsboksen for å akseptere bruk av cookies. Les mer om hvordan du styrer cookies.']"
f8f3a9367d44f1b887ca3905dd024eaf55a8bcce,e1afb5f482dfd7be39d07eaf430293f7fe5a5bfa,https://www.digitalarkivet.no/nn/content/945/s%C3%B8kemotor-migrering-fra-sphinx-til-elasticsearch,https://www.digitalarkivet.no/content/945/s%C3%B8kemotor-migrering-fra-sphinx-til-elasticsearch,"['gir tilgang til det meste av den funksjonaliteten det er behov for', 'Arkivverket bygger internt kompetanse på Elasticsearch', 'Dagens løsnings for publisering i Digitalarkivet tar i bruk den nye teknologiske plattformen i bruk i produksjon', 'Dagens løsnings for publisering i Digitalarkivet tar i bruk applikasjonslandskapet i referansearkitektur', 'Lukk Informasjon om informasjonskapslar (cookies) Arkivverket brukar cookies (informasjonskapslar) på sine nettsider for å levere ei betre teneste. Dei brukast til mellom anna skjemaoppdateringar og innlogging. Bruk sida som normalt, eller lukk informasjonsboksen for å akseptere bruk av cookies. Les meir om korleis du styrer informasjonskapslar (cookies)']","['gir tilgang til det meste av den funksjonaliteten det er behov for', 'Arkivverket bygger internt kompetanse på Elasticsearch', 'Dagens løsnings for publisering i Digitalarkivet tar i bruk den nye teknologiske plattformen i bruk i produksjon', 'Dagens løsnings for publisering i Digitalarkivet tar i bruk applikasjonslandskapet i referansearkitektur', 'Lukk Informasjon om cookies Arkivverket bruker cookies (informasjonskapsler) på sine nettsider for å levere en bedre tjeneste. De brukes til bl.a. skjemaoppdateringer og innlogging. Bruk siden som normalt, eller lukk informasjonsboksen for å akseptere bruk av cookies. Les mer om hvordan du styrer cookies.']"
ac3bafd4dd8d0745973c27a019bb05609d8825bc,a898fe6ab208487b93093d5e0f2554a10bc608a1,https://www.digitalarkivet.no/nn/actors/725/h%C3%A5kon-kolltveit-larsen,https://www.digitalarkivet.no/actors/725/h%C3%A5kon-kolltveit-larsen,"['Håkon Kolltveit Larsen', 'Nøkkelinformasjon', 'Kontaktinformasjon', '-', 'Om Håkon Kolltveit Larsen', '2017-2019: Transkribert kirkebøker for hovedsakelig Fjell, Askøy og Sund i Hordaland og noen lister for Gyland i Vest-Agder. I Sogn og Fjordane korrekturlest kirkebøker for Askvoll, Årdal og Kinn basert på Fylkesarkivet i Sogn og Fjordanes transkripsjon. I tillegg til dåpslista i Gaular A1 som ikke er publisert. januar 2020-juli 2020: Gjennomført korrektur av Bergen dødsfallsprotokoller for perioden 1912-1967 juli 2020-august 2020: Korrekturlest Askøy grenseboerbevis pakke nr. 3, 7-12 og transkribert nr. 13 Høsten 2020: transkribert konfirmerte i Hosanger 1812-1815 november 2020-mars 2021: Korrekturleser hovedsakelig AMF-databaser som er startet opp før 1877 i Hordaland (Sund, Askøy, Herdla, Bruvik, Haus, Hosanger) april til oktober 2021: Korrekturlest SABs branntakststranskripsjoner for Hordaland Desember 2021. Revidert KFT1922 Bergen med BildeID og mindre korrekturer Januar 2022: Revidert SABs avskrift over MT1701 for Hordaland og Sogn og Fjordane med BildeID og mindre korrekturer. I tillegg transkribert liste over Fana sokn som manglet', 'Lukk Informasjon om informasjonskapslar (cookies) Arkivverket brukar cookies (informasjonskapslar) på sine nettsider for å levere ei betre teneste. Dei brukast til mellom anna skjemaoppdateringar og innlogging. Bruk sida som normalt, eller lukk informasjonsboksen for å akseptere bruk av cookies. Les meir om korleis du styrer informasjonskapslar (cookies)']","['Håkon Kolltveit Larsen', 'Nøkkelinformasjon', 'Kontaktinformasjon', '-', 'Om Håkon Kolltveit Larsen', '2017-2019: Transkribert kirkebøker for hovedsakelig Fjell, Askøy og Sund i Hordaland og noen lister for Gyland i Vest-Agder. I Sogn og Fjordane korrekturlest kirkebøker for Askvoll, Årdal og Kinn basert på Fylkesarkivet i Sogn og Fjordanes transkripsjon. I tillegg til dåpslista i Gaular A1 som ikke er publisert. januar 2020-juli 2020: Gjennomført korrektur av Bergen dødsfallsprotokoller for perioden 1912-1967 juli 2020-august 2020: Korrekturlest Askøy grenseboerbevis pakke nr. 3, 7-12 og transkribert nr. 13 Høsten 2020: transkribert konfirmerte i Hosanger 1812-1815 november 2020-mars 2021: Korrekturleser hovedsakelig AMF-databaser som er startet opp før 1877 i Hordaland (Sund, Askøy, Herdla, Bruvik, Haus, Hosanger) april til oktober 2021: Korrekturlest SABs branntakststranskripsjoner for Hordaland Desember 2021. Revidert KFT1922 Bergen med BildeID og mindre korrekturer Januar 2022: Revidert SABs avskrift over MT1701 for Hordaland og Sogn og Fjordane med BildeID og mindre korrekturer. I tillegg transkribert liste over Fana sokn som manglet', 'Lukk Informasjon om cookies Arkivverket bruker cookies (informasjonskapsler) på sine nettsider for å levere en bedre tjeneste. De brukes til bl.a. skjemaoppdateringer og innlogging. Bruk siden som normalt, eller lukk informasjonsboksen for å akseptere bruk av cookies. Les mer om hvordan du styrer cookies.']"
9bbf06f4d36905103c3aaab056442eed6f5e5bd8,f95f67a225a601ea9d523f9f5fcd61c658b4a291,https://www.digitalarkivet.no/nn/content/267/folketellinger-som-pdffiler,https://www.digitalarkivet.no/content/267/folketellinger-som-pdffiler,"['Folketellinger som pdf-filer', 'For å laste ned utskriftsversjon av folketellingene 1801, 1865, 1900 eller 1910 velger du et fylke under. Det er gratis å laste ned folketellingene. Utskriftsfilene er pdf-filer, og du trenger Adobe Reader for å åpne dem.', 'Lukk Informasjon om informasjonskapslar (cookies) Arkivverket brukar cookies (informasjonskapslar) på sine nettsider for å levere ei betre teneste. Dei brukast til mellom anna skjemaoppdateringar og innlogging. Bruk sida som normalt, eller lukk informasjonsboksen for å akseptere bruk av cookies. Les meir om korleis du styrer informasjonskapslar (cookies)']","['Folketellinger som pdf-filer', 'For å laste ned utskriftsversjon av folketellingene 1801, 1865, 1900 eller 1910 velger du et fylke under. Det er gratis å laste ned folketellingene. Utskriftsfilene er pdf-filer, og du trenger Adobe Reader for å åpne dem.', 'Lukk Informasjon om cookies Arkivverket bruker cookies (informasjonskapsler) på sine nettsider for å levere en bedre tjeneste. De brukes til bl.a. skjemaoppdateringer og innlogging. Bruk siden som normalt, eller lukk informasjonsboksen for å akseptere bruk av cookies. Les mer om hvordan du styrer cookies.']"
78b9bc5481c8e363dae53d54bd77683aa96f01f0,c4b86b6116719ab87c10737926a47cdab82f9aab,https://www.digitalarkivet.no/nn/actors/645/norges-bank,https://www.digitalarkivet.no/actors/645/norges-bank,"['Kontaktinformasjon', 'Om Norges Bank', 'Riksarkivet har transkribert innskuddslistene for Sølvskatten 1816 på oppdrag fra Norges Bank, som har finansiert arbeidet. De originale innskuddslistene oppbevares i Norges Bank. For spørsmål om den digitale utgaven kan Riksarkivet kontaktes', 'Lukk Informasjon om informasjonskapslar (cookies) Arkivverket brukar cookies (informasjonskapslar) på sine nettsider for å levere ei betre teneste. Dei brukast til mellom anna skjemaoppdateringar og innlogging. Bruk sida som normalt, eller lukk informasjonsboksen for å akseptere bruk av cookies. Les meir om korleis du styrer informasjonskapslar (cookies)']","['Kontaktinformasjon', 'Om Norges Bank', 'Riksarkivet har transkribert innskuddslistene for Sølvskatten 1816 på oppdrag fra Norges Bank, som har finansiert arbeidet. De originale innskuddslistene oppbevares i Norges Bank. For spørsmål om den digitale utgaven kan Riksarkivet kontaktes', 'Lukk Informasjon om cookies Arkivverket bruker cookies (informasjonskapsler) på sine nettsider for å levere en bedre tjeneste. De brukes til bl.a. skjemaoppdateringer og innlogging. Bruk siden som normalt, eller lukk informasjonsboksen for å akseptere bruk av cookies. Les mer om hvordan du styrer cookies.']"
a0dbd2089044d6adc48bd87a0ec0a2f353224273,9eb4ec497fd7c633acd4c6c0286854afac20f26d,https://www.digitalarkivet.no/nn/actors/67/arne-tjelle,https://www.digitalarkivet.no/actors/67/arne-tjelle,"['Kontaktinformasjon', 'Om Arne Tjelle', 'Lukk Informasjon om informasjonskapslar (cookies) Arkivverket brukar cookies (informasjonskapslar) på sine nettsider for å levere ei betre teneste. Dei brukast til mellom anna skjemaoppdateringar og innlogging. Bruk sida som normalt, eller lukk informasjonsboksen for å akseptere bruk av cookies. Les meir om korleis du styrer informasjonskapslar (cookies)']","['Kontaktinformasjon', 'Om Arne Tjelle', 'Lukk Informasjon om cookies Arkivverket bruker cookies (informasjonskapsler) på sine nettsider for å levere en bedre tjeneste. De brukes til bl.a. skjemaoppdateringer og innlogging. Bruk siden som normalt, eller lukk informasjonsboksen for å akseptere bruk av cookies. Les mer om hvordan du styrer cookies.']"
f34ff2a832aa477466a4524125053239e200ae37,02a010d3a8688250c908bc244802a0a1d2a1928c,https://www.digitalarkivet.no/nn/actors/209/gunnar-espeland,https://www.digitalarkivet.no/actors/209/gunnar-espeland,"['Om Gunnar Espeland', 'Lukk Informasjon om informasjonskapslar (cookies) Arkivverket brukar cookies (informasjonskapslar) på sine nettsider for å levere ei betre teneste. Dei brukast til mellom anna skjemaoppdateringar og innlogging. Bruk sida som normalt, eller lukk informasjonsboksen for å akseptere bruk av cookies. Les meir om korleis du styrer informasjonskapslar (cookies)']","['Om Gunnar Espeland', 'Lukk Informasjon om cookies Arkivverket bruker cookies (informasjonskapsler) på sine nettsider for å levere en bedre tjeneste. De brukes til bl.a. skjemaoppdateringer og innlogging. Bruk siden som normalt, eller lukk informasjonsboksen for å akseptere bruk av cookies. Les mer om hvordan du styrer cookies.']"
462b9086b4874837494294c40ce756de16a4877a,d9a8a670dc72d0c6fdebc9ae8bc1cf76175bac10,https://www.digitalarkivet.no/nn/content/918/str%C3%B8mming-av-data-nav,https://www.digitalarkivet.no/content/918/str%C3%B8mming-av-data-nav,"['Strømming av data (NAV)', 'Dagens struktur baserer seg på større enkeltavleveringer som ofte kan bestå av flere år av oppsamlede arkiver. Det er et ønske å se på mulighetene til å kunne strømme objekter inn til Digitalarkivet, samtidig som man ivaretar de arkivfaglige hensynene. Gjennom å automatisere disse overføringene sparer både Arkivverket og avgiver og gir større fleksibilitet i Digitalarkivets tilbud.', 'Lukk Informasjon om informasjonskapslar (cookies) Arkivverket brukar cookies (informasjonskapslar) på sine nettsider for å levere ei betre teneste. Dei brukast til mellom anna skjemaoppdateringar og innlogging. Bruk sida som normalt, eller lukk informasjonsboksen for å akseptere bruk av cookies. Les meir om korleis du styrer informasjonskapslar (cookies)']","['Strømming av data (NAV)', 'Dagens struktur baserer seg på større enkeltavleveringer som ofte kan bestå av flere år av oppsamlede arkiver. Det er et ønske å se på mulighetene til å kunne strømme objekter inn til Digitalarkivet, samtidig som man ivaretar de arkivfaglige hensynene. Gjennom å automatisere disse overføringene sparer både Arkivverket og avgiver og gir større fleksibilitet i Digitalarkivets tilbud.', 'Lukk Informasjon om cookies Arkivverket bruker cookies (informasjonskapsler) på sine nettsider for å levere en bedre tjeneste. De brukes til bl.a. skjemaoppdateringer og innlogging. Bruk siden som normalt, eller lukk informasjonsboksen for å akseptere bruk av cookies. Les mer om hvordan du styrer cookies.']"
65f0d6a9da8a48bcc8028745b3f1bc0cb0fbfd2e,240f7caea7081e4fe62b91a5d31b52aa37c5169b,https://www.digitalarkivet.no/nn/actors/485/s%C3%B8r%C3%B8sterdal-slektshistorielag,https://www.digitalarkivet.no/actors/485/s%C3%B8r%C3%B8sterdal-slektshistorielag,"['Kontaktinformasjon', 'Om Sør-Østerdal Slektshistorielag', 'Laget ble formelt stiftet 14. mars 1991 for å danne et forum for alle med interesse for slekter i det gamle Sør-Østerdal sorenskriverembete, som består av kommunene Elverum, Engerdal, Stor-Elvdal, Trysil og Åmot. I tillegg har laget innlemmet Rendalen i sitt arbeidsområde.', 'Lukk Informasjon om informasjonskapslar (cookies) Arkivverket brukar cookies (informasjonskapslar) på sine nettsider for å levere ei betre teneste. Dei brukast til mellom anna skjemaoppdateringar og innlogging. Bruk sida som normalt, eller lukk informasjonsboksen for å akseptere bruk av cookies. Les meir om korleis du styrer informasjonskapslar (cookies)']","['Kontaktinformasjon', 'Om Sør-Østerdal Slektshistorielag', 'Laget ble formelt stiftet 14. mars 1991 for å danne et forum for alle med interesse for slekter i det gamle Sør-Østerdal sorenskriverembete, som består av kommunene Elverum, Engerdal, Stor-Elvdal, Trysil og Åmot. I tillegg har laget innlemmet Rendalen i sitt arbeidsområde.', 'Lukk Informasjon om cookies Arkivverket bruker cookies (informasjonskapsler) på sine nettsider for å levere en bedre tjeneste. De brukes til bl.a. skjemaoppdateringer og innlogging. Bruk siden som normalt, eller lukk informasjonsboksen for å akseptere bruk av cookies. Les mer om hvordan du styrer cookies.']"
db31116225f19ed9a2a45bdfd9dd627eff4b56c1,1ccafe53818542c56827a44c937f7f973eecba57,https://www.digitalarkivet.no/nn/content/261/folketellinger-og-manntall,https://www.digitalarkivet.no/content/261/folketellinger-og-manntall,"['1825', 'Lukk Informasjon om informasjonskapslar (cookies) Arkivverket brukar cookies (informasjonskapslar) på sine nettsider for å levere ei betre teneste. Dei brukast til mellom anna skjemaoppdateringar og innlogging. Bruk sida som normalt, eller lukk informasjonsboksen for å akseptere bruk av cookies. Les meir om korleis du styrer informasjonskapslar (cookies)']","['1825', 'Lukk Informasjon om cookies Arkivverket bruker cookies (informasjonskapsler) på sine nettsider for å levere en bedre tjeneste. De brukes til bl.a. skjemaoppdateringer og innlogging. Bruk siden som normalt, eller lukk informasjonsboksen for å akseptere bruk av cookies. Les mer om hvordan du styrer cookies.']"
ebd24c3a011d83c57cf2f639a07bbc6aaf99dc3c,8380d86e7c62d89f3ee53e591c7499a363fbabdb,https://www.digitalarkivet.no/nn/actors/285/jostein-mediaa,https://www.digitalarkivet.no/actors/285/jostein-mediaa,"['Om Jostein Mediaa', 'Lukk Informasjon om informasjonskapslar (cookies) Arkivverket brukar cookies (informasjonskapslar) på sine nettsider for å levere ei betre teneste. Dei brukast til mellom anna skjemaoppdateringar og innlogging. Bruk sida som normalt, eller lukk informasjonsboksen for å akseptere bruk av cookies. Les meir om korleis du styrer informasjonskapslar (cookies)']","['Om Jostein Mediaa', 'Lukk Informasjon om cookies Arkivverket bruker cookies (informasjonskapsler) på sine nettsider for å levere en bedre tjeneste. De brukes til bl.a. skjemaoppdateringer og innlogging. Bruk siden som normalt, eller lukk informasjonsboksen for å akseptere bruk av cookies. Les mer om hvordan du styrer cookies.']"
82d9f83b40d3c0c676984848909966e6534c6cc1,72b5acc3eaaf835cd107e7db7bc9c089e820a9ee,https://www.digitalarkivet.no/nn/actors/291/kari-thingvold,https://www.digitalarkivet.no/actors/291/kari-thingvold,"['Kari Thingvold', 'Nøkkelinformasjon', 'Kontaktinformasjon', '-', 'Om Kari Thingvold', ""Kari Thingvold har laget en database over sjeleregisteret for Vang i Hedmark fra 1732. Databasen er basert på Per Øivind Sandbergs avskrift av 'Sjæleregister over Wangs Præstegield 1732' trykket i Hedmark Slektshistorielags tidskrift Bind VII Hefte 9-10, Hamar 1975, Hefte 11-12, Hamar 1976, Tillegg til bind VII, Hamar 1977."", 'Lukk Informasjon om informasjonskapslar (cookies) Arkivverket brukar cookies (informasjonskapslar) på sine nettsider for å levere ei betre teneste. Dei brukast til mellom anna skjemaoppdateringar og innlogging. Bruk sida som normalt, eller lukk informasjonsboksen for å akseptere bruk av cookies. Les meir om korleis du styrer informasjonskapslar (cookies)']","['Kari Thingvold', 'Nøkkelinformasjon', 'Kontaktinformasjon', '-', 'Om Kari Thingvold', ""Kari Thingvold har laget en database over sjeleregisteret for Vang i Hedmark fra 1732. Databasen er basert på Per Øivind Sandbergs avskrift av 'Sjæleregister over Wangs Præstegield 1732' trykket i Hedmark Slektshistorielags tidskrift Bind VII Hefte 9-10, Hamar 1975, Hefte 11-12, Hamar 1976, Tillegg til bind VII, Hamar 1977."", 'Lukk Informasjon om cookies Arkivverket bruker cookies (informasjonskapsler) på sine nettsider for å levere en bedre tjeneste. De brukes til bl.a. skjemaoppdateringer og innlogging. Bruk siden som normalt, eller lukk informasjonsboksen for å akseptere bruk av cookies. Les mer om hvordan du styrer cookies.']"
477c64e3bf5c19a6bfdf7174b88dd1c2fa3e0a35,d3ca0fb835042cfc1cccf9ba98ab0034863e502b,https://www.digitalarkivet.no/nn/actors/85/atle-brandsar,https://www.digitalarkivet.no/actors/85/atle-brandsar,"['Om Atle Brandsar', 'Lukk Informasjon om informasjonskapslar (cookies) Arkivverket brukar cookies (informasjonskapslar) på sine nettsider for å levere ei betre teneste. Dei brukast til mellom anna skjemaoppdateringar og innlogging. Bruk sida som normalt, eller lukk informasjonsboksen for å akseptere bruk av cookies. Les meir om korleis du styrer informasjonskapslar (cookies)']","['Om Atle Brandsar', 'Lukk Informasjon om cookies Arkivverket bruker cookies (informasjonskapsler) på sine nettsider for å levere en bedre tjeneste. De brukes til bl.a. skjemaoppdateringer og innlogging. Bruk siden som normalt, eller lukk informasjonsboksen for å akseptere bruk av cookies. Les mer om hvordan du styrer cookies.']"
06f550f0b985879aee4a31b9adc7ac2fd712d0ef,5be1e7ba85f35f965421db3c8ba98e7f935dd1b5,https://www.digitalarkivet.no/nn/content/900/hente-og-slette-data,https://www.digitalarkivet.no/content/900/hente-og-slette-data,"['Hente og slette data', 'Lukk Informasjon om informasjonskapslar (cookies) Arkivverket brukar cookies (informasjonskapslar) på sine nettsider for å levere ei betre teneste. Dei brukast til mellom anna skjemaoppdateringar og innlogging. Bruk sida som normalt, eller lukk informasjonsboksen for å akseptere bruk av cookies. Les meir om korleis du styrer informasjonskapslar (cookies)']","['Hente og slette data', 'Lukk Informasjon om cookies Arkivverket bruker cookies (informasjonskapsler) på sine nettsider for å levere en bedre tjeneste. De brukes til bl.a. skjemaoppdateringer og innlogging. Bruk siden som normalt, eller lukk informasjonsboksen for å akseptere bruk av cookies. Les mer om hvordan du styrer cookies.']"
e6e997c5bc2fc567e785649f51a840beef8b5288,893a7c72a3ea5e763a7acbd0f78ce9a645c76a64,https://www.digitalarkivet.no/nn/actors/559/knut-r%C3%B8ysland,https://www.digitalarkivet.no/actors/559/knut-r%C3%B8ysland,"['Kontaktinformasjon', 'Om Knut Røysland', 'Lukk Informasjon om informasjonskapslar (cookies) Arkivverket brukar cookies (informasjonskapslar) på sine nettsider for å levere ei betre teneste. Dei brukast til mellom anna skjemaoppdateringar og innlogging. Bruk sida som normalt, eller lukk informasjonsboksen for å akseptere bruk av cookies. Les meir om korleis du styrer informasjonskapslar (cookies)']","['Kontaktinformasjon', 'Om Knut Røysland', 'Lukk Informasjon om cookies Arkivverket bruker cookies (informasjonskapsler) på sine nettsider for å levere en bedre tjeneste. De brukes til bl.a. skjemaoppdateringer og innlogging. Bruk siden som normalt, eller lukk informasjonsboksen for å akseptere bruk av cookies. Les mer om hvordan du styrer cookies.']"
2754c82c3745fd0e7e7d80189c198492b8d04c0f,198358192840cd64e594c914870846657a6ad318,https://www.digitalarkivet.no/nn/actors/175/else-b-rustad,https://www.digitalarkivet.no/actors/175/else-b-rustad,"['Kontaktinformasjon', 'Om Else B. Rustad', 'Lukk Informasjon om informasjonskapslar (cookies) Arkivverket brukar cookies (informasjonskapslar) på sine nettsider for å levere ei betre teneste. Dei brukast til mellom anna skjemaoppdateringar og innlogging. Bruk sida som normalt, eller lukk informasjonsboksen for å akseptere bruk av cookies. Les meir om korleis du styrer informasjonskapslar (cookies)']","['Kontaktinformasjon', 'Om Else B. Rustad', 'Lukk Informasjon om cookies Arkivverket bruker cookies (informasjonskapsler) på sine nettsider for å levere en bedre tjeneste. De brukes til bl.a. skjemaoppdateringer og innlogging. Bruk siden som normalt, eller lukk informasjonsboksen for å akseptere bruk av cookies. Les mer om hvordan du styrer cookies.']"
cb1f9195a742e6aee3973d8e4f48acfa10933192,16fa120571157df6f5f11b188685aa8e742e5786,https://www.digitalarkivet.no/nn/actors/37/det-norske-utvandrersenteret/transcriptions,https://www.digitalarkivet.no/actors/37/det-norske-utvandrersenteret/transcriptions,"['Det norske utvandrersenteret', 'Lukk Informasjon om informasjonskapslar (cookies) Arkivverket brukar cookies (informasjonskapslar) på sine nettsider for å levere ei betre teneste. Dei brukast til mellom anna skjemaoppdateringar og innlogging. Bruk sida som normalt, eller lukk informasjonsboksen for å akseptere bruk av cookies. Les meir om korleis du styrer informasjonskapslar (cookies)']","['Det norske utvandrersenteret', 'Lukk Informasjon om cookies Arkivverket bruker cookies (informasjonskapsler) på sine nettsider for å levere en bedre tjeneste. De brukes til bl.a. skjemaoppdateringer og innlogging. Bruk siden som normalt, eller lukk informasjonsboksen for å akseptere bruk av cookies. Les mer om hvordan du styrer cookies.']"
fca5df44a41e62fcad31814bd88998e9827d1100,ed95e8f02ebfd2314108f17ff733b8ad1a2c9a4b,https://www.digitalarkivet.no/nn/actors/45/anders-m-rabben,https://www.digitalarkivet.no/actors/45/anders-m-rabben,"['Nøkkelinformasjon', 'Kontaktinformasjon', 'Lukk Informasjon om informasjonskapslar (cookies) Arkivverket brukar cookies (informasjonskapslar) på sine nettsider for å levere ei betre teneste. Dei brukast til mellom anna skjemaoppdateringar og innlogging. Bruk sida som normalt, eller lukk informasjonsboksen for å akseptere bruk av cookies. Les meir om korleis du styrer informasjonskapslar (cookies)']","['Nøkkelinformasjon', 'Kontaktinformasjon', 'Lukk Informasjon om cookies Arkivverket bruker cookies (informasjonskapsler) på sine nettsider for å levere en bedre tjeneste. De brukes til bl.a. skjemaoppdateringer og innlogging. Bruk siden som normalt, eller lukk informasjonsboksen for å akseptere bruk av cookies. Les mer om hvordan du styrer cookies.']"
3a999393b9e1b778a9f1e1e1415472b1399b0d62,8cf91440a9b1d7700b225dd733b4bf611dc0fc9b,https://www.digitalarkivet.no/nn/actors/541/%C3%A5sane-historielag,https://www.digitalarkivet.no/actors/541/%C3%A5sane-historielag,"['Nøkkelinformasjon', 'Kontaktinformasjon', 'Om Åsane Historielag', 'Marianne Herfindal Johannessen er leder i Åsane Historielag. Flere av medlemmene i historielaget har deltatt i registreringsarbeidet for å få produsert disse databasene. I første rekke er dette Kenneth Bratland, Johan Ludvig Kvamme, Jan Tertnes og Rune Thorstensen. Kenneth Bratland har i tillegg lest korrektur på databasene over de vigde i Hamre 1816-1930. (Se ellers dokumentasjonen).', 'Lukk Informasjon om informasjonskapslar (cookies) Arkivverket brukar cookies (informasjonskapslar) på sine nettsider for å levere ei betre teneste. Dei brukast til mellom anna skjemaoppdateringar og innlogging. Bruk sida som normalt, eller lukk informasjonsboksen for å akseptere bruk av cookies. Les meir om korleis du styrer informasjonskapslar (cookies)']","['Nøkkelinformasjon', 'Kontaktinformasjon', 'Om Åsane Historielag', 'Marianne Herfindal Johannessen er leder i Åsane Historielag. Flere av medlemmene i historielaget har deltatt i registreringsarbeidet for å få produsert disse databasene. I første rekke er dette Kenneth Bratland, Johan Ludvig Kvamme, Jan Tertnes og Rune Thorstensen. Kenneth Bratland har i tillegg lest korrektur på databasene over de vigde i Hamre 1816-1930. (Se ellers dokumentasjonen).', 'Lukk Informasjon om cookies Arkivverket bruker cookies (informasjonskapsler) på sine nettsider for å levere en bedre tjeneste. De brukes til bl.a. skjemaoppdateringer og innlogging. Bruk siden som normalt, eller lukk informasjonsboksen for å akseptere bruk av cookies. Les mer om hvordan du styrer cookies.']"
cc170cb8f5ddf39fc7b4362481dc9798e8d9022c,4f24f2487795ef2b975c8541358388f11edfbe32,https://www.digitalarkivet.no/nn/actors/223/hedmark-slektshistorielag,https://www.digitalarkivet.no/actors/223/hedmark-slektshistorielag,"['Kontaktinformasjon', 'Om Hedmark Slektshistorielag', 'Hedmark Slektshistorielag dekker kommunene Hamar, Stange, Ringsaker og Løten. Medlemmer i laget har dataregistrert mye av kirkebøkene i disse kommunene. Det som er korrekturlest vil etter hvert bli lagt ut på Digitalpensjonatet. Oversikt over dataregistrert materiale finner du på hjemmesida vår. Her finner du også mer informasjon om Hedmark Slektshistorielag. Har du lyst til å bli medlem så er det bare å ta kontakt!', 'Lukk Informasjon om informasjonskapslar (cookies) Arkivverket brukar cookies (informasjonskapslar) på sine nettsider for å levere ei betre teneste. Dei brukast til mellom anna skjemaoppdateringar og innlogging. Bruk sida som normalt, eller lukk informasjonsboksen for å akseptere bruk av cookies. Les meir om korleis du styrer informasjonskapslar (cookies)']","['Kontaktinformasjon', 'Om Hedmark Slektshistorielag', 'Hedmark Slektshistorielag dekker kommunene Hamar, Stange, Ringsaker og Løten. Medlemmer i laget har dataregistrert mye av kirkebøkene i disse kommunene. Det som er korrekturlest vil etter hvert bli lagt ut på Digitalpensjonatet. Oversikt over dataregistrert materiale finner du på hjemmesida vår. Her finner du også mer informasjon om Hedmark Slektshistorielag. Har du lyst til å bli medlem så er det bare å ta kontakt!', 'Lukk Informasjon om cookies Arkivverket bruker cookies (informasjonskapsler) på sine nettsider for å levere en bedre tjeneste. De brukes til bl.a. skjemaoppdateringer og innlogging. Bruk siden som normalt, eller lukk informasjonsboksen for å akseptere bruk av cookies. Les mer om hvordan du styrer cookies.']"
9b30c0461ebd2df6616a580a13865197a285649e,5d90f1c892617f99f6d8219d50300d8bebf2dcb2,https://www.digitalarkivet.no/nn/actors/641/kristine-rakke-%C3%B8stby,https://www.digitalarkivet.no/actors/641/kristine-rakke-%C3%B8stby,"['Om Kristine Rakke Østby', 'Lukk Informasjon om informasjonskapslar (cookies) Arkivverket brukar cookies (informasjonskapslar) på sine nettsider for å levere ei betre teneste. Dei brukast til mellom anna skjemaoppdateringar og innlogging. Bruk sida som normalt, eller lukk informasjonsboksen for å akseptere bruk av cookies. Les meir om korleis du styrer informasjonskapslar (cookies)']","['Om Kristine Rakke Østby', 'Lukk Informasjon om cookies Arkivverket bruker cookies (informasjonskapsler) på sine nettsider for å levere en bedre tjeneste. De brukes til bl.a. skjemaoppdateringer og innlogging. Bruk siden som normalt, eller lukk informasjonsboksen for å akseptere bruk av cookies. Les mer om hvordan du styrer cookies.']"
abaedae333fe6ef4a14dad6f88dd9098d5f0c52e,f916e440e7776f46486b91fb8c31f0bb58715e22,https://www.digitalarkivet.no/nn/actors/585/ole-yttri,https://www.digitalarkivet.no/actors/585/ole-yttri,"['Om Ole Yttri', 'Lukk Informasjon om informasjonskapslar (cookies) Arkivverket brukar cookies (informasjonskapslar) på sine nettsider for å levere ei betre teneste. Dei brukast til mellom anna skjemaoppdateringar og innlogging. Bruk sida som normalt, eller lukk informasjonsboksen for å akseptere bruk av cookies. Les meir om korleis du styrer informasjonskapslar (cookies)']","['Om Ole Yttri', 'Lukk Informasjon om cookies Arkivverket bruker cookies (informasjonskapsler) på sine nettsider for å levere en bedre tjeneste. De brukes til bl.a. skjemaoppdateringer og innlogging. Bruk siden som normalt, eller lukk informasjonsboksen for å akseptere bruk av cookies. Les mer om hvordan du styrer cookies.']"
f80af0b3296d4794fc66b9f12a4b8609feb98535,05bca29da1ce6df9473c18a45fa00dda30a68cc5,https://www.digitalarkivet.no/content/about-da,https://www.digitalarkivet.no/content/about-dp,"['Forkortingar i søkbare folketeljingar Registreringsstandard for folketeljingar, HISTFORM, har etablert eit felles sett med forkortingar som ein skal nytte når ein transkriberer folketeljingar.', 'Korrekturmeldingar og merknadar Har du funne feil i transkriberte data i Digitalarkivet, eller har du motstridande opplysingar til det som er registrert? Her får du vite korleis du...', 'Korrekturmeldinger og kommentarer på registrerte kirkebøker fra AMF Publiseringen av registrerte kirkebøker fra AMF har resultert i en stor økning av innsendte korrekturmeldinger.', 'Kontaktinformasjon Vi har ulike kanaler du kan bruke dersom du lurer på noe.', '2021-06-17', 'Videreformidling av skannede dokumenter Ønsker du å bruke kopier av skannede dokumenter du har lastet ned fra Digitalarkivet?', 'Digitale format I Digitalarkivet er arkivkjelder gjort tilgjengelege for brukarane på ulike måtar. Lær meir om våre digitale format her.', 'Personvernerklæring Personvernerklæringa gjer greie for vår handsaming av personopplysningar når du nyttar Arkivverket sine tenester i arkivportalen.no, digitalarkivet.no, arkivverket.no eller kontaktar oss via skjema, nettforum, brev,...', '2018-08-20', 'Lukk Informasjon om cookies Arkivverket bruker cookies (informasjonskapsler) på sine nettsider for å levere en bedre tjeneste. De brukes til bl.a. skjemaoppdateringer og innlogging. Bruk siden som normalt, eller lukk informasjonsboksen for å akseptere bruk av cookies. Les mer om hvordan du styrer cookies.']","['Om Digitalpensjonatet', 'Bidragsyterne, benevnt som aktører, kan være privatpersoner, grupper, foreninger og institusjoner. Digitalarkivet oppretter et rom i Digitalpensjonatet for hver aktør. Hver bidragsyter vil dermed ha sin egen aktørprofil, hvor man også kan se en oversikt over hvilket arbeid som har blitt utført. Hvis du ønsker å publisere ditt arbeid hos oss, ber vi deg om å kontakte Digitalarkivet først. Da får vi en oversikt over hva vi kan forvente å motta, samt gi råd og veiledning for å hindre merarbeid for deg eller oss. Digitalarkivet tilbyr også organiserte dugnader.', 'Ikke alt materiale kan gjøres søkbart på Digitalarkivet. Det er viktig å sette seg inn i regler for hva som kan publiseres åpent på nettet. Sperringsregler ved registrerte historiske dokumenter', 'Krav til materialet', 'Alle som registrerer historiske dokumenter (arkiver) kan selvsagt taste inn informasjonen slik de selv ønsker til eget bruk, men ved publisering i Digitalarkivet må enkelte krav ivaretas: Digitale kilder skal bygge på et arkivstykke (f.eks. en protokoll eller arkivboks), eller en serie fra et arkiv. Man skal ikke konstruere en kilde ved å hente informasjon fra flere steder eller trekke egne slutninger. Den digitale kilden skal heller ikke bare være på et par sider eller som et tekstutdrag fra en kilde. Et viktig prinsipp er at arkivmaterialet skal gjengis bokstavrett, selv om det er åpenbart at arkivmaterialet inneholder feil. For eksempel korrigeres ikke bokstaveringen i personnavn, selv om bokstaveringen ikke stemmer med den personen selv brukte. Registreringen skal gjengi arkivmaterialet slik det er, og tolking og kildekritikk må overlates til brukerne selv.', 'Rettigheter til materialet', 'Som bidragsyter gjennom Digitalpensjonatet godkjenner du at Digitalarkivet har rettighetene til å bruke resultatene av registreringsarbeidet gjennom visningsverktøyene på nettsidene, og kan bli delt med forskere og forfattere. Det betyr at Digitalarkivet også må ha anledning til å gjøre rettelser i det innsendte materialet. Når materialet er oversendt Digitalarkivet kan man ikke trekke dette tilbake.', 'Digitalarkivet har en redaktørrolle i Digitalpensjonatet, og skal se til at materialet er av en slik kvalitet at det er til god nytte for brukerne. Digitalarkivet kan derfor reservere seg mot å publisere en digital kilde dersom materialet er av en slik art at vi ikke ønsker å publisere det på nettsidene våre.', 'Innsending av registreringen', 'Lukk Informasjon om cookies Arkivverket bruker cookies (informasjonskapsler) på sine nettsider for å levere en bedre tjeneste. De brukes til bl.a. skjemaoppdateringer og innlogging. Bruk siden som normalt, eller lukk informasjonsboksen for å akseptere bruk av cookies. Les mer om hvordan du styrer cookies.']"
f58d319a858264cd6adc229aaf16eb609ee3dbe5,81cdd0d5dcceae8e02e56c6027c8dcaea48a75a7,https://www.digitalarkivet.no/nn/actors/199/geir-moen,https://www.digitalarkivet.no/actors/199/geir-moen,"['Om Geir Moen', 'Lukk Informasjon om informasjonskapslar (cookies) Arkivverket brukar cookies (informasjonskapslar) på sine nettsider for å levere ei betre teneste. Dei brukast til mellom anna skjemaoppdateringar og innlogging. Bruk sida som normalt, eller lukk informasjonsboksen for å akseptere bruk av cookies. Les meir om korleis du styrer informasjonskapslar (cookies)']","['Om Geir Moen', 'Lukk Informasjon om cookies Arkivverket bruker cookies (informasjonskapsler) på sine nettsider for å levere en bedre tjeneste. De brukes til bl.a. skjemaoppdateringer og innlogging. Bruk siden som normalt, eller lukk informasjonsboksen for å akseptere bruk av cookies. Les mer om hvordan du styrer cookies.']"
d902fec02eea6fc60a71f8212f908d6449c81f63,8bc64bf33f7712912fbbfb04cb9c3ebde895b1c0,https://www.digitalarkivet.no/nn/actors/649/r%C3%A5de-lokalsamling,https://www.digitalarkivet.no/actors/649/r%C3%A5de-lokalsamling,"['Nøkkelinformasjon', 'Kontaktinformasjon', 'Om Råde lokalsamling', 'Råde lokalsamling ble opprettet i forbindelse med avskrifter av kirkebøkene i 1997 Arbeidet ble startet i 1987 - 1997. Da ble dette lagt dødt på grunn av arbeidet med bygdebok 4 bind som ble ferdig 2013. Råde lokalsamling ble blåst liv igjen i 2015.', 'Lukk Informasjon om informasjonskapslar (cookies) Arkivverket brukar cookies (informasjonskapslar) på sine nettsider for å levere ei betre teneste. Dei brukast til mellom anna skjemaoppdateringar og innlogging. Bruk sida som normalt, eller lukk informasjonsboksen for å akseptere bruk av cookies. Les meir om korleis du styrer informasjonskapslar (cookies)']","['Nøkkelinformasjon', 'Kontaktinformasjon', 'Om Råde lokalsamling', 'Råde lokalsamling ble opprettet i forbindelse med avskrifter av kirkebøkene i 1997 Arbeidet ble startet i 1987 - 1997. Da ble dette lagt dødt på grunn av arbeidet med bygdebok 4 bind som ble ferdig 2013. Råde lokalsamling ble blåst liv igjen i 2015.', 'Lukk Informasjon om cookies Arkivverket bruker cookies (informasjonskapsler) på sine nettsider for å levere en bedre tjeneste. De brukes til bl.a. skjemaoppdateringer og innlogging. Bruk siden som normalt, eller lukk informasjonsboksen for å akseptere bruk av cookies. Les mer om hvordan du styrer cookies.']"
