index,doc_hash_lang_1,lang_lang_1,url_lang_1,domain_lang_1,date_lang_1,mimetype_lang_1,fulltext_lang_1,fulltext_joined_lang_1,doc_hash_lang_2,lang_lang_2,url_lang_2,domain_lang_2,date_lang_2,mimetype_lang_2,fulltext_lang_2,fulltext_joined_lang_2,annotator_1_annotation,sensitive,id,updated_at,created_at,doc_hash,annotator_2_annotation
17,0074520309996611fbe09c31fe052a2bd801b3db,nno,https://www.nih.no/om/aktuelt/,nih.no,1734370731000,html,"['Periodisering av treninga kan gje den variasjonen og stimulien kroppen treng, meiner både Anders Aukland og NIHs-ekspert. Dei gir deg konkrete råd til korleis du kan planlegge treninga og få best effekt.', 'Er du nysgjerrig på studiemulighetene ved Norges idrettshøgskole? Ønsker du omvisning på campus og møte våre engasjerte studenter og forelesere? Sett av torsdag 6. mars 2025, og bli med på Åpen dag ved Norges idrettshøgskole.']","Periodisering av treninga kan gje den variasjonen og stimulien kroppen treng, meiner både Anders Aukland og NIHs-ekspert. Dei gir deg konkrete råd til korleis du kan planlegge treninga og få best effekt.
Er du nysgjerrig på studiemulighetene ved Norges idrettshøgskole? Ønsker du omvisning på campus og møte våre engasjerte studenter og forelesere? Sett av torsdag 6. mars 2025, og bli med på Åpen dag ved Norges idrettshøgskole.",1de88e9c0dac4f2814582f7f28e5d7e1e015bef3,nob,https://www.nih.no/studier/videre/,nih.no,1734370831000,html,"['Er du nysgjerrig på studiemulighetene ved Norges idrettshøgskole? Ønsker du omvisning på campus og møte våre engasjerte studenter og forelesere? Sett av torsdag 6. mars 2025, og bli med på Åpen dag ved Norges idrettshøgskole.']","Er du nysgjerrig på studiemulighetene ved Norges idrettshøgskole? Ønsker du omvisning på campus og møte våre engasjerte studenter og forelesere? Sett av torsdag 6. mars 2025, og bli med på Åpen dag ved Norges idrettshøgskole.",Not parallell,False,164,2026-01-14 10:22:36.205636+00:00,2026-01-09 09:34:09.611010+00:00,0074520309996611fbe09c31fe052a2bd801b3db1de88e9c0dac4f2814582f7f28e5d7e1e015bef3,Something is wrong
96,01b75a6aab8c3402f53f2bfbd3860f693c97ac69,eng,https://www.ntnu.no/ansatte/stefanie.brinkman,ntnu.no,1734543776000,html,"['Mathisen, Anders Christian; Schenk, Richard Justin; Brinkman, Stefanie Suzanne; Tan, Xin Liang; Hartl, Matthias; Christoph, Brune. (2024) Electronic structure of epitaxial CuFeS2 thin films. Deutsche Physikalische Gesellschaft 87. Annual Meeting of DPG and DPG-Frühjahrstagung (DPG Spring Meeting) of the Condensed Matter Section (SKM) , Berlin 2024-03-17 - 2024-03-22', 'Poster', 'Schenk, Richard Justin; Mathisen, Anders Christian; Brinkman, Stefanie Suzanne; Tan, Xin Liang; Hartl, Matthias; Brüne, Christoph. (2024) Growth and surface characterization of epitaxial CuFeS2 thin films on Si(001). Deutsche Physikalische Gesellschaft 87th Annual Conference of the DPG and DPG Spring Meeting , Berlin 2024-03-17 - 2024-03-22']","Mathisen, Anders Christian; Schenk, Richard Justin; Brinkman, Stefanie Suzanne; Tan, Xin Liang; Hartl, Matthias; Christoph, Brune. (2024) Electronic structure of epitaxial CuFeS2 thin films. Deutsche Physikalische Gesellschaft 87. Annual Meeting of DPG and DPG-Frühjahrstagung (DPG Spring Meeting) of the Condensed Matter Section (SKM) , Berlin 2024-03-17 - 2024-03-22
Poster
Schenk, Richard Justin; Mathisen, Anders Christian; Brinkman, Stefanie Suzanne; Tan, Xin Liang; Hartl, Matthias; Brüne, Christoph. (2024) Growth and surface characterization of epitaxial CuFeS2 thin films on Si(001). Deutsche Physikalische Gesellschaft 87th Annual Conference of the DPG and DPG Spring Meeting , Berlin 2024-03-17 - 2024-03-22",b673e2bd46968c05d78d2b15061b2d8a8fcbac3d,nob,https://www.ntnu.no/ansatte/anders.c.mathisen,ntnu.no,1734543941000,html,"['Mathisen, Anders Christian; Schenk, Richard Justin; Brinkman, Stefanie Suzanne; Tan, Xin Liang; Hartl, Matthias; Christoph, Brune. (2024) Electronic structure of epitaxial CuFeS2 thin films. Deutsche Physikalische Gesellschaft 87. Annual Meeting of DPG and DPG-Frühjahrstagung (DPG Spring Meeting) of the Condensed Matter Section (SKM) , Berlin 2024-03-17 - 2024-03-22', 'Poster', 'Schenk, Richard Justin; Mathisen, Anders Christian; Brinkman, Stefanie Suzanne; Tan, Xin Liang; Hartl, Matthias; Brüne, Christoph. (2024) Growth and surface characterization of epitaxial CuFeS2 thin films on Si(001). Deutsche Physikalische Gesellschaft 87th Annual Conference of the DPG and DPG Spring Meeting , Berlin 2024-03-17 - 2024-03-22', '2023', 'Vitenskapelig foredrag', 'Van Helvoort, Antonius; Mathisen, Anders Christian; Schultheiss, Jan Erich; Hunnestad, Kasper Aas; Meier, Dennis; Correa, Leonardo. (2023) 4DSTEM for nm scale characterization of ferroelectrics. Dennis Meier Ferroelectrics Domains and Domain Walls, The Northern Lights Edition , Hurtigruten 2023-05-22 - 2023-05-25']","Mathisen, Anders Christian; Schenk, Richard Justin; Brinkman, Stefanie Suzanne; Tan, Xin Liang; Hartl, Matthias; Christoph, Brune. (2024) Electronic structure of epitaxial CuFeS2 thin films. Deutsche Physikalische Gesellschaft 87. Annual Meeting of DPG and DPG-Frühjahrstagung (DPG Spring Meeting) of the Condensed Matter Section (SKM) , Berlin 2024-03-17 - 2024-03-22
Poster
Schenk, Richard Justin; Mathisen, Anders Christian; Brinkman, Stefanie Suzanne; Tan, Xin Liang; Hartl, Matthias; Brüne, Christoph. (2024) Growth and surface characterization of epitaxial CuFeS2 thin films on Si(001). Deutsche Physikalische Gesellschaft 87th Annual Conference of the DPG and DPG Spring Meeting , Berlin 2024-03-17 - 2024-03-22
2023
Vitenskapelig foredrag
Van Helvoort, Antonius; Mathisen, Anders Christian; Schultheiss, Jan Erich; Hunnestad, Kasper Aas; Meier, Dennis; Correa, Leonardo. (2023) 4DSTEM for nm scale characterization of ferroelectrics. Dennis Meier Ferroelectrics Domains and Domain Walls, The Northern Lights Edition , Hurtigruten 2023-05-22 - 2023-05-25",Not parallell,False,424,2025-10-13 07:55:01.009225+00:00,2025-10-10 11:14:31.677106+00:00,01b75a6aab8c3402f53f2bfbd3860f693c97ac69b673e2bd46968c05d78d2b15061b2d8a8fcbac3d,Something is wrong
97,052ccce70349bd444f24c1cf9d4996c8fd596a04,eng,https://www.nb.no/sheet-music/product/toner-i-steen-atte-satser-for-fem-strykere-inspirert-av-knut-steens-skulpturer/,nb.no,1734532633000,html,"['Description', 'Instrumentation:', 'Composer:', 'Composition year:', '2024', 'Content:', 'Odyssevs - for String Quintet Coppia - Duet for Two Violins Passaggio - Duet for Viola and Cello Aurora - Cadenza for Violin Solo Tre Grazie - Scherzo for Violin, Viola and Cello Tramontana - Aria for Double Bass Pantomima - Waltz for String Quartet Adagio - for String Quintet']","Description
Instrumentation:
Composer:
Composition year:
2024
Content:
Odyssevs - for String Quintet Coppia - Duet for Two Violins Passaggio - Duet for Viola and Cello Aurora - Cadenza for Violin Solo Tre Grazie - Scherzo for Violin, Viola and Cello Tramontana - Aria for Double Bass Pantomima - Waltz for String Quartet Adagio - for String Quintet",4955f71b8564e6c49ecbab603dc145c09c6dff8f,nob,https://www.nb.no/noter/produkt/toner-i-steen-atte-satser-for-fem-strykere-inspirert-av-knut-steens-skulpturer/,nb.no,1734497692000,html,"['Beskrivelse', 'Besetning:', 'Komponist:', 'Komposisjonsår:', '2024', 'Innhold:', 'Odyssevs - for String Quintet Coppia - Duet for Two Violins Passaggio - Duet for Viola and Cello Aurora - Cadenza for Violin Solo Tre Grazie - Scherzo for Violin, Viola and Cello Tramontana - Aria for Double Bass Pantomima - Waltz for String Quartet Adagio - for String Quintet']","Beskrivelse
Besetning:
Komponist:
Komposisjonsår:
2024
Innhold:
Odyssevs - for String Quintet Coppia - Duet for Two Violins Passaggio - Duet for Viola and Cello Aurora - Cadenza for Violin Solo Tre Grazie - Scherzo for Violin, Viola and Cello Tramontana - Aria for Double Bass Pantomima - Waltz for String Quartet Adagio - for String Quintet",Parallell,False,406,2025-10-13 07:44:07.953110+00:00,2025-10-10 11:14:31.675813+00:00,052ccce70349bd444f24c1cf9d4996c8fd596a044955f71b8564e6c49ecbab603dc145c09c6dff8f,Something is wrong
28,0b0399d89fd28aa5f09757a048a3bf857c210224,eng,https://www.ssb.no/a/skjema/finmark/orbof_inndata/UserGuidelines.doc,ssb.no,1734940557000,doc,"['USER GUIDELINES - SHORT VERSION', '                              ORBOF-Inn   [pic]', 'First-time use', 'Download necessary software from Statistics Norway', '    • Open Internet', ""    • Go to Statistics Norway's area"", '    • http://www.ssb.no/skjema/finmark/rapport/', '    • Type the following:    Ident:     nborbof', '                                            Password: fobroff', '    • Click on the Zip file (all the material  is  compressed  into  a   ZIP', '      file)', '    • Choose save', '    • Choose area to save the Zip file in (the computer often provides', '      suggestions, choose a temporary area, for example temp)', '    • Close the window', '    • Use Explorer and go to the area where you saved the file.', '    • Double click on ORBOF-filer.exe', '    • Use Browse in the Zip menu and click until you get to the folder where', '      you want to save the ORBOF  system  (the  system  creates  a  separate', '      folder called ORBOF when the file is unzipped).', '    • Click Unzip to unzip the files.', '    • Click OK', '    • Click Close', 'Configure yourself as a user – see also Item 4.1 of the User Guidelines', '    • Open Explorer and find the area where you saved the files', '    • Go to the folder called System', '    • Click on ORBOF-Inn (it could be  an  advantage  to  put  this  on  the', '      desktop as a shortcut. This is done by clicking the  right-hand  mouse', '      button and selecting ""create shortcut"" and  dragging  or  copying  the', '      shortcut to the desktop)', '    • Type in the data processing centre number, registration number, name', '      and e-mail address. Note: The name and e-mail address are only filled', '      in to test the e-mail function.', '    • New functions not found in earlier versions: You must also select', '      which e-mail system you to receive correct guidance from the system.', ""      You also choose whether the system's Internet access is to be"", '      activated. Users who in earlier versions of the program did not have', '      problems communicating with the Internet, should therefore activate', '      this function.', 'We recommend that you run through the test functions to see if the computer', 'system has the necessary installations and programs to enable use of the', 'software.', 'When Statistics Norway has an updated version available, those who have', ""activated the system's Internet access will be informed of the new version"", 'when they start the program. Answer yes when asked if the new version is to', 'be downloaded. All reporters will also be notified by Statistics Norway', 'when we publish a new version of ORBOF-Inn. The procedure is then as', 'follows:', 'Updating the system', 'Note: applies to users who have activated the Internet access function', '    • Click on the YES button. Before you click on the  Zip file, ORBOF-Inn', '      should be closed.', '         • Answer Yes when asked if the file is to be replaced', '    • Follow the procedure under the item above regarding downloading and', '      unzipping of FiksValider.', '    • Remember to click on [pic] update version information after the', '      program has been restarted.', 'Making and sending a new report', 'This is a quick guideline that can be used when a new report is to be', 'prepared and sent to Statistics Norway.', '         • Click on [pic] Selects new report in the menu.', '         • Choose report number from the pulldown menu. The last reporting', '           period will appear automatically.', '         • Choose first-time submission.', '         • Click to where the file is to be saved (The computer will make a', '           suggestion)', '         • Type the file name of the report', 'A ""formatted"" spreadsheet will appear with boxes that have been completed', 'in advance with information the reporters have given in the configuration', 'window.', '         • Click on the [pic] minimise button at the top right in the ORBOF-', '           Inn menu so that the program is placed in the background.', '      • Use the pulldown menu in cell A12 to activate the first item in', '        the accounts.', '        Column B will be completed automatically when a value is selected', '        in A.', '      • Use the pulldown menu in column C to find the right sector.', '      • Use the pulldown menu in column D to select business.', 'For items where the sector and business only have one possible value, the', 'cell will automatically be assigned this value and the cursor will skip', 'to the next cell to be completed.', 'This procedure must be repeated until the accounts have been completed.', 'However, as a rule there will be many items with the same value in', 'columns A and C because there often are may items, particularly under the', 'main groups 2, lending and 6 borrowings. Item 2.54.91 for example may', 'have many sectors to be distributed by business and there will also be', 'several businesses for each sector.', 'In order to streamline the registration process, the lines can be copied.', 'This is done by copying column A downwards and then copying columns C, D', 'and E. Copied values are changed and correct values entered. Note that', 'the checking function related to the pulldown menus disappears when', 'copying.', 'Do the following when the figures have been entered:', '            • Click the sort button to sort the items.', '            • Click  [pic] Validate the Excel report for errors.', 'The validation program will now review the report and errors will be', 'marked in red in the spreadsheet, while the status of the errors will be', 'displayed in the log window in the menu. The errors must be corrected and', 'the validation program must be rerun.', 'Send the report to Statistics Norway when the report is complete and the', 'errors corrected.', '            • Click  [pic] send the Excel report to Statistics Norway.', 'The data will now be sent to Statistics Norway and entered directly into', ""Statistics Norway's database. A status report will be sent via e-mail"", 'from Statistics Norway as feedback on submitted data.', 'Send a correction', 'This is a quick guideline that can be used when a correction of previously', 'submitted reports is to be sent.', '         • Click [pic] Select new report in the menu.', '         • Choose report number from the pulldown menu.', '           The last reporting period appears automatically', '         • Choose correction.', '         • Click to where the file is to be saved (The computer will make a', '           suggestion)', '         • Type the file name on the report', 'A ""formatted"" spreadsheet will appear with boxes that have been completed', 'in advance with information the reporters have given in the configuration', 'window.', '         • Click on the [pic] minimise button in the top right-hand corner', '           in the FiksValider menu so that the program is placed in the', '           background', '      • Use the pulldown menu in cell A12 to activate the first item in', '        the accounts.', 'Column B will be completed automatically when a value is selected in A.', '      • Use the pulldown menu in column C to find the right sector', '      • Use the pulldown menu in column D to select business.', 'For items where the sector and business only have one possible value, the', 'cell will automatically be assigned this value and the cursor will skip', 'to the next cell to be completed.', 'This procedure must be repeated until the corrections have been', 'completed.', 'Do the following when the figures have been entered:', '            • Click the sort button to sort the items.', '            • Click  [pic] Validate the Excel report for errors.', 'The validation program will now review the report and errors will be', 'marked in red in the spreadsheet, while the status of the errors will be', 'displayed in the log window in the menu. The errors must be corrected and', 'the validation program must be rerun.', 'Send the report to Statistics Norway when the report is complete and the', 'errors corrected.', '            • Click  [pic] send the Excel report to Statistics Norway.', 'The data will now be sent to Statistics Norway and entered directly into', ""Statistics Norway's database. A status report will be sent via e-mail"", 'from Statistics Norway as feedback on submitted data.', 'Send new report using ”old spreadsheets”', '         • Click [pic] Choose Open previously saved Excel report.', '         • Retrieve the report to be used.', '         • Click on the [pic] minimise button in the top right-hand corner', '           of the FiksValider menu so that the program is placed in the', '           background.', '      • Click [pic] Validate the Excel report for errors.', '        The validation program will now review the report and errors will', '        be marked in red in the spreadsheet, while the status of the', '        errors will be displayed in the log window in the menu. The', '        errors must be corrected and the validation program must be', '        rerun.', 'Note: When old spreadsheets are used there will be many items with the', 'value 0 or no value. Many of these will come up as errors after validation', 'has been run. You should therefore delete these rows so that unnecessary', 'errors do not occur.', 'Send the report to Statistics Norway when the report is complete and the', 'errors corrected.', 'Click  [pic] send the Excel report to Statistics Norway.', 'The data will now be sent to Statistics Norway and entered directly into', ""Statistics Norway's database. A status report will be sent via e-mail"", 'from Statistics Norway as feedback on submitted data.', 'Send new report using ”flat file”', 'Click [pic] Retrieve data file and send to Statistics Norway.', 'Retrieve the file to be used.', 'The data will be encrypted, sent and entered directly into Statistics', ""Norway's database. A status report will be sent via e-mail from Statistics"", 'Norway as feedback on submitted data', 'New functions in ORBOF-Inn', 'Save the Excel report as an encrypted file.', 'Click [pic] to save the Excel report as an encrypted file.', 'The file can then be copied and pasted into a normal e-mail that is sent to', 'Statistics Norway at the following e-mail address: email-removed@email-removed.no', 'This is a new function that can be used by reporters who do not want to use', 'the normal send function in the program. This particularly applies to users', 'who have other e-mail systems than Outlook and other Exchange products.', 'Open flat file and save as encrypted file', 'Click [pic] open flat file and save as encrypted file.', 'The file can then be copied and pasted into a normal e-mail that is sent to', 'Statistics Norway at the following e-mail address: email-removed@email-removed.no This', 'is a new function that can be used by reporters who do not want to use the', 'normal send function in the program. This particularly applies to users who', 'have other e-mail systems than Outlook and other Exchange products.']","USER GUIDELINES - SHORT VERSION
                              ORBOF-Inn   [pic]
First-time use
Download necessary software from Statistics Norway
    • Open Internet
    • Go to Statistics Norway's area
    • http://www.ssb.no/skjema/finmark/rapport/
    • Type the following:    Ident:     nborbof
                                            Password: fobroff
    • Click on the Zip file (all the material  is  compressed  into  a   ZIP
      file)
    • Choose save
    • Choose area to save the Zip file in (the computer often provides
      suggestions, choose a temporary area, for example temp)
    • Close the window
    • Use Explorer and go to the area where you saved the file.
    • Double click on ORBOF-filer.exe
    • Use Browse in the Zip menu and click until you get to the folder where
      you want to save the ORBOF  system  (the  system  creates  a  separate
      folder called ORBOF when the file is unzipped).
    • Click Unzip to unzip the files.
    • Click OK
    • Click Close
Configure yourself as a user – see also Item 4.1 of the User Guidelines
    • Open Explorer and find the area where you saved the files
    • Go to the folder called System
    • Click on ORBOF-Inn (it could be  an  advantage  to  put  this  on  the
      desktop as a shortcut. This is done by clicking the  right-hand  mouse
      button and selecting ""create shortcut"" and  dragging  or  copying  the
      shortcut to the desktop)
    • Type in the data processing centre number, registration number, name
      and e-mail address. Note: The name and e-mail address are only filled
      in to test the e-mail function.
    • New functions not found in earlier versions: You must also select
      which e-mail system you to receive correct guidance from the system.
      You also choose whether the system's Internet access is to be
      activated. Users who in earlier versions of the program did not have
      problems communicating with the Internet, should therefore activate
      this function.
We recommend that you run through the test functions to see if the computer
system has the necessary installations and programs to enable use of the
software.
When Statistics Norway has an updated version available, those who have
activated the system's Internet access will be informed of the new version
when they start the program. Answer yes when asked if the new version is to
be downloaded. All reporters will also be notified by Statistics Norway
when we publish a new version of ORBOF-Inn. The procedure is then as
follows:
Updating the system
Note: applies to users who have activated the Internet access function
    • Click on the YES button. Before you click on the  Zip file, ORBOF-Inn
      should be closed.
         • Answer Yes when asked if the file is to be replaced
    • Follow the procedure under the item above regarding downloading and
      unzipping of FiksValider.
    • Remember to click on [pic] update version information after the
      program has been restarted.
Making and sending a new report
This is a quick guideline that can be used when a new report is to be
prepared and sent to Statistics Norway.
         • Click on [pic] Selects new report in the menu.
         • Choose report number from the pulldown menu. The last reporting
           period will appear automatically.
         • Choose first-time submission.
         • Click to where the file is to be saved (The computer will make a
           suggestion)
         • Type the file name of the report
A ""formatted"" spreadsheet will appear with boxes that have been completed
in advance with information the reporters have given in the configuration
window.
         • Click on the [pic] minimise button at the top right in the ORBOF-
           Inn menu so that the program is placed in the background.
      • Use the pulldown menu in cell A12 to activate the first item in
        the accounts.
        Column B will be completed automatically when a value is selected
        in A.
      • Use the pulldown menu in column C to find the right sector.
      • Use the pulldown menu in column D to select business.
For items where the sector and business only have one possible value, the
cell will automatically be assigned this value and the cursor will skip
to the next cell to be completed.
This procedure must be repeated until the accounts have been completed.
However, as a rule there will be many items with the same value in
columns A and C because there often are may items, particularly under the
main groups 2, lending and 6 borrowings. Item 2.54.91 for example may
have many sectors to be distributed by business and there will also be
several businesses for each sector.
In order to streamline the registration process, the lines can be copied.
This is done by copying column A downwards and then copying columns C, D
and E. Copied values are changed and correct values entered. Note that
the checking function related to the pulldown menus disappears when
copying.
Do the following when the figures have been entered:
            • Click the sort button to sort the items.
            • Click  [pic] Validate the Excel report for errors.
The validation program will now review the report and errors will be
marked in red in the spreadsheet, while the status of the errors will be
displayed in the log window in the menu. The errors must be corrected and
the validation program must be rerun.
Send the report to Statistics Norway when the report is complete and the
errors corrected.
            • Click  [pic] send the Excel report to Statistics Norway.
The data will now be sent to Statistics Norway and entered directly into
Statistics Norway's database. A status report will be sent via e-mail
from Statistics Norway as feedback on submitted data.
Send a correction
This is a quick guideline that can be used when a correction of previously
submitted reports is to be sent.
         • Click [pic] Select new report in the menu.
         • Choose report number from the pulldown menu.
           The last reporting period appears automatically
         • Choose correction.
         • Click to where the file is to be saved (The computer will make a
           suggestion)
         • Type the file name on the report
A ""formatted"" spreadsheet will appear with boxes that have been completed
in advance with information the reporters have given in the configuration
window.
         • Click on the [pic] minimise button in the top right-hand corner
           in the FiksValider menu so that the program is placed in the
           background
      • Use the pulldown menu in cell A12 to activate the first item in
        the accounts.
Column B will be completed automatically when a value is selected in A.
      • Use the pulldown menu in column C to find the right sector
      • Use the pulldown menu in column D to select business.
For items where the sector and business only have one possible value, the
cell will automatically be assigned this value and the cursor will skip
to the next cell to be completed.
This procedure must be repeated until the corrections have been
completed.
Do the following when the figures have been entered:
            • Click the sort button to sort the items.
            • Click  [pic] Validate the Excel report for errors.
The validation program will now review the report and errors will be
marked in red in the spreadsheet, while the status of the errors will be
displayed in the log window in the menu. The errors must be corrected and
the validation program must be rerun.
Send the report to Statistics Norway when the report is complete and the
errors corrected.
            • Click  [pic] send the Excel report to Statistics Norway.
The data will now be sent to Statistics Norway and entered directly into
Statistics Norway's database. A status report will be sent via e-mail
from Statistics Norway as feedback on submitted data.
Send new report using ”old spreadsheets”
         • Click [pic] Choose Open previously saved Excel report.
         • Retrieve the report to be used.
         • Click on the [pic] minimise button in the top right-hand corner
           of the FiksValider menu so that the program is placed in the
           background.
      • Click [pic] Validate the Excel report for errors.
        The validation program will now review the report and errors will
        be marked in red in the spreadsheet, while the status of the
        errors will be displayed in the log window in the menu. The
        errors must be corrected and the validation program must be
        rerun.
Note: When old spreadsheets are used there will be many items with the
value 0 or no value. Many of these will come up as errors after validation
has been run. You should therefore delete these rows so that unnecessary
errors do not occur.
Send the report to Statistics Norway when the report is complete and the
errors corrected.
Click  [pic] send the Excel report to Statistics Norway.
The data will now be sent to Statistics Norway and entered directly into
Statistics Norway's database. A status report will be sent via e-mail
from Statistics Norway as feedback on submitted data.
Send new report using ”flat file”
Click [pic] Retrieve data file and send to Statistics Norway.
Retrieve the file to be used.
The data will be encrypted, sent and entered directly into Statistics
Norway's database. A status report will be sent via e-mail from Statistics
Norway as feedback on submitted data
New functions in ORBOF-Inn
Save the Excel report as an encrypted file.
Click [pic] to save the Excel report as an encrypted file.
The file can then be copied and pasted into a normal e-mail that is sent to
Statistics Norway at the following e-mail address: email-removed@email-removed.no
This is a new function that can be used by reporters who do not want to use
the normal send function in the program. This particularly applies to users
who have other e-mail systems than Outlook and other Exchange products.
Open flat file and save as encrypted file
Click [pic] open flat file and save as encrypted file.
The file can then be copied and pasted into a normal e-mail that is sent to
Statistics Norway at the following e-mail address: email-removed@email-removed.no This
is a new function that can be used by reporters who do not want to use the
normal send function in the program. This particularly applies to users who
have other e-mail systems than Outlook and other Exchange products.",e8c5a30dd70da17df589ab784ded1b794bde4c10,nob,https://www.ssb.no/a/skjema/finmark/rapport/orbof/veil/orbof-inn.doc,ssb.no,1735201572000,doc,"['BRUKERVEILEDNING - kortversjon', 'INNHOLD:', 'Førstegangsbruk gjelder alle rapportører                     side  1', 'Brukerveiledning for rapportører med e-postsystem Outlook    side  3', 'Brukerveiledning for rapportører med e-postsystemet', 'Lotus Notes eller andre e-postsystem                         side  7', 'Brukerveiledning for rapportører som sender rapporter for', 'flere selskaper                                         side 12', 'FØRSTE GANGS BRUK GJELDER ALLE RAPPORTØRER.', 'Laste ned nødvendig programvare fra Statistisk sentralbyrå', '    • Åpne Internet', '    • Gå inn på Statistisk sentralbyrås område', '    • http://www.ssb.no/skjema/finmark/rapport/orbof/veil.html', '    • Klikk på Zip-filen', '    • Velg lagre', '    • Velg område å lagre Zip-filen på (her kommer ofte maskinen med', '      forslag, velg et midlertidig område for eksempel temp)', '    • Lukk bildet', '    • Bruk utforskeren og gå til området du lagret filen.', '    •  Dobbeltklikk på ORBOF-filer.exe (den er pakket som en ZIP-fil).', '    • Bruk Browse i Zip-meny og klikk deg frem til mappen du vil lagre ORBOF-', '      systemet på. (systemet lager en egen mappe som heter ORBOF når  filene', '      blir pakket ut)', '    • Klikk Unzip for å pakke ut filene.', '    • Klikk OK', '    • Klikk Close', 'Konfigurere deg som bruker – se også Brukerveiledningen pkt. 4.1', '    • Åpne utforskeren og finn området du lagret filene på', '    • Gå inn på mappen System', '    • Klikk på ORBOF-Inn (det er lurt  å  legge  denne  ut  som  snarvei  på', '      skrivebordet og det kan gjøres ved å klikke høyre  musetast  og  velge', '      ”lag snarvei” og dra eller kopiere snarveien ut på skrivebordet)', '    • Skriv inn datasentralnummer, registreringsnummer, e-postsystem og huk', '      av i rubrikken for send e-post som vedlegg (dette er nytt i forhold', '      til tidligere versjoner).', '    • Velg om systemets Internett-aksess skal være aktivert. Brukere som i', '      tidligere versjoner av programmet ikke har hatt problemer', '      kommunikasjon med Internett, bør aktivere denne funksjonen.', 'Det anbefales å kjøre gjennom testfunksjonene en gang for se om', 'datasystemet har de nødvendige installasjoner og programmer for å bruke', 'programvaren.', 'For de som aktivert systemets Internett-aksess, vil det ved oppstart av', 'programmet, komme beskjed til brukeren om at ny versjon finnes, dersom', 'Statistisk sentralbyrå har kommet med en versjons oppdatering. Det skal da', 'svares ja på spørsmålet som ny versjon ska lastes ned. Alle rapportører vil', 'også få beskjed fra Statistisk sentralbyrå når vi legger ut en ny versjon', 'av ORBOF-Inn. Fremgangsmåten er da som følger:', 'Oppdatering av systemet', 'Merk: gjelder brukere som har Internett-aksess funksjonen aktivert', '         • Klikk på knappen YES. Før man klikker på Zip-filen bør ORBOF-Inn', '           lukkes.', '         • Svar Ja på spørsmål om filen skal erstattes', '    • Følg fremgangsmåte under punktet ovenfor vedrørende nedlasting og', '      utpakking av ORBOF-Inn.', 'Oppdatering av maler', ' Gjelder enkeltvis oppdatering av malene.', ' •    Gå inn på siden hvor Zip-filen og malene er lagret.', ' •    Pek på den malen som skal oppdateres', ' •    Klikk på høyre mustast og velg lagre mål som.', ' •    Velg området hvor ORBOF-Inn er lagret', ' •    Åpne ORBOF, system, maler og der ligger malene som r10.xls. r11xls', '   osv.', ' •    Klikk lagre og malen er oppdatert', 'BRUKERVEILEDING FOR RAPPORTØRER MED MICROSOFT OUTLOOK MAILSYSTEM', 'Lage og sende en ny rapport', 'Nedenfor beskrives hvordan en ny rapport skal utarbeides og sendes til', 'Statistisk sentralbyrå.', '         • Klikk på [pic] Velg opptrett ny Excel-rapport fra mal.', '         • Velg rapport nummer ut fra nedtrekksmenyen. Siste', '           rapporteringsperiode kommer automatisk opp', '         • Velg førstegangslevering.', '         • Klikk deg frem til der filen skal lagres (Her kommer maskinen', '           med forslag)', '         • Skriv filnavn på rapporten', 'Det kommer opp et ”formatert” regneark med felter som er forhåndsutfylt med', 'innformasjon som rapportørene har gitt i konfigureringsbilde.', '         • Klikk på [pic] minimer knappen øverst i høyre hjørne i menyen', '           til ORBOF-Inn slik at programmet legges ned i bakgrunnen', '      • Bruk nedtrekksmenyen i celle A12 for å aktivere første post i', '        regnskapet.', '        Kolonne B fylles automatisk ut når verdi velges i A.', '      • Bruk nedtrekksmenyen i kolonne C å finne riktig sektor', '      • Bruk nedtrekksmenyen i kolonne D for å velge næring.', 'For poster hvor sektor og næring kun har en mulig verdi vil cellen', 'automatisk få denne verdien og cursoren vil hoppe til neste celle som', 'skal fylles ut.', 'Denne prosedyren må gjentas helt til regnskapet er ferdig utfylt.', 'Imidlertid vil det som regel være slik at mange poster har samme verdi i', 'kolonne A og C fordi det ofte er mange poster særlig under hovedgruppene', '2, utlån og 6 innlån. For eksempel post 2.54.91 vil gjerne ha mange', 'sektorer som skal næringsfordeles og det vil også være flere næringer for', 'hver sektor.', 'For å rasjonalisere registreringsrutinen kan linjene kopieres. Det gjøres', 'ved at kolonne A kopieres nedover og deretter kopieres kolonnene C, D og', 'E. Kopierte verdier endres og korrekte verdier legges inn. Vær oppmerksom', 'på at den kontrollen som ligger i nedtrekksmenyene blir borte ved', 'kopiering.', 'Når innlegging av tallene er ferdig gjøres følgende:', '            • Klikk på sorterknappen for å sortere postene.', '            • Klikk på [pic] Valider Excel-rapporten for feil.', 'Nå vil valideringsprogrammet gå igjennom rapporten og feil vil bli', 'markert med rødt i regnearket samtidig som status over feilene vises i', 'loggvinduet i menyen. Feilene må rettes opp og valideringen kjøres på', 'nytt.', 'Når rapporten er ferdig og feil er rettet opp, skal rapporten sendes til', 'Statistisk sentralbyrå.', '            • Klikk på [pic] send Excel-rapporten pr. e-post.', 'Dataene sendes nå til Statistisk sentralbyrå og dataene legges direkte', 'inn i Statistisk sentralbyrås database. Det vil også komme en', 'statusrapport på e-post fra Statistisk sentralbyrå som gir en', 'tilbakemelding på innsendte data.', 'Sende en korreksjon for rapportører med', 'Her beskrives hvordan sende en korreksjon på tidligere innsendte rapporter.', '         • Klikk på [pic] Velg ny rapport i menyen.', '         • Velg rapport nummer ut fra nedtrekksmenyen.', '           Siste rapporteringsperiode kommer automatisk opp', '         • Velg korreksjon.', '         • Klikk deg frem til der filen skal lagres (Her kommer maskinen', '           med forslag)', '         • Skriv filnavn på rapporten', 'Det kommer opp et ”formatert” regneark med felter som er forhåndsutfylt med', 'innformasjon som rapportørene har gitt i konfigureringsbilde.', '         • Klikk på [pic] minimer knappen øverst i høyre hjørne i menyen', '           til FiksValider slik at programmet legges ned i bakgrunnen', '      • Bruk nedtrekksmenyen i celle A12 for å aktivere første post i', '        regnskapet.', 'Kolonne B fylles automatisk ut når verdi velges i A.', '      • Bruk nedtrekksmenyen i kolonne C å finne riktig sektor', '      • Bruk nedtrekksmenyen i kolonne D for å velge næring.', 'For poster hvor sektor og næring kun har en mulig verdi vil cellen', 'automatisk få denne verdien og cursoren vil hoppe til neste celle som', 'skal fylles ut.', 'Denne prosedyren må gjentas helt til korreksjonen er ferdig utfylt.', 'Når innlegging av tallene er ferdig gjøres følgende:', '            • Klikk på sorter knappen for å sortere postene.', '            • Klikk på [pic] Valider Excel rapporten for feil.', 'Nå vil valideringsprogrammet gå igjennom rapporten og feil vil bli', 'markert med rødt i regnearket samtidig som status over feilene vises i', 'loggvinduet i menyen. Feilene må rettes opp og valideringen kjøres på', 'nytt.', 'Når rapporten er ferdig og feil er rettet opp, skal rapporten sendes til', 'Statistisk sentralbyrå.', '            • Klikk på [pic] send Excel-rapporten pr. e-post.', 'Dataene sendes nå til Statistisk sentralbyrå og dataene legges direkte', 'inn i Statistisk sentralbyrås database. Det vil også komme en status', 'rapport på e-mai fra Statistisk sentralbyrå som gir en tilbakemelding på', 'innsendte data.', 'Sende ny rapport med bruk av ”gamle regneark”', '         • Klikk på [pic] Velg Åpne tidligere lagret Excel-rapport.', '         • Hent rapporten som skal brukes.', '         • Klikk på [pic] minimer knappen øverst i høyre hjørne i menyen', '           til FiksValider slik at programmet legges ned men kjører aktivt', '           i bakgrunnen', '      • Klikk på [pic] Valider Excel rapporten for feil.', '        Nå vil valideringsprogrammet gå igjennom rapporten og feil vil', '        bli markert med rødt i regnearket samtidig som status over', '        feilene vises i logg vinduet i menyen. Feilene rettes opp og', '        valideringen kjøres på nytt.', 'Merk: Når gamle regneark (som er fra før regnearksmalene) benyttes vil det', 'være mange poster som har verdi 0 eller ikke har verdi. Mange av disse vil', 'slå ut som feil etter at valideringen er kjørt. Man bør derfor slette alle', 'disse radene slik at kun reelle feil blir listet ut og/eller markert.', 'Når rapporten er ferdig og feil er rettet opp skal den sendes til', 'Statistisk sentralbyrå.', 'Klikk på [pic] send Excel rapporten pr. e-post.', 'Dataene sendes nå til Statistisk sentralbyrå og dataene legges direkte inn', 'i Statistisk sentralbyrås database. Det vil også komme en statusrapport på', 'e-mai fra Statistisk sentralbyrå som gir en tilbakemelding på innsendte', 'data', 'Sende ny rapport med bruk av ”flat fil”', 'Klikk på [pic] Åpne datafil og send pr. e-post.', 'Hent filen som skal brukes.', 'Dataene blir kryptert, sendt og lagt direkte inn i Statistisk sentralbyrås', 'database. Det vil også komme en statusrapport på e-post fra Statistisk', 'sentralbyrå som gir en tilbakemelding på innsendte data', 'BRUKERVEILEDING FOR RAPPORTØRER MED LOTUS NOTES ELLER ANDRE MAILSYSTEMER', 'Opprette en ny rapport', 'Nedenfor beskrives hvordan utarbeide en ny rapport som skal sendes til', 'Statistisk sentralbyrå.', '         • Klikk på [pic] Velg ny rapport i menyen.', '         • Velg rapport nummer ut fra nedtrekksmenyen. Siste', '           rapporteringsperiode kommer automatisk opp', '         • Velg førstegangslevering.', '         • Klikk deg frem til der filen skal lagres (Her kommer maskinen', '           med forslag)', '         • Skriv filnavn på rapporten', 'Det kommer opp et ”formatert” regneark med felter som er forhåndsutfylt med', 'innformasjon som rapportørene har gitt i konfigureringsbilde.', '         • Klikk på [pic] minimer knappen øverst i høyre hjørne i menyen', '           til ORBOF-Inn slik at programmet legges ned i bakgrunnen', '      • Bruk nedtrekksmenyen i celle A12 for å aktivere første post i', '        regnskapet.', '        Kolonne B fylles automatisk ut når verdi velges i A.', '      • Bruk nedtrekksmenyen i kolonne C å finne riktig sektor', '      • Bruk nedtrekksmenyen i kolonne D for å velge næring.', 'For poster hvor sektor og næring kun har en mulig verdi vil cellen', 'automatisk få denne verdien og cursoren vil hoppe til neste celle som', 'skal fylles ut.', 'Denne prosedyren må gjentas helt til regnskapet er ferdig utfylt.', 'Imidlertid vil det som regel være slik at mange poster har samme verdi i', 'kolonne A og C fordi det ofte er mange poster særlig under hovedgruppene', '2, utlån og 6 innlån. For eksempel post 2.54.91 vil gjerne ha mange', 'sektorer som skal næringsfordeles og det vil også være flere næringer for', 'hver sektor.', 'For å rasjonalisere registreringsrutinen kan linjene kopieres. Det gjøres', 'ved at kolonne A kopieres nedover og deretter kopieres kolonnene C, D og', 'E. Kopierte verdier endres og korrekte verdier legges inn. Vær oppmerksom', 'på at den kontrollen som ligger i nedtrekksmenyene blir borte ved', 'kopiering.', 'Når innlegging av tallene er ferdig gjøres følgende:', '            • Klikk på sorterknappen for å sortere postene.', '            • Klikk på [pic] Valider Excel-rapporten for feil.', 'Nå vil valideringsprogrammet gå igjennom rapporten og feil vil bli', 'markert med rødt i regnearket samtidig som status over feilene vises i', 'loggvinduet i menyen. Feilene må rettes opp og valideringen kjøres på', 'nytt.', 'Når rapporten er ferdig og feil er rettet opp, skal rapporten sendes til', 'Statistisk sentralbyrå.', 'Sending av rapporter for rapportører med Lotus Notes mailsystem', 'Rapportører som ikke benytter Outlook må sende rapportene som krypterte', 'filer og skal derfor bruke følgende funksjon:', '            • Klikk på [pic] Lagre rapporten som kryptert fil (som siden', '              kan sendes manuelt til Statistisk sentralbyrå).', 'Det kommer opp et vindu hvor den krypterte filen skal lagres.', '[pic]', 'Skriv: Navnet på den krypterte filen og', 'Klikk: Lagre', 'Det kommer opp et nytt bilde som inneholder opplysninger til bruk i mail:', 'med informasjon om navnet på den krypterte filen og hvilken adresse:', 'email-removed@email-removed.no', 'Filene skal sendes til.', 'Nå skal e-postsystemet åpnes og adressen email-removed@email-removed.no skal settes i', 'til-feltet og opplysninger om avsender og hvilke opplysninger som', 'gjelder, i emnefeltet. Den eller de krypterte filene sendes som vedlegg.', 'Flere rapporter, både nye rapporter og korreksjoner, kan sendes i en e-', 'post. Det betyr at hvis det skal sendes flere rapporter lukkes vinduet;', 'Behandle krypterte filer, og følgende bildet kommer igjen opp: [pic]', 'Start prosessen på nytt med en ny rapport. Når alle rapportene som skal', 'sendes er ferdig behandlet og lagret som krypterte filer, åpnes', 'mailsystemet og rapportene settes inn som vedlegg til mailen og sendes', 'til: email-removed@email-removed.no', 'Sending av korreksjoner', 'Dette er en brukerveiledning som kan benyttes når det skal sendes en', 'korreksjon på tidligere innsendte rapporter.', '         • Klikk på [pic] Velg ny rapport i menyen.', '         • Velg rapport nummer ut fra nedtrekksmenyen.', '           Siste rapporteringsperiode kommer automatisk opp', '         • Velg korreksjon.', '         • Klikk deg frem til der filen skal lagres (Her kommer maskinen', '           med forslag)', '         • Skriv filnavn på rapporten', 'Det kommer opp et ”formatert” regneark med felter som er forhåndsutfylt med', 'innformasjon som rapportørene har gitt i konfigureringsbilde.', '         • Klikk på [pic] minimer knappen øverst i høyre hjørne i menyen', '           til FiksValider slik at programmet legges ned i bakgrunnen', '      • Bruk nedtrekksmenyen i celle A12 for å aktivere første post i', '        regnskapet.', 'Kolonne B fylles automatisk ut når verdi velges i A.', '      • Bruk nedtrekksmenyen i kolonne C å finne riktig sektor', '      • Bruk nedtrekksmenyen i kolonne D for å velge næring.', 'For poster hvor sektor og næring kun har en mulig verdi vil cellen', 'automatisk få denne verdien og cursoren vil hoppe til neste celle som', 'skal fylles ut.', 'Denne prosedyren må gjentas helt til korreksjonen er ferdig utfylt.', 'Når innlegging av tallene er ferdig gjøres følgende:', 'Klikk på sorter knappen for å sortere postene', 'Rapportører med Lotus Notes må sende rapportene som krypterte filer og', 'kan derfor bruke følgende funksjon:', '            • Klikk på [pic] Lagre Excel-rapporten som kryptert fil (som', '              siden kan sendes manuelt til Statistisk sentralbyrå).', 'Det kommer opp et vindu hvor den krypterte filen skal lagres.', 'Deretter er rutinen tilsvarende som for ”Sending av rapporter for', 'rapportører med mailsystemet Lotus Notes”, se side 8.', 'Sende ny rapport med bruk av ”gamle regneark”', '         • Klikk på [pic] Velg Åpne tidligere lagret Excel rapport.', '         • Hent rapporten som skal brukes.', '         • Klikk på [pic] minimer knappen øverst i høyre hjørne i menyen', '           til FiksValider slik at programmet legges ned men kjører aktivt', '           i bakgrunnen', '      • Klikk på [pic] Valider Excel rapporten for feil.', '        Nå vil valideringsprogrammet gå igjennom rapporten og feil vil', '        bli markert med rødt i regnearket samtidig som status over', '        feilene vises i logg vinduet i menyen. Feilene rettes opp og', '        valideringen kjøres på nytt.', 'Merk: Når gamle regneark benyttes vil det være mange poster som har verdi', '0 eller ikke har verdi. Mange av disse vil slå ut som feil etter at', 'valideringen er kjørt. Man bør derfor slette alle disse radene slik at', 'kun reelle feil blir listet ut og/eller markert.', 'Når rapporten er ferdig og feil er rettet opp skal den sendes til', 'Statistisk sentralbyrå.', 'Rapportører med Lotus Notes må sende rapportene som krypterte filer og kan', 'derfor bruke følgende funksjon:', '            • Klikk på [pic] Lagre Excel-rapporten som kryptert fil (som', '              siden kan sendes manuelt til Statistisk sentralbyrå).', 'Deretter er rutinen tilsvarende som for ”Sending av rapporter for', 'rapportører med mailsystemet Lotus Notes”, se side 6.', 'Sende ny rapport med bruk av ”flat fil”', 'Dette er en funksjon for sending av flat fil for Lotus Notes brukere.', 'Klikk på [pic] Åpne flat fil og lagre som kryptert fil', 'Hent filen som skal brukes.', ' Det kommer opp et vindu hvor den krypterte filen skal lagres.', 'Deretter er rutinen tilsvarende som for ”Sending av rapporter for', 'rapportører med mailsystemet Lotus Notes”, se side 8.', 'BRUKERVEILEDING FOR RAPPORTØRER SOM SENDER RAPPORTER FOR FLERE RAPPORTØRER', 'Sende ny rapport med bruk av datafil ( flat fil) for rapportører som sender', 'for flere enheter.', 'Dette er en ny funksjon for sending av flat fil for rapportører som sender', 'for flere selskaper. Nytt er nå at en sending kan inneholde flere rapporter', 'for flere rapportører.', 'Klikk på [pic] Åpne flat fil', 'Hent filen som skal brukes.', 'Det kommer opp et vindu hvor den krypterte filen skal lagres.', '[pic]', 'Skriv: Navnet på den krypterte filen og', 'Klikk: Lagre', 'Det kommer opp et nytt informasjonsbilde som inneholder opplysninger til', 'bruk i mail:', '[pic]', 'med informasjon om navnet på den krypterte filen og hvilken adresse:', 'email-removed@email-removed.no', 'Filene skal sendes til. Inneholder filen mange selskaper og rapporter vil', 'dette vise alle banknumrene og rapportene som filen inneholder', 'Nå skal e-postsystemet åpnes og adressen email-removed@email-removed.no settes i', 'tilfeltet og opplysninger om avsender og hvilke opplysninger som gjelder,', 'settes i emnefeltet.']","BRUKERVEILEDNING - kortversjon
INNHOLD:
Førstegangsbruk gjelder alle rapportører                     side  1
Brukerveiledning for rapportører med e-postsystem Outlook    side  3
Brukerveiledning for rapportører med e-postsystemet
Lotus Notes eller andre e-postsystem                         side  7
Brukerveiledning for rapportører som sender rapporter for
flere selskaper                                         side 12
FØRSTE GANGS BRUK GJELDER ALLE RAPPORTØRER.
Laste ned nødvendig programvare fra Statistisk sentralbyrå
    • Åpne Internet
    • Gå inn på Statistisk sentralbyrås område
    • http://www.ssb.no/skjema/finmark/rapport/orbof/veil.html
    • Klikk på Zip-filen
    • Velg lagre
    • Velg område å lagre Zip-filen på (her kommer ofte maskinen med
      forslag, velg et midlertidig område for eksempel temp)
    • Lukk bildet
    • Bruk utforskeren og gå til området du lagret filen.
    •  Dobbeltklikk på ORBOF-filer.exe (den er pakket som en ZIP-fil).
    • Bruk Browse i Zip-meny og klikk deg frem til mappen du vil lagre ORBOF-
      systemet på. (systemet lager en egen mappe som heter ORBOF når  filene
      blir pakket ut)
    • Klikk Unzip for å pakke ut filene.
    • Klikk OK
    • Klikk Close
Konfigurere deg som bruker – se også Brukerveiledningen pkt. 4.1
    • Åpne utforskeren og finn området du lagret filene på
    • Gå inn på mappen System
    • Klikk på ORBOF-Inn (det er lurt  å  legge  denne  ut  som  snarvei  på
      skrivebordet og det kan gjøres ved å klikke høyre  musetast  og  velge
      ”lag snarvei” og dra eller kopiere snarveien ut på skrivebordet)
    • Skriv inn datasentralnummer, registreringsnummer, e-postsystem og huk
      av i rubrikken for send e-post som vedlegg (dette er nytt i forhold
      til tidligere versjoner).
    • Velg om systemets Internett-aksess skal være aktivert. Brukere som i
      tidligere versjoner av programmet ikke har hatt problemer
      kommunikasjon med Internett, bør aktivere denne funksjonen.
Det anbefales å kjøre gjennom testfunksjonene en gang for se om
datasystemet har de nødvendige installasjoner og programmer for å bruke
programvaren.
For de som aktivert systemets Internett-aksess, vil det ved oppstart av
programmet, komme beskjed til brukeren om at ny versjon finnes, dersom
Statistisk sentralbyrå har kommet med en versjons oppdatering. Det skal da
svares ja på spørsmålet som ny versjon ska lastes ned. Alle rapportører vil
også få beskjed fra Statistisk sentralbyrå når vi legger ut en ny versjon
av ORBOF-Inn. Fremgangsmåten er da som følger:
Oppdatering av systemet
Merk: gjelder brukere som har Internett-aksess funksjonen aktivert
         • Klikk på knappen YES. Før man klikker på Zip-filen bør ORBOF-Inn
           lukkes.
         • Svar Ja på spørsmål om filen skal erstattes
    • Følg fremgangsmåte under punktet ovenfor vedrørende nedlasting og
      utpakking av ORBOF-Inn.
Oppdatering av maler
 Gjelder enkeltvis oppdatering av malene.
 •    Gå inn på siden hvor Zip-filen og malene er lagret.
 •    Pek på den malen som skal oppdateres
 •    Klikk på høyre mustast og velg lagre mål som.
 •    Velg området hvor ORBOF-Inn er lagret
 •    Åpne ORBOF, system, maler og der ligger malene som r10.xls. r11xls
   osv.
 •    Klikk lagre og malen er oppdatert
BRUKERVEILEDING FOR RAPPORTØRER MED MICROSOFT OUTLOOK MAILSYSTEM
Lage og sende en ny rapport
Nedenfor beskrives hvordan en ny rapport skal utarbeides og sendes til
Statistisk sentralbyrå.
         • Klikk på [pic] Velg opptrett ny Excel-rapport fra mal.
         • Velg rapport nummer ut fra nedtrekksmenyen. Siste
           rapporteringsperiode kommer automatisk opp
         • Velg førstegangslevering.
         • Klikk deg frem til der filen skal lagres (Her kommer maskinen
           med forslag)
         • Skriv filnavn på rapporten
Det kommer opp et ”formatert” regneark med felter som er forhåndsutfylt med
innformasjon som rapportørene har gitt i konfigureringsbilde.
         • Klikk på [pic] minimer knappen øverst i høyre hjørne i menyen
           til ORBOF-Inn slik at programmet legges ned i bakgrunnen
      • Bruk nedtrekksmenyen i celle A12 for å aktivere første post i
        regnskapet.
        Kolonne B fylles automatisk ut når verdi velges i A.
      • Bruk nedtrekksmenyen i kolonne C å finne riktig sektor
      • Bruk nedtrekksmenyen i kolonne D for å velge næring.
For poster hvor sektor og næring kun har en mulig verdi vil cellen
automatisk få denne verdien og cursoren vil hoppe til neste celle som
skal fylles ut.
Denne prosedyren må gjentas helt til regnskapet er ferdig utfylt.
Imidlertid vil det som regel være slik at mange poster har samme verdi i
kolonne A og C fordi det ofte er mange poster særlig under hovedgruppene
2, utlån og 6 innlån. For eksempel post 2.54.91 vil gjerne ha mange
sektorer som skal næringsfordeles og det vil også være flere næringer for
hver sektor.
For å rasjonalisere registreringsrutinen kan linjene kopieres. Det gjøres
ved at kolonne A kopieres nedover og deretter kopieres kolonnene C, D og
E. Kopierte verdier endres og korrekte verdier legges inn. Vær oppmerksom
på at den kontrollen som ligger i nedtrekksmenyene blir borte ved
kopiering.
Når innlegging av tallene er ferdig gjøres følgende:
            • Klikk på sorterknappen for å sortere postene.
            • Klikk på [pic] Valider Excel-rapporten for feil.
Nå vil valideringsprogrammet gå igjennom rapporten og feil vil bli
markert med rødt i regnearket samtidig som status over feilene vises i
loggvinduet i menyen. Feilene må rettes opp og valideringen kjøres på
nytt.
Når rapporten er ferdig og feil er rettet opp, skal rapporten sendes til
Statistisk sentralbyrå.
            • Klikk på [pic] send Excel-rapporten pr. e-post.
Dataene sendes nå til Statistisk sentralbyrå og dataene legges direkte
inn i Statistisk sentralbyrås database. Det vil også komme en
statusrapport på e-post fra Statistisk sentralbyrå som gir en
tilbakemelding på innsendte data.
Sende en korreksjon for rapportører med
Her beskrives hvordan sende en korreksjon på tidligere innsendte rapporter.
         • Klikk på [pic] Velg ny rapport i menyen.
         • Velg rapport nummer ut fra nedtrekksmenyen.
           Siste rapporteringsperiode kommer automatisk opp
         • Velg korreksjon.
         • Klikk deg frem til der filen skal lagres (Her kommer maskinen
           med forslag)
         • Skriv filnavn på rapporten
Det kommer opp et ”formatert” regneark med felter som er forhåndsutfylt med
innformasjon som rapportørene har gitt i konfigureringsbilde.
         • Klikk på [pic] minimer knappen øverst i høyre hjørne i menyen
           til FiksValider slik at programmet legges ned i bakgrunnen
      • Bruk nedtrekksmenyen i celle A12 for å aktivere første post i
        regnskapet.
Kolonne B fylles automatisk ut når verdi velges i A.
      • Bruk nedtrekksmenyen i kolonne C å finne riktig sektor
      • Bruk nedtrekksmenyen i kolonne D for å velge næring.
For poster hvor sektor og næring kun har en mulig verdi vil cellen
automatisk få denne verdien og cursoren vil hoppe til neste celle som
skal fylles ut.
Denne prosedyren må gjentas helt til korreksjonen er ferdig utfylt.
Når innlegging av tallene er ferdig gjøres følgende:
            • Klikk på sorter knappen for å sortere postene.
            • Klikk på [pic] Valider Excel rapporten for feil.
Nå vil valideringsprogrammet gå igjennom rapporten og feil vil bli
markert med rødt i regnearket samtidig som status over feilene vises i
loggvinduet i menyen. Feilene må rettes opp og valideringen kjøres på
nytt.
Når rapporten er ferdig og feil er rettet opp, skal rapporten sendes til
Statistisk sentralbyrå.
            • Klikk på [pic] send Excel-rapporten pr. e-post.
Dataene sendes nå til Statistisk sentralbyrå og dataene legges direkte
inn i Statistisk sentralbyrås database. Det vil også komme en status
rapport på e-mai fra Statistisk sentralbyrå som gir en tilbakemelding på
innsendte data.
Sende ny rapport med bruk av ”gamle regneark”
         • Klikk på [pic] Velg Åpne tidligere lagret Excel-rapport.
         • Hent rapporten som skal brukes.
         • Klikk på [pic] minimer knappen øverst i høyre hjørne i menyen
           til FiksValider slik at programmet legges ned men kjører aktivt
           i bakgrunnen
      • Klikk på [pic] Valider Excel rapporten for feil.
        Nå vil valideringsprogrammet gå igjennom rapporten og feil vil
        bli markert med rødt i regnearket samtidig som status over
        feilene vises i logg vinduet i menyen. Feilene rettes opp og
        valideringen kjøres på nytt.
Merk: Når gamle regneark (som er fra før regnearksmalene) benyttes vil det
være mange poster som har verdi 0 eller ikke har verdi. Mange av disse vil
slå ut som feil etter at valideringen er kjørt. Man bør derfor slette alle
disse radene slik at kun reelle feil blir listet ut og/eller markert.
Når rapporten er ferdig og feil er rettet opp skal den sendes til
Statistisk sentralbyrå.
Klikk på [pic] send Excel rapporten pr. e-post.
Dataene sendes nå til Statistisk sentralbyrå og dataene legges direkte inn
i Statistisk sentralbyrås database. Det vil også komme en statusrapport på
e-mai fra Statistisk sentralbyrå som gir en tilbakemelding på innsendte
data
Sende ny rapport med bruk av ”flat fil”
Klikk på [pic] Åpne datafil og send pr. e-post.
Hent filen som skal brukes.
Dataene blir kryptert, sendt og lagt direkte inn i Statistisk sentralbyrås
database. Det vil også komme en statusrapport på e-post fra Statistisk
sentralbyrå som gir en tilbakemelding på innsendte data
BRUKERVEILEDING FOR RAPPORTØRER MED LOTUS NOTES ELLER ANDRE MAILSYSTEMER
Opprette en ny rapport
Nedenfor beskrives hvordan utarbeide en ny rapport som skal sendes til
Statistisk sentralbyrå.
         • Klikk på [pic] Velg ny rapport i menyen.
         • Velg rapport nummer ut fra nedtrekksmenyen. Siste
           rapporteringsperiode kommer automatisk opp
         • Velg førstegangslevering.
         • Klikk deg frem til der filen skal lagres (Her kommer maskinen
           med forslag)
         • Skriv filnavn på rapporten
Det kommer opp et ”formatert” regneark med felter som er forhåndsutfylt med
innformasjon som rapportørene har gitt i konfigureringsbilde.
         • Klikk på [pic] minimer knappen øverst i høyre hjørne i menyen
           til ORBOF-Inn slik at programmet legges ned i bakgrunnen
      • Bruk nedtrekksmenyen i celle A12 for å aktivere første post i
        regnskapet.
        Kolonne B fylles automatisk ut når verdi velges i A.
      • Bruk nedtrekksmenyen i kolonne C å finne riktig sektor
      • Bruk nedtrekksmenyen i kolonne D for å velge næring.
For poster hvor sektor og næring kun har en mulig verdi vil cellen
automatisk få denne verdien og cursoren vil hoppe til neste celle som
skal fylles ut.
Denne prosedyren må gjentas helt til regnskapet er ferdig utfylt.
Imidlertid vil det som regel være slik at mange poster har samme verdi i
kolonne A og C fordi det ofte er mange poster særlig under hovedgruppene
2, utlån og 6 innlån. For eksempel post 2.54.91 vil gjerne ha mange
sektorer som skal næringsfordeles og det vil også være flere næringer for
hver sektor.
For å rasjonalisere registreringsrutinen kan linjene kopieres. Det gjøres
ved at kolonne A kopieres nedover og deretter kopieres kolonnene C, D og
E. Kopierte verdier endres og korrekte verdier legges inn. Vær oppmerksom
på at den kontrollen som ligger i nedtrekksmenyene blir borte ved
kopiering.
Når innlegging av tallene er ferdig gjøres følgende:
            • Klikk på sorterknappen for å sortere postene.
            • Klikk på [pic] Valider Excel-rapporten for feil.
Nå vil valideringsprogrammet gå igjennom rapporten og feil vil bli
markert med rødt i regnearket samtidig som status over feilene vises i
loggvinduet i menyen. Feilene må rettes opp og valideringen kjøres på
nytt.
Når rapporten er ferdig og feil er rettet opp, skal rapporten sendes til
Statistisk sentralbyrå.
Sending av rapporter for rapportører med Lotus Notes mailsystem
Rapportører som ikke benytter Outlook må sende rapportene som krypterte
filer og skal derfor bruke følgende funksjon:
            • Klikk på [pic] Lagre rapporten som kryptert fil (som siden
              kan sendes manuelt til Statistisk sentralbyrå).
Det kommer opp et vindu hvor den krypterte filen skal lagres.
[pic]
Skriv: Navnet på den krypterte filen og
Klikk: Lagre
Det kommer opp et nytt bilde som inneholder opplysninger til bruk i mail:
med informasjon om navnet på den krypterte filen og hvilken adresse:
email-removed@email-removed.no
Filene skal sendes til.
Nå skal e-postsystemet åpnes og adressen email-removed@email-removed.no skal settes i
til-feltet og opplysninger om avsender og hvilke opplysninger som
gjelder, i emnefeltet. Den eller de krypterte filene sendes som vedlegg.
Flere rapporter, både nye rapporter og korreksjoner, kan sendes i en e-
post. Det betyr at hvis det skal sendes flere rapporter lukkes vinduet;
Behandle krypterte filer, og følgende bildet kommer igjen opp: [pic]
Start prosessen på nytt med en ny rapport. Når alle rapportene som skal
sendes er ferdig behandlet og lagret som krypterte filer, åpnes
mailsystemet og rapportene settes inn som vedlegg til mailen og sendes
til: email-removed@email-removed.no
Sending av korreksjoner
Dette er en brukerveiledning som kan benyttes når det skal sendes en
korreksjon på tidligere innsendte rapporter.
         • Klikk på [pic] Velg ny rapport i menyen.
         • Velg rapport nummer ut fra nedtrekksmenyen.
           Siste rapporteringsperiode kommer automatisk opp
         • Velg korreksjon.
         • Klikk deg frem til der filen skal lagres (Her kommer maskinen
           med forslag)
         • Skriv filnavn på rapporten
Det kommer opp et ”formatert” regneark med felter som er forhåndsutfylt med
innformasjon som rapportørene har gitt i konfigureringsbilde.
         • Klikk på [pic] minimer knappen øverst i høyre hjørne i menyen
           til FiksValider slik at programmet legges ned i bakgrunnen
      • Bruk nedtrekksmenyen i celle A12 for å aktivere første post i
        regnskapet.
Kolonne B fylles automatisk ut når verdi velges i A.
      • Bruk nedtrekksmenyen i kolonne C å finne riktig sektor
      • Bruk nedtrekksmenyen i kolonne D for å velge næring.
For poster hvor sektor og næring kun har en mulig verdi vil cellen
automatisk få denne verdien og cursoren vil hoppe til neste celle som
skal fylles ut.
Denne prosedyren må gjentas helt til korreksjonen er ferdig utfylt.
Når innlegging av tallene er ferdig gjøres følgende:
Klikk på sorter knappen for å sortere postene
Rapportører med Lotus Notes må sende rapportene som krypterte filer og
kan derfor bruke følgende funksjon:
            • Klikk på [pic] Lagre Excel-rapporten som kryptert fil (som
              siden kan sendes manuelt til Statistisk sentralbyrå).
Det kommer opp et vindu hvor den krypterte filen skal lagres.
Deretter er rutinen tilsvarende som for ”Sending av rapporter for
rapportører med mailsystemet Lotus Notes”, se side 8.
Sende ny rapport med bruk av ”gamle regneark”
         • Klikk på [pic] Velg Åpne tidligere lagret Excel rapport.
         • Hent rapporten som skal brukes.
         • Klikk på [pic] minimer knappen øverst i høyre hjørne i menyen
           til FiksValider slik at programmet legges ned men kjører aktivt
           i bakgrunnen
      • Klikk på [pic] Valider Excel rapporten for feil.
        Nå vil valideringsprogrammet gå igjennom rapporten og feil vil
        bli markert med rødt i regnearket samtidig som status over
        feilene vises i logg vinduet i menyen. Feilene rettes opp og
        valideringen kjøres på nytt.
Merk: Når gamle regneark benyttes vil det være mange poster som har verdi
0 eller ikke har verdi. Mange av disse vil slå ut som feil etter at
valideringen er kjørt. Man bør derfor slette alle disse radene slik at
kun reelle feil blir listet ut og/eller markert.
Når rapporten er ferdig og feil er rettet opp skal den sendes til
Statistisk sentralbyrå.
Rapportører med Lotus Notes må sende rapportene som krypterte filer og kan
derfor bruke følgende funksjon:
            • Klikk på [pic] Lagre Excel-rapporten som kryptert fil (som
              siden kan sendes manuelt til Statistisk sentralbyrå).
Deretter er rutinen tilsvarende som for ”Sending av rapporter for
rapportører med mailsystemet Lotus Notes”, se side 6.
Sende ny rapport med bruk av ”flat fil”
Dette er en funksjon for sending av flat fil for Lotus Notes brukere.
Klikk på [pic] Åpne flat fil og lagre som kryptert fil
Hent filen som skal brukes.
 Det kommer opp et vindu hvor den krypterte filen skal lagres.
Deretter er rutinen tilsvarende som for ”Sending av rapporter for
rapportører med mailsystemet Lotus Notes”, se side 8.
BRUKERVEILEDING FOR RAPPORTØRER SOM SENDER RAPPORTER FOR FLERE RAPPORTØRER
Sende ny rapport med bruk av datafil ( flat fil) for rapportører som sender
for flere enheter.
Dette er en ny funksjon for sending av flat fil for rapportører som sender
for flere selskaper. Nytt er nå at en sending kan inneholde flere rapporter
for flere rapportører.
Klikk på [pic] Åpne flat fil
Hent filen som skal brukes.
Det kommer opp et vindu hvor den krypterte filen skal lagres.
[pic]
Skriv: Navnet på den krypterte filen og
Klikk: Lagre
Det kommer opp et nytt informasjonsbilde som inneholder opplysninger til
bruk i mail:
[pic]
med informasjon om navnet på den krypterte filen og hvilken adresse:
email-removed@email-removed.no
Filene skal sendes til. Inneholder filen mange selskaper og rapporter vil
dette vise alle banknumrene og rapportene som filen inneholder
Nå skal e-postsystemet åpnes og adressen email-removed@email-removed.no settes i
tilfeltet og opplysninger om avsender og hvilke opplysninger som gjelder,
settes i emnefeltet.",Not parallell,False,175,2026-01-14 10:31:54.236477+00:00,2026-01-09 09:34:09.612720+00:00,0b0399d89fd28aa5f09757a048a3bf857c210224e8c5a30dd70da17df589ab784ded1b794bde4c10,Almost parallel
41,0b49a628d9754937078fff34fa24ac4bd2d05b5c,eng,https://www.inn.no/english/about-inn/security-emergency-preparedness-and-crisis/information-security/conclude-a-standard-data-processor-agreement/template+for+data+processor+agreements+hinn+14.1.19.docx,inn.no,1734800680000,doc,"['Template for data processor agreements', 'The text of the agreement must be customised for each service/project and service provider ', 'Pursuant to the applicable Norwegian personal data legislation and regulation (EU) 2016/679 of 27th April 2016, Articles 28 and 29, cf. Article 32-36, the following agreement is entered into ', 'between', '  ', '.……………………….', ' (data controller)', 'and', '………………………….', ' (data processor)', '1. Purpose of the agreement ', 'The purpose of the agreement is to regulate the rights and obligations under the applicable personal data legislation, and regulation (EU) 2016/679 of 27th April 2016 in respect of the protection of physical persons in connection with the processing of personal data and the free exchange of such data (GDPR).  ', 'The agreement is intended to ensure that personal data is not processed illegally, wrongfully, or processed in ways that result in unauthorised access, alteration, erasure, damage, loss, or unavailability.', 'The agreement governs the data processor’s processing of personal data on behalf of the data controller, including collection, registration, compilation, storage, disclosure or combinations of these, in connection with the use of/processing in (name of the service/project). ', 'In the event of conflict, the terms of this Agreement will take precedence over the data processor’s privacy policy, or terms of any other agreement entered into between the data processor and the data controller in connection with the use of/processing in (service/project).', '2. Limiting clause ', 'The purpose of the data processor’s processing of personal data on behalf of the data controller is (fill in the purpose).', 'Personal data that the data processor processes on behalf of the data controller may not be used for any other purpose without the prior approval of the data controller. ', 'The data processor may not transfer personal data covered by this agreement to partners or other third parties without the prior approval of the data controller, cf. point 10 of this agreement.', '3. Instructions', 'The data processor will follow the written and documented instructions for the processing of personal data in (name of service/project) which the data controller has determined will apply. ', '(Name of institution/company) is obliged to comply with all obligations under the applicable  personal data legislation governing the use of (name of service/project) for the processing of personal data. ', 'The data processor is obliged to notify the data controller if it receives instructions from the data controller that are in conflict with the provisions of the applicable  personal data legislation.', 'Comment: Detailed instructions to the data processor may be attached as an appendix to the data processor agreement.', '4. Types of information and data subjects ', 'The data processor processes the following personal data on behalf of the data controller:', 'Comment: Give a brief summary (preferably point by point) of the main categories of personal data the service provider (data processor) processes on behalf of the institution/business (data controller). ', 'Comment: Provide a brief summary of the information the data processor registers and stores in connection with use of the service, such as the use of cookies, logs, back-ups.', 'The personal data applies to the following data subjects:', 'Comment: Provide a brief summary of whom the information pertains to, for example, students and staff at the institution.', '5. The rights of registered subjects', 'The data processor is obliged to assist the data controller in safeguarding the rights of registered subjects in accordance with applicable  personal data legislation.  ', 'The rights of the data subjects include, but not limited to, the right to information on how his or her personal data is processed, the right to request access to personal data, the right to request corrections to, or erasure of their own personal data, and the right to require restriction of processing of their personal data. ', 'To the extent relevant, the data processor will assist the data controller in maintaining the registered subject’s right to data portability and the right to object to automated decision-making, including profiling.', 'The data processor is liable for damages to the registered subject if errors or omissions by the data processor inflict financial or non-financial loss on the registered subject as a result of infringement of their rights or privacy protection. ', '6. Satisfactory data security', 'The data processor will implement appropriate technical, physical and organisational safety measures to safeguard the personal data covered by this agreement from unauthorised or unlawful access, alteration, erasure, damage, loss, or unavailability. ', 'The data processor will document its own security organisation, guidelines and routines for security, risk assessments and established technical, physical or organisational security measures. The documentation will be made available to the data controller on request.', 'The data processor will establish continuity- and contingency plans for effective handling of serious security incidents. The documentation will be made available to the data controller on request.', 'The data processor will document the training of its own employees in data security. The documentation will be made available to the data controller on request.', 'Comment: There may be a need to specify the most important safeguards that the data processor has implemented, possibly referring to documents or publications that explain how the data processor works with data security, and what safeguards are established for the service in question. These may be incorporated into the agreement, or as an appendix to the agreement. ', '7. Confidentiality', 'Only employees of the data processor, who need to access personal data that is processed on behalf of the data controller in connection with their work, may be granted such access. The data processor is required to document guidelines and routines for control of access. The documentation will be made available to the data controller on request. ', 'Employees of the data processor have a duty of confidentiality in respect of documentation and personal data to which they gain access in accordance with this agreement. This provision also applies after termination of the agreement. The duty of confidentiality includes employees of third parties who perform maintenance (or similar tasks) on systems, equipment, networks or buildings that the data processor uses to provide the service.  ', 'Norwegian legislation will be able to limit the scope of the duty of confidentiality for employees of the data processor and third parties. ', '8. Access to security documentation', 'The data processor is obliged to provide the data controller, upon request, with access to all security documentation that is necessary for the data controller to be able to meet its obligations under the applicable  personal data legislation. ', 'The data processor is obliged to provide the data controller, upon request, with access to other relevant documentation that allows the data controller to assess whether the data processor complies with the terms of this agreement. ', 'The data controller has a duty of confidentiality in respect of confidential security documentation which the data processor makes available to the controller.', '9. Security Breach Notification', 'The data processor will notify the controller without undue delay, if personal data processed on behalf of the controller is exposed to a breach of security. ', 'The data processor’s notification should, at minimum, include information that describes the security breach, which registered subject is affected by the breach, what personal data is affected by the breach, what immediate measures are implemented to address the breach and what preventive measures may have been established to avoid similar incidents in the future.', 'The data controller is responsible for ensuring that the Norwegian Data Protection Authority is notified when required. ', '10. Sub-processors', 'The data processor is obliged to enter into separate agreements with sub-processors that govern the sub-processor’s processing of personal data in connection with this agreement. ', 'In agreements between the data processor and sub- processors, the sub- processors will be required to comply with all the obligations to which the data processor is subject under this agreement and according to law. The data processor is obliged to submit the agreements to the data controller on demand. ', 'The data processor will verify that sub-processors comply with their contractual obligations, in particular that data security is satisfactory and that employees of the sub-processors are familiar with their obligations and fulfil them.', 'The data controller approves that the data processor contracts the following sub-processors to satisfy this agreement: ', '…………………………………………………………………………………………………... (names of sub-processors)', 'The data processor may not contract any other sub-processors than those listed above without prior written approval by the data controller.', 'The data processor is liable for damages to the data controller for any financial loss that is inflicted on the data controller, and that is due to illegal or improper processing of personal data or inadequate data security on the part of sub-processors.', '11. Transfer to countries outside the EU/EEA', ""Comment: Personal data that the data processor is processing on behalf of the data controller may be transferred to countries outside the EU/EEA (third countries). Such transfer may take place on certain conditions, and the rules for transfer to third countries are found in Articles 45-47 and 49 of the EU data protection regulation. These rules imply, among other things, that the transfer will be lawful if it takes place to EU-approved third countries, to companies that have joined the Privacy Shield framework, or on the basis of the EU Commission's standard contractual clauses for transfer of personal data to data processors in third countries. The rules also apply to backup and other transfer of personal data that is carried out in connection with the administration of the service in question, such as support."", 'Personal data that the data processor processes in accordance with this agreement will be transferred to the following recipient countries outside the EU/EEA: ................................................................................................................... (name of recipient country)', 'The legal basis for transmitting personal data to the aforementioned recipient countries outside the EU/EEA is:', '…………………………………………………………………………………………………... (brief explanation of the transfer basis)', '12. Safety audits and impact assessments', 'The data processor will regularly implement security audits of its own work with safeguarding of personal data from unauthorised or unlawful access, alteration, erasure, damage, loss, or unavailability. ', 'Security audits will include the data processor’s security goals and security strategy, security organisation, guidelines and routines for security work, established technical, physical and organisational safeguards and the work of data security at sub-processors to this agreement. It will also include routines for warning the data controller in the event of security breaches, and routines for testing of emergency and continuity plans. ', 'The data processor will document the security audits. The data controller will be granted access to the audit reports on request. ', 'If an independent third party conducts security audits at the data processor, the data controller will be informed of which auditor is being used and be given access to the summaries of the audit reports on request.', 'Any additions: The parties may agree that the data controller itself, or an independent third party that the data controller chooses, performs security audits at the data processor, or how any costs incurred in connection with such an audit should be allocated.  ', '13. Return and erasure', 'Upon termination of this agreement, the data processor is obliged to return and erase any personal data that is processed on behalf of the data controller under this agreement. The data processor determines how the return of the personal data will take place, including the format to be used. ', 'Erasure is to be carried out by the data processor within (fill in number) days after the termination of the agreement. This also applies to the backup of personal data.', 'The data processor will document that the erasure of personal data has been carried out in accordance with this agreement. The documentation will be made available to the data controller on request.', 'The data processor covers all costs associated with the return and erasure of the personal data covered by this agreement.', '14. Breach of contract', 'In case of breach of the terms of this agreement caused by errors or omissions on the part of the data processor, the data controller may cancel the agreement with immediate effect. The data processor will continue to be obliged to return and erase personal data processed on behalf of the data controller pursuant to the provisions of Section 13 above. ', 'The data controller may require compensation for financial loss suffered by the data controller as a consequence of errors or omissions on the part of the data processor, including breach of the terms of this agreement, cf. also points 5 and 10 above.', '15. Duration of the Agreement', 'This agreement applies as long as the data processor processes personal data on behalf of the data controller', 'or', 'the agreement applies until __________.', 'The agreement may be terminated by both parties with a mutual deadline of ____. ', '16. Contacts', 'Contact person at the data processor for any questions related to this agreement is: ____.', 'Contact person at the data controller for any questions related to this agreement is: ____. ', '[Delete the alternative below – 17a or 17b – that is not applicable]', '17a. Choice of Law and Legal Venue ', 'The agreement is governed by Norwegian law and the parties accept (fill in the names of the court) as legal venue. This also applies after termination of the agreement.', 'Comment: This point applies when the data processor is a private operator.', '17b. Choice of Law and Resolution of Disputes', ""The Parties' rights and obligations under this agreement are determined in full by Norwegian law. Any disputes arising out of this Agreement shall be first sought to be resolved through negotiations."", '\xa0', 'If the parties do not reach agreement through negotiations, the dispute will be resolved with binding effect by the Ministry of Education and Research. Either party may require that the dispute be sent to the Ministry.', 'Comment: This point applies when the data processor is another state university or university college. ', '***', 'This agreement is in 2 – two copies, one to each of the parties.', 'Place and date', '  On behalf of the data controller\t\t\tOn behalf of the data processor', '………………………..\t\t\t\t………………………', '(signature)\t\t\t\t\t\t(signature)', '04.01.2019']","Template for data processor agreements
The text of the agreement must be customised for each service/project and service provider 
Pursuant to the applicable Norwegian personal data legislation and regulation (EU) 2016/679 of 27th April 2016, Articles 28 and 29, cf. Article 32-36, the following agreement is entered into 
between
  
.……………………….
 (data controller)
and
………………………….
 (data processor)
1. Purpose of the agreement 
The purpose of the agreement is to regulate the rights and obligations under the applicable personal data legislation, and regulation (EU) 2016/679 of 27th April 2016 in respect of the protection of physical persons in connection with the processing of personal data and the free exchange of such data (GDPR).  
The agreement is intended to ensure that personal data is not processed illegally, wrongfully, or processed in ways that result in unauthorised access, alteration, erasure, damage, loss, or unavailability.
The agreement governs the data processor’s processing of personal data on behalf of the data controller, including collection, registration, compilation, storage, disclosure or combinations of these, in connection with the use of/processing in (name of the service/project). 
In the event of conflict, the terms of this Agreement will take precedence over the data processor’s privacy policy, or terms of any other agreement entered into between the data processor and the data controller in connection with the use of/processing in (service/project).
2. Limiting clause 
The purpose of the data processor’s processing of personal data on behalf of the data controller is (fill in the purpose).
Personal data that the data processor processes on behalf of the data controller may not be used for any other purpose without the prior approval of the data controller. 
The data processor may not transfer personal data covered by this agreement to partners or other third parties without the prior approval of the data controller, cf. point 10 of this agreement.
3. Instructions
The data processor will follow the written and documented instructions for the processing of personal data in (name of service/project) which the data controller has determined will apply. 
(Name of institution/company) is obliged to comply with all obligations under the applicable  personal data legislation governing the use of (name of service/project) for the processing of personal data. 
The data processor is obliged to notify the data controller if it receives instructions from the data controller that are in conflict with the provisions of the applicable  personal data legislation.
Comment: Detailed instructions to the data processor may be attached as an appendix to the data processor agreement.
4. Types of information and data subjects 
The data processor processes the following personal data on behalf of the data controller:
Comment: Give a brief summary (preferably point by point) of the main categories of personal data the service provider (data processor) processes on behalf of the institution/business (data controller). 
Comment: Provide a brief summary of the information the data processor registers and stores in connection with use of the service, such as the use of cookies, logs, back-ups.
The personal data applies to the following data subjects:
Comment: Provide a brief summary of whom the information pertains to, for example, students and staff at the institution.
5. The rights of registered subjects
The data processor is obliged to assist the data controller in safeguarding the rights of registered subjects in accordance with applicable  personal data legislation.  
The rights of the data subjects include, but not limited to, the right to information on how his or her personal data is processed, the right to request access to personal data, the right to request corrections to, or erasure of their own personal data, and the right to require restriction of processing of their personal data. 
To the extent relevant, the data processor will assist the data controller in maintaining the registered subject’s right to data portability and the right to object to automated decision-making, including profiling.
The data processor is liable for damages to the registered subject if errors or omissions by the data processor inflict financial or non-financial loss on the registered subject as a result of infringement of their rights or privacy protection. 
6. Satisfactory data security
The data processor will implement appropriate technical, physical and organisational safety measures to safeguard the personal data covered by this agreement from unauthorised or unlawful access, alteration, erasure, damage, loss, or unavailability. 
The data processor will document its own security organisation, guidelines and routines for security, risk assessments and established technical, physical or organisational security measures. The documentation will be made available to the data controller on request.
The data processor will establish continuity- and contingency plans for effective handling of serious security incidents. The documentation will be made available to the data controller on request.
The data processor will document the training of its own employees in data security. The documentation will be made available to the data controller on request.
Comment: There may be a need to specify the most important safeguards that the data processor has implemented, possibly referring to documents or publications that explain how the data processor works with data security, and what safeguards are established for the service in question. These may be incorporated into the agreement, or as an appendix to the agreement. 
7. Confidentiality
Only employees of the data processor, who need to access personal data that is processed on behalf of the data controller in connection with their work, may be granted such access. The data processor is required to document guidelines and routines for control of access. The documentation will be made available to the data controller on request. 
Employees of the data processor have a duty of confidentiality in respect of documentation and personal data to which they gain access in accordance with this agreement. This provision also applies after termination of the agreement. The duty of confidentiality includes employees of third parties who perform maintenance (or similar tasks) on systems, equipment, networks or buildings that the data processor uses to provide the service.  
Norwegian legislation will be able to limit the scope of the duty of confidentiality for employees of the data processor and third parties. 
8. Access to security documentation
The data processor is obliged to provide the data controller, upon request, with access to all security documentation that is necessary for the data controller to be able to meet its obligations under the applicable  personal data legislation. 
The data processor is obliged to provide the data controller, upon request, with access to other relevant documentation that allows the data controller to assess whether the data processor complies with the terms of this agreement. 
The data controller has a duty of confidentiality in respect of confidential security documentation which the data processor makes available to the controller.
9. Security Breach Notification
The data processor will notify the controller without undue delay, if personal data processed on behalf of the controller is exposed to a breach of security. 
The data processor’s notification should, at minimum, include information that describes the security breach, which registered subject is affected by the breach, what personal data is affected by the breach, what immediate measures are implemented to address the breach and what preventive measures may have been established to avoid similar incidents in the future.
The data controller is responsible for ensuring that the Norwegian Data Protection Authority is notified when required. 
10. Sub-processors
The data processor is obliged to enter into separate agreements with sub-processors that govern the sub-processor’s processing of personal data in connection with this agreement. 
In agreements between the data processor and sub- processors, the sub- processors will be required to comply with all the obligations to which the data processor is subject under this agreement and according to law. The data processor is obliged to submit the agreements to the data controller on demand. 
The data processor will verify that sub-processors comply with their contractual obligations, in particular that data security is satisfactory and that employees of the sub-processors are familiar with their obligations and fulfil them.
The data controller approves that the data processor contracts the following sub-processors to satisfy this agreement: 
…………………………………………………………………………………………………... (names of sub-processors)
The data processor may not contract any other sub-processors than those listed above without prior written approval by the data controller.
The data processor is liable for damages to the data controller for any financial loss that is inflicted on the data controller, and that is due to illegal or improper processing of personal data or inadequate data security on the part of sub-processors.
11. Transfer to countries outside the EU/EEA
Comment: Personal data that the data processor is processing on behalf of the data controller may be transferred to countries outside the EU/EEA (third countries). Such transfer may take place on certain conditions, and the rules for transfer to third countries are found in Articles 45-47 and 49 of the EU data protection regulation. These rules imply, among other things, that the transfer will be lawful if it takes place to EU-approved third countries, to companies that have joined the Privacy Shield framework, or on the basis of the EU Commission's standard contractual clauses for transfer of personal data to data processors in third countries. The rules also apply to backup and other transfer of personal data that is carried out in connection with the administration of the service in question, such as support.
Personal data that the data processor processes in accordance with this agreement will be transferred to the following recipient countries outside the EU/EEA: ................................................................................................................... (name of recipient country)
The legal basis for transmitting personal data to the aforementioned recipient countries outside the EU/EEA is:
…………………………………………………………………………………………………... (brief explanation of the transfer basis)
12. Safety audits and impact assessments
The data processor will regularly implement security audits of its own work with safeguarding of personal data from unauthorised or unlawful access, alteration, erasure, damage, loss, or unavailability. 
Security audits will include the data processor’s security goals and security strategy, security organisation, guidelines and routines for security work, established technical, physical and organisational safeguards and the work of data security at sub-processors to this agreement. It will also include routines for warning the data controller in the event of security breaches, and routines for testing of emergency and continuity plans. 
The data processor will document the security audits. The data controller will be granted access to the audit reports on request. 
If an independent third party conducts security audits at the data processor, the data controller will be informed of which auditor is being used and be given access to the summaries of the audit reports on request.
Any additions: The parties may agree that the data controller itself, or an independent third party that the data controller chooses, performs security audits at the data processor, or how any costs incurred in connection with such an audit should be allocated.  
13. Return and erasure
Upon termination of this agreement, the data processor is obliged to return and erase any personal data that is processed on behalf of the data controller under this agreement. The data processor determines how the return of the personal data will take place, including the format to be used. 
Erasure is to be carried out by the data processor within (fill in number) days after the termination of the agreement. This also applies to the backup of personal data.
The data processor will document that the erasure of personal data has been carried out in accordance with this agreement. The documentation will be made available to the data controller on request.
The data processor covers all costs associated with the return and erasure of the personal data covered by this agreement.
14. Breach of contract
In case of breach of the terms of this agreement caused by errors or omissions on the part of the data processor, the data controller may cancel the agreement with immediate effect. The data processor will continue to be obliged to return and erase personal data processed on behalf of the data controller pursuant to the provisions of Section 13 above. 
The data controller may require compensation for financial loss suffered by the data controller as a consequence of errors or omissions on the part of the data processor, including breach of the terms of this agreement, cf. also points 5 and 10 above.
15. Duration of the Agreement
This agreement applies as long as the data processor processes personal data on behalf of the data controller
or
the agreement applies until __________.
The agreement may be terminated by both parties with a mutual deadline of ____. 
16. Contacts
Contact person at the data processor for any questions related to this agreement is: ____.
Contact person at the data controller for any questions related to this agreement is: ____. 
[Delete the alternative below – 17a or 17b – that is not applicable]
17a. Choice of Law and Legal Venue 
The agreement is governed by Norwegian law and the parties accept (fill in the names of the court) as legal venue. This also applies after termination of the agreement.
Comment: This point applies when the data processor is a private operator.
17b. Choice of Law and Resolution of Disputes
The Parties' rights and obligations under this agreement are determined in full by Norwegian law. Any disputes arising out of this Agreement shall be first sought to be resolved through negotiations.
 
If the parties do not reach agreement through negotiations, the dispute will be resolved with binding effect by the Ministry of Education and Research. Either party may require that the dispute be sent to the Ministry.
Comment: This point applies when the data processor is another state university or university college. 
***
This agreement is in 2 – two copies, one to each of the parties.
Place and date
  On behalf of the data controller			On behalf of the data processor
………………………..				………………………
(signature)						(signature)
04.01.2019",01c0fd9cd109a974128a549775be10b36ce462bb,nob,https://www.inn.no/english/about-inn/security-emergency-preparedness-and-crisis/information-security/conclude-a-standard-data-processor-agreement/mal+for+databehandleravtale+hinn+no_14.1.19.docx,inn.no,1734800682000,doc,"['AVTALE OM BEHANDLING AV ', 'PERSONOPPLYSNINGER (DATABEHANDLERAVTALE)', 'Avtaleteksten må tilpasses hver enkelt tjeneste/prosjekt og tjenesteleverandør ', 'I henhold til gjeldende norsk personopplysningslovgivning og forordning (EU) 2016/679 av 27. april 2016, Artikkel 28 og 29, jf. Artikkel 32-36, inngås følgende avtale ', 'Undertittel knyttet til det konkrete forhold / prosjekt', 'mellom', 'Navn på institusjonen', '.……………………….', ' (behandlingsansvarlig)', 'og', 'Navn på tjenesteleverandøren', '………………………….', ' (databehandler)', 'Tekst i kursiv skal fjernes og erstattes med relevant tekst, evt. velges ett av flere alternativer.\xa0', '\xa0', '1.  Avtalens hensikt ', 'Avtalens hensikt er å regulere rettigheter og plikter etter Lov av 15. juni 2018 nr. 38  om behandling av personopplysninger og EUs personvernforordning (GDPR). Norsk lov og EUs forordning omtales heretter som personvernregelverket. ', 'Avtalen skal sikre at personopplysninger ikke brukes ulovlig, urettmessig eller at opplysningene behandles på måter som fører til uautorisert tilgang, endring, sletting, skade, tap eller utilgjengelighet. ', 'Avtalen regulerer databehandlers forvaltning av personopplysninger på vegne av den behandlingsansvarlige, herunder innsamling, registrering, sammenstilling, lagring, utlevering eller kombinasjoner av disse, i forbindelse med bruk av/behandling i (navn på tjeneste/prosjekt). ', 'Ved motstrid skal vilkårene i denne avtalen gå foran databehandlers personvernerklæring eller vilkår i andre avtaler inngått mellom behandlingsansvarlig og databehandler i forbindelse med bruk av tjenesten (Kommentar: sett inn navn på tjeneste/prosjekt)', 'Det skal fremgå klart av denne avtalen dersom databehandleren kan overlate personopplysninger til andre for oppbevaring, bearbeiding eller annen behandling, og underleverandør skal angis i avtalens punkt 10.\xa0\xa0', '\xa0', 'Behandlingens formål kan ikke endres av noen av partene uten at ny avtale er signert.\xa0', '\xa0', '2. Formålsbegrensning ', 'Formålet med databehandlers forvaltning av personopplysninger på vegne av behandlingsansvarlig, er å levere og administrere/annen type behandling (navn på tjeneste/prosjekt).', 'Kommentar: MÅ fylles ut, det må angis klart og tydelig hva data skal brukes til. Eventuelle koblinger med andre datasett må være godkjent av behandlingsansvarlig. Dersom formålet fremgår av andre avtaler, for eksempel kontrakter, som er inngått mellom behandlingsansvarlig/databehandler og kvalitetsikret av jurist ved HINN kan det isteden henvises til disse avtalene når formålet for behandling av opplysningene skal beskrives.', '\xa0', 'Personopplysninger som databehandler forvalter på vegne av behandlingsansvarlig kan ikke brukes til andre formål enn levering og administrasjon av/annen type behandling (navn på tjeneste/prosjekt) uten at dette på forhånd er godkjent av behandlingsansvarlig. ', 'Databehandler kan ikke overføre personopplysninger som omfattes av denne avtalen til samarbeidspartnere eller andre tredjeparter uten at dette på forhånd er godkjent av behandlingsansvarlig, jf. punkt 10 i denne avtalen.', '3. Instrukser', 'Databehandler skal følge de skriftlige og dokumenterte instrukser for forvaltning av personopplysninger i (navnet på tjeneste/prosjekt) som behandlingsansvarlig har bestemt skal gjelde. ', '(Navn på institusjon) forplikter seg til å overholde alle plikter i henhold til gjeldende personvernregelverk som gjelder ved bruk av/behandling i (navn på tjeneste/prosjekt) til behandling av personopplysninger. ', 'Databehandler forplikter seg til å varsle behandlingsansvarlig dersom databehandler mottar instrukser fra behandlingsansvarlig som er i strid med personvernregelverket.', 'Kommentar: Detaljerte instrukser til databehandler kan legges ved som bilag til databehandleravtalen.', '4. Opplysningstyper og registrerte ', 'Databehandleren forvalter følgende personopplysninger på vegne av behandlingsansvarlig i forbindelse med levering og administrasjon av (navn på tjeneste/prosjekt):', 'Kommentar: Gi en kort (gjerne punktvis) oversikt over hvilke hovedtyper personopplysninger som tjenesteleverandøren (databehandleren) forvalter på vegne av institusjonen (behandlingsansvarlig). Angi om de er f.eks. er sensitive eller fordrer taushetsplikt. Angi hvorvidt disse data er direkte identifiserbare eller avidentifiserte (dvs. om data fremstår som anonyme, men hvor man faktisk kan gå tilbake og finne ut hvem dataene/informasjonen gjelder.)\xa0', 'Kommentar: Gi en kort oversikt over hvilke opplysninger som databehandler registrerer og lagrer i forbindelse med bruk av tjenesten, for eksempel ved bruk av informasjonskapsler.', 'Personopplysningene gjelder følgende registrerte:', 'Kommentar: Gi en kort oversikt over hvem opplysningene gjelder, for eksempel studenter og ansatte ved institusjonen.', '5. De registrertes rettigheter', 'Databehandler plikter å bistå behandlingsansvarlig ved ivaretakelse av den registrertes rettigheter i henhold til personvernregelverket..  ', 'Den registrertes rettigheter inkluderer retten til informasjon om hvordan hans eller hennes personopplysninger behandles, retten til å kreve innsyn i egne personopplysninger, retten til å kreve retting eller sletting av egne personopplysninger og retten til å kreve at behandlingen av egne personopplysninger begrenses. ', 'I den grad det er relevant, skal databehandler bistå behandlingsansvarlig med å ivareta de registrertes rett til dataportabilitet og retten til å motsette seg automatiske avgjørelser, inkludert profilering.', 'Databehandler er erstatningsansvarlig overfor de registrerte dersom feil eller forsømmelser hos databehandler påfører de registrerte økonomiske eller ikke-økonomiske tap som følge av at deres rettigheter eller personvern er krenket. ', '6. Tilfredsstillende informasjonssikkerhet', 'Databehandler skal iverksette tilfredsstillende tekniske, fysiske og organisatoriske sikringstiltak for å beskytte personopplysninger som omfattes av denne avtalen mot uautorisert eller ulovlig tilgang, endring, sletting, skade, tap eller utilgjengelighet. ', 'Databehandler skal dokumentere egen sikkerhetsorganisering, retningslinjer og rutiner for sikkerhetsarbeidet, risikovurderinger og etablerte tekniske, fysiske eller organisatoriske sikringstiltak. Dokumentasjonen skal være tilgjengelig for behandlingsansvarlig.', 'Databehandler skal etablere kontinuitets- og beredskapsplaner for effektiv håndtering av alvorlige sikkerhetshendelser. Dokumentasjonen skal være tilgjengelig for behandlingsansvarlig.', 'Databehandler skal gi egne ansatte tilstrekkelig informasjon om og opplæring i informasjonssikkerhet slik at sikkerheten til personopplysninger som behandles på vegne av behandlingsansvarlig blir ivaretatt. ', 'Databehandler skal dokumentere opplæringen av egne ansatte i informasjonssikkerhet. Dokumentasjonen skal være tilgjengelig for behandlingsansvarlig.', 'Kommentar: Her kan det være behov for å konkretisere de viktigste sikringstiltakene som databehandleren har iverksatt, eventuelt at det henvises til dokumenter eller publikasjoner som forklarer hvordan databehandleren jobber med informasjonssikkerhet og hvilke sikringstiltak som er etablert for den aktuelle tjenesten. Konkretiseringene kan tas inn i selve avtaleteksten eller i billag til avtalen. ', '7. Taushetsplikt', 'Kun ansatte hos databehandler som har tjenstlige behov for tilgang til personopplysninger som forvaltes på vegne av behandlingsansvarlig, kan gis slik tilgang. Databehandler plikter å dokumentere retningslinjer og rutiner for tilgangsstyring. Dokumentasjonen skal være tilgjengelig for behandlingsansvarlig. ', 'Ansatte hos databehandler har taushetsplikt om dokumentasjon og personopplysninger som vedkommende får tilgang til i henhold til denne avtalen. Denne bestemmelsen gjelder også etter avtalens opphør. Taushetsplikten omfatter ansatte hos tredjeparter som utfører vedlikehold (eller liknende oppgaver) av systemer, utstyr, nettverk eller bygninger som databehandler anvender for å levere eller administrere/annen type behandling (navn på tjeneste/prosjekt). ', 'Norsk lov vil kunne begrense omfanget av taushetsplikten for ansatte hos databehandler og tredjeparter. ', 'Kommentar: Dersom HINN er databehandler, må det fremgå at offentleglovas bestemmelser om offentlig innsyn kommer til anvendelse.', '8. Tilgang til sikkerhetsdokumentasjon', 'Databehandler plikter å gi behandlingsansvarlig tilgang til all sikkerhetsdokumentasjon som er nødvendig for at behandlingsansvarlig skal kunne ivareta sine forpliktelser i henhold til personvernregelverket.. ', 'Databehandler plikter å gi behandlingsansvarlig tilgang til annen relevant dokumentasjon som gjør det mulig for behandlingsansvarlig å vurdere om databehandler overholder vilkårene i denne avtalen. ', 'Ansatte hos behandlingsansvarlig har taushetsplikt for konfidensiell sikkerhetsdokumentasjon som databehandler gjør tilgjengelig for behandlingsansvarlig.', '9. Varslingsplikt ved sikkerhetsbrudd', 'Databehandler skal uten ubegrunnet opphold varsle behandlingsansvarlig dersom personopplysninger som forvaltes på vegne av behandlingsansvarlig utsettes for sikkerhetsbrudd som innebærer risiko for krenkelser av de registrertes personvern. ', 'Varslet til behandlingsansvarlig skal som minimum inneholde informasjon som beskriver sikkerhetsbruddet, hvilke registrerte som er berørt av sikkerhetsbruddet, hvilke personopplysninger som er berørt av sikkerhetsbruddet, hvilke strakstiltak som er iverksatt for å håndtere sikkerhetsbruddet og hvilke forebyggende tiltak som eventuelt er etablert for å unngå liknende hendelser i fremtiden.', 'Behandlingsansvarlig er ansvarlig for at varsler om sikkerhetsbrudd fra databehandler blir videreformidlet til Datatilsynet.', '10. Underleverandører', 'Databehandler plikter å inngå egne avtaler med underleverandører til (navn på tjeneste/prosjekt) som regulerer underleverandørenes forvaltning av personopplysninger i forbindelse med levering og administrasjon av/annen type behandling (navn på tjeneste/prosjekt). ', 'I avtaler mellom databehandler og underleverandører skal underleverandørene pålegges å ivareta alle plikter som databehandleren selv er underlagt i henhold til denne avtalen. Databehandler plikter å forelegge avtalene for behandlingsansvarlig etter forespørsel. ', 'Databehandler skal kontrollere at underleverandører til (navn på tjeneste/prosjekt) overholder sine avtalemessige plikter, spesielt at informasjonssikkerheten er tilfredsstillende og at ansatte hos underleverandører er kjent med sine forpliktelser og oppfyller disse.', 'Behandlingsansvarlig godkjenner at databehandler engasjerer følgende underleverandører i forbindelse med levering og administrasjon av/annen type behandling (navn på tjeneste/prosjekt):', '…………………………………………………………………………………………………... (navn på underleverandører). ', 'Databehandler kan ikke engasjere andre underleverandører enn de som er nevnt ovenfor uten at dette på forhånd er godkjent av behandlingsansvarlig.', 'Databehandler er erstatningsansvarlig overfor behandlingsansvarlig for økonomiske tap som påføres behandlingsansvarlig og som skyldes ulovlig eller urettmessig behandling av personopplysninger eller mangelfull informasjonssikkerhet hos underleverandører til (navn på tjeneste/prosjekt). ', '11. Overføring til land utenfor EU/EØS', 'Kommentar: Dersom aktuelt; ', 'Personopplysninger som databehandler forvalter på vegne av behandlingsansvarlig kan bli overført til land utenfor EU/EØS (tredjeland). Slik overføring kan skje på visse vilkår og reglene om overføring til tredjeland finnes i Artikkel 45-47 og 49 i EUs personvernforordning. Disse reglene innebærer blant annet at overføringen vil være lovlig dersom den skjer til et EU-godkjente tredjeland, til amerikanske bedrifter i USA som har sluttet seg til Privacy Shield-ordningen eller på grunnlag av EUs standardkontrakter for overføring av personopplysninger til databehandlere i tredjeland. Reglene gjelder også for sikkerhetskopiering og annen overføring av personopplysninger som skjer i forbindelse med administrasjon av den aktuelle tjenesten, for eksempel support.', 'Personopplysninger som databehandler forvalter i henhold til denne avtalen, vil bli overført til følgende mottakerland utenfor EU/EØS: …………………………………………………………………………………………………... (navn på mottakerland).', 'Det rettslige grunnlaget for overføring av personopplysninger til de nevnte mottakerland utenfor EU/EØS er:', '…………………………………………………………………………………………………... (kort redegjørelse for overføringsgrunnlaget). ', '12. Sikkerhetsrevisjoner og konsekvensutredninger', 'Databehandler skal jevnlig gjennomføre sikkerhetsrevisjoner av eget arbeid med sikring av personopplysninger mot uautorisert eller ulovlig tilgang, endring, sletting, skade, tap eller utilgjengelighet. ', 'Databehandler skal gjennomføre sikkerhetsrevisjoner av informasjonssikkerheten i (navn på tjeneste/prosjekt). Sikkerhetsrevisjoner skal omfatte databehandlers sikkerhetsmål og sikkerhetsstrategi, sikkerhetsorganisering, retningslinjer og rutiner for sikkerhetsarbeidet, etablerte tekniske, fysiske og organisatoriske sikringstiltak og arbeidet med informasjonssikkerhet hos underleverandører til (navn på tjeneste/prosjekt). Det skal i tillegg omfatte rutiner for varsling av behandlingsansvarlig ved sikkerhetsbrudd og rutiner for testing av beredskaps- og kontinuitetsplaner. ', 'Databehandler skal dokumentere sikkerhetsrevisjonene. Behandlingsansvarlig skal gis tilgang til revisjonsrapportene. ', 'Dersom en uavhengig tredjepart gjennomfører sikkerhetsrevisjoner hos databehandler, skal behandlingsansvarlig informeres om hvilken revisor som benyttes og få tilgang til oppsummeringer av revisjonsrapportene.', 'Kommentar: Partene kan avtale at behandlingsansvarlig selv utfører sikkerhetsrevisjoner hos databehandleren, eventuelt også hvordan kostnader som påløper i forbindelse med slike revisjoner skal fordeles.  Dette kan tas inn her, evt. i tjenesteavtalen.', 'Databehandler skal bistå behandlingsansvarlig dersom bruk av/behandling i (navn på tjeneste/prosjekt) medfører at behandlingsansvarlig har plikt til å utrede personvernkonsekvenser før (navn på tjeneste/prosjekt) tas i bruk/settes i gang, jf. forordning (EU) 2016/679 av 27. april 2016, Artikkel 35 og 36. Databehandler kan bistå behandlingsansvarlig ved iverksetting av personvernfremmende tiltak dersom konsekvensutredningen viser at dette er nødvendig. ', '13. Tilbakelevering og sletting', 'Ved opphør av denne avtalen plikter databehandler å slette og tilbakelevere alle personopplysninger som forvaltes på vegne av behandlingsansvarlig i forbindelse med levering og administrasjon av/behandling i (navn på tjeneste/prosjekt). Behandlingsansvarlig bestemmer hvordan tilbakelevering av personopplysningene skal skje, herunder hvilket format som skal benyttes. ', 'Databehandler skal slette personopplysninger fra alle lagringsmedier som inneholder personopplysninger som databehandler forvalter på vegne av behandlingsansvarlig. Sletting skal skje ved at databehandler skriver over personopplysninger innen (fyll inn antall) dager etter avtalens opphør. Dette gjelder også for sikkerhetskopier av personopplysningene.', 'Databehandler skal dokumentere at sletting av personopplysninger er foretatt i henhold til denne avtalen. Dokumentasjonen skal gjøres tilgjengelig for behandlingsansvarlig.', 'Databehandler dekker alle kostnader i forbindelse med tilbakelevering og sletting av de personopplysninger som omfattes av denne avtalen.', 'Kommentar: Partene kan eventuelt avtale nærmere hvordan kostnader som påløper i forbindelse med sletting eller tilbakelevering av personopplysninger skal fordeles, enten her eller i tjenesteavtalen.', '14. Mislighold', 'Ved mislighold av vilkårene i denne avtalen som skyldes feil eller forsømmelser fra databehandlers side, kan behandlingsansvarlig si opp avtalen med øyeblikkelig virkning. Databehandler vil fortsatt være pliktig til å tilbakelevere og slette personopplysninger som forvaltes på vegne av behandlingsansvarlig i henhold til bestemmelsene i punkt 13 ovenfor. ', 'Behandlingsansvarlig kan kreve erstatning for økonomiske tap som feil eller forsømmelser fra databehandlers side, inkludert mislighold av vilkårene i denne avtalen, har påført behandlingsansvarlig, jf. også punkt 5 og 10 ovenfor.', '15. Avtalens varighet', 'Denne avtalen gjelder så lenge databehandler forvalter personopplysninger på vegne av behandlingsansvarlig', 'eller', 'avtalen gjelder til ______________.', 'Avtalen kan sies opp av begge parter med en gjensidig frist på ______. ', '16. Kontaktpersoner', 'Kontaktperson hos databehandler for spørsmål knyttet til denne avtalen er: ___________.', 'Enhet, stilling, kontaktinformasjon, adresse, telefon og e-post', 'Kontaktperson hos behandlingsansvarlig for spørsmål knyttet til denne avtalen er: ___________. ', 'Enhet, stilling, kontaktinformasjon, adresse, telefon og e-post', '[Stryk det alternativet nedenfor – 17a eller 17b – som ikke passer]', '17a. Lovvalg og verneting ', 'Avtalen er underlagt norsk rett og partene vedtar (fyll inn navn på tingrett) som verneting. Dette gjelder også etter opphør av avtalen.', 'Kommentar: Dette punktet gjelder når databehandler er en privat aktør.', '17b. Lovvalg og tvisteløsning', 'Partenes rettigheter og plikter etter denne avtalen bestemmes i sin helhet av norsk rett. Eventuelle tvister som springer ut av denne avtalen skal først søkes løst gjennom forhandlinger.', '\xa0', 'Dersom partene ikke oppnår enighet gjennom forhandlinger, skal tvisten løses med bindende virkning av Kunnskapsdepartementet. Hver av partene kan forlange at tvisten oversendes departementet.', 'Kommentar: Dette punktet gjelder når databehandler er et annet statlig universitet eller høyskole. ', '***', 'Denne avtale er i 2 – to eksemplarer, hvorav partene har hvert sitt.', 'Sted og dato', '  På vegne av behandlingsansvarlig\t\t\tPå vegne av databehandler', '………………………..\t\t\t\t………………………', '(underskrift)\t\t\t\t\t\t(underskrift)', '\xa0', '\xa0', '9']","AVTALE OM BEHANDLING AV 
PERSONOPPLYSNINGER (DATABEHANDLERAVTALE)
Avtaleteksten må tilpasses hver enkelt tjeneste/prosjekt og tjenesteleverandør 
I henhold til gjeldende norsk personopplysningslovgivning og forordning (EU) 2016/679 av 27. april 2016, Artikkel 28 og 29, jf. Artikkel 32-36, inngås følgende avtale 
Undertittel knyttet til det konkrete forhold / prosjekt
mellom
Navn på institusjonen
.……………………….
 (behandlingsansvarlig)
og
Navn på tjenesteleverandøren
………………………….
 (databehandler)
Tekst i kursiv skal fjernes og erstattes med relevant tekst, evt. velges ett av flere alternativer. 
 
1.  Avtalens hensikt 
Avtalens hensikt er å regulere rettigheter og plikter etter Lov av 15. juni 2018 nr. 38  om behandling av personopplysninger og EUs personvernforordning (GDPR). Norsk lov og EUs forordning omtales heretter som personvernregelverket. 
Avtalen skal sikre at personopplysninger ikke brukes ulovlig, urettmessig eller at opplysningene behandles på måter som fører til uautorisert tilgang, endring, sletting, skade, tap eller utilgjengelighet. 
Avtalen regulerer databehandlers forvaltning av personopplysninger på vegne av den behandlingsansvarlige, herunder innsamling, registrering, sammenstilling, lagring, utlevering eller kombinasjoner av disse, i forbindelse med bruk av/behandling i (navn på tjeneste/prosjekt). 
Ved motstrid skal vilkårene i denne avtalen gå foran databehandlers personvernerklæring eller vilkår i andre avtaler inngått mellom behandlingsansvarlig og databehandler i forbindelse med bruk av tjenesten (Kommentar: sett inn navn på tjeneste/prosjekt)
Det skal fremgå klart av denne avtalen dersom databehandleren kan overlate personopplysninger til andre for oppbevaring, bearbeiding eller annen behandling, og underleverandør skal angis i avtalens punkt 10.  
 
Behandlingens formål kan ikke endres av noen av partene uten at ny avtale er signert. 
 
2. Formålsbegrensning 
Formålet med databehandlers forvaltning av personopplysninger på vegne av behandlingsansvarlig, er å levere og administrere/annen type behandling (navn på tjeneste/prosjekt).
Kommentar: MÅ fylles ut, det må angis klart og tydelig hva data skal brukes til. Eventuelle koblinger med andre datasett må være godkjent av behandlingsansvarlig. Dersom formålet fremgår av andre avtaler, for eksempel kontrakter, som er inngått mellom behandlingsansvarlig/databehandler og kvalitetsikret av jurist ved HINN kan det isteden henvises til disse avtalene når formålet for behandling av opplysningene skal beskrives.
 
Personopplysninger som databehandler forvalter på vegne av behandlingsansvarlig kan ikke brukes til andre formål enn levering og administrasjon av/annen type behandling (navn på tjeneste/prosjekt) uten at dette på forhånd er godkjent av behandlingsansvarlig. 
Databehandler kan ikke overføre personopplysninger som omfattes av denne avtalen til samarbeidspartnere eller andre tredjeparter uten at dette på forhånd er godkjent av behandlingsansvarlig, jf. punkt 10 i denne avtalen.
3. Instrukser
Databehandler skal følge de skriftlige og dokumenterte instrukser for forvaltning av personopplysninger i (navnet på tjeneste/prosjekt) som behandlingsansvarlig har bestemt skal gjelde. 
(Navn på institusjon) forplikter seg til å overholde alle plikter i henhold til gjeldende personvernregelverk som gjelder ved bruk av/behandling i (navn på tjeneste/prosjekt) til behandling av personopplysninger. 
Databehandler forplikter seg til å varsle behandlingsansvarlig dersom databehandler mottar instrukser fra behandlingsansvarlig som er i strid med personvernregelverket.
Kommentar: Detaljerte instrukser til databehandler kan legges ved som bilag til databehandleravtalen.
4. Opplysningstyper og registrerte 
Databehandleren forvalter følgende personopplysninger på vegne av behandlingsansvarlig i forbindelse med levering og administrasjon av (navn på tjeneste/prosjekt):
Kommentar: Gi en kort (gjerne punktvis) oversikt over hvilke hovedtyper personopplysninger som tjenesteleverandøren (databehandleren) forvalter på vegne av institusjonen (behandlingsansvarlig). Angi om de er f.eks. er sensitive eller fordrer taushetsplikt. Angi hvorvidt disse data er direkte identifiserbare eller avidentifiserte (dvs. om data fremstår som anonyme, men hvor man faktisk kan gå tilbake og finne ut hvem dataene/informasjonen gjelder.) 
Kommentar: Gi en kort oversikt over hvilke opplysninger som databehandler registrerer og lagrer i forbindelse med bruk av tjenesten, for eksempel ved bruk av informasjonskapsler.
Personopplysningene gjelder følgende registrerte:
Kommentar: Gi en kort oversikt over hvem opplysningene gjelder, for eksempel studenter og ansatte ved institusjonen.
5. De registrertes rettigheter
Databehandler plikter å bistå behandlingsansvarlig ved ivaretakelse av den registrertes rettigheter i henhold til personvernregelverket..  
Den registrertes rettigheter inkluderer retten til informasjon om hvordan hans eller hennes personopplysninger behandles, retten til å kreve innsyn i egne personopplysninger, retten til å kreve retting eller sletting av egne personopplysninger og retten til å kreve at behandlingen av egne personopplysninger begrenses. 
I den grad det er relevant, skal databehandler bistå behandlingsansvarlig med å ivareta de registrertes rett til dataportabilitet og retten til å motsette seg automatiske avgjørelser, inkludert profilering.
Databehandler er erstatningsansvarlig overfor de registrerte dersom feil eller forsømmelser hos databehandler påfører de registrerte økonomiske eller ikke-økonomiske tap som følge av at deres rettigheter eller personvern er krenket. 
6. Tilfredsstillende informasjonssikkerhet
Databehandler skal iverksette tilfredsstillende tekniske, fysiske og organisatoriske sikringstiltak for å beskytte personopplysninger som omfattes av denne avtalen mot uautorisert eller ulovlig tilgang, endring, sletting, skade, tap eller utilgjengelighet. 
Databehandler skal dokumentere egen sikkerhetsorganisering, retningslinjer og rutiner for sikkerhetsarbeidet, risikovurderinger og etablerte tekniske, fysiske eller organisatoriske sikringstiltak. Dokumentasjonen skal være tilgjengelig for behandlingsansvarlig.
Databehandler skal etablere kontinuitets- og beredskapsplaner for effektiv håndtering av alvorlige sikkerhetshendelser. Dokumentasjonen skal være tilgjengelig for behandlingsansvarlig.
Databehandler skal gi egne ansatte tilstrekkelig informasjon om og opplæring i informasjonssikkerhet slik at sikkerheten til personopplysninger som behandles på vegne av behandlingsansvarlig blir ivaretatt. 
Databehandler skal dokumentere opplæringen av egne ansatte i informasjonssikkerhet. Dokumentasjonen skal være tilgjengelig for behandlingsansvarlig.
Kommentar: Her kan det være behov for å konkretisere de viktigste sikringstiltakene som databehandleren har iverksatt, eventuelt at det henvises til dokumenter eller publikasjoner som forklarer hvordan databehandleren jobber med informasjonssikkerhet og hvilke sikringstiltak som er etablert for den aktuelle tjenesten. Konkretiseringene kan tas inn i selve avtaleteksten eller i billag til avtalen. 
7. Taushetsplikt
Kun ansatte hos databehandler som har tjenstlige behov for tilgang til personopplysninger som forvaltes på vegne av behandlingsansvarlig, kan gis slik tilgang. Databehandler plikter å dokumentere retningslinjer og rutiner for tilgangsstyring. Dokumentasjonen skal være tilgjengelig for behandlingsansvarlig. 
Ansatte hos databehandler har taushetsplikt om dokumentasjon og personopplysninger som vedkommende får tilgang til i henhold til denne avtalen. Denne bestemmelsen gjelder også etter avtalens opphør. Taushetsplikten omfatter ansatte hos tredjeparter som utfører vedlikehold (eller liknende oppgaver) av systemer, utstyr, nettverk eller bygninger som databehandler anvender for å levere eller administrere/annen type behandling (navn på tjeneste/prosjekt). 
Norsk lov vil kunne begrense omfanget av taushetsplikten for ansatte hos databehandler og tredjeparter. 
Kommentar: Dersom HINN er databehandler, må det fremgå at offentleglovas bestemmelser om offentlig innsyn kommer til anvendelse.
8. Tilgang til sikkerhetsdokumentasjon
Databehandler plikter å gi behandlingsansvarlig tilgang til all sikkerhetsdokumentasjon som er nødvendig for at behandlingsansvarlig skal kunne ivareta sine forpliktelser i henhold til personvernregelverket.. 
Databehandler plikter å gi behandlingsansvarlig tilgang til annen relevant dokumentasjon som gjør det mulig for behandlingsansvarlig å vurdere om databehandler overholder vilkårene i denne avtalen. 
Ansatte hos behandlingsansvarlig har taushetsplikt for konfidensiell sikkerhetsdokumentasjon som databehandler gjør tilgjengelig for behandlingsansvarlig.
9. Varslingsplikt ved sikkerhetsbrudd
Databehandler skal uten ubegrunnet opphold varsle behandlingsansvarlig dersom personopplysninger som forvaltes på vegne av behandlingsansvarlig utsettes for sikkerhetsbrudd som innebærer risiko for krenkelser av de registrertes personvern. 
Varslet til behandlingsansvarlig skal som minimum inneholde informasjon som beskriver sikkerhetsbruddet, hvilke registrerte som er berørt av sikkerhetsbruddet, hvilke personopplysninger som er berørt av sikkerhetsbruddet, hvilke strakstiltak som er iverksatt for å håndtere sikkerhetsbruddet og hvilke forebyggende tiltak som eventuelt er etablert for å unngå liknende hendelser i fremtiden.
Behandlingsansvarlig er ansvarlig for at varsler om sikkerhetsbrudd fra databehandler blir videreformidlet til Datatilsynet.
10. Underleverandører
Databehandler plikter å inngå egne avtaler med underleverandører til (navn på tjeneste/prosjekt) som regulerer underleverandørenes forvaltning av personopplysninger i forbindelse med levering og administrasjon av/annen type behandling (navn på tjeneste/prosjekt). 
I avtaler mellom databehandler og underleverandører skal underleverandørene pålegges å ivareta alle plikter som databehandleren selv er underlagt i henhold til denne avtalen. Databehandler plikter å forelegge avtalene for behandlingsansvarlig etter forespørsel. 
Databehandler skal kontrollere at underleverandører til (navn på tjeneste/prosjekt) overholder sine avtalemessige plikter, spesielt at informasjonssikkerheten er tilfredsstillende og at ansatte hos underleverandører er kjent med sine forpliktelser og oppfyller disse.
Behandlingsansvarlig godkjenner at databehandler engasjerer følgende underleverandører i forbindelse med levering og administrasjon av/annen type behandling (navn på tjeneste/prosjekt):
…………………………………………………………………………………………………... (navn på underleverandører). 
Databehandler kan ikke engasjere andre underleverandører enn de som er nevnt ovenfor uten at dette på forhånd er godkjent av behandlingsansvarlig.
Databehandler er erstatningsansvarlig overfor behandlingsansvarlig for økonomiske tap som påføres behandlingsansvarlig og som skyldes ulovlig eller urettmessig behandling av personopplysninger eller mangelfull informasjonssikkerhet hos underleverandører til (navn på tjeneste/prosjekt). 
11. Overføring til land utenfor EU/EØS
Kommentar: Dersom aktuelt; 
Personopplysninger som databehandler forvalter på vegne av behandlingsansvarlig kan bli overført til land utenfor EU/EØS (tredjeland). Slik overføring kan skje på visse vilkår og reglene om overføring til tredjeland finnes i Artikkel 45-47 og 49 i EUs personvernforordning. Disse reglene innebærer blant annet at overføringen vil være lovlig dersom den skjer til et EU-godkjente tredjeland, til amerikanske bedrifter i USA som har sluttet seg til Privacy Shield-ordningen eller på grunnlag av EUs standardkontrakter for overføring av personopplysninger til databehandlere i tredjeland. Reglene gjelder også for sikkerhetskopiering og annen overføring av personopplysninger som skjer i forbindelse med administrasjon av den aktuelle tjenesten, for eksempel support.
Personopplysninger som databehandler forvalter i henhold til denne avtalen, vil bli overført til følgende mottakerland utenfor EU/EØS: …………………………………………………………………………………………………... (navn på mottakerland).
Det rettslige grunnlaget for overføring av personopplysninger til de nevnte mottakerland utenfor EU/EØS er:
…………………………………………………………………………………………………... (kort redegjørelse for overføringsgrunnlaget). 
12. Sikkerhetsrevisjoner og konsekvensutredninger
Databehandler skal jevnlig gjennomføre sikkerhetsrevisjoner av eget arbeid med sikring av personopplysninger mot uautorisert eller ulovlig tilgang, endring, sletting, skade, tap eller utilgjengelighet. 
Databehandler skal gjennomføre sikkerhetsrevisjoner av informasjonssikkerheten i (navn på tjeneste/prosjekt). Sikkerhetsrevisjoner skal omfatte databehandlers sikkerhetsmål og sikkerhetsstrategi, sikkerhetsorganisering, retningslinjer og rutiner for sikkerhetsarbeidet, etablerte tekniske, fysiske og organisatoriske sikringstiltak og arbeidet med informasjonssikkerhet hos underleverandører til (navn på tjeneste/prosjekt). Det skal i tillegg omfatte rutiner for varsling av behandlingsansvarlig ved sikkerhetsbrudd og rutiner for testing av beredskaps- og kontinuitetsplaner. 
Databehandler skal dokumentere sikkerhetsrevisjonene. Behandlingsansvarlig skal gis tilgang til revisjonsrapportene. 
Dersom en uavhengig tredjepart gjennomfører sikkerhetsrevisjoner hos databehandler, skal behandlingsansvarlig informeres om hvilken revisor som benyttes og få tilgang til oppsummeringer av revisjonsrapportene.
Kommentar: Partene kan avtale at behandlingsansvarlig selv utfører sikkerhetsrevisjoner hos databehandleren, eventuelt også hvordan kostnader som påløper i forbindelse med slike revisjoner skal fordeles.  Dette kan tas inn her, evt. i tjenesteavtalen.
Databehandler skal bistå behandlingsansvarlig dersom bruk av/behandling i (navn på tjeneste/prosjekt) medfører at behandlingsansvarlig har plikt til å utrede personvernkonsekvenser før (navn på tjeneste/prosjekt) tas i bruk/settes i gang, jf. forordning (EU) 2016/679 av 27. april 2016, Artikkel 35 og 36. Databehandler kan bistå behandlingsansvarlig ved iverksetting av personvernfremmende tiltak dersom konsekvensutredningen viser at dette er nødvendig. 
13. Tilbakelevering og sletting
Ved opphør av denne avtalen plikter databehandler å slette og tilbakelevere alle personopplysninger som forvaltes på vegne av behandlingsansvarlig i forbindelse med levering og administrasjon av/behandling i (navn på tjeneste/prosjekt). Behandlingsansvarlig bestemmer hvordan tilbakelevering av personopplysningene skal skje, herunder hvilket format som skal benyttes. 
Databehandler skal slette personopplysninger fra alle lagringsmedier som inneholder personopplysninger som databehandler forvalter på vegne av behandlingsansvarlig. Sletting skal skje ved at databehandler skriver over personopplysninger innen (fyll inn antall) dager etter avtalens opphør. Dette gjelder også for sikkerhetskopier av personopplysningene.
Databehandler skal dokumentere at sletting av personopplysninger er foretatt i henhold til denne avtalen. Dokumentasjonen skal gjøres tilgjengelig for behandlingsansvarlig.
Databehandler dekker alle kostnader i forbindelse med tilbakelevering og sletting av de personopplysninger som omfattes av denne avtalen.
Kommentar: Partene kan eventuelt avtale nærmere hvordan kostnader som påløper i forbindelse med sletting eller tilbakelevering av personopplysninger skal fordeles, enten her eller i tjenesteavtalen.
14. Mislighold
Ved mislighold av vilkårene i denne avtalen som skyldes feil eller forsømmelser fra databehandlers side, kan behandlingsansvarlig si opp avtalen med øyeblikkelig virkning. Databehandler vil fortsatt være pliktig til å tilbakelevere og slette personopplysninger som forvaltes på vegne av behandlingsansvarlig i henhold til bestemmelsene i punkt 13 ovenfor. 
Behandlingsansvarlig kan kreve erstatning for økonomiske tap som feil eller forsømmelser fra databehandlers side, inkludert mislighold av vilkårene i denne avtalen, har påført behandlingsansvarlig, jf. også punkt 5 og 10 ovenfor.
15. Avtalens varighet
Denne avtalen gjelder så lenge databehandler forvalter personopplysninger på vegne av behandlingsansvarlig
eller
avtalen gjelder til ______________.
Avtalen kan sies opp av begge parter med en gjensidig frist på ______. 
16. Kontaktpersoner
Kontaktperson hos databehandler for spørsmål knyttet til denne avtalen er: ___________.
Enhet, stilling, kontaktinformasjon, adresse, telefon og e-post
Kontaktperson hos behandlingsansvarlig for spørsmål knyttet til denne avtalen er: ___________. 
Enhet, stilling, kontaktinformasjon, adresse, telefon og e-post
[Stryk det alternativet nedenfor – 17a eller 17b – som ikke passer]
17a. Lovvalg og verneting 
Avtalen er underlagt norsk rett og partene vedtar (fyll inn navn på tingrett) som verneting. Dette gjelder også etter opphør av avtalen.
Kommentar: Dette punktet gjelder når databehandler er en privat aktør.
17b. Lovvalg og tvisteløsning
Partenes rettigheter og plikter etter denne avtalen bestemmes i sin helhet av norsk rett. Eventuelle tvister som springer ut av denne avtalen skal først søkes løst gjennom forhandlinger.
 
Dersom partene ikke oppnår enighet gjennom forhandlinger, skal tvisten løses med bindende virkning av Kunnskapsdepartementet. Hver av partene kan forlange at tvisten oversendes departementet.
Kommentar: Dette punktet gjelder når databehandler er et annet statlig universitet eller høyskole. 
***
Denne avtale er i 2 – to eksemplarer, hvorav partene har hvert sitt.
Sted og dato
  På vegne av behandlingsansvarlig			På vegne av databehandler
………………………..				………………………
(underskrift)						(underskrift)
 
 
9",Almost parallel,False,188,2026-01-14 12:21:05.812302+00:00,2026-01-09 09:34:09.616871+00:00,0b49a628d9754937078fff34fa24ac4bd2d05b5c01c0fd9cd109a974128a549775be10b36ce462bb,Parallell
0,13e60aebe49bd1013a9a664464cda136788024f1,nno,https://www.nupi.no/arrangementer/2022/ungdom-og-ekstremisme-i-2021-ein-studie-av-ungdommars-vurdering-av-ekstremisme-og-foerebygging-av-ekstremisme-i-noreg,nupi.no,1735254982000,html,"['Temaer', 'Terrorisme og ekstremisme', 'Norsk', 'Seminar', 'Fysisk', 'Studien er gjord på oppdrag frå Integreringsavdelingen i Kunnskapsdepartementet og har hatt som mål å utforske ungdommars oppleving av ekstremisme i Noreg i dag, framtidige valdstruslar frå ekstreme ideologiske retningar og deira vurderingar av tiltak og verkemiddel i førebygging av dette. Totalt 2588 norske ungdommar frå heile landet deltok i studien.', 'Håvard Haugstvedt jobbar som forskar på Senter for Ekstremismeforskning (C-REX) ved Universitetet i Oslo. Haugstvedt fullførte doktorgrada si ved Universitetet i Stavanger i 2021, der han forska på norske sosialarbeidarars erfaringar med å førebyggje valdeleg ekstremisme.', 'Tore Bjørgo er professor og senterleiar ved C-REX og professor II ved Politihøgskolen. Bjørgo har forska på høgreekstremisme og førebygging av ekstremisme og kriminalitet i over 30 år og har publisert ei rekkje bøker, rapportar og vitskaplege artiklar på temaet.', 'Moderator', 'Temaer', 'Terrorisme og ekstremisme', 'Norsk', 'Seminar', 'Fysisk', 'Nupi.no bruker informasjonskapsler (""cookies"") for å øke kvaliteteten på nettstedet. Les vår personvernerklæring for mer informasjon. Ved å fortsette å bruke nettstedet, aksepterer du vår bruk av informasjonskaplser']","Temaer
Terrorisme og ekstremisme
Norsk
Seminar
Fysisk
Studien er gjord på oppdrag frå Integreringsavdelingen i Kunnskapsdepartementet og har hatt som mål å utforske ungdommars oppleving av ekstremisme i Noreg i dag, framtidige valdstruslar frå ekstreme ideologiske retningar og deira vurderingar av tiltak og verkemiddel i førebygging av dette. Totalt 2588 norske ungdommar frå heile landet deltok i studien.
Håvard Haugstvedt jobbar som forskar på Senter for Ekstremismeforskning (C-REX) ved Universitetet i Oslo. Haugstvedt fullførte doktorgrada si ved Universitetet i Stavanger i 2021, der han forska på norske sosialarbeidarars erfaringar med å førebyggje valdeleg ekstremisme.
Tore Bjørgo er professor og senterleiar ved C-REX og professor II ved Politihøgskolen. Bjørgo har forska på høgreekstremisme og førebygging av ekstremisme og kriminalitet i over 30 år og har publisert ei rekkje bøker, rapportar og vitskaplege artiklar på temaet.
Moderator
Temaer
Terrorisme og ekstremisme
Norsk
Seminar
Fysisk
Nupi.no bruker informasjonskapsler (""cookies"") for å øke kvaliteteten på nettstedet. Les vår personvernerklæring for mer informasjon. Ved å fortsette å bruke nettstedet, aksepterer du vår bruk av informasjonskaplser",1ebef0618e3fa2c3c6ab5d12a1baba2a96710443,nob,https://www.nupi.no/en/events/2022/ungdom-og-ekstremisme-i-2021-en-studie-av-ungdommers-vurdering-av-ekstremisme-og-forebygging-av-ekstremisme-i-norge,nupi.no,1735276849000,html,"['Themes', 'Terrorism and extremism', 'Norwegian', 'Seminar', 'Physical', 'Studien er gjort på oppdrag fra Integreringsavdelingen i Kunnskapsdepartementet og har hatt som mål å utforske ungdommers opplevelse av ekstremisme i Norge i dag, fremtidige voldstrusler fra ekstreme ideologiske retninger og deres vurderinger av tiltak og virkemidler i forebygging av dette. Totalt 2588 norske ungdommer fra hele landet deltok i studien.', 'Håvard Haugstvedt jobber som forsker på Senter for Ekstremismeforskning (C-REX) ved Universitetet i Oslo. Haugstvedt fullførte doktorgraden sin ved Universitetet i Stavanger i 2021, der han forsket på norske sosialarbeideres erfaringer med å forebygge voldelig ekstremisme.', 'Tore Bjørgo er professor og senterleder ved C-REX og professor II ved Politihøgskolen. Bjørgo har forsket på høyreekstremisme og forebygging av ekstremisme og kriminalitet i over 30 år og har publisert en rekke bøker, rapporter og vitenskapelige artikler på temaet.']","Themes
Terrorism and extremism
Norwegian
Seminar
Physical
Studien er gjort på oppdrag fra Integreringsavdelingen i Kunnskapsdepartementet og har hatt som mål å utforske ungdommers opplevelse av ekstremisme i Norge i dag, fremtidige voldstrusler fra ekstreme ideologiske retninger og deres vurderinger av tiltak og virkemidler i forebygging av dette. Totalt 2588 norske ungdommer fra hele landet deltok i studien.
Håvard Haugstvedt jobber som forsker på Senter for Ekstremismeforskning (C-REX) ved Universitetet i Oslo. Haugstvedt fullførte doktorgraden sin ved Universitetet i Stavanger i 2021, der han forsket på norske sosialarbeideres erfaringer med å forebygge voldelig ekstremisme.
Tore Bjørgo er professor og senterleder ved C-REX og professor II ved Politihøgskolen. Bjørgo har forsket på høyreekstremisme og forebygging av ekstremisme og kriminalitet i over 30 år og har publisert en rekke bøker, rapporter og vitenskapelige artikler på temaet.",Not parallell,False,147,2026-01-09 09:51:40.903562+00:00,2026-01-09 09:34:09.609419+00:00,13e60aebe49bd1013a9a664464cda136788024f11ebef0618e3fa2c3c6ab5d12a1baba2a96710443,Almost parallel
99,148bac58277a5d3ae11d40663df6edd16a5359f4,eng,https://www.hi.no/templates/reporteditor/resources/images/nettrapporter/56709/file_html_2c2dc80a8b5e2505.png/figure-viewer,hi.no,1735649790000,html,"['Figur', 'Figur 3 Kumulativ oppvandring av vill og rømt laks og sjøaure pr veke i fella 2021, absolutt tal (øverst) og prosentvis (nederst). Cumulative upstream migration of escaped salmon, and wild salmon and sea trout captured in the fish trap per week in 2021, with absolute numbers (upper) and percentage (lower).']","Figur
Figur 3 Kumulativ oppvandring av vill og rømt laks og sjøaure pr veke i fella 2021, absolutt tal (øverst) og prosentvis (nederst). Cumulative upstream migration of escaped salmon, and wild salmon and sea trout captured in the fish trap per week in 2021, with absolute numbers (upper) and percentage (lower).",aaedf0bb489bf5a44afe863aabf7c10a88000665,nno,https://www.hi.no/templates/reporteditor/resources/images/nettrapporter/56709/file_html_62385ead953f9a7.gif/figure-viewer,hi.no,1735649800000,html,"['Figur', 'Figur 7 Oppvandra mengde vill og rømt fisk og prosent oppdrettsfisk registrert (raud linje) på fella pr. veke i 2021. Numbers of wild and farmed fish trapped in Etne, and the percent of farmed salmon (red line), per week in 2021.']","Figur
Figur 7 Oppvandra mengde vill og rømt fisk og prosent oppdrettsfisk registrert (raud linje) på fella pr. veke i 2021. Numbers of wild and farmed fish trapped in Etne, and the percent of farmed salmon (red line), per week in 2021.",Not parallell,False,396,2025-10-10 11:24:19.899730+00:00,2025-10-10 11:14:31.674970+00:00,148bac58277a5d3ae11d40663df6edd16a5359f4aaedf0bb489bf5a44afe863aabf7c10a88000665,Something is wrong
100,17d6de99d86c532b70a6175654f28a9963489ef5,nno,https://www.ntnu.no/documents/1282424706/1352496614/Tidsreise+grunnstoff_Elevark_NN.docx/cdad9278-756a-8cdd-dc0a-869bd7c6981b?t=1717591329867,ntnu.no,1734676929000,doc,"['tidsreisegrunnstoff.no\t\tElevaktivitetar', 'Etter 7. trinn:', 'Teknologi og grunnstoff', 'Visste du at teknologisk utvikling har vore svært viktig for oppdagingar av grunnstoff? I denne oppgåva handlar det om å utforske den digitale tidslinja, tidsreisegrunnstoff.no, og finne eksempel på korleis teknologi har ført til ny forståing om eller nye oppdagingar av grunnstoff. ', 'Finn ei historie på tidslinja som handlar om bruk av teknologi og skriv ned stikkord på spørsmåla under. Diskuter spørsmåla med ein med-elev.', 'Kva for teknologisk nyvinning handlar det om?', 'På kva måte fekk teknologien betydning for vitskapen?', 'Kva blei mogleg å undersøke eller oppdage med den nye teknologien?', 'Etter 10. trinn:', 'Forsking som samarbeid', 'Har du tenkt over korleis vitskapsfolk har komme fram til all kunnskapen som er samla i periodesystemet? I denne oppgåva skal du finne eksempel på forskarar som har samarbeidd om å gjere grunnstoffoppdagingar. ', 'Utforsk den digitale tidslinja, tidsreisegrunnstoff.no, og finn eksempel på ei grunnstoffoppdaging der fleire vitskapsfolk har jobba saman. Lag ein veggplakat der du tar med følgjande informasjon:', 'Kva for grunnstoff handlar det om?', 'Kva for vitskapsfolk jobba saman?', 'Kva gjorde dei ulike vitskapsfolka i samarbeidet?', 'Eigenskapar til grunnstoffa', 'Mens nokre grunnstoff har vore kjent i mange tusen år, tok det lang tid før andre grupper av grunnstoff blei oppdaga. I denne oppgåva handlar det om å kunne bruke periodesystemet til å forklare kvifor det var vanskeleg å oppdage nokre grunnstoffgrupper. Bruk den digitale tidslinja tidsreisegrunnstoff.no til å lese om metodane som blei brukt for å oppdage enten alkalimetalla (1807) eller edelgassane (1894). ', 'Skriv ei kort forklaring på kvifor alkalimetalla først blei oppdaga på 1800-talet, mens metall som sølv og gull var kjent frå oldtida. Bruk dine kunnskapar om periodesystemet i forklaringa.', 'Skriv ei kort forklaring på kvifor det tok så lang tid før edelgassane blei oppdaga. Bruk dine kunnskapar om periodesystemet i forklaringa. ', 'Etter Vg1 SF:', ' ', 'Forståing av stoff', 'I denne oppgåva handlar det om å drøfte korleis utvikling av nye hypotesar, modellar og teoriar om radioaktivitet og radioaktive stoff har bidratt til at vi kan forstå og forklare verda rundt oss.', 'Utforsk punkta på den digitale tidslinja tidsreisegrunnstoff.no som handlar om radioaktivitet, dette er alle punkta frå 1896 til 2006, bortsett frå punktet 1913. Jobb først individuelt og skriv ned nokre stikkord om det viktigaste innhaldet i kvart tidslinjepunkt. Kva for nye hypotesar eller teoriar om radioaktivitet kjem fram i tidslinjepunkta? ', 'Diskuter deretter saman to og to:', 'Korleis har forståinga av radioaktivitet utvikla seg frå 1896 og til 2006/notid?', 'Kva for hypotese utvikla Henri Becquerel om fenomenet han oppdaga i uranmineral?', 'Etter Kjemi 1:', 'Kva betyr namna til grunnstoffa? ', 'Mange namn i periodesystemet er framandarta og vanskelege å forstå. I denne oppgåva skal du bruke kjemihistoria for å finne opphavet til namna for nokre grunnstoff. ', 'Finn hendingar på den digitale tidslinja tidsreisegrunnstoff.no som skildrar opphavet til nokre grunnstoffnamn. Du kan også bruke andre digitale kjelder, f.eks. periodesystemet.no.', 'Lag tre kviss-spørsmål til medelevar der du skriv tre ulike alternative forklaringar på grunnstoffnamnet. ', 'Gå saman to og to og kviss kvarandre om namna. ', 'Etter Kjemi 2: ', 'Syntetiske grunnstoff', 'I periodesystemet er det heile 118 grunnstoff, mens berre 90 finst naturleg. Bruk tidslinja tidsreisegrunnstoff.no som inspirasjon til å lage ei eiga digital tidslinje med fleire tidslinjepunkt som fortel om korleis forskarar har oppdaga og syntetisert grunnstoff som ikkje finst naturleg. Jobb saman i grupper på 3-4 elevar og fordel gjerne arbeidet. I tidlinja de lagar bør de', 'Forklare kva for metodar som er brukt for å syntetisere grunnstoffa, og ', 'Gjere greie for korleis forskarar har komme fram til teoriar for korleis syntetiske grunnstoff kan lagast og korleis dei vil oppføre seg']","tidsreisegrunnstoff.no		Elevaktivitetar
Etter 7. trinn:
Teknologi og grunnstoff
Visste du at teknologisk utvikling har vore svært viktig for oppdagingar av grunnstoff? I denne oppgåva handlar det om å utforske den digitale tidslinja, tidsreisegrunnstoff.no, og finne eksempel på korleis teknologi har ført til ny forståing om eller nye oppdagingar av grunnstoff. 
Finn ei historie på tidslinja som handlar om bruk av teknologi og skriv ned stikkord på spørsmåla under. Diskuter spørsmåla med ein med-elev.
Kva for teknologisk nyvinning handlar det om?
På kva måte fekk teknologien betydning for vitskapen?
Kva blei mogleg å undersøke eller oppdage med den nye teknologien?
Etter 10. trinn:
Forsking som samarbeid
Har du tenkt over korleis vitskapsfolk har komme fram til all kunnskapen som er samla i periodesystemet? I denne oppgåva skal du finne eksempel på forskarar som har samarbeidd om å gjere grunnstoffoppdagingar. 
Utforsk den digitale tidslinja, tidsreisegrunnstoff.no, og finn eksempel på ei grunnstoffoppdaging der fleire vitskapsfolk har jobba saman. Lag ein veggplakat der du tar med følgjande informasjon:
Kva for grunnstoff handlar det om?
Kva for vitskapsfolk jobba saman?
Kva gjorde dei ulike vitskapsfolka i samarbeidet?
Eigenskapar til grunnstoffa
Mens nokre grunnstoff har vore kjent i mange tusen år, tok det lang tid før andre grupper av grunnstoff blei oppdaga. I denne oppgåva handlar det om å kunne bruke periodesystemet til å forklare kvifor det var vanskeleg å oppdage nokre grunnstoffgrupper. Bruk den digitale tidslinja tidsreisegrunnstoff.no til å lese om metodane som blei brukt for å oppdage enten alkalimetalla (1807) eller edelgassane (1894). 
Skriv ei kort forklaring på kvifor alkalimetalla først blei oppdaga på 1800-talet, mens metall som sølv og gull var kjent frå oldtida. Bruk dine kunnskapar om periodesystemet i forklaringa.
Skriv ei kort forklaring på kvifor det tok så lang tid før edelgassane blei oppdaga. Bruk dine kunnskapar om periodesystemet i forklaringa. 
Etter Vg1 SF:
 
Forståing av stoff
I denne oppgåva handlar det om å drøfte korleis utvikling av nye hypotesar, modellar og teoriar om radioaktivitet og radioaktive stoff har bidratt til at vi kan forstå og forklare verda rundt oss.
Utforsk punkta på den digitale tidslinja tidsreisegrunnstoff.no som handlar om radioaktivitet, dette er alle punkta frå 1896 til 2006, bortsett frå punktet 1913. Jobb først individuelt og skriv ned nokre stikkord om det viktigaste innhaldet i kvart tidslinjepunkt. Kva for nye hypotesar eller teoriar om radioaktivitet kjem fram i tidslinjepunkta? 
Diskuter deretter saman to og to:
Korleis har forståinga av radioaktivitet utvikla seg frå 1896 og til 2006/notid?
Kva for hypotese utvikla Henri Becquerel om fenomenet han oppdaga i uranmineral?
Etter Kjemi 1:
Kva betyr namna til grunnstoffa? 
Mange namn i periodesystemet er framandarta og vanskelege å forstå. I denne oppgåva skal du bruke kjemihistoria for å finne opphavet til namna for nokre grunnstoff. 
Finn hendingar på den digitale tidslinja tidsreisegrunnstoff.no som skildrar opphavet til nokre grunnstoffnamn. Du kan også bruke andre digitale kjelder, f.eks. periodesystemet.no.
Lag tre kviss-spørsmål til medelevar der du skriv tre ulike alternative forklaringar på grunnstoffnamnet. 
Gå saman to og to og kviss kvarandre om namna. 
Etter Kjemi 2: 
Syntetiske grunnstoff
I periodesystemet er det heile 118 grunnstoff, mens berre 90 finst naturleg. Bruk tidslinja tidsreisegrunnstoff.no som inspirasjon til å lage ei eiga digital tidslinje med fleire tidslinjepunkt som fortel om korleis forskarar har oppdaga og syntetisert grunnstoff som ikkje finst naturleg. Jobb saman i grupper på 3-4 elevar og fordel gjerne arbeidet. I tidlinja de lagar bør de
Forklare kva for metodar som er brukt for å syntetisere grunnstoffa, og 
Gjere greie for korleis forskarar har komme fram til teoriar for korleis syntetiske grunnstoff kan lagast og korleis dei vil oppføre seg",ff3ea5c6008acffb564944bf9e13e2624d29cd4e,nob,https://www.ntnu.no/documents/1282424706/1352496614/Tidsreise+grunnstoff_Elevark_BM.docx/0ec6ee17-d2e4-8739-2fc8-2629dbe81078?t=1717591325580,ntnu.no,1734676919000,doc,"['tidsreisegrunnstoff.no\t\tElevaktiviteter', 'Etter 7. trinn:', 'Teknologi og grunnstoffer', 'Tidsbruk: ca 20 minutter', 'Visste du at teknologisk utvikling har vært svært viktig for oppdagelse av grunnstoffer? I denne oppgaven handler det om å utforske den digitale tidslinja, tidsreisegrunnstoff.no, og finne eksempler på hvordan teknologi har ført til ny forståelse om eller nye oppdagelser av grunnstoffer. ', 'Finn en historie på tidslinja som handler om bruk av teknologi og skriv ned stikkord på spørsmålene under. Diskuter spørsmålene med en med-elev.', 'Hvilken teknologisk nyvinning handler det om?', 'På hvilken måte fikk teknologien betydning for vitenskapen?', 'Hva ble mulig å undersøke eller oppdage med den nye teknologien?', 'Etter 10. trinn:', 'Forskning som samarbeid', 'Tidsbruk: cirka 30 -45 minutter', 'Har du tenkt over hvordan vitenskapsfolk har kommet fram til all kunnskapen som er samlet i periodesystemet? I denne oppgaven skal du finne eksempler på forskere som har samarbeidet om å gjøre grunnstoffoppdagelser. ', 'Utforsk den digitale tidslinja, tidsreisegrunnstoff.no, og finn eksempel på en grunnstoffoppdagelse der flere vitenskapsfolk har jobbet sammen. Lag en veggplakat der du tar med følgende informasjon:', 'Hvilke(t) grunnstoff(er) handler det om?', 'Hvilke vitenskapsfolk jobbet sammen?', 'Hva gjorde de ulike vitenskapsfolkene i samarbeidet?', 'Grunnstoffenes egenskaper', 'Mens noen grunnstoffer har vært kjent i mange tusen år, tok det lang tid før andre grupper av grunnstoffer ble oppdaget. I denne oppgaven handler det om å kunne bruke periodesystemet til å forklare hvorfor det var vanskelig å oppdage noen grunnstoffgrupper. Bruk den digitale tidslinja tidsreisegrunnstoff.no til å lese om metodene som ble brukt for å oppdage enten alkalimetallene (1807) eller edelgassene (1894). ', 'Skriv en kort forklaring for hvorfor alkalimetaller først ble oppdaget på 1800-tallet, mens metaller som sølv og gull var kjent fra oldtiden. Bruk dine kunnskaper om periodesystemet i forklaringen.', 'Skriv en kort forklaring på hvorfor det tok så lang tid før edelgassene ble oppdaget. Bruk dine kunnskaper om periodesystemet i forklaringen. ', 'Etter Vg1 SF:', ' ', 'Forståelse av stoffene ', 'I denne oppgaven handler det om å drøfte hvordan utvikling av nye hypoteser, modeller og teorier om radioaktivitet og radioaktive stoffer har bidratt til at vi kan forstå og forklare verden rundt oss.', 'Utforsk punktene på den digitale tidslinja tidsreisegrunnstoff.no som handler om radioaktivitet, dette er alle punktene fra 1896 til 2006, bortsett fra punktet 1913. Jobb først individuelt og skriv ned noen stikkord om det viktigste innholdet i hvert tidslinjepunkt. Hvilke nye hypoteser eller teorier om radioaktivitet kommer fram i tidslinjepunktene? ', 'Diskuter deretter sammen to og to:', 'Hvordan har forståelsen av radioaktivitet utviklet seg fra 1896 og til 2006/nåtid?', 'Hvilken hypotese utviklet Henri Becquerel om fenomenet han oppdaget i uranmineral?', 'Etter Kjemi 1:', 'Hva betyr grunnstoffnavnene? ', 'Mange navn i periodesystemet er fremmedartete og vanskelig å forstå. I denne oppgaven skal du bruke kjemihistorien for å finne opphavet til navn på noen grunnstoffer. ', 'Finn hendelser på den digitale tidslinja tidsreisegrunnstoff.no som beskriver opphavet til noen grunnstoffnavn. Du kan også bruke andre digitale kilder, f.eks. periodesystemet.no.', 'Lag tre kviss-spørsmål til medelever der du skriver tre ulike alternative forklaringer på grunnstoffnavnet. ', 'Gå sammen to og to og kviss hverandre om navnene. ', 'Etter Kjemi 2: ', 'Syntetiske grunnstoffer', 'I periodesystemet er det hele 118 grunnstoffer, mens bare 90 finnes naturlig. Bruk tidslinja tidsreisegrunnstoff.no som inspirasjon til å lage en egen digital tidslinje med flere tidslinjepunkter som forteller om hvordan forskere har oppdaget og syntetisert grunnstoffer som ikke finnes naturlig. Jobb sammen i grupper på 3-4 elever og fordel gjerne arbeidet mellom dere. I tidslinja bør dere:', 'Forklare hvilke metoder som er brukt for å syntetisere grunnstoffene, og ', 'Gjøre rede for hvordan forskere har kommet fram til teorier for hvordan syntetiske grunnstoffer kan lages og hvordan de vil oppføre seg.']","tidsreisegrunnstoff.no		Elevaktiviteter
Etter 7. trinn:
Teknologi og grunnstoffer
Tidsbruk: ca 20 minutter
Visste du at teknologisk utvikling har vært svært viktig for oppdagelse av grunnstoffer? I denne oppgaven handler det om å utforske den digitale tidslinja, tidsreisegrunnstoff.no, og finne eksempler på hvordan teknologi har ført til ny forståelse om eller nye oppdagelser av grunnstoffer. 
Finn en historie på tidslinja som handler om bruk av teknologi og skriv ned stikkord på spørsmålene under. Diskuter spørsmålene med en med-elev.
Hvilken teknologisk nyvinning handler det om?
På hvilken måte fikk teknologien betydning for vitenskapen?
Hva ble mulig å undersøke eller oppdage med den nye teknologien?
Etter 10. trinn:
Forskning som samarbeid
Tidsbruk: cirka 30 -45 minutter
Har du tenkt over hvordan vitenskapsfolk har kommet fram til all kunnskapen som er samlet i periodesystemet? I denne oppgaven skal du finne eksempler på forskere som har samarbeidet om å gjøre grunnstoffoppdagelser. 
Utforsk den digitale tidslinja, tidsreisegrunnstoff.no, og finn eksempel på en grunnstoffoppdagelse der flere vitenskapsfolk har jobbet sammen. Lag en veggplakat der du tar med følgende informasjon:
Hvilke(t) grunnstoff(er) handler det om?
Hvilke vitenskapsfolk jobbet sammen?
Hva gjorde de ulike vitenskapsfolkene i samarbeidet?
Grunnstoffenes egenskaper
Mens noen grunnstoffer har vært kjent i mange tusen år, tok det lang tid før andre grupper av grunnstoffer ble oppdaget. I denne oppgaven handler det om å kunne bruke periodesystemet til å forklare hvorfor det var vanskelig å oppdage noen grunnstoffgrupper. Bruk den digitale tidslinja tidsreisegrunnstoff.no til å lese om metodene som ble brukt for å oppdage enten alkalimetallene (1807) eller edelgassene (1894). 
Skriv en kort forklaring for hvorfor alkalimetaller først ble oppdaget på 1800-tallet, mens metaller som sølv og gull var kjent fra oldtiden. Bruk dine kunnskaper om periodesystemet i forklaringen.
Skriv en kort forklaring på hvorfor det tok så lang tid før edelgassene ble oppdaget. Bruk dine kunnskaper om periodesystemet i forklaringen. 
Etter Vg1 SF:
 
Forståelse av stoffene 
I denne oppgaven handler det om å drøfte hvordan utvikling av nye hypoteser, modeller og teorier om radioaktivitet og radioaktive stoffer har bidratt til at vi kan forstå og forklare verden rundt oss.
Utforsk punktene på den digitale tidslinja tidsreisegrunnstoff.no som handler om radioaktivitet, dette er alle punktene fra 1896 til 2006, bortsett fra punktet 1913. Jobb først individuelt og skriv ned noen stikkord om det viktigste innholdet i hvert tidslinjepunkt. Hvilke nye hypoteser eller teorier om radioaktivitet kommer fram i tidslinjepunktene? 
Diskuter deretter sammen to og to:
Hvordan har forståelsen av radioaktivitet utviklet seg fra 1896 og til 2006/nåtid?
Hvilken hypotese utviklet Henri Becquerel om fenomenet han oppdaget i uranmineral?
Etter Kjemi 1:
Hva betyr grunnstoffnavnene? 
Mange navn i periodesystemet er fremmedartete og vanskelig å forstå. I denne oppgaven skal du bruke kjemihistorien for å finne opphavet til navn på noen grunnstoffer. 
Finn hendelser på den digitale tidslinja tidsreisegrunnstoff.no som beskriver opphavet til noen grunnstoffnavn. Du kan også bruke andre digitale kilder, f.eks. periodesystemet.no.
Lag tre kviss-spørsmål til medelever der du skriver tre ulike alternative forklaringer på grunnstoffnavnet. 
Gå sammen to og to og kviss hverandre om navnene. 
Etter Kjemi 2: 
Syntetiske grunnstoffer
I periodesystemet er det hele 118 grunnstoffer, mens bare 90 finnes naturlig. Bruk tidslinja tidsreisegrunnstoff.no som inspirasjon til å lage en egen digital tidslinje med flere tidslinjepunkter som forteller om hvordan forskere har oppdaget og syntetisert grunnstoffer som ikke finnes naturlig. Jobb sammen i grupper på 3-4 elever og fordel gjerne arbeidet mellom dere. I tidslinja bør dere:
Forklare hvilke metoder som er brukt for å syntetisere grunnstoffene, og 
Gjøre rede for hvordan forskere har kommet fram til teorier for hvordan syntetiske grunnstoffer kan lages og hvordan de vil oppføre seg.",Parallell,False,425,2025-10-13 07:58:00.951119+00:00,2025-10-10 11:14:31.677227+00:00,17d6de99d86c532b70a6175654f28a9963489ef5ff3ea5c6008acffb564944bf9e13e2624d29cd4e,Almost parallel
40,1db41b263d935f51fc46bc6fbdb67e239a5994bc,eng,https://www.sodir.no/globalassets/1-sodir/fakta/co-to/tillatelser/nr-1-2023/guidelines-for-application-letters-and-company-information-2023-1.docx,sodir.no,1734564561000,doc,"['CO2 2022-2\t\tGUIDELINES FOR APPLICATION LETTERS AND COMPANY INFORMATION', 'Guidelines for application letter and company information', 'Guidelines for application letter and company information', 'Award of area for storage of CO2 2023-1', 'on the Norwegian continental shelf', 'Award of area for storage of CO2 2023-1', 'on the Norwegian continental shelf', 'Table of Contents', 'Submitting application letters and company information\t3', '\t1.\tApplication letter from company\t3', '\t\t1.1\tApplicant and contacts\t3', '\t\t1.2\tApplication list\t4', '\t\t1.3\tMaps of the applied-for acreage\t4', '\t\t1.4\tReview of application(s)\t4', '\t\t1.5\tAppendix – receipt for paid application fee\t4', '\t2.\tCompany information\t5', ""\t\t2.1\tThe company's ownership structure, organisation and experience\t5"", ""\t\t2.2\tThe company's planned business model\t5"", ""\t\t2.3\tThe company's financial situation\t5"", 'Submitting application letters and company information', 'A formal application letter with an overview of the applications the company is involved in, both individually and as a participant in group applications, must be submitted along with the company information, and the receipt for payment of the application fee in a dispatch to the Ministry of Petroleum and Energy (MPE), the Norwegian Petroleum Directorate (NPD) and the Petroleum Safety Authority (PSA). If submitting via L2S Authority Communication, both the MPE and NPD can be chosen as recipients of the same dispatch.', 'Submission to the NPD', 'Place the files in a folder named CO2-2023-1-""companyname""-applicationletter, and then compress the folder (""zip format""). There must be no sub-folders and the zip file must not be password-protected. Example for company ""CCS AS"": CO2-2023-1-CCS AS-applicationletter.zip ', ' ', 'Title the dispatch CO2-2023-1-""companyname""-applicationletter and submit it via L2S Authority Communication or via Altinn to the Norwegian Petroleum Directorate.', ' ', 'Submission to the MPE', 'The files must be submitted to the Ministry of Petroleum and Energy (MPE) via L2S Authority Communication or via Altinn. ', 'It is recommended to submit the files in good time before the application deadline.', 'A receipt will be issued for the received application letter and company information. Please note that some processing time must be expected. To receive a receipt immediately, list yourself as the receipt recipient in the ""Receipt"" field when using L2S Authority Communication.          ', 'The files must be named as reflected below:', 'File name', 'Format', 'Description', 'ApplicationLetter_""CompanyName""', '.pdf', 'Application letter', 'CompanyInformation_""CompanyName""', '.pdf', 'Company information', 'CompanyInformation', '.xlsx', 'The Excel workbook ""CompanyInformation""', 'ApplicationFee', '.pdf', 'Receipt for paid application fee', 'AnnualReport_""CompanyName""', '.pdf', 'Annual report', 'QuarterlyAccounts_""date""', '.pdf', 'Most recent quarterly accounts', 'Application letter from company', 'A formal application letter with an overview of all the applications the company is involved in, both individually and as a participant in group applications, must be submitted to the MPE with copies to the NPD and PSA within the application deadline. The application letter must contain the following:', '1.1\tApplicant and contacts', ""State the company's name, address and nationality, as well as the contacts' names, titles, telephone numbers and e-mail addresses. At least two contacts should be available in Norway for the Norwegian authorities throughout the entire application period up until award."", '1.2\tApplication list', 'List the applications in prioritised order and include information about the proposed operator and distribution of ownership interests. Table 5: ""Application list from company"" can be used. Table 5 can be found in the Excel workbook CompanyInformation. The form can be filled out in Norwegian or English in fields without a dropdown menu option. Additional rows can be added to the form.', '1.3\tMaps of the applied-for acreage', 'Indicate the applied-for acreage and an outline of the mapped storage complexes shown in the maps with geographical coordinates, block numbers and a scale for applications the company is submitting itself. For applications for stratigraphic permits, list the relevant stratigraphic intervals.', ' ', 'Review of application(s)', '\tGive a brief summary of each application, including project description. Include comments on priority, listed ownership interests and the proposed operator, as well as other factors the applicant wants to highlight, for example strategic aspects.', '\t', 'Appendix – receipt for paid application fee', 'A scanned copy of the receipt must be enclosed with the application letter as a separate file. Mark the file ""ApplicationFee"". If the company is participating in a group application and the fee was paid by another group member on behalf of the group, this must be indicated by ticking off a box in the application form.', 'Company information', '\tInformation about each individual company applying, or companies that are participating in a group application must be submitted to MPE within the application deadline. Companies submitting an application on behalf of a group must make the other companies in the group aware that each company must submit such information.', '\t', 'Company information form:', 'The Excel workbook ""CompanyInformation"""" contains all the tables mentioned below. The form can be filled out in Norwegian or English in fields where there is no dropdown menu.', ""Table 6: The company's size and experience"", ""Table 7: The company's financial situation"", ""Table 8: The company's expected cash flow (only for companies without a financial credit rating)"", ""2.1\tThe company's ownership structure, organisation and experience"", ""Provide an overview of the company's ownership structure with a list of the most important owners/owner groups and their ownership interest. Information is also requested about where the company is registered, the company's headquarters, as well as the composition of the board, including the board members' place of residence and nationality."", ""Provide a status on the company's organisation in Norway at the time of application. The overview must document the company's expertise and capacity. Attach an organisation chart showing the company's own employees. Only include company personnel in positions that are currently filled. All consultants must also be included in the overview."", ' ', ""Information about the company's size and experience with CO2 storage on the Norwegian Continental Shelf or equivalent relevant experience from other areas, including experience with developing and operating storage locations for CO2, oil and gas fields or geological gas storage reservoirs."", 'Please limit this account to no more than three pages of text.', ""2.2\tThe company's planned business model"", 'The applicant must document that awarding a new permit is a prerequisite for implementing and/or further developing specific, profitable projects for capture, transport and storage of CO2. In addition to a sufficient geological understanding of the area, the applicant must have satisfactory expertise and financial resources to manage the activity.', 'Profitability calculations with preconditions (tariffs, discount rate and CO2 price assumptions) must be presented for relevant solutions, with plans and status of any agreements for access to CO2 for storage. Please briefly address any plans for commercial negotiations.', 'Please limit this documentation to no more than three pages of text.', ""2.3\tThe company's financial situation"", ""Documentation of the company's financial capacity must be provided, with the following reporting for different categories of companies:"", 'Companies with a financial credit rating', 'Companies that have a financial credit rating from international credit rating agencies must list this in the form ""Table 7: Financial status"" along with financial key figures. The form must be submitted as part of the Excel workbook ""CompanyInformation"".', 'Companies without a financial credit rating', 'In addition to filling out ""Table 7: Financial status"", which must be submitted in the Excel workbook ""CompanyInformation"", companies without a financial credit rating from international credit rating agencies must report the following:', 'explain how they plan to handle the financial obligations that are presumed to follow from a potential award', 'include their annual report as well as the most recent quarterly report in pdf format. If relevant, provide annual reports for both the Norwegian company and the parent company/group', 'If the company conducts a significant share of its activities on the Norwegian shelf, the following must also be reported:', 'explain the overall planned financial obligations and how they will be covered for three years moving forward', 'which other obligations the company has in its portfolio associated with CCS', ""provide detailed comments on the capital structure. This explanation should address the sources of debt (bank, bonds, parent company, etc.) and the sources of potential new equity (parent company, stock exchange, etc.). Please list the term of the company's loans."", 'fill out the form ""Table 8: Projected cash flow"" in the Excel workbook ""CompanyInformation"", which shows the projected cash flow for the Norwegian company', 'We recommend limiting this part/chapter to up to five pages.', 'If the company is part of an international corporation, the information in the form ""Table 7: Financial status"" should refer to the entire group. Please specify whether the information in the form concerns figures for the company or for the entire group in the comment field under ""Table 7: Financial status"".', ""If there are any special circumstances that may affect the company's financial ability to fulfil its current or future obligations concerning the activities on the Norwegian shelf, please explain these circumstances."", '10']","CO2 2022-2		GUIDELINES FOR APPLICATION LETTERS AND COMPANY INFORMATION
Guidelines for application letter and company information
Guidelines for application letter and company information
Award of area for storage of CO2 2023-1
on the Norwegian continental shelf
Award of area for storage of CO2 2023-1
on the Norwegian continental shelf
Table of Contents
Submitting application letters and company information	3
	1.	Application letter from company	3
		1.1	Applicant and contacts	3
		1.2	Application list	4
		1.3	Maps of the applied-for acreage	4
		1.4	Review of application(s)	4
		1.5	Appendix – receipt for paid application fee	4
	2.	Company information	5
		2.1	The company's ownership structure, organisation and experience	5
		2.2	The company's planned business model	5
		2.3	The company's financial situation	5
Submitting application letters and company information
A formal application letter with an overview of the applications the company is involved in, both individually and as a participant in group applications, must be submitted along with the company information, and the receipt for payment of the application fee in a dispatch to the Ministry of Petroleum and Energy (MPE), the Norwegian Petroleum Directorate (NPD) and the Petroleum Safety Authority (PSA). If submitting via L2S Authority Communication, both the MPE and NPD can be chosen as recipients of the same dispatch.
Submission to the NPD
Place the files in a folder named CO2-2023-1-""companyname""-applicationletter, and then compress the folder (""zip format""). There must be no sub-folders and the zip file must not be password-protected. Example for company ""CCS AS"": CO2-2023-1-CCS AS-applicationletter.zip 
 
Title the dispatch CO2-2023-1-""companyname""-applicationletter and submit it via L2S Authority Communication or via Altinn to the Norwegian Petroleum Directorate.
 
Submission to the MPE
The files must be submitted to the Ministry of Petroleum and Energy (MPE) via L2S Authority Communication or via Altinn. 
It is recommended to submit the files in good time before the application deadline.
A receipt will be issued for the received application letter and company information. Please note that some processing time must be expected. To receive a receipt immediately, list yourself as the receipt recipient in the ""Receipt"" field when using L2S Authority Communication.          
The files must be named as reflected below:
File name
Format
Description
ApplicationLetter_""CompanyName""
.pdf
Application letter
CompanyInformation_""CompanyName""
.pdf
Company information
CompanyInformation
.xlsx
The Excel workbook ""CompanyInformation""
ApplicationFee
.pdf
Receipt for paid application fee
AnnualReport_""CompanyName""
.pdf
Annual report
QuarterlyAccounts_""date""
.pdf
Most recent quarterly accounts
Application letter from company
A formal application letter with an overview of all the applications the company is involved in, both individually and as a participant in group applications, must be submitted to the MPE with copies to the NPD and PSA within the application deadline. The application letter must contain the following:
1.1	Applicant and contacts
State the company's name, address and nationality, as well as the contacts' names, titles, telephone numbers and e-mail addresses. At least two contacts should be available in Norway for the Norwegian authorities throughout the entire application period up until award.
1.2	Application list
List the applications in prioritised order and include information about the proposed operator and distribution of ownership interests. Table 5: ""Application list from company"" can be used. Table 5 can be found in the Excel workbook CompanyInformation. The form can be filled out in Norwegian or English in fields without a dropdown menu option. Additional rows can be added to the form.
1.3	Maps of the applied-for acreage
Indicate the applied-for acreage and an outline of the mapped storage complexes shown in the maps with geographical coordinates, block numbers and a scale for applications the company is submitting itself. For applications for stratigraphic permits, list the relevant stratigraphic intervals.
 
Review of application(s)
	Give a brief summary of each application, including project description. Include comments on priority, listed ownership interests and the proposed operator, as well as other factors the applicant wants to highlight, for example strategic aspects.
	
Appendix – receipt for paid application fee
A scanned copy of the receipt must be enclosed with the application letter as a separate file. Mark the file ""ApplicationFee"". If the company is participating in a group application and the fee was paid by another group member on behalf of the group, this must be indicated by ticking off a box in the application form.
Company information
	Information about each individual company applying, or companies that are participating in a group application must be submitted to MPE within the application deadline. Companies submitting an application on behalf of a group must make the other companies in the group aware that each company must submit such information.
	
Company information form:
The Excel workbook ""CompanyInformation"""" contains all the tables mentioned below. The form can be filled out in Norwegian or English in fields where there is no dropdown menu.
Table 6: The company's size and experience
Table 7: The company's financial situation
Table 8: The company's expected cash flow (only for companies without a financial credit rating)
2.1	The company's ownership structure, organisation and experience
Provide an overview of the company's ownership structure with a list of the most important owners/owner groups and their ownership interest. Information is also requested about where the company is registered, the company's headquarters, as well as the composition of the board, including the board members' place of residence and nationality.
Provide a status on the company's organisation in Norway at the time of application. The overview must document the company's expertise and capacity. Attach an organisation chart showing the company's own employees. Only include company personnel in positions that are currently filled. All consultants must also be included in the overview.
 
Information about the company's size and experience with CO2 storage on the Norwegian Continental Shelf or equivalent relevant experience from other areas, including experience with developing and operating storage locations for CO2, oil and gas fields or geological gas storage reservoirs.
Please limit this account to no more than three pages of text.
2.2	The company's planned business model
The applicant must document that awarding a new permit is a prerequisite for implementing and/or further developing specific, profitable projects for capture, transport and storage of CO2. In addition to a sufficient geological understanding of the area, the applicant must have satisfactory expertise and financial resources to manage the activity.
Profitability calculations with preconditions (tariffs, discount rate and CO2 price assumptions) must be presented for relevant solutions, with plans and status of any agreements for access to CO2 for storage. Please briefly address any plans for commercial negotiations.
Please limit this documentation to no more than three pages of text.
2.3	The company's financial situation
Documentation of the company's financial capacity must be provided, with the following reporting for different categories of companies:
Companies with a financial credit rating
Companies that have a financial credit rating from international credit rating agencies must list this in the form ""Table 7: Financial status"" along with financial key figures. The form must be submitted as part of the Excel workbook ""CompanyInformation"".
Companies without a financial credit rating
In addition to filling out ""Table 7: Financial status"", which must be submitted in the Excel workbook ""CompanyInformation"", companies without a financial credit rating from international credit rating agencies must report the following:
explain how they plan to handle the financial obligations that are presumed to follow from a potential award
include their annual report as well as the most recent quarterly report in pdf format. If relevant, provide annual reports for both the Norwegian company and the parent company/group
If the company conducts a significant share of its activities on the Norwegian shelf, the following must also be reported:
explain the overall planned financial obligations and how they will be covered for three years moving forward
which other obligations the company has in its portfolio associated with CCS
provide detailed comments on the capital structure. This explanation should address the sources of debt (bank, bonds, parent company, etc.) and the sources of potential new equity (parent company, stock exchange, etc.). Please list the term of the company's loans.
fill out the form ""Table 8: Projected cash flow"" in the Excel workbook ""CompanyInformation"", which shows the projected cash flow for the Norwegian company
We recommend limiting this part/chapter to up to five pages.
If the company is part of an international corporation, the information in the form ""Table 7: Financial status"" should refer to the entire group. Please specify whether the information in the form concerns figures for the company or for the entire group in the comment field under ""Table 7: Financial status"".
If there are any special circumstances that may affect the company's financial ability to fulfil its current or future obligations concerning the activities on the Norwegian shelf, please explain these circumstances.
10",3a84948dac3295f18cddb4151e740e57db037fae,nob,https://www.sodir.no/globalassets/1-sodir/fakta/co-to/tillatelser/nr-1-2023/veiledning-for-soknadsbrev-og-selskapsinformasjon-coto-2023-1.pdf,sodir.no,1734381585000,pdf,"['', '', 'Tildeling av areal for lagring av CO2 2023-1 på norsk sokkel Veiledning for søknadsbrev og selskapsinformasjon', '', 'CO2 2023-1 VEILEDNING FOR SØKNADSBREV OG SELSKAPSINFORMASJON', '2', '', 'Innlevering av søknadsbrev og selskapsinformasjon .............................................................................. 3 1. Søknadsbrev fra selskap ........................................................................................................... 3 1.1 Søker og kontaktpersoner........................................................................................................ 3 1.2 Søknadsliste ............................................................................................................................. 4 1.3 Kart over omsøkt område ........................................................................................................ 4 1.4 Omtale av søknad(er) ............................................................................................................... 4 1.5 Vedlegg – kvittering for betalt søknadsgebyr .......................................................................... 4 2. Selskapsinformasjon ................................................................................................................ 5 2.1 Selskapets eierstruktur, organisasjon og erfaring ................................................................... 5 2.2 Selskapets planlagte forretningsmodell .................................................................................. 5 2.3 Selskapets finansielle situasjon ................................................................................................ 5', '', 'CO2 2023-1 VEILEDNING FOR SØKNADSBREV OG SELSKAPSINFORMASJON', '3', '', 'Formelt søknadsbrev med oversikt over de søknadene selskapet er med på, både individuelt og som deltaker i gruppesøknad(er), sendes sammen med selskapsinformasjonen, og kvittering for innbetalt søknadsgebyr i en forsendelse til Olje- og energidepartementet (OED) og Oljedirektoratet (OD) og Petroleumstilsynet (Ptil). Ved innlevering via L2S Authority Communication kan både OED og OD settes som mottakere på samme oversendelse. Oversendelse til OD Filene legges i en mappe som navngis og mappen må komprimeres (""zip-format""). Det skal ikke være undermapper og zip-filen må ikke passordbeskyttes. Eksempel for selskap ""CCS AS"": CO2-2023-1-CCS AS-applicationletter.zip Oversendelsen gis tittelen -og sendes via L2S Authority Communication eller via Altinn til OD. Oversendelse til OED. Filene sendes til OED via L2S Authority Communication eller via Altinn. Det oppfordres til å levere i god tid før søknadsfrist. Kvittering for mottatt søknadsbrev og selskapsinformasjon vil bli oversendt. Merk! Noe ekspedisjonstid må påregnes. Man kan motta kvittering umiddelbart ved å sette seg selv som kvitteringsmottaker i feltet ""Receipt"" ved bruk av L2S Authority Communication. Filer skal navngis som under:', '', 'Soknadsbrev_""Selskapsnavn"" .pdf Søknadsbrev Selskapsinformasjon_""Selskapsnavn"" .pdf Selskapsinformasjon CompanyInformation .xlsx Excel-boken ""CompanyInformation"" Soknadsgebyr .pdf Kvittering på betalt søknadsgebyr Arsrapport_""selskapsnavn"" .pdf Årsrapport Kvartalsregnskap_""dato"" .pdf Siste kvartalsregnskap', '', 'Formelt søknadsbrev med oversikt over alle de søknadene selskapet er med på, både individuelt og som deltaker i gruppesøknad(er), skal sendes OED med kopi til OD og Ptil innen søknadsfristen. Søknadsbrevet skal inneholde følgende: Oppgi selskapets navn, adresse og nasjonalitet, samt kontaktpersonenes navn, tittel, telefon og epostadresse. Minst to kontaktpersoner bør være tilgjengelige i Norge for norske myndigheter i hele søknadsperioden fram til tildeling.', '', 'CO2 2023-1 VEILEDNING FOR SØKNADSBREV OG SELSKAPSINFORMASJON', '4', '', 'Søknadene oppgis i prioritert rekkefølge og med opplysning om foreslått operatør og fordeling av andeler. Tabell 5: ""Application list from company"" kan benyttes. Tabell 5 ligger i Excel-boken CompanyInformation. Skjemaet kan fylles ut på norsk eller engelsk der det ikke skal velges fra nedtrekksmeny. Flere rader kan legges inn i skjemaet. Omsøkt areal og omriss av de lagringskompleksene som er kartlagt vises i kart med geografiske koordinater, blokknummer og målestokk. For søknad om stratigrafisk tillatelse oppgis omsøkte stratigrafisk intervall. Kort sammendrag av hva hver søknad omfatter, inkludert prosjektbeskrivelse. Kommentarer til prioritet, angitte andeler og forslag til operatør samt andre forhold som søker ønsker å formidle inkluderes, for eksempel strategiske forhold. En scannet kopi av kvittering legges ved søknadsbrevet som egen fil. Merk filen « Dersom selskapet deltar i gruppesøknad og gebyret betales av et annet gruppemedlemmene på vegne av gruppen, må dette komme fram ved avkryssing i søknadsskjemaet.', '', 'CO2 2023-1 VEILEDNING FOR SØKNADSBREV OG SELSKAPSINFORMASJON', '5', '', 'Informasjon om hvert enkelt selskap som søker eller er med i gruppe som deltar i en søknad skal sendes til OED innen søknadsfristen. Selskap som sender inn søknad på vegne av en gruppe, skal gjøre de andre selskapene i gruppen oppmerksom på at hvert selskap må sende inn slik informasjon. Excel-boken """" inneholder alle tabeller nevnt under. Skjemaet kan fylles ut på norsk eller engelsk der det ikke skal velges fra nedtrekkmeny. Tabell 6: Selskapets størrelse og erfaring Tabell 7: Selskapets finansielle situasjon Tabell 8: Selskapets forventede kontantstrøm (kun for selskaper uten finansiell kredittvurdering)', '', 'Det skal gis en oversikt over selskapets eierstruktur med en liste over de viktigste eiere/eiergrupper og deres eierandel. Det bes også om opplysninger om hvor selskapet er registrert, selskapets hovedsete samt om styrets sammensetning med angivelse av styremedlemmenes bopel og nasjonalitet. Det skal videre gis en oppdatert status vedrørende selskapets organisasjon i Norge på søknadstidspunktet. Oversikten skal dokumentere selskapets organisasjon med hensyn til kompetanse og kapasitet. Redegjørelsen skal ledsages av et organisasjonskart som viser selskapets egne ansatte. Det skal kun tas med eget personell i posisjoner som faktisk er besatt. Eventuelle konsulenter skal også fremkomme av oversikten. Opplysninger om selskapets størrelse og erfaring med CO2-lagring på norsk kontinentalsokkel eller tilsvarende relevant erfaring fra andre områder, herunder erfaring med å bygge ut og drifte lagringslokaliteter for CO2, olje- og gassfelt eller geologiske gasslagringsreservoar. Redegjørelsen anbefales begrenset til inntil tre sider tekst. Søker må dokumentere at tildeling av en ny tillatelse er en nødvendig forutsetning for gjennomføring og/eller videreutvikling av konkrete, lønnsomme prosjekt(er) for fangst, transport og lagring av CO2. I tillegg til en tilstrekkelig geologisk forståelse for området skal aktørene ha kompetanse og finansielle ressurser til å drive fram denne virksomheten. Lønnsomhetsberegninger med forutsetninger (som nåverdi, tariffer, diskonteringsrente og prisforutsetninger) presenteres for aktuelle løsninger, med planer og status på eventuelle avtaler for tilgang på CO2 til lagring. Risikoer samt plan for eventuelle kommersielle forhandlinger omtales kort. Dokumentasjonen anbefales begrenset til inntil tre sider tekst. Det skal gis en redegjørelse for selskapets finansielle kapasitet, med følgende rapportering for ulike kategorier selskaper:', '', 'CO2 2023-1 VEILEDNING FOR SØKNADSBREV OG SELSKAPSINFORMASJON', '6', 'Selskaper som har en finansiell kredittvurdering (""rating"") fra internasjonale kredittvurderingsbyråer, skal oppgi denne i skjemaet """" sammen med finansielle nøkkeltall. Skjemaet skal leveres som en del av Excel-boken """". Selskaper uten finansiell kredittvurdering fra internasjonale kredittvurderingsbyråer skal i tillegg til å fylle ut skjemaet """" som skal leveres i Excel-boken """": forklare hvordan de planlegger å ivareta de finansielle forpliktelser som antas å følge av en eventuell tildeling Inkludere årsrapport samt siste kvartalsregnskap i pdf-format. Hvis det er aktuelt, skal det foreligge årsrapport både for det norske selskapet og morselskapet/konsernet Hvis selskapet har en vesentlig andel av sin virksomhet på norsk sokkel, skal det i tillegg: redegjøre for de samlede planlagte finansielle forpliktelser og hvordan disse vil bli dekket opp i tre år fremover hvilke øvrige forpliktelser selskapet har i sin portefølje knyttet til CCS gi utfyllende kommentarer om kapitalstrukturen. Denne redegjørelsen bør omhandle kilde for gjeld (bank, obligasjoner, morselskap mv.) og kilde for eventuell ny egenkapital (morselskap, børs mv.). Løpetiden på selskapets lån bes oppgitt fylle ut skjemaet """"i Excel-boken """" som viser forventet kontantstrøm for det norske selskapet Redegjørelsen anbefales begrenset til inntil fem sider. Er selskapet en del av et internasjonalt selskap, skal informasjonen i skjemaet "" "" referere seg til hele konsernet. Vennligst spesifiser om informasjonen i skjemaet gjelder selskapstall eller for hele konsernet i kommentarfeltet under """". Dersom det eksisterer særskilte forhold som kan påvirke selskapets finansielle evne til å oppfylle sine nåværende eller fremtidige forpliktelser vedrørende virksomheten på norsk sokkel, bes dette oppgitt.', '', '']","

Tildeling av areal for lagring av CO2 2023-1 på norsk sokkel Veiledning for søknadsbrev og selskapsinformasjon

CO2 2023-1 VEILEDNING FOR SØKNADSBREV OG SELSKAPSINFORMASJON
2

Innlevering av søknadsbrev og selskapsinformasjon .............................................................................. 3 1. Søknadsbrev fra selskap ........................................................................................................... 3 1.1 Søker og kontaktpersoner........................................................................................................ 3 1.2 Søknadsliste ............................................................................................................................. 4 1.3 Kart over omsøkt område ........................................................................................................ 4 1.4 Omtale av søknad(er) ............................................................................................................... 4 1.5 Vedlegg – kvittering for betalt søknadsgebyr .......................................................................... 4 2. Selskapsinformasjon ................................................................................................................ 5 2.1 Selskapets eierstruktur, organisasjon og erfaring ................................................................... 5 2.2 Selskapets planlagte forretningsmodell .................................................................................. 5 2.3 Selskapets finansielle situasjon ................................................................................................ 5

CO2 2023-1 VEILEDNING FOR SØKNADSBREV OG SELSKAPSINFORMASJON
3

Formelt søknadsbrev med oversikt over de søknadene selskapet er med på, både individuelt og som deltaker i gruppesøknad(er), sendes sammen med selskapsinformasjonen, og kvittering for innbetalt søknadsgebyr i en forsendelse til Olje- og energidepartementet (OED) og Oljedirektoratet (OD) og Petroleumstilsynet (Ptil). Ved innlevering via L2S Authority Communication kan både OED og OD settes som mottakere på samme oversendelse. Oversendelse til OD Filene legges i en mappe som navngis og mappen må komprimeres (""zip-format""). Det skal ikke være undermapper og zip-filen må ikke passordbeskyttes. Eksempel for selskap ""CCS AS"": CO2-2023-1-CCS AS-applicationletter.zip Oversendelsen gis tittelen -og sendes via L2S Authority Communication eller via Altinn til OD. Oversendelse til OED. Filene sendes til OED via L2S Authority Communication eller via Altinn. Det oppfordres til å levere i god tid før søknadsfrist. Kvittering for mottatt søknadsbrev og selskapsinformasjon vil bli oversendt. Merk! Noe ekspedisjonstid må påregnes. Man kan motta kvittering umiddelbart ved å sette seg selv som kvitteringsmottaker i feltet ""Receipt"" ved bruk av L2S Authority Communication. Filer skal navngis som under:

Soknadsbrev_""Selskapsnavn"" .pdf Søknadsbrev Selskapsinformasjon_""Selskapsnavn"" .pdf Selskapsinformasjon CompanyInformation .xlsx Excel-boken ""CompanyInformation"" Soknadsgebyr .pdf Kvittering på betalt søknadsgebyr Arsrapport_""selskapsnavn"" .pdf Årsrapport Kvartalsregnskap_""dato"" .pdf Siste kvartalsregnskap

Formelt søknadsbrev med oversikt over alle de søknadene selskapet er med på, både individuelt og som deltaker i gruppesøknad(er), skal sendes OED med kopi til OD og Ptil innen søknadsfristen. Søknadsbrevet skal inneholde følgende: Oppgi selskapets navn, adresse og nasjonalitet, samt kontaktpersonenes navn, tittel, telefon og epostadresse. Minst to kontaktpersoner bør være tilgjengelige i Norge for norske myndigheter i hele søknadsperioden fram til tildeling.

CO2 2023-1 VEILEDNING FOR SØKNADSBREV OG SELSKAPSINFORMASJON
4

Søknadene oppgis i prioritert rekkefølge og med opplysning om foreslått operatør og fordeling av andeler. Tabell 5: ""Application list from company"" kan benyttes. Tabell 5 ligger i Excel-boken CompanyInformation. Skjemaet kan fylles ut på norsk eller engelsk der det ikke skal velges fra nedtrekksmeny. Flere rader kan legges inn i skjemaet. Omsøkt areal og omriss av de lagringskompleksene som er kartlagt vises i kart med geografiske koordinater, blokknummer og målestokk. For søknad om stratigrafisk tillatelse oppgis omsøkte stratigrafisk intervall. Kort sammendrag av hva hver søknad omfatter, inkludert prosjektbeskrivelse. Kommentarer til prioritet, angitte andeler og forslag til operatør samt andre forhold som søker ønsker å formidle inkluderes, for eksempel strategiske forhold. En scannet kopi av kvittering legges ved søknadsbrevet som egen fil. Merk filen « Dersom selskapet deltar i gruppesøknad og gebyret betales av et annet gruppemedlemmene på vegne av gruppen, må dette komme fram ved avkryssing i søknadsskjemaet.

CO2 2023-1 VEILEDNING FOR SØKNADSBREV OG SELSKAPSINFORMASJON
5

Informasjon om hvert enkelt selskap som søker eller er med i gruppe som deltar i en søknad skal sendes til OED innen søknadsfristen. Selskap som sender inn søknad på vegne av en gruppe, skal gjøre de andre selskapene i gruppen oppmerksom på at hvert selskap må sende inn slik informasjon. Excel-boken """" inneholder alle tabeller nevnt under. Skjemaet kan fylles ut på norsk eller engelsk der det ikke skal velges fra nedtrekkmeny. Tabell 6: Selskapets størrelse og erfaring Tabell 7: Selskapets finansielle situasjon Tabell 8: Selskapets forventede kontantstrøm (kun for selskaper uten finansiell kredittvurdering)

Det skal gis en oversikt over selskapets eierstruktur med en liste over de viktigste eiere/eiergrupper og deres eierandel. Det bes også om opplysninger om hvor selskapet er registrert, selskapets hovedsete samt om styrets sammensetning med angivelse av styremedlemmenes bopel og nasjonalitet. Det skal videre gis en oppdatert status vedrørende selskapets organisasjon i Norge på søknadstidspunktet. Oversikten skal dokumentere selskapets organisasjon med hensyn til kompetanse og kapasitet. Redegjørelsen skal ledsages av et organisasjonskart som viser selskapets egne ansatte. Det skal kun tas med eget personell i posisjoner som faktisk er besatt. Eventuelle konsulenter skal også fremkomme av oversikten. Opplysninger om selskapets størrelse og erfaring med CO2-lagring på norsk kontinentalsokkel eller tilsvarende relevant erfaring fra andre områder, herunder erfaring med å bygge ut og drifte lagringslokaliteter for CO2, olje- og gassfelt eller geologiske gasslagringsreservoar. Redegjørelsen anbefales begrenset til inntil tre sider tekst. Søker må dokumentere at tildeling av en ny tillatelse er en nødvendig forutsetning for gjennomføring og/eller videreutvikling av konkrete, lønnsomme prosjekt(er) for fangst, transport og lagring av CO2. I tillegg til en tilstrekkelig geologisk forståelse for området skal aktørene ha kompetanse og finansielle ressurser til å drive fram denne virksomheten. Lønnsomhetsberegninger med forutsetninger (som nåverdi, tariffer, diskonteringsrente og prisforutsetninger) presenteres for aktuelle løsninger, med planer og status på eventuelle avtaler for tilgang på CO2 til lagring. Risikoer samt plan for eventuelle kommersielle forhandlinger omtales kort. Dokumentasjonen anbefales begrenset til inntil tre sider tekst. Det skal gis en redegjørelse for selskapets finansielle kapasitet, med følgende rapportering for ulike kategorier selskaper:

CO2 2023-1 VEILEDNING FOR SØKNADSBREV OG SELSKAPSINFORMASJON
6
Selskaper som har en finansiell kredittvurdering (""rating"") fra internasjonale kredittvurderingsbyråer, skal oppgi denne i skjemaet """" sammen med finansielle nøkkeltall. Skjemaet skal leveres som en del av Excel-boken """". Selskaper uten finansiell kredittvurdering fra internasjonale kredittvurderingsbyråer skal i tillegg til å fylle ut skjemaet """" som skal leveres i Excel-boken """": forklare hvordan de planlegger å ivareta de finansielle forpliktelser som antas å følge av en eventuell tildeling Inkludere årsrapport samt siste kvartalsregnskap i pdf-format. Hvis det er aktuelt, skal det foreligge årsrapport både for det norske selskapet og morselskapet/konsernet Hvis selskapet har en vesentlig andel av sin virksomhet på norsk sokkel, skal det i tillegg: redegjøre for de samlede planlagte finansielle forpliktelser og hvordan disse vil bli dekket opp i tre år fremover hvilke øvrige forpliktelser selskapet har i sin portefølje knyttet til CCS gi utfyllende kommentarer om kapitalstrukturen. Denne redegjørelsen bør omhandle kilde for gjeld (bank, obligasjoner, morselskap mv.) og kilde for eventuell ny egenkapital (morselskap, børs mv.). Løpetiden på selskapets lån bes oppgitt fylle ut skjemaet """"i Excel-boken """" som viser forventet kontantstrøm for det norske selskapet Redegjørelsen anbefales begrenset til inntil fem sider. Er selskapet en del av et internasjonalt selskap, skal informasjonen i skjemaet "" "" referere seg til hele konsernet. Vennligst spesifiser om informasjonen i skjemaet gjelder selskapstall eller for hele konsernet i kommentarfeltet under """". Dersom det eksisterer særskilte forhold som kan påvirke selskapets finansielle evne til å oppfylle sine nåværende eller fremtidige forpliktelser vedrørende virksomheten på norsk sokkel, bes dette oppgitt.

",Not parallell,False,187,2026-01-14 12:15:31.931966+00:00,2026-01-09 09:34:09.616521+00:00,1db41b263d935f51fc46bc6fbdb67e239a5994bc3a84948dac3295f18cddb4151e740e57db037fae,Almost parallel
39,25b67b050a8c6a0387ac292b8d3fb16b6a9ec2c5,eng,http://khio.no/system/resources/W1siZiIsIjIwMjQvMDYvMjcvbG51MHVqY2VyX0FwcGxpY2F0aW9uX2Zvcm1fSW50ZXJuYWxfY2FsbF9mb3JfYV9mb3VyX3llYXJfYXJ0aXN0aWNfcmVzZWFyY2hfcHJvamVjdF9pbmNsdWRpbmdfYV90aHJlZV95ZWFyX3BoZF9yZXNlYXJjaF9mZWxsb3dfcG9zaXRpb24uZG9jeCJdXQ/Application%20form%20-%20Internal%20call%20for%20a%20four-year%20artistic%20research%20project%20including%20a%20three-year%20phd%20research%20fellow%20position.docx,khio.no,1735314675000,doc,"['APPLICATION FOR A FOUR-YEAR ARTISTIC RESEARCH PROJECT INCLUDING A THREE-YEAR PHD RESEARCH FELLOW POSITION', 'Project title:', 'Brief summary of the project (up to 500 characters including spaces)', 'Personal data ', 'Project manager', 'Name', 'Position', 'Position Percentage (FTE)', 'E-mail', 'Phone', 'Website', 'Project owner', 'Dean’s name', 'Department', 'Collaborator(s) (co-organiser)', 'Name', 'Position', 'Discipline', 'Institution and Department', 'Name', 'Position', 'Discipline', 'Institution and Department', 'Topics and objectives (up to 2000 characters including spaces)', 'Context (up to 1000 characters including spaces)', 'Methods and activities (up to 1000 characters including spaces)', 'Institutional affiliation (up to 1000 characters including spaces)', 'Phd research fellow position (up to 1000 characters including spaces)', 'Results, documentation and reflection (up to 1500 characters including spaces)', 'Schedule (milestones)', ' start date', ' end date', 'Preliminary work (planning)', ' – describe which activities', 'Execution and documentation ', '– describe which activities', 'Follow-up work (dissemination and registration) ', '– describe which activities', 'Budget', 'Total costs', 'Type of cost', 'Description', 'Sum (in NOK)', 'Goods/equipment', 'Services, technical support', 'Travel', 'Subsistence', 'Release from other duties', 'Other', 'Sum, total costs', 'Other funding', 'Funding type', 'Description + confirmed allocation date', 'Sum (in NOK)', 'Allocation from the department', 'Allocation from …', 'Allocation from …', 'Sum, other funding', '\t\t', '\tFunding request to the KUF Committee ', '= (sum, total costs) minus (sum, other funding)', '\t', '\t', 'Comments on the budget', '\t', 'The form must be submitted, with Dean in copy, to email-removed@email-removed.no by the application deadline 15 November 2024.', 'IMPORTANT: ', 'All research at the Oslo National Academy of the Arts must meet the requirements to privacy and research ethics, cf. the Academy’s guidelines for research integrity and good research practice. When submitting an application form, project leaders confirm that they have familiarised themselves with these guidelines and that all research associated with the project will adhere to these guidelines.', 'Page 4 of 6']","APPLICATION FOR A FOUR-YEAR ARTISTIC RESEARCH PROJECT INCLUDING A THREE-YEAR PHD RESEARCH FELLOW POSITION
Project title:
Brief summary of the project (up to 500 characters including spaces)
Personal data 
Project manager
Name
Position
Position Percentage (FTE)
E-mail
Phone
Website
Project owner
Dean’s name
Department
Collaborator(s) (co-organiser)
Name
Position
Discipline
Institution and Department
Name
Position
Discipline
Institution and Department
Topics and objectives (up to 2000 characters including spaces)
Context (up to 1000 characters including spaces)
Methods and activities (up to 1000 characters including spaces)
Institutional affiliation (up to 1000 characters including spaces)
Phd research fellow position (up to 1000 characters including spaces)
Results, documentation and reflection (up to 1500 characters including spaces)
Schedule (milestones)
 start date
 end date
Preliminary work (planning)
 – describe which activities
Execution and documentation 
– describe which activities
Follow-up work (dissemination and registration) 
– describe which activities
Budget
Total costs
Type of cost
Description
Sum (in NOK)
Goods/equipment
Services, technical support
Travel
Subsistence
Release from other duties
Other
Sum, total costs
Other funding
Funding type
Description + confirmed allocation date
Sum (in NOK)
Allocation from the department
Allocation from …
Allocation from …
Sum, other funding
		
	Funding request to the KUF Committee 
= (sum, total costs) minus (sum, other funding)
	
	
Comments on the budget
	
The form must be submitted, with Dean in copy, to email-removed@email-removed.no by the application deadline 15 November 2024.
IMPORTANT: 
All research at the Oslo National Academy of the Arts must meet the requirements to privacy and research ethics, cf. the Academy’s guidelines for research integrity and good research practice. When submitting an application form, project leaders confirm that they have familiarised themselves with these guidelines and that all research associated with the project will adhere to these guidelines.
Page 4 of 6",a1121ac76383fe8e066ff3f349908f36708a68fb,nob,http://khio.no/system/resources/W1siZiIsIjIwMjQvMDYvMjcvNXpuZmJ6b28zMF9TX2tuYWRzc2tqZW1hX0tVRl9wcm9zamVrdF9tZWRfc3RpcGVuZGlhdHN0aWxsaW5nX25vcnNrLmRvY3giXV0/S%C3%B8knadsskjema%20-%20KUF-prosjekt%20med%20stipendiatstilling%20-%20norsk.docx,khio.no,1735314839000,doc,"['SØKNAD OM FIRE-ÅRIG KUF-PROSJEKT MED TRE-ÅRIG STIPENDIATSTILLING', 'Prosjekttittel: ', 'Kort sammendrag av prosjektet (inntil 500 tegn inkludert mellomrom)', 'Personopplysninger ', 'Prosjektleder', 'Navn', 'Stilling', 'Stillingsprosent', 'E-post', 'Telefon', 'Webside', 'Prosjekteier', 'Dekanens navn', 'Avdeling', 'Samarbeidspartner(e) (medarrangør)', 'Navn', 'Stilling', 'Fagområde', 'Institusjon og fagavdeling', 'Navn', 'Stilling', 'Fagområde', 'Institusjon og fagavdeling', 'Tematikk og målsettinger (inntil 2000 tegn inkludert mellomrom)', 'Kontekst (inntil 1000 tegn inkludert mellomrom)', 'Arbeidsmetode og aktiviteter (inntil 1000 tegn inkludert mellomrom)', 'Institusjonstilknytning (inntil 1000 tegn inkludert mellomrom)', 'Stipendiatstilling (inntil 1000 tegn inkludert mellomrom)', 'Resultat, dokumentasjon og refleksjon (inntil 1500 tegn inkludert mellomrom)', 'Tidsplan (milepæler)', ' dato start', ' dato slutt', 'Forarbeid (planlegging)', ' – beskriv hvilke aktiviteter', 'Gjennomføring og dokumentasjon ', '– beskriv hvilke aktiviteter', 'Etterarbeid (formidling og registrering) ', '– beskriv hvilke aktiviteter', 'Budsjett', 'Totale kostnader', 'Kostnadstype', 'Beskrivelse', 'sum NOK', 'Varer/utstyr', 'Tjenester, teknisk assistanse', 'Reise', 'Opphold', 'Frikjøp av tid', 'Annet', 'Sum totale kostnader', 'Finansiering', 'Finansieringstype', 'Beskrivelse (+ tilskudd bekreftet dato)', 'Sum NOK', 'Tilskudd fra avdelingen', 'Tilskudd fra …', 'Tilskudd fra …', 'Sum finansiering', '\t\t', '\tSøknadssum Forskningsutvalget ((sum totale kostnader) minus (sum annen finansiering))', '\t', '\t', 'kommentarer til budsjettet', '\t', 'Skjemaet, med dekan i kopi, sendes innen søknadsfristen 15. november 2024 til email-removed@email-removed.no', 'VIKTIG: ', 'All forskning ved Kunsthøgskolen i Oslo må utføres i tråd med krav til personvern og forskningsetikk, jf Kunsthøgskolens retningslinjer for forskningsintegritet og god forskningspraksis. Ved innsendelse av dette søknadsskjema bekrefter prosjektleder at han/hun/hen har satt seg inn i disse retningslinjene og at all forskning knyttet til dette prosjektet vil foregå innenfor disse retningslinjene.']","SØKNAD OM FIRE-ÅRIG KUF-PROSJEKT MED TRE-ÅRIG STIPENDIATSTILLING
Prosjekttittel: 
Kort sammendrag av prosjektet (inntil 500 tegn inkludert mellomrom)
Personopplysninger 
Prosjektleder
Navn
Stilling
Stillingsprosent
E-post
Telefon
Webside
Prosjekteier
Dekanens navn
Avdeling
Samarbeidspartner(e) (medarrangør)
Navn
Stilling
Fagområde
Institusjon og fagavdeling
Navn
Stilling
Fagområde
Institusjon og fagavdeling
Tematikk og målsettinger (inntil 2000 tegn inkludert mellomrom)
Kontekst (inntil 1000 tegn inkludert mellomrom)
Arbeidsmetode og aktiviteter (inntil 1000 tegn inkludert mellomrom)
Institusjonstilknytning (inntil 1000 tegn inkludert mellomrom)
Stipendiatstilling (inntil 1000 tegn inkludert mellomrom)
Resultat, dokumentasjon og refleksjon (inntil 1500 tegn inkludert mellomrom)
Tidsplan (milepæler)
 dato start
 dato slutt
Forarbeid (planlegging)
 – beskriv hvilke aktiviteter
Gjennomføring og dokumentasjon 
– beskriv hvilke aktiviteter
Etterarbeid (formidling og registrering) 
– beskriv hvilke aktiviteter
Budsjett
Totale kostnader
Kostnadstype
Beskrivelse
sum NOK
Varer/utstyr
Tjenester, teknisk assistanse
Reise
Opphold
Frikjøp av tid
Annet
Sum totale kostnader
Finansiering
Finansieringstype
Beskrivelse (+ tilskudd bekreftet dato)
Sum NOK
Tilskudd fra avdelingen
Tilskudd fra …
Tilskudd fra …
Sum finansiering
		
	Søknadssum Forskningsutvalget ((sum totale kostnader) minus (sum annen finansiering))
	
	
kommentarer til budsjettet
	
Skjemaet, med dekan i kopi, sendes innen søknadsfristen 15. november 2024 til email-removed@email-removed.no
VIKTIG: 
All forskning ved Kunsthøgskolen i Oslo må utføres i tråd med krav til personvern og forskningsetikk, jf Kunsthøgskolens retningslinjer for forskningsintegritet og god forskningspraksis. Ved innsendelse av dette søknadsskjema bekrefter prosjektleder at han/hun/hen har satt seg inn i disse retningslinjene og at all forskning knyttet til dette prosjektet vil foregå innenfor disse retningslinjene.",Almost parallel,False,186,2026-01-14 12:10:46.073115+00:00,2026-01-09 09:34:09.616285+00:00,25b67b050a8c6a0387ac292b8d3fb16b6a9ec2c5a1121ac76383fe8e066ff3f349908f36708a68fb,Parallell
106,3032bc46415b4322e259060f0033a39f4af19b74,eng,https://www.nih.no/english/about/news-events/news/2024/students-want-to-log-off-their-phones-during-outdo.html,nih.no,1734370786000,html,"['How does the smartphone affect students and teachers during outdoor activities? New research shows that students appreciate being out of network coverage in nature.', 'Conversations on hikes change when phones stay tucked away, students say. If one person pulls out a phone, it often prompts others to do the same. (Photo: Thomas Vold)', 'It can be difficult to find spaces where it is possible to completely disconnect from smartphones in 2024.', 'Hiking in nature can be one of those rare spaces.', 'It is only deep in the forest or high in the mountains that you might find yourself completely out of range.', '""Many of the students reported a significant difference in the group dynamic depending on whether they had mobile coverage or not,"" says Imre van Kraalingen, a researcher at the Norwegian School of Sport Sciences\' Institute for Teacher Studies and Outdoor Life.', 'Felt pressured to share on social media', 'In recent years, van Kraalingen has studied how the smartphone affects teachers and students during outdoor activities at various colleges around Norway.', 'Her findings show that teachers have gained new opportunities in teaching through new tools for information, navigation, and planning.', 'However, many also feel that it has impacted how they are present in nature and how the group functions together on a trip.', '""They emphasised that having access to a phone and 4G/5G on a trip affected both the social dynamics in the group and the outdoor experience. If they saw something beautiful, their first reaction was very different. With coverage, they would pull out their phones to take a video. Without it, they could simply be present in the moment and enjoy it together,"" she explains.', 'Some of the young outdoor enthusiasts also said that they almost felt pressured to post pictures and content from the trips they went on.', 'The first thought when experiencing something new was often, ""What could I write about this photo on Instagram?""', '""Some of them told me that they felt social pressure to post things on social media. When they\'re out on a trip and encounter something cool, they feel, \'Oh, I have to show people that I\'m doing this\',"" says van Kraalingen.', 'She believes this has a lot to do with the popularity of outdoor activities.', 'Want more experiences without their phones', 'Outdoor activities have truly become trendy on social media in recent years. It is cool to show off that you are on a trip. Entire trends in outdoor activities have also emerged on platforms like Instagram, the researcher explains.', '""How many slept in a hammock or made cinnamon rolls from ready-made pizza dough 10 years ago?"" she asks, referring to two trends that many probably first saw on Instagram.', 'But although many are enthusiastic about sharing their love of the outdoors on platforms like Instagram, they also deeply value being disconnected on hikes.', '""The students say they really appreciate the time they\'re disconnected. They\'re interested in having more experiences without mobile technology. They have a habit of reaching for their phones. As soon as someone else does it, it\'s easy for others to follow. Then, they feel themselves getting lost in their phones and scrolling,"" explains van Kraalingen.', 'Sharing photos can also be positive', ""Wanting to share glimpses from outdoor experiences with others does not necessarily have to be negative. The researcher believes it's more to do with the timing."", '""I believe that sharing pictures from a trip can also give meaning to the experiences you have. It can create a more meaningful learning experience for the students,"" she says.', 'She adds that several students mentioned that they usually wait until after their trip to share photos. They noted that the real issue arises when they have internet access while still outdoors, as it becomes a distraction that detracts from being present in the natural environment and their interactions.', 'Just as relevant for you as a hiker', 'van Kraalingen says that the biggest challenge for teachers and students in outdoor activities is probably just as relevant for the everyday hiker with a smartphone in their pocket.', 'Constant connection to mobile networks can disrupt the full experience of outdoor activities by weakening the sensory connection to the nature around you.', '""The students weren\'t worried about phone use affecting their ability to learn necessary skills. For example, using Google Maps doesn’t mean they won’t learn map and compass skills, which some teachers were concerned about,"" she says, adding:', '""What they emphasised most strongly was how phone use affected group interactions and dynamics when they had access to their devices.""', 'Reflect on when your phone should be present', ""What actually happens to our conversations around the campfire or on a mountaintop when someone pulls out their phone to 'snap' the experience to friends back home?"", 'Both the researcher and the students she interviewed believe it impacts the group dynamic.', 'van Kraalingen has clear advice for those leading a group on a trip in the outdoors, whether it is a school class, a hiking group, or a family where phone use might be a challenge.', '""Find a balance and reflect on when the phone should be used or put away. The students appreciate when teachers encourage them to think about their phone use. They also wanted discussions afterwards about what was positive or negative about using phones on the trip,"" she says.', 'Reference:', 'Imre van Kraalingen: Teaching and Learning with Mobild Technology in Outdoor Studies, Doctoral thesis at the Norwegian School of Sport Sciences, 2024. (NIH website about the thesis)']","How does the smartphone affect students and teachers during outdoor activities? New research shows that students appreciate being out of network coverage in nature.
Conversations on hikes change when phones stay tucked away, students say. If one person pulls out a phone, it often prompts others to do the same. (Photo: Thomas Vold)
It can be difficult to find spaces where it is possible to completely disconnect from smartphones in 2024.
Hiking in nature can be one of those rare spaces.
It is only deep in the forest or high in the mountains that you might find yourself completely out of range.
""Many of the students reported a significant difference in the group dynamic depending on whether they had mobile coverage or not,"" says Imre van Kraalingen, a researcher at the Norwegian School of Sport Sciences' Institute for Teacher Studies and Outdoor Life.
Felt pressured to share on social media
In recent years, van Kraalingen has studied how the smartphone affects teachers and students during outdoor activities at various colleges around Norway.
Her findings show that teachers have gained new opportunities in teaching through new tools for information, navigation, and planning.
However, many also feel that it has impacted how they are present in nature and how the group functions together on a trip.
""They emphasised that having access to a phone and 4G/5G on a trip affected both the social dynamics in the group and the outdoor experience. If they saw something beautiful, their first reaction was very different. With coverage, they would pull out their phones to take a video. Without it, they could simply be present in the moment and enjoy it together,"" she explains.
Some of the young outdoor enthusiasts also said that they almost felt pressured to post pictures and content from the trips they went on.
The first thought when experiencing something new was often, ""What could I write about this photo on Instagram?""
""Some of them told me that they felt social pressure to post things on social media. When they're out on a trip and encounter something cool, they feel, 'Oh, I have to show people that I'm doing this',"" says van Kraalingen.
She believes this has a lot to do with the popularity of outdoor activities.
Want more experiences without their phones
Outdoor activities have truly become trendy on social media in recent years. It is cool to show off that you are on a trip. Entire trends in outdoor activities have also emerged on platforms like Instagram, the researcher explains.
""How many slept in a hammock or made cinnamon rolls from ready-made pizza dough 10 years ago?"" she asks, referring to two trends that many probably first saw on Instagram.
But although many are enthusiastic about sharing their love of the outdoors on platforms like Instagram, they also deeply value being disconnected on hikes.
""The students say they really appreciate the time they're disconnected. They're interested in having more experiences without mobile technology. They have a habit of reaching for their phones. As soon as someone else does it, it's easy for others to follow. Then, they feel themselves getting lost in their phones and scrolling,"" explains van Kraalingen.
Sharing photos can also be positive
Wanting to share glimpses from outdoor experiences with others does not necessarily have to be negative. The researcher believes it's more to do with the timing.
""I believe that sharing pictures from a trip can also give meaning to the experiences you have. It can create a more meaningful learning experience for the students,"" she says.
She adds that several students mentioned that they usually wait until after their trip to share photos. They noted that the real issue arises when they have internet access while still outdoors, as it becomes a distraction that detracts from being present in the natural environment and their interactions.
Just as relevant for you as a hiker
van Kraalingen says that the biggest challenge for teachers and students in outdoor activities is probably just as relevant for the everyday hiker with a smartphone in their pocket.
Constant connection to mobile networks can disrupt the full experience of outdoor activities by weakening the sensory connection to the nature around you.
""The students weren't worried about phone use affecting their ability to learn necessary skills. For example, using Google Maps doesn’t mean they won’t learn map and compass skills, which some teachers were concerned about,"" she says, adding:
""What they emphasised most strongly was how phone use affected group interactions and dynamics when they had access to their devices.""
Reflect on when your phone should be present
What actually happens to our conversations around the campfire or on a mountaintop when someone pulls out their phone to 'snap' the experience to friends back home?
Both the researcher and the students she interviewed believe it impacts the group dynamic.
van Kraalingen has clear advice for those leading a group on a trip in the outdoors, whether it is a school class, a hiking group, or a family where phone use might be a challenge.
""Find a balance and reflect on when the phone should be used or put away. The students appreciate when teachers encourage them to think about their phone use. They also wanted discussions afterwards about what was positive or negative about using phones on the trip,"" she says.
Reference:
Imre van Kraalingen: Teaching and Learning with Mobild Technology in Outdoor Studies, Doctoral thesis at the Norwegian School of Sport Sciences, 2024. (NIH website about the thesis)",8d4e709b7969bd96240ce60bd29cef51184a5d99,nno,https://www.nih.no/forskning/forskingsnytt/2024/n%C3%A5r-b%C3%B8r-du-bruke-mobilen-p%C3%A5-tur.html,nih.no,1734370875000,html,"['Når bør du bruke mobilen på tur? Forskar ber deg tenkje kritisk', 'Korleis påverkar smarttelefonen studentar og lærarar når dei driv friluftsliv? Ny forsking viser at studentane sett pris på å vere utanfor dekning i naturen.', 'Av Gjermund Erikstein-Midtbø', 'Publisert 14. okt. 2024 14:57 - Sist endra 22. okt. 2024 08:57', 'Imre van Kraalingen har intervjua lærarar og studentar på friluftsliv på tre forskjellige høgskular. Ho har mellom anna funne ut at studentar gjerne vil logge av mobilen når dei er ute i naturen, men at det ikkje alltid er like enkelt. Foto: Thomas Vold.', 'Det kan vere vanskeleg å finne rom der det er mogleg å kople heilt av frå smarttelefonen i 2024. På tur i naturen kan vere eit slikt sjeldan rom.', 'Kanskje er det berre langt til skogs eller på høgfjellet du kan vere heilt utan dekning.', '– Mange av studentane fortalte at dei merka ein stor forskjell i gruppa om dei hadde mobildekning eller ikkje, seier stipendiat ved Institutt for lærarutdanning og friluftsliv på NIH, Imre van Kraalingen.', 'Kjente på press på å dele på SoMe', 'Dei siste åra har ho undersøkt korleis smarttelefonen påverkar lærarar og studentar på friluftsliv på fleire høgskular rundt om i landet.', 'Funna hennar viser at lærarane har fått nye moglegheiter i undervisninga med nye verktøy for informasjon, navigasjon og planlegging.', 'Men mange meiner også at det har påverka korleis ein er til stades i naturen, og korleis gruppa fungerer saman på tur.', '– Dei framheva at det å tilgang på mobil og 4G/5G på tur påverka både det sosiale i gruppa og turopplevinga. Viss dei såg noko vakkert var det stor forskjell på den fyrste reaksjonen. Med dekning tok dei opp mobilen for å lage ein video, utan kunne dei berre å vere til stades i augeblikket og nyte det saman, fortel stipendiaten.', 'Når dei er ute på tur og opplever kule ting, kjente dei på «åh, eg må vise folk at eg gjer dette»', 'Nokre av dei unge friluftsglade friluftsglade fortalte også at dei nærmast kjente på eit press på å skulle legge ut bilde og innhald frå turane dei var på.', 'Den fyrste tanken når dei opplevde noko nytt var ofte, «kva kunne eg ha skrive om dette bildet på Instagram».', '– Nokre av dei fortalte at dei kjente på eit sosialt press på å poste ting på sosiale medium. Når dei er ute på tur og opplever kule ting, kjente dei på «åh, eg må vise folk at eg gjer dette», seier van Kraalingen som trur dette har mykje med populariteten til friluftsliv å gjere.', 'Vil ha fleire opplevingar utan mobil', 'Friluftsliv har verkeleg blitt trendy på SoMe dei siste åra. Det er kult å vise fram at ein er på tur, og eigne friluftslivstrendar har vekse fram på plattformar som Instagram, forklarar forskaren.', '– Kor mange sov i hengekøye eller laga kanelbollar av ferdig pizzadeig for ti år sidan?', 'Spør stipendiaten med eit smil når ho nemner to av trendane som mange nok har sett på Instagram fyrst.', 'Men sjølv om mange av dei er glade å vise fram friluftsinteressa si på kanalar som Instagram, set dei også stor pris på å vere avkopla på tur.', '– Studentane fortel at dei sett veldig pris på tida dei er avkopla. Dei fortel at dei er interessert i å ha fleire opplevingar utan mobilteknologi. Dei har ein vane med å ta opp mobilen sin, og så snart nokre andre gjer det, blir det lett å gjere det same. Da føler dei at dei forsvinn ned i mobilen og scrollinga, fortel van Kraalingen.', 'Kan også vere positivt å dele bilde', 'Det treng ikkje nødvendigvis vere negativt å ville dele glimt frå turopplevingar med andre. Forskaren meiner det handlar om tidspunktet ein gjer det på.', '– Eg trur det å dele bilde frå tur også kan gje meining til opplevingane ein har på tur. Det kan skape ei meir meiningsfull læringsoppleving for studentane, seier ho og legg til:', '– Fleire av studentane sa dette: Dei ventar til etter turen med å dele bilde. Problemet er når dei er kopla på nettet når dei framleis er utandørs. Da blir det ein distraksjon og dei er ikkje verkeleg til stades i sitt naturlege miljø og i samhandlingane sine.', 'Like relevant for deg som turgåar', 'Det er også eitt av hovudfunna til stipendiaten som opphavleg er frå Nederland.', 'Den største utfordringa som lærarar og studentar i friluftsliv bør kjenne til, er nok like relevant for deg om du er ein heilt vanleg turgåar med smarttelefon i lomma.', 'Konstant tilkopling til mobilt nettverk kan forstyrre heilskapen i friluftsopplevingar, ved at det svekkar studentanes sanselege oppleving av naturen rundt dei.', 'Det kan også hindre dei i å engasjere seg sosialt med dei andre på turen og slik skape felles opplevingar.', '– Studentane var ikkje bekymra for om mobilbruken øydela for at dei ikkje lærte dei nødvendige ferdigheitene. Som at bruk av Google maps ikkje gjer at dei lærer seg kart og kompass, som nokre av lærarane var uroa for, seier stipendiaten og legg til:', '– Det dei veldig sterkt framheva var korleis mobilbruken påverka samhandlingene i gruppa og dynamikken når dei hadde tilgang på mobilen.', 'Reflekter rundt når mobilen skal vere framme', 'For kva skjer eigentleg med samtalane våre rundt bålet eller på ein fjelltopp om ein av oss plukkar opp mobilen for å ""snappe"" opplevinga til vennene heime?', 'Både forskaren og studentane ho intervjua meiner det påverkar dynamikken i gruppe.', 'Van Kraalingen har klare råd til deg som har med ei gruppe på tur.', 'Anten det er ei skuleklasse, turgruppe eller familien, der du tenkjer at mobilbruk kan vere ei utfordring.', '– Finn ein balanse og reflekter over når mobilen skal vere i bruk eller ikkje. Studentane fortel at dei sett pris på at lærarane oppmodar dei til å reflektere rundt mobilbruken. Dei ville også at ein skulle diskutere i etterkant kva som var positivt eller negativt med å bruke mobilen på tur.']","Når bør du bruke mobilen på tur? Forskar ber deg tenkje kritisk
Korleis påverkar smarttelefonen studentar og lærarar når dei driv friluftsliv? Ny forsking viser at studentane sett pris på å vere utanfor dekning i naturen.
Av Gjermund Erikstein-Midtbø
Publisert 14. okt. 2024 14:57 - Sist endra 22. okt. 2024 08:57
Imre van Kraalingen har intervjua lærarar og studentar på friluftsliv på tre forskjellige høgskular. Ho har mellom anna funne ut at studentar gjerne vil logge av mobilen når dei er ute i naturen, men at det ikkje alltid er like enkelt. Foto: Thomas Vold.
Det kan vere vanskeleg å finne rom der det er mogleg å kople heilt av frå smarttelefonen i 2024. På tur i naturen kan vere eit slikt sjeldan rom.
Kanskje er det berre langt til skogs eller på høgfjellet du kan vere heilt utan dekning.
– Mange av studentane fortalte at dei merka ein stor forskjell i gruppa om dei hadde mobildekning eller ikkje, seier stipendiat ved Institutt for lærarutdanning og friluftsliv på NIH, Imre van Kraalingen.
Kjente på press på å dele på SoMe
Dei siste åra har ho undersøkt korleis smarttelefonen påverkar lærarar og studentar på friluftsliv på fleire høgskular rundt om i landet.
Funna hennar viser at lærarane har fått nye moglegheiter i undervisninga med nye verktøy for informasjon, navigasjon og planlegging.
Men mange meiner også at det har påverka korleis ein er til stades i naturen, og korleis gruppa fungerer saman på tur.
– Dei framheva at det å tilgang på mobil og 4G/5G på tur påverka både det sosiale i gruppa og turopplevinga. Viss dei såg noko vakkert var det stor forskjell på den fyrste reaksjonen. Med dekning tok dei opp mobilen for å lage ein video, utan kunne dei berre å vere til stades i augeblikket og nyte det saman, fortel stipendiaten.
Når dei er ute på tur og opplever kule ting, kjente dei på «åh, eg må vise folk at eg gjer dette»
Nokre av dei unge friluftsglade friluftsglade fortalte også at dei nærmast kjente på eit press på å skulle legge ut bilde og innhald frå turane dei var på.
Den fyrste tanken når dei opplevde noko nytt var ofte, «kva kunne eg ha skrive om dette bildet på Instagram».
– Nokre av dei fortalte at dei kjente på eit sosialt press på å poste ting på sosiale medium. Når dei er ute på tur og opplever kule ting, kjente dei på «åh, eg må vise folk at eg gjer dette», seier van Kraalingen som trur dette har mykje med populariteten til friluftsliv å gjere.
Vil ha fleire opplevingar utan mobil
Friluftsliv har verkeleg blitt trendy på SoMe dei siste åra. Det er kult å vise fram at ein er på tur, og eigne friluftslivstrendar har vekse fram på plattformar som Instagram, forklarar forskaren.
– Kor mange sov i hengekøye eller laga kanelbollar av ferdig pizzadeig for ti år sidan?
Spør stipendiaten med eit smil når ho nemner to av trendane som mange nok har sett på Instagram fyrst.
Men sjølv om mange av dei er glade å vise fram friluftsinteressa si på kanalar som Instagram, set dei også stor pris på å vere avkopla på tur.
– Studentane fortel at dei sett veldig pris på tida dei er avkopla. Dei fortel at dei er interessert i å ha fleire opplevingar utan mobilteknologi. Dei har ein vane med å ta opp mobilen sin, og så snart nokre andre gjer det, blir det lett å gjere det same. Da føler dei at dei forsvinn ned i mobilen og scrollinga, fortel van Kraalingen.
Kan også vere positivt å dele bilde
Det treng ikkje nødvendigvis vere negativt å ville dele glimt frå turopplevingar med andre. Forskaren meiner det handlar om tidspunktet ein gjer det på.
– Eg trur det å dele bilde frå tur også kan gje meining til opplevingane ein har på tur. Det kan skape ei meir meiningsfull læringsoppleving for studentane, seier ho og legg til:
– Fleire av studentane sa dette: Dei ventar til etter turen med å dele bilde. Problemet er når dei er kopla på nettet når dei framleis er utandørs. Da blir det ein distraksjon og dei er ikkje verkeleg til stades i sitt naturlege miljø og i samhandlingane sine.
Like relevant for deg som turgåar
Det er også eitt av hovudfunna til stipendiaten som opphavleg er frå Nederland.
Den største utfordringa som lærarar og studentar i friluftsliv bør kjenne til, er nok like relevant for deg om du er ein heilt vanleg turgåar med smarttelefon i lomma.
Konstant tilkopling til mobilt nettverk kan forstyrre heilskapen i friluftsopplevingar, ved at det svekkar studentanes sanselege oppleving av naturen rundt dei.
Det kan også hindre dei i å engasjere seg sosialt med dei andre på turen og slik skape felles opplevingar.
– Studentane var ikkje bekymra for om mobilbruken øydela for at dei ikkje lærte dei nødvendige ferdigheitene. Som at bruk av Google maps ikkje gjer at dei lærer seg kart og kompass, som nokre av lærarane var uroa for, seier stipendiaten og legg til:
– Det dei veldig sterkt framheva var korleis mobilbruken påverka samhandlingene i gruppa og dynamikken når dei hadde tilgang på mobilen.
Reflekter rundt når mobilen skal vere framme
For kva skjer eigentleg med samtalane våre rundt bålet eller på ein fjelltopp om ein av oss plukkar opp mobilen for å ""snappe"" opplevinga til vennene heime?
Både forskaren og studentane ho intervjua meiner det påverkar dynamikken i gruppe.
Van Kraalingen har klare råd til deg som har med ei gruppe på tur.
Anten det er ei skuleklasse, turgruppe eller familien, der du tenkjer at mobilbruk kan vere ei utfordring.
– Finn ein balanse og reflekter over når mobilen skal vere i bruk eller ikkje. Studentane fortel at dei sett pris på at lærarane oppmodar dei til å reflektere rundt mobilbruken. Dei ville også at ein skulle diskutere i etterkant kva som var positivt eller negativt med å bruke mobilen på tur.",Not parallell,False,397,2025-10-10 11:25:00.825934+00:00,2025-10-10 11:14:31.675116+00:00,3032bc46415b4322e259060f0033a39f4af19b748d4e709b7969bd96240ce60bd29cef51184a5d99,Almost parallel
33,39655cb278e7f88372279dcadd5cfb12b4329e9e,nno,https://bravo.hivolda.no/hivolda-xmlui/handle/11250/154170/browse?type=author&value=Ouff%2C+Susanne+Moen,hivolda.no,1735877225000,html,"['Denne statusrapporten er den første av i alt tre knyttet til Møreforsking Volda sin følgeevaluering av Boligsosialt utviklingsprogram i Husbankens Region Øst. Den neste statusrapporten vil foreligge i 2011 og sluttrapporten ...', 'Samordning har vist seg å vere ein flaskehals i det bustadsosiale arbeidet for menneske med samtidig rusliding og psykisk liding. I rapporten er det identifisert faktorar i kommunane sitt bustadsosiale arbeid som hindrar ...', 'Sluttrapport fra evalueringen av Boligsosialt utviklingsprogram i Husbanken region øst (2009-2012). I tråd med føringene i programmet har kommunene i stor grad oppnådd forbedringer på et overordnet og strategisk nivå; ...', 'Rapporten ""Levekår i Kristiansund"" er utarbeidd på oppdrag frå Kristiansund kommune. Arbeidet har vore organisert som eit forprosjekt, der kommunen ønskte ei systematisering av tilgjengelege data på levekårområdet, ei ...', 'Denne rapporten er ei oppsummering av dei tre folkehelsetiltaka Partnarskap for folkehelse, Helse i plan og Kommunehelseprofilar. Målet med rapporten er å gje ei kortfatta oversikt over kva dei enkelte tiltaka går ut på, ...', 'Denne sluttrapporten bygger på evaluering av to virkemidler i Helsedirektoratets folkehelsesatsing: Helse i plan og Partnerskap for folkehelse. Rapporten bygger også på data fra to underveisrapporter fra henholdsvis NIBR ...']","Denne statusrapporten er den første av i alt tre knyttet til Møreforsking Volda sin følgeevaluering av Boligsosialt utviklingsprogram i Husbankens Region Øst. Den neste statusrapporten vil foreligge i 2011 og sluttrapporten ...
Samordning har vist seg å vere ein flaskehals i det bustadsosiale arbeidet for menneske med samtidig rusliding og psykisk liding. I rapporten er det identifisert faktorar i kommunane sitt bustadsosiale arbeid som hindrar ...
Sluttrapport fra evalueringen av Boligsosialt utviklingsprogram i Husbanken region øst (2009-2012). I tråd med føringene i programmet har kommunene i stor grad oppnådd forbedringer på et overordnet og strategisk nivå; ...
Rapporten ""Levekår i Kristiansund"" er utarbeidd på oppdrag frå Kristiansund kommune. Arbeidet har vore organisert som eit forprosjekt, der kommunen ønskte ei systematisering av tilgjengelege data på levekårområdet, ei ...
Denne rapporten er ei oppsummering av dei tre folkehelsetiltaka Partnarskap for folkehelse, Helse i plan og Kommunehelseprofilar. Målet med rapporten er å gje ei kortfatta oversikt over kva dei enkelte tiltaka går ut på, ...
Denne sluttrapporten bygger på evaluering av to virkemidler i Helsedirektoratets folkehelsesatsing: Helse i plan og Partnerskap for folkehelse. Rapporten bygger også på data fra to underveisrapporter fra henholdsvis NIBR ...",b8b56d1b6f3bd402fcb3b8096d40d19b6994d46a,nob,https://bravo.hivolda.no/hivolda-xmlui/handle/11250/92948/discover?filtertype_0=subject&filtertype_1=doctype&filtertype_2=author&filter_relational_operator_1=equals&filter_relational_operator_0=equals&filter_2=Bergem%2C+Randi&filter_1=Report&filter_relational_operator_2=equals&filter_0=bustadbygging&filtertype=author&filter_relational_operator=equals&filter=Ouff%2C+Susanne+Moen,hivolda.no,1736198340000,html,['Denne statusrapporten er den første av i alt tre knyttet til Møreforsking Volda sin følgeevaluering av Boligsosialt utviklingsprogram i Husbankens Region Øst. Den neste statusrapporten vil foreligge i 2011 og sluttrapporten ...'],Denne statusrapporten er den første av i alt tre knyttet til Møreforsking Volda sin følgeevaluering av Boligsosialt utviklingsprogram i Husbankens Region Øst. Den neste statusrapporten vil foreligge i 2011 og sluttrapporten ...,Not parallell,False,180,2026-01-14 12:04:51.466310+00:00,2026-01-09 09:34:09.615347+00:00,39655cb278e7f88372279dcadd5cfb12b4329e9eb8b56d1b6f3bd402fcb3b8096d40d19b6994d46a,Something is wrong
25,4526038b9fd0e712bc1ba09f853398f6d7cb246c,eng,https://www.ssb.no/en/omssb/lover-og-prinsipper/formidlingspolitikk/prinsipper-for-likebehandling,ssb.no,1734375446000,html,"['Error occured rendering window ""Om SSB - artikkel - overskrift"" (key 114) while handling request to site path: /0/en/omssb/lover-og-prinsipper/formidlingspolitikk/prinsipper-for-likebehandling?id=3508&key=246949', 'Principles for equal treatment - SSB', 'The CSS file did not download correctly, the screen reader does not support CSS, or your version of Internet Explorer is too old for this website.', 'To get the best possible experience using our website, you should upgrade to a newer version of Internet Explorer, or use other browser alternatives. If you are using a computer at work, contact your IT administrator.']","Error occured rendering window ""Om SSB - artikkel - overskrift"" (key 114) while handling request to site path: /0/en/omssb/lover-og-prinsipper/formidlingspolitikk/prinsipper-for-likebehandling?id=3508&key=246949
Principles for equal treatment - SSB
The CSS file did not download correctly, the screen reader does not support CSS, or your version of Internet Explorer is too old for this website.
To get the best possible experience using our website, you should upgrade to a newer version of Internet Explorer, or use other browser alternatives. If you are using a computer at work, contact your IT administrator.",401420b238dbc6fb381923a2fa8f09aac6bb3bb4,nob,http://www.ssb.no/omssb/lover-og-prinsipper-gammel/formidlingspolitikk/prinsipper-for-likebehandling,ssb.no,1734525022000,html,"['Error occured rendering window ""Om SSB - artikkel - overskrift"" (key 114) while handling request to site path: /0/omssb/lover-og-prinsipper-gammel/formidlingspolitikk/prinsipper-for-likebehandling?id=3462&key=232075', 'Prinsipper for likebehandling - SSB', 'CSS-filen ble ikke lasted ned korrekt, skjermleseren støtter ikke CSS, eller din versjon av Internet Explorer er for gammel for dette nettstedet.', 'For å få en best mulig opplevelse av å bruke våre nettsider, bør du bruke en nyere versjon av Internet Explorer eller alternative nettlesere. Hvis du bruker en jobb-PC, bør du kontakte IT-ansvarlig.']","Error occured rendering window ""Om SSB - artikkel - overskrift"" (key 114) while handling request to site path: /0/omssb/lover-og-prinsipper-gammel/formidlingspolitikk/prinsipper-for-likebehandling?id=3462&key=232075
Prinsipper for likebehandling - SSB
CSS-filen ble ikke lasted ned korrekt, skjermleseren støtter ikke CSS, eller din versjon av Internet Explorer er for gammel for dette nettstedet.
For å få en best mulig opplevelse av å bruke våre nettsider, bør du bruke en nyere versjon av Internet Explorer eller alternative nettlesere. Hvis du bruker en jobb-PC, bør du kontakte IT-ansvarlig.",Parallell,False,172,2026-01-14 10:28:38.488431+00:00,2026-01-09 09:34:09.611761+00:00,4526038b9fd0e712bc1ba09f853398f6d7cb246c401420b238dbc6fb381923a2fa8f09aac6bb3bb4,Almost parallel
23,4d81ea4781514c4cff905e4c11ef5d630f2a8c54,nno,https://www.nih.no/studier/program-og-emneplan-arkiv/2013-2014/page-c373e93c248221da7f4d505054503030-structureid-c373e937985fef1f8e4e505054503030-csuuid-c373e937985f9f6a4f07505054503030.html,nih.no,1734402273000,html,"['Dette emnet tek føre seg sentrale, pedagogiske tema i arbeidet med andre menneske sine erfaringar av bevegelse. Gjennom casestudie av eit utval funksjonshemmingar, som blir kasta lys over ved hjelp av levde erfaringar og medisinsk kunnskap, er hensikta å syne fram korleis idrettspedagogiske tiltak kan tillempast på ein produktiv og taktfull måte. Utvalet av case blir gjort saman med studentane. På denne måten blir idrettspedagogar si rolle i tverrfaglege samarbeid synleggjort, samt deira rolle i deltakaren sin læringsprosess.', 'Mål', 'Studentane skal', 'kunne gjere greie for sentrale, pedagogiske aspekt ved tilpassa fysisk aktivitet', 'ha grunnleggande kunnskap om medisinske, sosiokulturelle og fenomenologiske måtar å forstå funksjonshemming på', 'ha kunnskapar og ferdigheiter til å inngå i tverrfagleg samarbeid', 'Organisering og arbeidsformer', 'Kurset er organisert med førelesingar over sentrale emne, samt seminar i mindre grup-per der studentane skal engasjere seg i lesing og diskusjon av sentrale tekstar. Studentane skal aktivt bruke sine eigne erfaringar frå praksis til å forstå at og korleis det dei les har relevans for deira utvikling som pedagogar.', 'Vurdering', '80% oppmøte på seminartimar', 'Mappe som består av: - 4 produkt frå seminararbeidet, bestått/ikkje bestått', 'Individuell skuleeksamen, 4 timar, ingen hjelpemiddel. Graderte karakterar. Pensum frå FAF 310 Tilpassa fysisk aktivitet - grunnleggjande prinsipp (10 sp) er føreset kjent til eksamen.', 'Pensum', 'Kjernelitteratur', 'ARTIKKELSAMLING: Rugseth, G. (Red.). (2013). FAF311: Læring, pedagogikk og tilpassa fysisk aktivitet: 2013-2014. (Artikkelsamling). Oslo: Norges idrettshøgskole. Biblioteket har ikke denne, fås kjøpt i Servicetorget. - Biblioteket har det meste av det som står i artikkelsamlingen. - Noe av innholdet er også online/elektronisk.', 'NB! For å åpne de elektroniske artiklene når du ikke er på skolen, må du logge deg inn via VPN: http://www.nih.no/bibliotek/ressurser/tilgang-hjemmefra/', 'Goodwin, D. L., Thurmeier, R. & Gustafson, P. (2004). Reactions to the metaphors of disability. Adapted Physical Activity Quarterly, 21, 379-398. Artikkelen finnes online her: Klikk på denne lenken.', 'Goodwin, D.L.(2008). Self-regulated dependency: ethical reflections on interdependence and help in adapted physical activity. Sport, Ethics and Philosophy, 2(2), 172-184. Artikkelen finnes online her: Klikk på denne lenken.', 'Huges, B. & Paterson, K. (1997). The social model of disability and the disappearing body: towards a sociology of impairment. Disability & Society, 12(3), 325-340. Artikkelen finnes online her: Klikk på denne lenken.', 'Kelly, B (2005). ""Chocolate makes you autism"": Impairment, disability and childhood identities. Disability & Society, 20(3), 261-275. Artikkelen finnes online her: Klikk på denne lenken. Lorentzen, P. (2009). Vil eieren av kommunikasjonsproblemet vennligst melde seg! Norsk tidsskrift for logopedi, 3. Artikkelen finnes online her: Klikk på denne lenken.', 'Ryan, R.M. & Deci, E.L. (2000). Self-determination theory and the facilitation of intrinsic motivation, social development, and well-being. American Psychologist, 55(1), 68-78. Artikkelen finnes online her: Klikk på denne lenken.', 'Saebu, M. & Sørensen, M. (2011). Factors associated with physical activity among young adults with a disability. Scandinavian Journal of Medicine and Science in Sports, 21(5), 730-738. Artikkelen finnes online her: Klikk på denne lenken.', 'Skjervheim, H. (2002). Deltakar eller tilskodar. I: H. Skjervheim, Mennesket. (s. 20-35). Oslo: Universitetsforlaget. Boka kapitlet står i, finner du til utlån i bibliotket her: BIBSYS Ask', 'Standal, Ø. F. (2010). Pedagogisk arbeid i rehabilitering: Ei drøfting av praktiske, pedagogiske handlingar. I: K. Steinsholt & K. Pedersen (Red), Aktive liv: Idrettspedagogiske perspektiver på kropp, bevegelse og dannelse. (s. 101-120). Trondheim: Tapir akademisk forlag. Boka kapitlet står i, finner du til utlån i bibliotket her: BIBSYS Ask', 'Standal, Ø. (2012). Læring i rehabilitering: Eit sosiokulturelt perspektiv I: P. K. Solvang & Å. Slettebø (Red.), Rehabilitering. Individuelle prosesser, fagutvikling og samordning av tjenester. (s. 147-159). Oslo: Universitetsforlaget. Boka kapitlet står i, finner du til utlån i biblioteket her: BIBSYS Ask', 'Sørbø, J. I. (2007). Pasient og behandler i filosofisk perspektiv: Reparasjon eller kommunikasjon? Hentet 13. mai 2013 fra: http://www.helsedialog.no/laring_og_mestring_lms/brukermedvirkning/brukermedvirkning_skjult/Pasient+og+behandler+i+filosofisk+perspektiv.d25-Tgdf3F6pwlbUXO.ips Denne finnes online/elektronisk: Klikk på denne lenken.', 'Toombs, S. K. (2001). Reflections on bodily change: The lived experience of disabil-ity. I: S. K.Toombs (Ed.), Handbook of phenomenology and medicine. (Philosophy and medicine; 68). (s. 247-261). Dordrecht: Kluwer Academic. Boka kapitlet står i, finner du til utlån i bibliotket her: BIBSYS Ask', 'Van Manen, M. (1993). Takt. I: M. Van Manen, Pedagogisk takt: Betydningen av pedagogisk omtenksomhet. (s. 113-134). Bergen: Caspar forlag. Biblioteket har ikke denne.', 'WHO (2003). ICF: Norsk brukerveiledning: Internasjonal klassifikasjon av funksjon, funksjonshemming og helse. Trondheim: KITH. Hentet 13. mai 2013 fra: http://www.kith.no/upload/1855/NorskBrukerveiledning-v1.pdf Denne finnes online/elektronisk: Klikk på denne lenken.', 'I tillegg til artikkelsamlingen er også dette pensum: Annerstedt, C. (2007). Att (lära sig) vara lärare i idrott og hälsa. Göteborg: Mulitcare AB. Boka finner du til utlån i biblioteket her: BIBSYS Ask', 'Steadward, R. D., Wheeler, G. D. & Watkinson, E. J. (Eds.). (2003). Adapted physical activity. Edmonton: University of Alberta Press. Boka kapitlet står i, finner du til utlån i biblioteket her: BIBSYS Ask', 'Tøssebro, J. (2010). Hva er funksjonshemming. Oslo: Universitetsforlaget. Boka finner du til utlån i biblioteket her: BIBSYS Ask']","Dette emnet tek føre seg sentrale, pedagogiske tema i arbeidet med andre menneske sine erfaringar av bevegelse. Gjennom casestudie av eit utval funksjonshemmingar, som blir kasta lys over ved hjelp av levde erfaringar og medisinsk kunnskap, er hensikta å syne fram korleis idrettspedagogiske tiltak kan tillempast på ein produktiv og taktfull måte. Utvalet av case blir gjort saman med studentane. På denne måten blir idrettspedagogar si rolle i tverrfaglege samarbeid synleggjort, samt deira rolle i deltakaren sin læringsprosess.
Mål
Studentane skal
kunne gjere greie for sentrale, pedagogiske aspekt ved tilpassa fysisk aktivitet
ha grunnleggande kunnskap om medisinske, sosiokulturelle og fenomenologiske måtar å forstå funksjonshemming på
ha kunnskapar og ferdigheiter til å inngå i tverrfagleg samarbeid
Organisering og arbeidsformer
Kurset er organisert med førelesingar over sentrale emne, samt seminar i mindre grup-per der studentane skal engasjere seg i lesing og diskusjon av sentrale tekstar. Studentane skal aktivt bruke sine eigne erfaringar frå praksis til å forstå at og korleis det dei les har relevans for deira utvikling som pedagogar.
Vurdering
80% oppmøte på seminartimar
Mappe som består av: - 4 produkt frå seminararbeidet, bestått/ikkje bestått
Individuell skuleeksamen, 4 timar, ingen hjelpemiddel. Graderte karakterar. Pensum frå FAF 310 Tilpassa fysisk aktivitet - grunnleggjande prinsipp (10 sp) er føreset kjent til eksamen.
Pensum
Kjernelitteratur
ARTIKKELSAMLING: Rugseth, G. (Red.). (2013). FAF311: Læring, pedagogikk og tilpassa fysisk aktivitet: 2013-2014. (Artikkelsamling). Oslo: Norges idrettshøgskole. Biblioteket har ikke denne, fås kjøpt i Servicetorget. - Biblioteket har det meste av det som står i artikkelsamlingen. - Noe av innholdet er også online/elektronisk.
NB! For å åpne de elektroniske artiklene når du ikke er på skolen, må du logge deg inn via VPN: http://www.nih.no/bibliotek/ressurser/tilgang-hjemmefra/
Goodwin, D. L., Thurmeier, R. & Gustafson, P. (2004). Reactions to the metaphors of disability. Adapted Physical Activity Quarterly, 21, 379-398. Artikkelen finnes online her: Klikk på denne lenken.
Goodwin, D.L.(2008). Self-regulated dependency: ethical reflections on interdependence and help in adapted physical activity. Sport, Ethics and Philosophy, 2(2), 172-184. Artikkelen finnes online her: Klikk på denne lenken.
Huges, B. & Paterson, K. (1997). The social model of disability and the disappearing body: towards a sociology of impairment. Disability & Society, 12(3), 325-340. Artikkelen finnes online her: Klikk på denne lenken.
Kelly, B (2005). ""Chocolate makes you autism"": Impairment, disability and childhood identities. Disability & Society, 20(3), 261-275. Artikkelen finnes online her: Klikk på denne lenken. Lorentzen, P. (2009). Vil eieren av kommunikasjonsproblemet vennligst melde seg! Norsk tidsskrift for logopedi, 3. Artikkelen finnes online her: Klikk på denne lenken.
Ryan, R.M. & Deci, E.L. (2000). Self-determination theory and the facilitation of intrinsic motivation, social development, and well-being. American Psychologist, 55(1), 68-78. Artikkelen finnes online her: Klikk på denne lenken.
Saebu, M. & Sørensen, M. (2011). Factors associated with physical activity among young adults with a disability. Scandinavian Journal of Medicine and Science in Sports, 21(5), 730-738. Artikkelen finnes online her: Klikk på denne lenken.
Skjervheim, H. (2002). Deltakar eller tilskodar. I: H. Skjervheim, Mennesket. (s. 20-35). Oslo: Universitetsforlaget. Boka kapitlet står i, finner du til utlån i bibliotket her: BIBSYS Ask
Standal, Ø. F. (2010). Pedagogisk arbeid i rehabilitering: Ei drøfting av praktiske, pedagogiske handlingar. I: K. Steinsholt & K. Pedersen (Red), Aktive liv: Idrettspedagogiske perspektiver på kropp, bevegelse og dannelse. (s. 101-120). Trondheim: Tapir akademisk forlag. Boka kapitlet står i, finner du til utlån i bibliotket her: BIBSYS Ask
Standal, Ø. (2012). Læring i rehabilitering: Eit sosiokulturelt perspektiv I: P. K. Solvang & Å. Slettebø (Red.), Rehabilitering. Individuelle prosesser, fagutvikling og samordning av tjenester. (s. 147-159). Oslo: Universitetsforlaget. Boka kapitlet står i, finner du til utlån i biblioteket her: BIBSYS Ask
Sørbø, J. I. (2007). Pasient og behandler i filosofisk perspektiv: Reparasjon eller kommunikasjon? Hentet 13. mai 2013 fra: http://www.helsedialog.no/laring_og_mestring_lms/brukermedvirkning/brukermedvirkning_skjult/Pasient+og+behandler+i+filosofisk+perspektiv.d25-Tgdf3F6pwlbUXO.ips Denne finnes online/elektronisk: Klikk på denne lenken.
Toombs, S. K. (2001). Reflections on bodily change: The lived experience of disabil-ity. I: S. K.Toombs (Ed.), Handbook of phenomenology and medicine. (Philosophy and medicine; 68). (s. 247-261). Dordrecht: Kluwer Academic. Boka kapitlet står i, finner du til utlån i bibliotket her: BIBSYS Ask
Van Manen, M. (1993). Takt. I: M. Van Manen, Pedagogisk takt: Betydningen av pedagogisk omtenksomhet. (s. 113-134). Bergen: Caspar forlag. Biblioteket har ikke denne.
WHO (2003). ICF: Norsk brukerveiledning: Internasjonal klassifikasjon av funksjon, funksjonshemming og helse. Trondheim: KITH. Hentet 13. mai 2013 fra: http://www.kith.no/upload/1855/NorskBrukerveiledning-v1.pdf Denne finnes online/elektronisk: Klikk på denne lenken.
I tillegg til artikkelsamlingen er også dette pensum: Annerstedt, C. (2007). Att (lära sig) vara lärare i idrott og hälsa. Göteborg: Mulitcare AB. Boka finner du til utlån i biblioteket her: BIBSYS Ask
Steadward, R. D., Wheeler, G. D. & Watkinson, E. J. (Eds.). (2003). Adapted physical activity. Edmonton: University of Alberta Press. Boka kapitlet står i, finner du til utlån i biblioteket her: BIBSYS Ask
Tøssebro, J. (2010). Hva er funksjonshemming. Oslo: Universitetsforlaget. Boka finner du til utlån i biblioteket her: BIBSYS Ask",777e2a4e9bbfb6456bbebb2812561bff427cbfbb,nob,https://www.nih.no/studier/program-og-emneplan-arkiv/2014-2015/page-c373e944f82589add277000255b7cc93-structureid-c373e9427f480ed15bcb505054503030-csuuid-c373e9427f47f3596184505054503030.html,nih.no,1734402838000,html,"['Dette emnet tek føre seg sentrale, pedagogiske tema i arbeidet med andre menneske sine erfaringar av bevegelse. Gjennom casestudie av eit utval funksjonshemmingar, som blir kasta lys over ved hjelp av levde erfaringar og medisinsk kunnskap, er hensikta å syne fram korleis idrettspedagogiske tiltak kan tillempast på ein produktiv og taktfull måte. Utvalet av case blir gjort saman med studentane. På denne måten blir idrettspedagogar si rolle i tverrfaglege samarbeid synleggjort, samt deira rolle i deltakaren sin læringsprosess.', 'Mål', 'Studentane skal', 'kunne gjere greie for sentrale, pedagogiske aspekt ved tilpassa fysisk aktivitet', 'ha grunnleggande kunnskap om medisinske, sosiokulturelle og fenomenologiske måtar å forstå funksjonshemming på', 'ha kunnskapar og ferdigheiter til å inngå i tverrfagleg samarbeid', 'Organisering og arbeidsformer', 'Kurset er organisert med førelesingar over sentrale emne, samt seminar i mindre grup-per der studentane skal engasjere seg i lesing og diskusjon av sentrale tekstar. Studentane skal aktivt bruke sine eigne erfaringar frå praksis til å forstå at og korleis det dei les har relevans for deira utvikling som pedagogar.', 'Vurdering', '80% oppmøte på seminartimar', 'Mappe som består av: - 4 produkt frå seminararbeidet, bestått/ikkje bestått', 'Individuell skrifteleg heimeeksamen, 4 timar, ingen hjelpemiddel. Graderte karakterar. Pensum frå FAF 310 Tilpassa fysisk aktivitet - grunnleggjande prinsipp (10 sp) er føreset kjent til eksamen.', 'Pensum', 'Kjernelitteratur', 'ARTIKLER OG KAPITLER: Moe, V.F. & Standal, Ø.F. (2013). Praktisk kunnskap og læring i kroppsøving. I. G. Langfelt & V.F. Moe (red.), Å lære å bli lærer: En begrunnelse og en oversikt. Oslo: Cappelen Dam. Boka kapitlet står i, finner du til utlån i bibliotket her: ORIA', 'Morisbak, I. & Bjørholt, P. G. (1993). Spesialpedagoger i kroppsøving: En yrkesgruppe med relevant kompetanse innen rehabilitering. Tidsskrift for den norsk lægeforening, 113, 2137-2139. Artikkelen blir utdelt av lærer.', 'Ryan, R.M. & Deci, E.L. (2000). Self-determination theory and the facilitation of intrinsic motivation, social development, and well-being. American Psychologist, 55(1), 68-78. Artikkelen finnes online her: Klikk på denne lenken.', 'Saebu, M. & Sørensen, M. (2011). Factors associated with physical activity among young adults with a disability. Scandinavian Journal of Medicine and Science in Sports, 21(5), 730-738. Artikkelen finnes online her: Klikk på denne lenken. NB! For å åpne de elektroniske artiklene når du ikke er på skolen, må du logge deg inn via VPN: http://www.nih.no/bibliotek/ressurser/tilgang-hjemmefra/', 'Skjervheim, H. (2002). Deltakar eller tilskodar. I: H. Skjervheim, Mennesket. (s. 20-35). Oslo: Universitetsforlaget. Boka kapitlet står i, finner du til utlån i bibliotket her: ORIA', 'Standal, Ø. F. (2010). Pedagogisk arbeid i rehabilitering: Ei drøfting av praktiske, pedagogiske handlingar. I: K. Steinsholt & K. Pedersen (Red), Aktive liv: Idrettspedagogiske perspektiver på kropp, bevegelse og dannelse. (s. 101-120). Trondheim: Tapir akademisk forlag. Boka kapitlet står i, finner du til utlån i bibliotket her: ORIA', 'Standal, Ø. (2012). Læring i rehabilitering: Eit sosiokulturelt perspektiv I: P. K. Solvang & Å. Slettebø (Red.), Rehabilitering. Individuelle prosesser, fagutvikling og samordning av tjenester. (s. 147-159). Oslo: Universitetsforlaget. Boka kapitlet står i, finner du til utlån i biblioteket her: ORIA', 'Sørbø, J. I. (2007). Pasient og behandler i filosofisk perspektiv: Reparasjon eller kommunikasjon? Hentet 13. mai 2013 fra: http://www.helsedialog.no/laring_og_mestring_lms/brukermedvirkning/brukermedvirkning_skjult/Pasient+og+behandler+i+filosofisk+perspektiv.d25-Tgdf3F6pwlbUXO.ips Denne finnes online/elektronisk: Klikk på denne lenken. Van Manen, M. (1993). Takt. I: M. Van Manen, Pedagogisk takt: Betydningen av pedagogisk omtenksomhet. (s. 113-134). Bergen: Caspar forlag. Boka finnes online/elektronsik: Klikk på denne lenken. WHO (2003). ICF: Norsk brukerveiledning: Internasjonal klassifikasjon av funksjon, funksjonshemming og helse. Trondheim: KITH. Hentet 13. mai 2013 fra: http://www.kith.no/upload/1855/NorskBrukerveiledning-v1.pdf Denne finnes online/elektronisk: Klikk på denne lenken.', 'BØKER: Annerstedt, C. (2007). Att (lära sig) vara lärare i idrott og hälsa. Göteborg: Mulitcare AB. Boka finner du til utlån i biblioteket her: ORIA', 'Shakespeare, T. (2014). Disability rights and wrongs revisited. London: Taylor & Francis. Boka finner du til utlån i biblioteket her: ORIA', 'Tøssebro, J. (2010). Hva er funksjonshemming. Oslo: Universitetsforlaget. Boka finner du til utlån i biblioteket her: ORIA']","Dette emnet tek føre seg sentrale, pedagogiske tema i arbeidet med andre menneske sine erfaringar av bevegelse. Gjennom casestudie av eit utval funksjonshemmingar, som blir kasta lys over ved hjelp av levde erfaringar og medisinsk kunnskap, er hensikta å syne fram korleis idrettspedagogiske tiltak kan tillempast på ein produktiv og taktfull måte. Utvalet av case blir gjort saman med studentane. På denne måten blir idrettspedagogar si rolle i tverrfaglege samarbeid synleggjort, samt deira rolle i deltakaren sin læringsprosess.
Mål
Studentane skal
kunne gjere greie for sentrale, pedagogiske aspekt ved tilpassa fysisk aktivitet
ha grunnleggande kunnskap om medisinske, sosiokulturelle og fenomenologiske måtar å forstå funksjonshemming på
ha kunnskapar og ferdigheiter til å inngå i tverrfagleg samarbeid
Organisering og arbeidsformer
Kurset er organisert med førelesingar over sentrale emne, samt seminar i mindre grup-per der studentane skal engasjere seg i lesing og diskusjon av sentrale tekstar. Studentane skal aktivt bruke sine eigne erfaringar frå praksis til å forstå at og korleis det dei les har relevans for deira utvikling som pedagogar.
Vurdering
80% oppmøte på seminartimar
Mappe som består av: - 4 produkt frå seminararbeidet, bestått/ikkje bestått
Individuell skrifteleg heimeeksamen, 4 timar, ingen hjelpemiddel. Graderte karakterar. Pensum frå FAF 310 Tilpassa fysisk aktivitet - grunnleggjande prinsipp (10 sp) er føreset kjent til eksamen.
Pensum
Kjernelitteratur
ARTIKLER OG KAPITLER: Moe, V.F. & Standal, Ø.F. (2013). Praktisk kunnskap og læring i kroppsøving. I. G. Langfelt & V.F. Moe (red.), Å lære å bli lærer: En begrunnelse og en oversikt. Oslo: Cappelen Dam. Boka kapitlet står i, finner du til utlån i bibliotket her: ORIA
Morisbak, I. & Bjørholt, P. G. (1993). Spesialpedagoger i kroppsøving: En yrkesgruppe med relevant kompetanse innen rehabilitering. Tidsskrift for den norsk lægeforening, 113, 2137-2139. Artikkelen blir utdelt av lærer.
Ryan, R.M. & Deci, E.L. (2000). Self-determination theory and the facilitation of intrinsic motivation, social development, and well-being. American Psychologist, 55(1), 68-78. Artikkelen finnes online her: Klikk på denne lenken.
Saebu, M. & Sørensen, M. (2011). Factors associated with physical activity among young adults with a disability. Scandinavian Journal of Medicine and Science in Sports, 21(5), 730-738. Artikkelen finnes online her: Klikk på denne lenken. NB! For å åpne de elektroniske artiklene når du ikke er på skolen, må du logge deg inn via VPN: http://www.nih.no/bibliotek/ressurser/tilgang-hjemmefra/
Skjervheim, H. (2002). Deltakar eller tilskodar. I: H. Skjervheim, Mennesket. (s. 20-35). Oslo: Universitetsforlaget. Boka kapitlet står i, finner du til utlån i bibliotket her: ORIA
Standal, Ø. F. (2010). Pedagogisk arbeid i rehabilitering: Ei drøfting av praktiske, pedagogiske handlingar. I: K. Steinsholt & K. Pedersen (Red), Aktive liv: Idrettspedagogiske perspektiver på kropp, bevegelse og dannelse. (s. 101-120). Trondheim: Tapir akademisk forlag. Boka kapitlet står i, finner du til utlån i bibliotket her: ORIA
Standal, Ø. (2012). Læring i rehabilitering: Eit sosiokulturelt perspektiv I: P. K. Solvang & Å. Slettebø (Red.), Rehabilitering. Individuelle prosesser, fagutvikling og samordning av tjenester. (s. 147-159). Oslo: Universitetsforlaget. Boka kapitlet står i, finner du til utlån i biblioteket her: ORIA
Sørbø, J. I. (2007). Pasient og behandler i filosofisk perspektiv: Reparasjon eller kommunikasjon? Hentet 13. mai 2013 fra: http://www.helsedialog.no/laring_og_mestring_lms/brukermedvirkning/brukermedvirkning_skjult/Pasient+og+behandler+i+filosofisk+perspektiv.d25-Tgdf3F6pwlbUXO.ips Denne finnes online/elektronisk: Klikk på denne lenken. Van Manen, M. (1993). Takt. I: M. Van Manen, Pedagogisk takt: Betydningen av pedagogisk omtenksomhet. (s. 113-134). Bergen: Caspar forlag. Boka finnes online/elektronsik: Klikk på denne lenken. WHO (2003). ICF: Norsk brukerveiledning: Internasjonal klassifikasjon av funksjon, funksjonshemming og helse. Trondheim: KITH. Hentet 13. mai 2013 fra: http://www.kith.no/upload/1855/NorskBrukerveiledning-v1.pdf Denne finnes online/elektronisk: Klikk på denne lenken.
BØKER: Annerstedt, C. (2007). Att (lära sig) vara lärare i idrott og hälsa. Göteborg: Mulitcare AB. Boka finner du til utlån i biblioteket her: ORIA
Shakespeare, T. (2014). Disability rights and wrongs revisited. London: Taylor & Francis. Boka finner du til utlån i biblioteket her: ORIA
Tøssebro, J. (2010). Hva er funksjonshemming. Oslo: Universitetsforlaget. Boka finner du til utlån i biblioteket her: ORIA",Not parallell,False,170,2026-01-14 10:27:38.965292+00:00,2026-01-09 09:34:09.611610+00:00,4d81ea4781514c4cff905e4c11ef5d630f2a8c54777e2a4e9bbfb6456bbebb2812561bff427cbfbb,Something is wrong
114,53b12a5ae517ad5c2858a7a01cc05857a6b8a95f,nno,https://filmskolen.no/nn/om-filmskolen/om-oss,filmskolen.no,1734368694000,html,"['Om oss', 'I 1997 opna Den norske filmskulen dørene for fyrste gong, og sidan den gong har skulen uteksaminert over 350 filmskulestudentar, som har sett preget sitt på den norske film– og tv-bransjen.', 'Fleire av dei tidlegare studentane våre har òg gjort seg merka internasjonalt. Med Den norske filmskolen fekk Noreg ei etterlengta nasjonal filmutdanning, noko som var heilt nødvendig for vidareutviklinga av den norske filmbransjen.', 'I dag tilbyr Den norske filmskulen ein treårig kunstfagleg bachelorgrad og ein toårig kunstfagleg mastergrad, samt ein ph.d.grad i kunstnarleg utviklingsarbeid i film og nærskylde audiovisuelle kunstformer.', 'Å laga film handlar om å fortelja historier med levande bilde. Gjennom studiane ved skulen skal du utvikla deg til å bli ein sjølvstendig historieforteljar gjennom ein av linjene våre på bachelor eller studieretningar på master.', 'Formålet med utdanninga vår er å utdanna kvalifiserte yrkesutøvarar for film, fjernsyn og liknande medium. Vi er ei framtidsretta utdanning som samtidig tar vare på det tradisjonelle handverket i kvar fagretning. Den norske filmskulen ønsker å utvikla den kunstnariske utrykkskompetanse til kvar einskild student og deira personlege refleksjon på fagfeltet sitt.', 'Undervisning og penneprøver', 'Undervisninga ved skulen er jamt fordelt mellom fellesundervisning og linjeundervisning som er spesialtilpassa behovet til kvar enkelt linje. Ein stor del av fellesundervisninga omfattar eit stort tal praktiske fellesøvingar òg kalla ""penneprøver"".', 'Penneprøver er produksjonsøvingar der studentane jobbar i teams sett saman av skulen. Dette er øvingar med fokus på einskilde element i å laga film som tar utgangspunkt i ei rekke avgrensingar som lengde på film, tema, bruk av dialog, bruk av musikk, bruk av studio/location. Penneprøvene blir ikkje sett på som sjølvstendige filmproduksjonar, men øvingar i å læra å laga film som samtidig er veleigna til å læra metodar for samarbeid. Det filosofisk-pedagogiske grunnlaget er at avgrensingar utfordrar og utviklar kreativiteten og fantasien til studentane samtidig som handverket blir lært.', 'Erfaring viser at det ikkje er noken motsetnad mellom å utvikla den einskilde sin kunstnarlege eigenart – den personlege stemma – og å læra handverket. Snarare tvert imot er det å beherska handverket forløysande for det kunstnarlege uttrykket.', 'Gjennom heile studiet nyttar skulen seg av erfaringsbasert pedagogikk der studentane skal tileigna seg kunstnarisk uttrykkskompetanse ved å erfara i praksis forskjellige element av å laga film, reflektera over prosess og resultat og nytta det dei har lært i neste fase i dei kommande øvingane.', 'Såleis blir kompetansen og evnene til studentane utvikla gjennom praktiske øvingar, samtalar og evalueringar, og dessutan gjennom utveksling av erfaring. All undervisning og evaluering hos oss er obligatorisk då denne erfaringsutvekslinga mellom studentar er eit heilt sentralt element i utdanninga.', 'Vi legg stor vekt på studentdeltaking i evalueringar og oppfordrar alle til å bidra i diskusjonar, og til å komma med konstruktive tilbakemeldingar til kvarandre og til prosjekta. Vi meiner at dette er med på å stryka forståinga til den enkelte for faget og for kompleksiteten til filmproduksjonen.', 'Opptak', 'Vi har opptak anna kvart år. Neste opptak på Master er i 2022, medan neste opptak for Bachelor er våren 2023. Alle søkjarar må levera inn ein oppgåvesvar tilknytta den linja dei søker på, deretter vil kvalifiserte søkjarar gå vidare til ein omfattande opptaks- og intervjurunde.']","Om oss
I 1997 opna Den norske filmskulen dørene for fyrste gong, og sidan den gong har skulen uteksaminert over 350 filmskulestudentar, som har sett preget sitt på den norske film– og tv-bransjen.
Fleire av dei tidlegare studentane våre har òg gjort seg merka internasjonalt. Med Den norske filmskolen fekk Noreg ei etterlengta nasjonal filmutdanning, noko som var heilt nødvendig for vidareutviklinga av den norske filmbransjen.
I dag tilbyr Den norske filmskulen ein treårig kunstfagleg bachelorgrad og ein toårig kunstfagleg mastergrad, samt ein ph.d.grad i kunstnarleg utviklingsarbeid i film og nærskylde audiovisuelle kunstformer.
Å laga film handlar om å fortelja historier med levande bilde. Gjennom studiane ved skulen skal du utvikla deg til å bli ein sjølvstendig historieforteljar gjennom ein av linjene våre på bachelor eller studieretningar på master.
Formålet med utdanninga vår er å utdanna kvalifiserte yrkesutøvarar for film, fjernsyn og liknande medium. Vi er ei framtidsretta utdanning som samtidig tar vare på det tradisjonelle handverket i kvar fagretning. Den norske filmskulen ønsker å utvikla den kunstnariske utrykkskompetanse til kvar einskild student og deira personlege refleksjon på fagfeltet sitt.
Undervisning og penneprøver
Undervisninga ved skulen er jamt fordelt mellom fellesundervisning og linjeundervisning som er spesialtilpassa behovet til kvar enkelt linje. Ein stor del av fellesundervisninga omfattar eit stort tal praktiske fellesøvingar òg kalla ""penneprøver"".
Penneprøver er produksjonsøvingar der studentane jobbar i teams sett saman av skulen. Dette er øvingar med fokus på einskilde element i å laga film som tar utgangspunkt i ei rekke avgrensingar som lengde på film, tema, bruk av dialog, bruk av musikk, bruk av studio/location. Penneprøvene blir ikkje sett på som sjølvstendige filmproduksjonar, men øvingar i å læra å laga film som samtidig er veleigna til å læra metodar for samarbeid. Det filosofisk-pedagogiske grunnlaget er at avgrensingar utfordrar og utviklar kreativiteten og fantasien til studentane samtidig som handverket blir lært.
Erfaring viser at det ikkje er noken motsetnad mellom å utvikla den einskilde sin kunstnarlege eigenart – den personlege stemma – og å læra handverket. Snarare tvert imot er det å beherska handverket forløysande for det kunstnarlege uttrykket.
Gjennom heile studiet nyttar skulen seg av erfaringsbasert pedagogikk der studentane skal tileigna seg kunstnarisk uttrykkskompetanse ved å erfara i praksis forskjellige element av å laga film, reflektera over prosess og resultat og nytta det dei har lært i neste fase i dei kommande øvingane.
Såleis blir kompetansen og evnene til studentane utvikla gjennom praktiske øvingar, samtalar og evalueringar, og dessutan gjennom utveksling av erfaring. All undervisning og evaluering hos oss er obligatorisk då denne erfaringsutvekslinga mellom studentar er eit heilt sentralt element i utdanninga.
Vi legg stor vekt på studentdeltaking i evalueringar og oppfordrar alle til å bidra i diskusjonar, og til å komma med konstruktive tilbakemeldingar til kvarandre og til prosjekta. Vi meiner at dette er med på å stryka forståinga til den enkelte for faget og for kompleksiteten til filmproduksjonen.
Opptak
Vi har opptak anna kvart år. Neste opptak på Master er i 2022, medan neste opptak for Bachelor er våren 2023. Alle søkjarar må levera inn ein oppgåvesvar tilknytta den linja dei søker på, deretter vil kvalifiserte søkjarar gå vidare til ein omfattande opptaks- og intervjurunde.",9a3108c876e22c2b68f4f67e28a59645c2e94667,nob,https://filmskolen.no/om-filmskolen/om-oss,filmskolen.no,1734367896000,html,"['Om oss', 'I 1997 åpnet Den norske filmskolen dørene for første gang, og siden den gang har skolen uteksaminert over 350 filmskolestudenter, som har satt sitt preg på den norske film – og tv-bransjen.', 'Flere av våre tidligere studenter har også gjort seg bemerket internasjonalt. Med Den norske filmskolen fikk Norge en etterlengtet nasjonal filmutdanning, noe som var helt nødvendig for videreutviklingen av den norske filmbransjen.', 'I dag tilbyr Den norske filmskolen en treårig kunstfaglig bachelorgrad og en toårig kunstfaglig mastergrad samt en ph.d.grad i kunstnerisk utviklingsarbeid i film og beslektede audiovisuelle kunstformer.', 'Å lage film handler om å fortelle historier med levende bilder. Gjennom studiene ved skolen skal du utvikle deg til å bli en selvstendig historieforteller gjennom en av våre linjer på bachelor eller studieretninger på master.', 'Formålet med utdanningen vår er å utdanne kvalifiserte yrkesutøvere for film, fjernsyn og beslektede medier. Vi er en fremtidsrettet utdanning som samtidig tar vare på det tradisjonelle håndverket i hver fagretning. Den norske filmskolen ønsker å utvikle den enkelte students kunstneriske utrykkskompetanse og personlige refleksjon på sitt fagfelt.', 'Undervisning og penneprøver', 'Undervisningen ved skolen er jevnt fordelt mellom fellesundervisning og linjeundervisning som er spesialtilpasset hver enkelt linjes behov. En stor del av fellesundervisningen omfatter et stort antall praktiske fellesøvelser også kalt Penneprøver.', 'Penneprøver er produksjonsøvelser hvor studentene jobber i teams satt sammen av skolen. Dette er øvelser med fokus på enkelte elementer i å lage film som tar utgangspunkt i en rekke begrensninger som lengde på film, tema, bruk av dialog, bruk av musikk, bruk av studio/location. Penneprøvene ansees ikke som selvstendige filmproduksjoner, men øvelser i å lære å lage film som samtidig er velegnede til å lære metoder for samarbeid. Det filosofisk-pedagogiske grunnlaget er at begrensninger utfordrer og utvikler studentenes kreativitet og fantasi samtidig som håndverket læres.', 'Erfaring viser at det ikke er noen motsetning mellom å utvikle den enkeltes kunstneriske egenart – den personlige stemmen – og å lære håndverket. Snarere tvert imot er det å beherske håndverket forløsende for det kunstneriske uttrykk.', 'Gjennom hele studiet benytter skolen seg av erfaringsbasert pedagogikk hvor studentene skal tilegne seg kunstnerisk uttrykkskompetanse ved å erfare i praksis forskjellige elementer av å lage film, reflektere over prosess og resultat og anvende det de har lært i neste fase i de kommende øvelsene.', 'Således utvikles studentenes kompetanse og ferdigheter gjennom praktiske øvelser, samtaler og evalueringer, samt gjennom utveksling av erfaring. All undervisning og evaluering hos oss obligatorisk da denne erfaringsutveksling mellom studenter er et helt sentralt element i utdanningen.', 'Vi legger stor vekt på studentdeltagelse i evalueringer og oppfordrer alle til å bidra i diskusjoner, og til å komme med konstruktive tilbakemeldinger til hverandre og til prosjektene. Vi mener at dette er med på å stryke den enkeltes forståelse for faget og for filmproduksjonens kompleksitet.', 'Opptak', 'Vi har opptak annethvert år, og neste opptak på bachelor er i januar 2023, mens neste opptak for master er våren 2024. Alle søkere må levere inn en oppgavebesvarelse tilknyttet den linjen de søker på, deretter vil kvalifiserte søkere gå videre til en omfattende opptaks -og intervjurunde.']","Om oss
I 1997 åpnet Den norske filmskolen dørene for første gang, og siden den gang har skolen uteksaminert over 350 filmskolestudenter, som har satt sitt preg på den norske film – og tv-bransjen.
Flere av våre tidligere studenter har også gjort seg bemerket internasjonalt. Med Den norske filmskolen fikk Norge en etterlengtet nasjonal filmutdanning, noe som var helt nødvendig for videreutviklingen av den norske filmbransjen.
I dag tilbyr Den norske filmskolen en treårig kunstfaglig bachelorgrad og en toårig kunstfaglig mastergrad samt en ph.d.grad i kunstnerisk utviklingsarbeid i film og beslektede audiovisuelle kunstformer.
Å lage film handler om å fortelle historier med levende bilder. Gjennom studiene ved skolen skal du utvikle deg til å bli en selvstendig historieforteller gjennom en av våre linjer på bachelor eller studieretninger på master.
Formålet med utdanningen vår er å utdanne kvalifiserte yrkesutøvere for film, fjernsyn og beslektede medier. Vi er en fremtidsrettet utdanning som samtidig tar vare på det tradisjonelle håndverket i hver fagretning. Den norske filmskolen ønsker å utvikle den enkelte students kunstneriske utrykkskompetanse og personlige refleksjon på sitt fagfelt.
Undervisning og penneprøver
Undervisningen ved skolen er jevnt fordelt mellom fellesundervisning og linjeundervisning som er spesialtilpasset hver enkelt linjes behov. En stor del av fellesundervisningen omfatter et stort antall praktiske fellesøvelser også kalt Penneprøver.
Penneprøver er produksjonsøvelser hvor studentene jobber i teams satt sammen av skolen. Dette er øvelser med fokus på enkelte elementer i å lage film som tar utgangspunkt i en rekke begrensninger som lengde på film, tema, bruk av dialog, bruk av musikk, bruk av studio/location. Penneprøvene ansees ikke som selvstendige filmproduksjoner, men øvelser i å lære å lage film som samtidig er velegnede til å lære metoder for samarbeid. Det filosofisk-pedagogiske grunnlaget er at begrensninger utfordrer og utvikler studentenes kreativitet og fantasi samtidig som håndverket læres.
Erfaring viser at det ikke er noen motsetning mellom å utvikle den enkeltes kunstneriske egenart – den personlige stemmen – og å lære håndverket. Snarere tvert imot er det å beherske håndverket forløsende for det kunstneriske uttrykk.
Gjennom hele studiet benytter skolen seg av erfaringsbasert pedagogikk hvor studentene skal tilegne seg kunstnerisk uttrykkskompetanse ved å erfare i praksis forskjellige elementer av å lage film, reflektere over prosess og resultat og anvende det de har lært i neste fase i de kommende øvelsene.
Således utvikles studentenes kompetanse og ferdigheter gjennom praktiske øvelser, samtaler og evalueringer, samt gjennom utveksling av erfaring. All undervisning og evaluering hos oss obligatorisk da denne erfaringsutveksling mellom studenter er et helt sentralt element i utdanningen.
Vi legger stor vekt på studentdeltagelse i evalueringer og oppfordrer alle til å bidra i diskusjoner, og til å komme med konstruktive tilbakemeldinger til hverandre og til prosjektene. Vi mener at dette er med på å stryke den enkeltes forståelse for faget og for filmproduksjonens kompleksitet.
Opptak
Vi har opptak annethvert år, og neste opptak på bachelor er i januar 2023, mens neste opptak for master er våren 2024. Alle søkere må levere inn en oppgavebesvarelse tilknyttet den linjen de søker på, deretter vil kvalifiserte søkere gå videre til en omfattende opptaks -og intervjurunde.",Parallell,False,415,2025-10-13 07:50:14.775295+00:00,2025-10-10 11:14:31.676477+00:00,53b12a5ae517ad5c2858a7a01cc05857a6b8a95f9a3108c876e22c2b68f4f67e28a59645c2e94667,Almost parallel
21,561b1539ed5b0a0855ff273f0dd427f886f67177,nno,http://www.ntnu.no/documents/144334/2377119/Skjema+foh%C3%A5ndsgodkjenning+av+emner+I%C3%98T.docx/f5d4abbb-1f39-736d-2196-54933d869a80?t=1705650161372,ntnu.no,1734725841000,doc,"['2', 'Forhåndsgodkjenning av emner på utveksling - IØT ', 'Navn: ', 'Utvekslingssted: ', 'NTNU-epost: ', 'Teknologiretning/ fagretning: ', 'År/semester: ', 'NTNU emne (endre etter behov)', 'Utvekslingsemne', 'Credits/Units', 'Studiepoeng', 'Godkjenning hvor (faglærer eller wiki)?', 'TIØ4118 Industriell økonomisk analyse', 'TIØ4162 Organisasjon og teknologi 2', 'TIØ4126 Optimering og bsl.støtte for tek.-øk. planlegging', 'TIØ4165 Markedsføringsledelse for teknologibedrifter', 'Oblig. teknisk emne', 'Oblig. teknisk emne', 'Valgbart teknisk emne', 'Statisikk / Matte 4', 'Fyllfag', 'Fyllfag', 'Fyllfag', 'Dersom dere skal ta fyllfag legg ved emnebeskrivelser. ', 'Faglig godkjenning av emner som ikke ligger på wiki-siden må sendes sammen med dette skjema. ', 'Sendes som wordfil til email-removed@email-removed.no Dette skjemaet kan også lastes opp som vedlegg i søknaden på Mobility-Online.']","2
Forhåndsgodkjenning av emner på utveksling - IØT 
Navn: 
Utvekslingssted: 
NTNU-epost: 
Teknologiretning/ fagretning: 
År/semester: 
NTNU emne (endre etter behov)
Utvekslingsemne
Credits/Units
Studiepoeng
Godkjenning hvor (faglærer eller wiki)?
TIØ4118 Industriell økonomisk analyse
TIØ4162 Organisasjon og teknologi 2
TIØ4126 Optimering og bsl.støtte for tek.-øk. planlegging
TIØ4165 Markedsføringsledelse for teknologibedrifter
Oblig. teknisk emne
Oblig. teknisk emne
Valgbart teknisk emne
Statisikk / Matte 4
Fyllfag
Fyllfag
Fyllfag
Dersom dere skal ta fyllfag legg ved emnebeskrivelser. 
Faglig godkjenning av emner som ikke ligger på wiki-siden må sendes sammen med dette skjema. 
Sendes som wordfil til email-removed@email-removed.no Dette skjemaet kan også lastes opp som vedlegg i søknaden på Mobility-Online.",a996d7cd756eeaff6747c7d0ef1fba1486fbaa5e,nob,https://www.ntnu.no/documents/144334/0/Forh%C3%A5ndsgodkjenning+I%C3%98T.docx/0d39cc7a-06c3-41d2-aa13-9dec02469f6c,ntnu.no,1734663500000,doc,"['Institutt for industriell økonomi og teknologiledelse', 'Study agreement / forhåndsgodkjenning for utveksling', 'Navn på universitetet: __________________________', 'Navn: ____________________________', 'Epost: ____________________________', 'Teknologiretning/fagretning: __________________________', 'År/semester: __________________________', 'NTNU emne', 'Alternativt emne m/emnekode', 'Credit/ unit', 'ECTS/', 'Studiepoeng ', 'TIØ4117', 'Mikro', 'TIØ4126 Optimering og…', 'TIØ4161 Prosj & Personal…', 'TIØ4165 Markedsf', 'TMA4240 Statistikk', 'TMA XX', 'Matte 4 ', 'Obl tekn emne1: ', 'Obl tekn emne2', 'VB tekn emne fagr', 'Andre VB emner', 'Andre emner II ', 'Sendes som wordfil til email-removed@email-removed.no', 'Last opp skjema eller fyll inn samme på søknadsweb. Forhåndsgodkjenning på søknadsweb.']","Institutt for industriell økonomi og teknologiledelse
Study agreement / forhåndsgodkjenning for utveksling
Navn på universitetet: __________________________
Navn: ____________________________
Epost: ____________________________
Teknologiretning/fagretning: __________________________
År/semester: __________________________
NTNU emne
Alternativt emne m/emnekode
Credit/ unit
ECTS/
Studiepoeng 
TIØ4117
Mikro
TIØ4126 Optimering og…
TIØ4161 Prosj & Personal…
TIØ4165 Markedsf
TMA4240 Statistikk
TMA XX
Matte 4 
Obl tekn emne1: 
Obl tekn emne2
VB tekn emne fagr
Andre VB emner
Andre emner II 
Sendes som wordfil til email-removed@email-removed.no
Last opp skjema eller fyll inn samme på søknadsweb. Forhåndsgodkjenning på søknadsweb.",Not parallell,False,168,2026-01-14 10:25:55.494963+00:00,2026-01-09 09:34:09.611388+00:00,561b1539ed5b0a0855ff273f0dd427f886f67177a996d7cd756eeaff6747c7d0ef1fba1486fbaa5e,Something is wrong
4,65df3852a07173d47481c8a26fbc229bdb629115,eng,https://www.nupi.no/en/about-nupi/employees/researchers/matthew-blackburn,nupi.no,1735241866000,html,"['Matthew Blackburn', 'Contactinfo and files', 'Summary', ""Matthew Blackburn is a Senior Researcher in NUPI's Research Group on Russia, Asia and International Trade. He is also an affiliated researcher at the Institute of Russian and Eurasian Studies at Uppsala University. His main research agenda addresses politics in Russia and Eurasia, including both domestic politics and interstate relations. He has researched political legitimation and popular responses to state discourses, with a particular focus on how regimes mobilise on the ideational level and cope with the challenges of nationalist and populist opposition. Currently he is researching wartime developments in Russian politics including the new state-society relationship and public opinion, nationalist dissent and new state ideological projects."", 'He is also engaged in research on Iran-Russia-China cooperation for the Norwegian Geopolitics Centre and is a research coordinator for the Civilizationalism Project based at Stanford University.', 'Scholarly analysis has been divided as to whether Putinism is a coherent ideology. With the decision to invade Ukraine, this question requires reexamination. This article interprets the evolution of Putinism in morphological terms, tracing how political concepts developed into a distinctive ‘thin’ ideology. After interpreting the original formation of Putinism (2000–2012), I unpack how interlinked processes of securitization and culturization reshaped the arrangement of core, adjacent and peripheral concepts. This was preceded by discursive closure between the Kremlin and its ideological antagonists over critical junctures in 2012 and 2014. An emphasis on the reactive, events-driven dynamic of Putinism reveals how it functions as an immanent morale that reinforces preexisting power networks and strives to win the loyalty of the population. Preserving culture and security has become synonymous with maintaining the very existence of the Russian Federation. With the launch of the ‘Special Military Operation’ in February 2022, this ideology was not immediately transformed but rather deployed on a new and more dramatic level. The ideological reconfiguration examined in this article must be understood as a crucial precursor to the decision to escalate the war in Ukraine, which ris reshaping Russia’s political trajectory in dramatic and unpredictable ways.', 'The Covid-19 epidemic came at a sensitive time for Russia’s leadership, which was attempting a political reset and structural reforms, including the removal of President Putin’s presidential term limits. This article examines how issues related to the pandemic provided new opportunities for the systemic opposition, the Communist Party of the Russian Federation, who emerged as the main beneficiaries after capitalising on opportunities created by the epidemic. The underappreciated role of systemic opposition parties in electoral authoritarian systems, which balance “voice” and “loyalty” to benefit both themselves and the regime, is examined in the context of the Covid-19 crisis.', 'Perhaps no topic could be more crucial to the concept of “post-communism” than how the Soviet past is commemorated, challenged, or forgotten. The study of historical memory is often correctly tied to identity politics and nation-building. While the usable past framework is broadly applicable to all modern states, in the Russian case a degree of alarmism and negativity surrounds interpretations of how the country has managed its communist past, particularly its violent parts. A significant element to this is a teleological view of progress and the salience of the transition paradigm. In memory studies, this is manifested in the dominance of the cosmopolitan memory mode as the correct way the violent past should be commemorated. The introduction reviews the existing literature on Russia’s memory politics and highlights three limitations: (1) overemphasis on the political center and the failure to capture the diversity of regions, (2) too much focus on the supply side of memory politics, and (3) one-sided presentations of the role the Great Patriotic War plays in Russian memory politics. The introduction reviews how the special issue contributions address these limitations in the literature and shows how, taken together, they offer ideas for new research on memory studies. A case is made for how this new research agenda can better understand memory processes and how they relate to broader ideological, cultural, social, and political change in Russia.', 'The study ""Norway and Romania: Navigating Information Warfare"" explores the use of disinformation, propaganda, and interference to manipulate public discourse amid the Ukraine war. It discusses how these tactics exploit historical and border sensitivities to delegitimize Ukraine and distract from the global economic impacts of Russian aggression. The research highlights how such strategies shift blame and reshape international perceptions favorably towards Russia. The study analyzes how Russian political warfare manifests itself in both Norway and Romania, dwelling on the particularities of each country. This study is one of deliverables of the FLANKS II project conducted jointly by New Strategy Center in Romania and the Norwegian Institute of International Affairs (NUPI) in Oslo.', 'This paper examines shared ideas, values and interpretations of the past in the “collective memory” of the 1917 October Revolution. Employing a qualitative approach to examine collective memory “from below,” two age cohorts were interviewed in three Russian cities from a variety of social groups in 2014–2015. What was revealed was the existence of a strong positive myth about the pre-revolutionary era of 1900–1914, as well as positive references to the current Putin era. Both eras were “positive” in that Russia was/is a “normal European power,” “on the rise economically” and “respected by the other powers.” In terms of the definitive national trauma, an overwhelming majority viewed the 1917 October Revolution as a break or rupture in Russian history that caused appalling destruction. This view of 1917 as catastrophic leads to certain key “lessons”: that revolutionary change is inherently destructive and wasteful and that external forces had (and have) a vested interest in weakening Russia from without whenever she is at her most vulnerable. Overall, at the heart of myths over 1917 we find a central occupation with the threat of disintegration and a yearning for stability and normality, highlighting how collective memory interacts with political values and social identity.', 'Research into post-independence identity shifts among Kazakhstan’s Russian-speaking minorities has outlined a number of possible pathways, such as diasporization, integrated national minority status and ethnic separatism. Drawing on semi-structured interviews with young people in Almaty and Karaganda, I examine how Russian-speaking minorities identify with the state and imagine their place in a ‘soft’ or ‘hybrid’ post-Soviet authoritarian system. What is found is that Russian-speaking minorities largely accept their status beneath the Kazakh ‘elder brother’ and do not wish to identify as a ‘national minority’. Furthermore, they affirm passive loyalty to the political status quo while remaining disinterested in political representation. Russian-speaking minorities are also ambivalent towards Kazakh language promotion and anxious about the increasing presence of Kazakh-speakers in urban spaces. This article argues that two factors are central to these stances among Kazakhstan’s Russian-speaking minorities: the persistence of Soviet legacies and the effects of state discourse and policy since 1991.', 'Based on more than 100 interviews in European Russia, this article sheds light on the bottom-up dynamics of Russian nationalism. After offering a characterization of the post-2012 “state-civilization” discourse from above, I examine how ordinary people imagine Russia as a “state-civilization.” Interview narratives of inclusion into the nation are found to overlap with state discourse on three main lines: (1) ethno-nationalism is rejected, and Russia is imagined to be a unique, harmonious multi-ethnic space in which the Russians (russkie) lead without repressing the others; (2) Russia’s multinationalism is remembered in myths of peaceful interactions between Russians (russkie) and indigenous ethnic groups (korennyye narodi) across the imperial and Soviet past; (3) Russian culture and language are perceived as the glue that holds together a unified category of nationhood. Interview narratives on exclusion deviate from state discourse in two key areas: attitudes to the North Caucasus reveal the geopolitical-security, post-imperial aspect of the “state-civilization” identity, while stances toward non-Slavic migrants in city spaces reveal a degree of “cultural nationalism” that, while sharing characteristics with those of Western Europe, is also based on Soviet-framed notions of normality. Overall, the article contributes to debates on how Soviet legacies and Russia’s post-imperial consciousness play out in the context of the “pro-Putin consensus.”']","Matthew Blackburn
Contactinfo and files
Summary
Matthew Blackburn is a Senior Researcher in NUPI's Research Group on Russia, Asia and International Trade. He is also an affiliated researcher at the Institute of Russian and Eurasian Studies at Uppsala University. His main research agenda addresses politics in Russia and Eurasia, including both domestic politics and interstate relations. He has researched political legitimation and popular responses to state discourses, with a particular focus on how regimes mobilise on the ideational level and cope with the challenges of nationalist and populist opposition. Currently he is researching wartime developments in Russian politics including the new state-society relationship and public opinion, nationalist dissent and new state ideological projects.
He is also engaged in research on Iran-Russia-China cooperation for the Norwegian Geopolitics Centre and is a research coordinator for the Civilizationalism Project based at Stanford University.
Scholarly analysis has been divided as to whether Putinism is a coherent ideology. With the decision to invade Ukraine, this question requires reexamination. This article interprets the evolution of Putinism in morphological terms, tracing how political concepts developed into a distinctive ‘thin’ ideology. After interpreting the original formation of Putinism (2000–2012), I unpack how interlinked processes of securitization and culturization reshaped the arrangement of core, adjacent and peripheral concepts. This was preceded by discursive closure between the Kremlin and its ideological antagonists over critical junctures in 2012 and 2014. An emphasis on the reactive, events-driven dynamic of Putinism reveals how it functions as an immanent morale that reinforces preexisting power networks and strives to win the loyalty of the population. Preserving culture and security has become synonymous with maintaining the very existence of the Russian Federation. With the launch of the ‘Special Military Operation’ in February 2022, this ideology was not immediately transformed but rather deployed on a new and more dramatic level. The ideological reconfiguration examined in this article must be understood as a crucial precursor to the decision to escalate the war in Ukraine, which ris reshaping Russia’s political trajectory in dramatic and unpredictable ways.
The Covid-19 epidemic came at a sensitive time for Russia’s leadership, which was attempting a political reset and structural reforms, including the removal of President Putin’s presidential term limits. This article examines how issues related to the pandemic provided new opportunities for the systemic opposition, the Communist Party of the Russian Federation, who emerged as the main beneficiaries after capitalising on opportunities created by the epidemic. The underappreciated role of systemic opposition parties in electoral authoritarian systems, which balance “voice” and “loyalty” to benefit both themselves and the regime, is examined in the context of the Covid-19 crisis.
Perhaps no topic could be more crucial to the concept of “post-communism” than how the Soviet past is commemorated, challenged, or forgotten. The study of historical memory is often correctly tied to identity politics and nation-building. While the usable past framework is broadly applicable to all modern states, in the Russian case a degree of alarmism and negativity surrounds interpretations of how the country has managed its communist past, particularly its violent parts. A significant element to this is a teleological view of progress and the salience of the transition paradigm. In memory studies, this is manifested in the dominance of the cosmopolitan memory mode as the correct way the violent past should be commemorated. The introduction reviews the existing literature on Russia’s memory politics and highlights three limitations: (1) overemphasis on the political center and the failure to capture the diversity of regions, (2) too much focus on the supply side of memory politics, and (3) one-sided presentations of the role the Great Patriotic War plays in Russian memory politics. The introduction reviews how the special issue contributions address these limitations in the literature and shows how, taken together, they offer ideas for new research on memory studies. A case is made for how this new research agenda can better understand memory processes and how they relate to broader ideological, cultural, social, and political change in Russia.
The study ""Norway and Romania: Navigating Information Warfare"" explores the use of disinformation, propaganda, and interference to manipulate public discourse amid the Ukraine war. It discusses how these tactics exploit historical and border sensitivities to delegitimize Ukraine and distract from the global economic impacts of Russian aggression. The research highlights how such strategies shift blame and reshape international perceptions favorably towards Russia. The study analyzes how Russian political warfare manifests itself in both Norway and Romania, dwelling on the particularities of each country. This study is one of deliverables of the FLANKS II project conducted jointly by New Strategy Center in Romania and the Norwegian Institute of International Affairs (NUPI) in Oslo.
This paper examines shared ideas, values and interpretations of the past in the “collective memory” of the 1917 October Revolution. Employing a qualitative approach to examine collective memory “from below,” two age cohorts were interviewed in three Russian cities from a variety of social groups in 2014–2015. What was revealed was the existence of a strong positive myth about the pre-revolutionary era of 1900–1914, as well as positive references to the current Putin era. Both eras were “positive” in that Russia was/is a “normal European power,” “on the rise economically” and “respected by the other powers.” In terms of the definitive national trauma, an overwhelming majority viewed the 1917 October Revolution as a break or rupture in Russian history that caused appalling destruction. This view of 1917 as catastrophic leads to certain key “lessons”: that revolutionary change is inherently destructive and wasteful and that external forces had (and have) a vested interest in weakening Russia from without whenever she is at her most vulnerable. Overall, at the heart of myths over 1917 we find a central occupation with the threat of disintegration and a yearning for stability and normality, highlighting how collective memory interacts with political values and social identity.
Research into post-independence identity shifts among Kazakhstan’s Russian-speaking minorities has outlined a number of possible pathways, such as diasporization, integrated national minority status and ethnic separatism. Drawing on semi-structured interviews with young people in Almaty and Karaganda, I examine how Russian-speaking minorities identify with the state and imagine their place in a ‘soft’ or ‘hybrid’ post-Soviet authoritarian system. What is found is that Russian-speaking minorities largely accept their status beneath the Kazakh ‘elder brother’ and do not wish to identify as a ‘national minority’. Furthermore, they affirm passive loyalty to the political status quo while remaining disinterested in political representation. Russian-speaking minorities are also ambivalent towards Kazakh language promotion and anxious about the increasing presence of Kazakh-speakers in urban spaces. This article argues that two factors are central to these stances among Kazakhstan’s Russian-speaking minorities: the persistence of Soviet legacies and the effects of state discourse and policy since 1991.
Based on more than 100 interviews in European Russia, this article sheds light on the bottom-up dynamics of Russian nationalism. After offering a characterization of the post-2012 “state-civilization” discourse from above, I examine how ordinary people imagine Russia as a “state-civilization.” Interview narratives of inclusion into the nation are found to overlap with state discourse on three main lines: (1) ethno-nationalism is rejected, and Russia is imagined to be a unique, harmonious multi-ethnic space in which the Russians (russkie) lead without repressing the others; (2) Russia’s multinationalism is remembered in myths of peaceful interactions between Russians (russkie) and indigenous ethnic groups (korennyye narodi) across the imperial and Soviet past; (3) Russian culture and language are perceived as the glue that holds together a unified category of nationhood. Interview narratives on exclusion deviate from state discourse in two key areas: attitudes to the North Caucasus reveal the geopolitical-security, post-imperial aspect of the “state-civilization” identity, while stances toward non-Slavic migrants in city spaces reveal a degree of “cultural nationalism” that, while sharing characteristics with those of Western Europe, is also based on Soviet-framed notions of normality. Overall, the article contributes to debates on how Soviet legacies and Russia’s post-imperial consciousness play out in the context of the “pro-Putin consensus.”",344337af31835bf8f44c9f8810e5d2988fa55e58,nob,https://www.nupi.no/om-nupi/medarbeidere/forskere/matthew-blackburn,nupi.no,1735238580000,html,"['Matthew Blackburn', 'Kontaktinfo og filer', 'Sammendrag', 'Matthew Blackburn er seniorforsker i NUPIs forskningsgruppe for Russland, Asia og internasjonal handel. Han er også tilknyttet forsker ved Institute of Russian and Eurasian Studies ved Uppsala universitet. Hans forskningsagenda omfatter politikk i Russland og Eurasia, inkludert både innenrikspolitikk og mellomstatlige relasjoner. Han har forsket på samtidens politiske legitimering og folkelige svar på statsdiskurser, med særlig fokus på hvordan regimer mobiliserer på idénivå og håndterer utfordringene fra nasjonalistisk og populistisk opposisjon. For tiden forsker han på utvikling i russisk politikk under krigen, inkludert det nye forholdet mellom stat og samfunn, offentlig opinion, nasjonalistisk opposisjon og nye statlige ideologiske prosjekter.', 'Blackburn driver også med forskning på samarbeidet mellom Iran, Russland og Kina ved Senter for Geopolitikk og er forskningskoordinator for Civilizationalism-prosjektet ved Stanford University.', 'Akademia viser delte meninger når det gjelder spørsmålet om hvorvidt Putinisme er en helhetlig ideologi. Med beslutningen om å invadere Ukraina krever dette spørsmålet en ny vurdering. Denne artikkelen tolker utviklingen av Putinisme i morfologiske termer og sporer hvordan politiske konsepter har utviklet seg til en distinkt ""tynn"" ideologi. Etter å først folke den opprinnelige dannelsen av Putinismen (2000-2012), analyserer jeg hvordan sammenvevde prosesser av sikkerhetisering og kulturisering har omformet ideologiens kjerne-, grensende- og perifere konsepter. Endringen ble innledet av en diskursiv lukking mellom Kreml og dets ideologiske motstandere ved kritiske vendepunkt i 2012 og 2014. En vektlegging av Putinismens reaktive, hendelsesdrevne dynamikk avslører hvordan den fungerer som en iboende moral som forsterker eksisterende maktnettverk og søker etter å vinne befolkningens lojalitet. Å bevare kultur og sikkerhet har blitt synonymt med å opprettholde Den russiske føderasjonens selve eksistens. Ved iverksettelsen av den ""spesielle militæroperasjonen"" i februar 2022, ble ikke denne ideologien umiddelbart transformert, men heller brukt på et nytt og mer dramatisk nivå. Den ideologiske omkonfigureringen som undersøkes i denne artikkelen må forstås som en avgjørende forløper til beslutningen om å eskalere krigen i Ukraina, noe som dramatisk og uforutsigbart omformer Russlands politiske utvikling.', 'Covid-19-epidemien kom på et sensitivt tidspunkt for Russlands lederskap, som var i ferd med å igangsette en politisk omstart og strukturelle reformer, inkludert et forsøk på å fjerne presidentperiodebegrensninger. Denne artikkelen undersøker hvordan spørsmål knyttet til pandemien genererte nye muligheter for den systemiske opposisjonen, Kommunistpartiet i Den russiske føderasjon, som fremsto som epidemiens viktigste vinnere. Den ofte undervurderte rollen til systemiske opposisjonspartier i valgautoritære systemer, som balanserer mellom «stemme» og «lojalitet» for å gagne både seg selv og regimet, analyseres her i lys av Covid-19-krisen.', 'Det finnes kanskje ikke noe tema som er mer sentralt for konseptet ""postkommunisme"" enn hvordan Sovjetunionens fortid blir husket, utfordret eller glemt. Studier av historisk minne er ofte riktig knyttet til identitetspolitikk og nasjonsbygging. Selv om det brukbare rammeverket fra tidligere er bredt anvendelig på alle moderne stater, er det i det russiske tilfellet en grad av alarmisme og negativitet knyttet til tolkninger av hvordan landet har håndtert sin kommunistiske fortid, særlig med tanke på vold. Et viktig element ved dette er den teologiske forståelsen av fremgangen og betydningen av overgangsparadigmet. Innen minnestudier manifesterer dette seg i dominansen av den kosmopolitiske minnemodusen som den ""riktige"" måten å minnes den voldelige fortiden på. Introduksjonen gjennomgår eksisterende litteratur om Russlands minnepolitikk og peker på tre begrensninger: (1) en overbetoning av det politiske sentrum og manglende evne til å fange opp regionale variasjoner, (2) for stort fokus på tilbudssiden av minnepolitikk, og (3) ensidige fremstillinger av rollen Den store fedrelandskrigen spiller i russisk minnepolitikk. Videre drøfter introduksjonen hvordan bidragene i spesialnummeret til tidsskriftet addresserer disse begrensningene i litteraturen og viser hvordan disse samlet sett bidrar med ideer til ny forskning på minnestudier. I tillegg argumenteres det for hvordan denne nye forskningsagendaen kan gi bedre forståelse av minnerelaterte prosesser og deres forbindelse til bredere ideologiske, kulturelle, sosiale og politiske endringer i Russland.', 'Studien «Norway and Romania: Navigating Information Warfare» utforsker bruken av desinformasjon, propaganda og interferens for å manipulere offentlig diskurs midt i Ukraina-krigen. Den diskuterer hvordan disse taktikkene utnytter historisk sensitivitet og grensesensitivitet for å delegitimere Ukraina og avlede fra de globale økonomiske konsekvensene av russisk aggresjon. Forskningen fremhever hvordan slike strategier prøver å flytte skylden og påvirke internasjonale oppfatninger til fordel for Russland. Studien analyserer hvordan russisk politisk krigføring manifesterer seg i både Norge og Romania, og fokuserer på hvert lands særtrekk. Denne studien er en av leveransene fra FLANKS II-prosjektet utført i smararbeid mellom New Strategy Center i Romania og Norsk Utenrikspolitisk Institutt (NUPI) i Oslo.', 'This paper examines shared ideas, values and interpretations of the past in the “collective memory” of the 1917 October Revolution. Employing a qualitative approach to examine collective memory “from below,” two age cohorts were interviewed in three Russian cities from a variety of social groups in 2014–2015. What was revealed was the existence of a strong positive myth about the pre-revolutionary era of 1900–1914, as well as positive references to the current Putin era. Both eras were “positive” in that Russia was/is a “normal European power,” “on the rise economically” and “respected by the other powers.” In terms of the definitive national trauma, an overwhelming majority viewed the 1917 October Revolution as a break or rupture in Russian history that caused appalling destruction. This view of 1917 as catastrophic leads to certain key “lessons”: that revolutionary change is inherently destructive and wasteful and that external forces had (and have) a vested interest in weakening Russia from without whenever she is at her most vulnerable. Overall, at the heart of myths over 1917 we find a central occupation with the threat of disintegration and a yearning for stability and normality, highlighting how collective memory interacts with political values and social identity.', 'Research into post-independence identity shifts among Kazakhstan’s Russian-speaking minorities has outlined a number of possible pathways, such as diasporization, integrated national minority status and ethnic separatism. Drawing on semi-structured interviews with young people in Almaty and Karaganda, I examine how Russian-speaking minorities identify with the state and imagine their place in a ‘soft’ or ‘hybrid’ post-Soviet authoritarian system. What is found is that Russian-speaking minorities largely accept their status beneath the Kazakh ‘elder brother’ and do not wish to identify as a ‘national minority’. Furthermore, they affirm passive loyalty to the political status quo while remaining disinterested in political representation. Russian-speaking minorities are also ambivalent towards Kazakh language promotion and anxious about the increasing presence of Kazakh-speakers in urban spaces. This article argues that two factors are central to these stances among Kazakhstan’s Russian-speaking minorities: the persistence of Soviet legacies and the effects of state discourse and policy since 1991.', 'Based on more than 100 interviews in European Russia, this article sheds light on the bottom-up dynamics of Russian nationalism. After offering a characterization of the post-2012 “state-civilization” discourse from above, I examine how ordinary people imagine Russia as a “state-civilization.” Interview narratives of inclusion into the nation are found to overlap with state discourse on three main lines: (1) ethno-nationalism is rejected, and Russia is imagined to be a unique, harmonious multi-ethnic space in which the Russians (russkie) lead without repressing the others; (2) Russia’s multinationalism is remembered in myths of peaceful interactions between Russians (russkie) and indigenous ethnic groups (korennyye narodi) across the imperial and Soviet past; (3) Russian culture and language are perceived as the glue that holds together a unified category of nationhood. Interview narratives on exclusion deviate from state discourse in two key areas: attitudes to the North Caucasus reveal the geopolitical-security, post-imperial aspect of the “state-civilization” identity, while stances toward non-Slavic migrants in city spaces reveal a degree of “cultural nationalism” that, while sharing characteristics with those of Western Europe, is also based on Soviet-framed notions of normality. Overall, the article contributes to debates on how Soviet legacies and Russia’s post-imperial consciousness play out in the context of the “pro-Putin consensus.”', 'Nupi.no bruker informasjonskapsler (""cookies"") for å øke kvaliteteten på nettstedet. Les vår personvernerklæring for mer informasjon. Ved å fortsette å bruke nettstedet, aksepterer du vår bruk av informasjonskaplser']","Matthew Blackburn
Kontaktinfo og filer
Sammendrag
Matthew Blackburn er seniorforsker i NUPIs forskningsgruppe for Russland, Asia og internasjonal handel. Han er også tilknyttet forsker ved Institute of Russian and Eurasian Studies ved Uppsala universitet. Hans forskningsagenda omfatter politikk i Russland og Eurasia, inkludert både innenrikspolitikk og mellomstatlige relasjoner. Han har forsket på samtidens politiske legitimering og folkelige svar på statsdiskurser, med særlig fokus på hvordan regimer mobiliserer på idénivå og håndterer utfordringene fra nasjonalistisk og populistisk opposisjon. For tiden forsker han på utvikling i russisk politikk under krigen, inkludert det nye forholdet mellom stat og samfunn, offentlig opinion, nasjonalistisk opposisjon og nye statlige ideologiske prosjekter.
Blackburn driver også med forskning på samarbeidet mellom Iran, Russland og Kina ved Senter for Geopolitikk og er forskningskoordinator for Civilizationalism-prosjektet ved Stanford University.
Akademia viser delte meninger når det gjelder spørsmålet om hvorvidt Putinisme er en helhetlig ideologi. Med beslutningen om å invadere Ukraina krever dette spørsmålet en ny vurdering. Denne artikkelen tolker utviklingen av Putinisme i morfologiske termer og sporer hvordan politiske konsepter har utviklet seg til en distinkt ""tynn"" ideologi. Etter å først folke den opprinnelige dannelsen av Putinismen (2000-2012), analyserer jeg hvordan sammenvevde prosesser av sikkerhetisering og kulturisering har omformet ideologiens kjerne-, grensende- og perifere konsepter. Endringen ble innledet av en diskursiv lukking mellom Kreml og dets ideologiske motstandere ved kritiske vendepunkt i 2012 og 2014. En vektlegging av Putinismens reaktive, hendelsesdrevne dynamikk avslører hvordan den fungerer som en iboende moral som forsterker eksisterende maktnettverk og søker etter å vinne befolkningens lojalitet. Å bevare kultur og sikkerhet har blitt synonymt med å opprettholde Den russiske føderasjonens selve eksistens. Ved iverksettelsen av den ""spesielle militæroperasjonen"" i februar 2022, ble ikke denne ideologien umiddelbart transformert, men heller brukt på et nytt og mer dramatisk nivå. Den ideologiske omkonfigureringen som undersøkes i denne artikkelen må forstås som en avgjørende forløper til beslutningen om å eskalere krigen i Ukraina, noe som dramatisk og uforutsigbart omformer Russlands politiske utvikling.
Covid-19-epidemien kom på et sensitivt tidspunkt for Russlands lederskap, som var i ferd med å igangsette en politisk omstart og strukturelle reformer, inkludert et forsøk på å fjerne presidentperiodebegrensninger. Denne artikkelen undersøker hvordan spørsmål knyttet til pandemien genererte nye muligheter for den systemiske opposisjonen, Kommunistpartiet i Den russiske føderasjon, som fremsto som epidemiens viktigste vinnere. Den ofte undervurderte rollen til systemiske opposisjonspartier i valgautoritære systemer, som balanserer mellom «stemme» og «lojalitet» for å gagne både seg selv og regimet, analyseres her i lys av Covid-19-krisen.
Det finnes kanskje ikke noe tema som er mer sentralt for konseptet ""postkommunisme"" enn hvordan Sovjetunionens fortid blir husket, utfordret eller glemt. Studier av historisk minne er ofte riktig knyttet til identitetspolitikk og nasjonsbygging. Selv om det brukbare rammeverket fra tidligere er bredt anvendelig på alle moderne stater, er det i det russiske tilfellet en grad av alarmisme og negativitet knyttet til tolkninger av hvordan landet har håndtert sin kommunistiske fortid, særlig med tanke på vold. Et viktig element ved dette er den teologiske forståelsen av fremgangen og betydningen av overgangsparadigmet. Innen minnestudier manifesterer dette seg i dominansen av den kosmopolitiske minnemodusen som den ""riktige"" måten å minnes den voldelige fortiden på. Introduksjonen gjennomgår eksisterende litteratur om Russlands minnepolitikk og peker på tre begrensninger: (1) en overbetoning av det politiske sentrum og manglende evne til å fange opp regionale variasjoner, (2) for stort fokus på tilbudssiden av minnepolitikk, og (3) ensidige fremstillinger av rollen Den store fedrelandskrigen spiller i russisk minnepolitikk. Videre drøfter introduksjonen hvordan bidragene i spesialnummeret til tidsskriftet addresserer disse begrensningene i litteraturen og viser hvordan disse samlet sett bidrar med ideer til ny forskning på minnestudier. I tillegg argumenteres det for hvordan denne nye forskningsagendaen kan gi bedre forståelse av minnerelaterte prosesser og deres forbindelse til bredere ideologiske, kulturelle, sosiale og politiske endringer i Russland.
Studien «Norway and Romania: Navigating Information Warfare» utforsker bruken av desinformasjon, propaganda og interferens for å manipulere offentlig diskurs midt i Ukraina-krigen. Den diskuterer hvordan disse taktikkene utnytter historisk sensitivitet og grensesensitivitet for å delegitimere Ukraina og avlede fra de globale økonomiske konsekvensene av russisk aggresjon. Forskningen fremhever hvordan slike strategier prøver å flytte skylden og påvirke internasjonale oppfatninger til fordel for Russland. Studien analyserer hvordan russisk politisk krigføring manifesterer seg i både Norge og Romania, og fokuserer på hvert lands særtrekk. Denne studien er en av leveransene fra FLANKS II-prosjektet utført i smararbeid mellom New Strategy Center i Romania og Norsk Utenrikspolitisk Institutt (NUPI) i Oslo.
This paper examines shared ideas, values and interpretations of the past in the “collective memory” of the 1917 October Revolution. Employing a qualitative approach to examine collective memory “from below,” two age cohorts were interviewed in three Russian cities from a variety of social groups in 2014–2015. What was revealed was the existence of a strong positive myth about the pre-revolutionary era of 1900–1914, as well as positive references to the current Putin era. Both eras were “positive” in that Russia was/is a “normal European power,” “on the rise economically” and “respected by the other powers.” In terms of the definitive national trauma, an overwhelming majority viewed the 1917 October Revolution as a break or rupture in Russian history that caused appalling destruction. This view of 1917 as catastrophic leads to certain key “lessons”: that revolutionary change is inherently destructive and wasteful and that external forces had (and have) a vested interest in weakening Russia from without whenever she is at her most vulnerable. Overall, at the heart of myths over 1917 we find a central occupation with the threat of disintegration and a yearning for stability and normality, highlighting how collective memory interacts with political values and social identity.
Research into post-independence identity shifts among Kazakhstan’s Russian-speaking minorities has outlined a number of possible pathways, such as diasporization, integrated national minority status and ethnic separatism. Drawing on semi-structured interviews with young people in Almaty and Karaganda, I examine how Russian-speaking minorities identify with the state and imagine their place in a ‘soft’ or ‘hybrid’ post-Soviet authoritarian system. What is found is that Russian-speaking minorities largely accept their status beneath the Kazakh ‘elder brother’ and do not wish to identify as a ‘national minority’. Furthermore, they affirm passive loyalty to the political status quo while remaining disinterested in political representation. Russian-speaking minorities are also ambivalent towards Kazakh language promotion and anxious about the increasing presence of Kazakh-speakers in urban spaces. This article argues that two factors are central to these stances among Kazakhstan’s Russian-speaking minorities: the persistence of Soviet legacies and the effects of state discourse and policy since 1991.
Based on more than 100 interviews in European Russia, this article sheds light on the bottom-up dynamics of Russian nationalism. After offering a characterization of the post-2012 “state-civilization” discourse from above, I examine how ordinary people imagine Russia as a “state-civilization.” Interview narratives of inclusion into the nation are found to overlap with state discourse on three main lines: (1) ethno-nationalism is rejected, and Russia is imagined to be a unique, harmonious multi-ethnic space in which the Russians (russkie) lead without repressing the others; (2) Russia’s multinationalism is remembered in myths of peaceful interactions between Russians (russkie) and indigenous ethnic groups (korennyye narodi) across the imperial and Soviet past; (3) Russian culture and language are perceived as the glue that holds together a unified category of nationhood. Interview narratives on exclusion deviate from state discourse in two key areas: attitudes to the North Caucasus reveal the geopolitical-security, post-imperial aspect of the “state-civilization” identity, while stances toward non-Slavic migrants in city spaces reveal a degree of “cultural nationalism” that, while sharing characteristics with those of Western Europe, is also based on Soviet-framed notions of normality. Overall, the article contributes to debates on how Soviet legacies and Russia’s post-imperial consciousness play out in the context of the “pro-Putin consensus.”
Nupi.no bruker informasjonskapsler (""cookies"") for å øke kvaliteteten på nettstedet. Les vår personvernerklæring for mer informasjon. Ved å fortsette å bruke nettstedet, aksepterer du vår bruk av informasjonskaplser",Something is wrong,False,151,2026-01-09 09:59:06.750844+00:00,2026-01-09 09:34:09.609885+00:00,65df3852a07173d47481c8a26fbc229bdb629115344337af31835bf8f44c9f8810e5d2988fa55e58,Almost parallel
3,67e3550a330e3d612a4a5ffe5070bcb81887f053,eng,https://www.ssb.no/a/english/kortnavn/flytting_en/tab-2012-05-11-08-en.html,ssb.no,1735572674000,html,"['Refers to net in-migration/out-migration for the region in the text column. Example: Hedmark/Oppland had a net out-migration versus Akershus/Oslo (22), and Akershus/Oslo had a net in-migration versus Hedmark/Oppland (22). Western Norway had a net out-migration versus Akershus/Oslo (948), and Akershus/Oslo had a net in-migration versus Western Norway (948). Totally, Akershus/Oslo had a net in-migration of 2 233 from other regions.']","Refers to net in-migration/out-migration for the region in the text column. Example: Hedmark/Oppland had a net out-migration versus Akershus/Oslo (22), and Akershus/Oslo had a net in-migration versus Hedmark/Oppland (22). Western Norway had a net out-migration versus Akershus/Oslo (948), and Akershus/Oslo had a net in-migration versus Western Norway (948). Totally, Akershus/Oslo had a net in-migration of 2 233 from other regions.",f9d6972ebeb63545887cb901eb528ef722da1d9a,nno,https://www.ssb.no/a/english/kortnavn/flytting_en/arkiv/tab-2001-08-22-11-en.html,ssb.no,1735572987000,html,"['Refers to net in-migration/out-migration for the region in the text column. Example: Hedmark/Oppland had a net in-migration versus Akershus/Oslo (714), and Akershus/Oslo had a net out-migration versus Hedmark/Oppland (714). Western Norway had a net out-migration versus Akershus/Oslo (1 190), and Akershus/Oslo had a net in-migration versus Western Norway (1 190). Totally, Akershus/Oslo had a net out-migration of 214 from other regions.', '2', 'Regions: Akershus/ Oslo (Akershus and Oslo). Hedmark/Oppland (Hedmark and Oppland). South Eastern Norway (Østfold, Buskerud, Vestfold and Telemark). Agder-Rogaland (Aust-Agder, Vest-Agder and Rogaland). Western Norway (Hordaland, Sogn og Fjordane and Møre og Romsdal). Trøndelag (Sør-Trøndelag and Nord-Trøndelag). Northern Norway (Nordland, Troms and Finnmark).']","Refers to net in-migration/out-migration for the region in the text column. Example: Hedmark/Oppland had a net in-migration versus Akershus/Oslo (714), and Akershus/Oslo had a net out-migration versus Hedmark/Oppland (714). Western Norway had a net out-migration versus Akershus/Oslo (1 190), and Akershus/Oslo had a net in-migration versus Western Norway (1 190). Totally, Akershus/Oslo had a net out-migration of 214 from other regions.
2
Regions: Akershus/ Oslo (Akershus and Oslo). Hedmark/Oppland (Hedmark and Oppland). South Eastern Norway (Østfold, Buskerud, Vestfold and Telemark). Agder-Rogaland (Aust-Agder, Vest-Agder and Rogaland). Western Norway (Hordaland, Sogn og Fjordane and Møre og Romsdal). Trøndelag (Sør-Trøndelag and Nord-Trøndelag). Northern Norway (Nordland, Troms and Finnmark).",Not parallell,False,150,2026-01-09 09:57:23.757643+00:00,2026-01-09 09:34:09.609681+00:00,67e3550a330e3d612a4a5ffe5070bcb81887f053f9d6972ebeb63545887cb901eb528ef722da1d9a,Something is wrong
121,8a12792985dcfcffe4898c43ec895a0eddbbccc7,nno,https://www.digitalarkivet.no/nn/source/15957,digitalarkivet.no,1735613504000,html,"['Ministerialbok for Volda prestegjeld 1787-1816 (1519P)', 'Geografi', 'Dalsfjord, Volda, Ørsta', 'Merknadar', 'Annen liste, fol. 180-194: Inneholder dagsregister, antall kommunikanter og introduserte for åra 1822-1832. Annen liste, fol. 195: Statistikk år 1832-1838. Annen liste, uten sidetall: Tiendeliste. Annen liste, siste side: Liste over soldater i ""Woldens Compagnie"" som er blitt nektet attester.', 'Lukk Informasjon om informasjonskapslar (cookies) Arkivverket brukar cookies (informasjonskapslar) på sine nettsider for å levere ei betre teneste. Dei brukast til mellom anna skjemaoppdateringar og innlogging. Bruk sida som normalt, eller lukk informasjonsboksen for å akseptere bruk av cookies. Les meir om korleis du styrer informasjonskapslar (cookies)']","Ministerialbok for Volda prestegjeld 1787-1816 (1519P)
Geografi
Dalsfjord, Volda, Ørsta
Merknadar
Annen liste, fol. 180-194: Inneholder dagsregister, antall kommunikanter og introduserte for åra 1822-1832. Annen liste, fol. 195: Statistikk år 1832-1838. Annen liste, uten sidetall: Tiendeliste. Annen liste, siste side: Liste over soldater i ""Woldens Compagnie"" som er blitt nektet attester.
Lukk Informasjon om informasjonskapslar (cookies) Arkivverket brukar cookies (informasjonskapslar) på sine nettsider for å levere ei betre teneste. Dei brukast til mellom anna skjemaoppdateringar og innlogging. Bruk sida som normalt, eller lukk informasjonsboksen for å akseptere bruk av cookies. Les meir om korleis du styrer informasjonskapslar (cookies)",1ebd435b0c3a9e4312046fe20555f8eff9395c3b,nob,https://www.digitalarkivet.no/source/15957,digitalarkivet.no,1735603799000,html,"['Ministerialbok for Volda prestegjeld 1787-1816 (1519P)', 'Geografi', 'Dalsfjord, Volda, Ørsta', 'Merknader', 'Annen liste, fol. 180-194: Inneholder dagsregister, antall kommunikanter og introduserte for åra 1822-1832. Annen liste, fol. 195: Statistikk år 1832-1838. Annen liste, uten sidetall: Tiendeliste. Annen liste, siste side: Liste over soldater i ""Woldens Compagnie"" som er blitt nektet attester.', 'Lukk Informasjon om cookies Arkivverket bruker cookies (informasjonskapsler) på sine nettsider for å levere en bedre tjeneste. De brukes til bl.a. skjemaoppdateringer og innlogging. Bruk siden som normalt, eller lukk informasjonsboksen for å akseptere bruk av cookies. Les mer om hvordan du styrer cookies.']","Ministerialbok for Volda prestegjeld 1787-1816 (1519P)
Geografi
Dalsfjord, Volda, Ørsta
Merknader
Annen liste, fol. 180-194: Inneholder dagsregister, antall kommunikanter og introduserte for åra 1822-1832. Annen liste, fol. 195: Statistikk år 1832-1838. Annen liste, uten sidetall: Tiendeliste. Annen liste, siste side: Liste over soldater i ""Woldens Compagnie"" som er blitt nektet attester.
Lukk Informasjon om cookies Arkivverket bruker cookies (informasjonskapsler) på sine nettsider for å levere en bedre tjeneste. De brukes til bl.a. skjemaoppdateringer og innlogging. Bruk siden som normalt, eller lukk informasjonsboksen for å akseptere bruk av cookies. Les mer om hvordan du styrer cookies.",Almost parallel,False,399,2025-10-10 11:27:59.148763+00:00,2025-10-10 11:14:31.675249+00:00,8a12792985dcfcffe4898c43ec895a0eddbbccc71ebd435b0c3a9e4312046fe20555f8eff9395c3b,Something is wrong
122,9f9bd4eed12b46135dd46d5828da5aa733a2fadd,eng,https://www.oslomet.no/en/ul/support,oslomet.no,1734372769000,html,"['Service support from the library', 'The University Library is undergoing changes to ensure equal and good services. Previously, you were able to contact the library via a subject librarian. This arrangement has now been discontinued.', 'For services where you have previously received help from your subject librarian, you can now contact us via the following channels:', 'Teaching: If you want to book the library into your teaching, contact email-removed@email-removed.no We offer teaching in for example sources and referencing, Zotero, academic writing and literature searches.', 'Support services for researchers and PhD candidates: If you have questions related to your research, for example about academic writing in English, bibliometrics, literature searches, publishing, the section for Research Support Services can help you.', 'Purchase suggestions: If you have suggestions for literature or digital resources that the library should have in its collection, you can send the suggestions to email-removed@email-removed.no', 'You are always welcome to contact us by e-mail (email-removed@email-removed.no) or visit us at one of our four lending locations.', 'We want to be a useful partner for you in your working day, and welcome feedback and input on the service offer.']","Service support from the library
The University Library is undergoing changes to ensure equal and good services. Previously, you were able to contact the library via a subject librarian. This arrangement has now been discontinued.
For services where you have previously received help from your subject librarian, you can now contact us via the following channels:
Teaching: If you want to book the library into your teaching, contact email-removed@email-removed.no We offer teaching in for example sources and referencing, Zotero, academic writing and literature searches.
Support services for researchers and PhD candidates: If you have questions related to your research, for example about academic writing in English, bibliometrics, literature searches, publishing, the section for Research Support Services can help you.
Purchase suggestions: If you have suggestions for literature or digital resources that the library should have in its collection, you can send the suggestions to email-removed@email-removed.no
You are always welcome to contact us by e-mail (email-removed@email-removed.no) or visit us at one of our four lending locations.
We want to be a useful partner for you in your working day, and welcome feedback and input on the service offer.",1b53ece523aca6f7bd53c3672bdd13ff1ef60645,nno,https://www.oslomet.no/ub/tilbod,oslomet.no,1734369877000,html,"['Undervisningstilbod frå biblioteket', 'Nokre tenester frå Universitetsbiblioteket til tilsette.', 'Universitetsbiblioteket gjennomfører hausten 2024 ein tenesteutviklingsprosess for å sikre likeverdige og gode tenester. Tidlegare har du kunne kontakte biblioteket via ein kontaktbibliotekar. Denne ordninga er no avvikla.', 'For tenester der du tidlegare har fått hjelp av kontaktbibliotekaren din kan du no ta kontakt via følgjande kanalar:', 'Undervisning: Ønsker du å booke inn biblioteket i undervisninga di, ta kontakt på email-removed@email-removed.no Vi tilbyr mellom anna undervisning i kjeldebruk og referering, Zotero, oppgåveskriving, studieteknikk og litteratursøk.', 'Tilbod til forskarar og ph.d.-kandidatar: Har du spørsmål knytt til forskinga di, eksempelvis om akademisk skriving på engelsk, bibliometri, litteratursøk til kunnskapsoppsummeringar, publisering, med meir, kan seksjon for forskingsstøtte hjelpe deg. Informasjon om forskingsstøtte.', 'Forslag til innkjøp: Har du forslag til litteratur eller digitale ressursar biblioteket bør ha i samlinga, kan du sende forslag til email-removed@email-removed.no', 'Du er alltid velkommen til å kontakte oss på e-post (email-removed@email-removed.no) eller komme innom oss i skranken på eit av dei fire utlånsstadene våre.', 'Vi ønsker å vere ein nyttig samarbeidspartnar for deg i arbeidskvardagen din, og tek gjerne mot tilbakemeldingar og innspel på tenestetilbodet.']","Undervisningstilbod frå biblioteket
Nokre tenester frå Universitetsbiblioteket til tilsette.
Universitetsbiblioteket gjennomfører hausten 2024 ein tenesteutviklingsprosess for å sikre likeverdige og gode tenester. Tidlegare har du kunne kontakte biblioteket via ein kontaktbibliotekar. Denne ordninga er no avvikla.
For tenester der du tidlegare har fått hjelp av kontaktbibliotekaren din kan du no ta kontakt via følgjande kanalar:
Undervisning: Ønsker du å booke inn biblioteket i undervisninga di, ta kontakt på email-removed@email-removed.no Vi tilbyr mellom anna undervisning i kjeldebruk og referering, Zotero, oppgåveskriving, studieteknikk og litteratursøk.
Tilbod til forskarar og ph.d.-kandidatar: Har du spørsmål knytt til forskinga di, eksempelvis om akademisk skriving på engelsk, bibliometri, litteratursøk til kunnskapsoppsummeringar, publisering, med meir, kan seksjon for forskingsstøtte hjelpe deg. Informasjon om forskingsstøtte.
Forslag til innkjøp: Har du forslag til litteratur eller digitale ressursar biblioteket bør ha i samlinga, kan du sende forslag til email-removed@email-removed.no
Du er alltid velkommen til å kontakte oss på e-post (email-removed@email-removed.no) eller komme innom oss i skranken på eit av dei fire utlånsstadene våre.
Vi ønsker å vere ein nyttig samarbeidspartnar for deg i arbeidskvardagen din, og tek gjerne mot tilbakemeldingar og innspel på tenestetilbodet.",Parallell,False,422,2025-10-13 07:53:54.675323+00:00,2025-10-10 11:14:31.677001+00:00,9f9bd4eed12b46135dd46d5828da5aa733a2fadd1b53ece523aca6f7bd53c3672bdd13ff1ef60645,Almost parallel
38,a0d22580e77cd8c8a7f344717dee758d2e6b83e6,nno,https://ansatt.nmh.no/mitt-arbeidsforhold/velferd/mat-og-drikke,nmh.no,1734514531000,html,"['Mat og drikke', 'For å fungere godt, må du få i deg næring. Kantina på NMH heiter Coda spiseri. Når kantina er stengd kan du kjøpe mat frå automatane.', 'Coda spiseri', 'Kantina, Coda spiseri, blir drifta av Studentsamskipnaden i Oslo. Studentar og tilsette ved NMH har delteke i utviklinga av den nye kantinaløysinga, som SiO har vore prosjektleiar for. Coda spiseri har nytt produksjonskjøkken, nytt salsområde og nye møbel og lyssetting.']","Mat og drikke
For å fungere godt, må du få i deg næring. Kantina på NMH heiter Coda spiseri. Når kantina er stengd kan du kjøpe mat frå automatane.
Coda spiseri
Kantina, Coda spiseri, blir drifta av Studentsamskipnaden i Oslo. Studentar og tilsette ved NMH har delteke i utviklinga av den nye kantinaløysinga, som SiO har vore prosjektleiar for. Coda spiseri har nytt produksjonskjøkken, nytt salsområde og nye møbel og lyssetting.",53a573d628e1afa580985befdc0b37494f29e883,nob,https://student.nmh.no/livet-rundt-studiene/velferd-helse/mat-og-drikke,nmh.no,1734512219000,html,"['Mat og drikke', 'For å fungere godt som student, må du få i deg næring. Kantina på NMH heter Coda spiseri. Når kantina er stengt kan du kjøpe mat fra automatene.', 'Coda spiseri', 'Coda spiseri og driftes av Studentsamskipnaden i Oslo, og er nytt ved oppstart 2022. Studenter og ansatte ved NMH har deltatt i utviklingen av den nye kantinaløsningen, som SiO har vært prosjektleder for. Coda spiseri har nytt produksjonskjøkken, nytt salgsområde og nye møbler og belysning.']","Mat og drikke
For å fungere godt som student, må du få i deg næring. Kantina på NMH heter Coda spiseri. Når kantina er stengt kan du kjøpe mat fra automatene.
Coda spiseri
Coda spiseri og driftes av Studentsamskipnaden i Oslo, og er nytt ved oppstart 2022. Studenter og ansatte ved NMH har deltatt i utviklingen av den nye kantinaløsningen, som SiO har vært prosjektleder for. Coda spiseri har nytt produksjonskjøkken, nytt salgsområde og nye møbler og belysning.",Parallell,False,185,2026-01-14 12:08:25.605765+00:00,2026-01-09 09:34:09.616199+00:00,a0d22580e77cd8c8a7f344717dee758d2e6b83e653a573d628e1afa580985befdc0b37494f29e883,Almost parallel
16,a835653f6c59a1ed91b71121cae4c82b4042cb88,eng,https://www.uia.no/studier/for-studenter/eksamen/dokumenter-eksamen/ma_engelsk_ny.docx,uia.no,1734443099000,doc,"['This is the title', 'This is the title', 'The author’s full name', 'The author’s full name', 'This thesis could have a subtitle that often could be somewhat longer than the title, and also stretches over several lines.', 'This thesis could have a subtitle that often could be somewhat longer than the title, and also stretches over several lines.', 'University of Agder, [year]', 'Faculty of [Faculty Name]', 'Department of [Department Name]', 'Course code: [course code]  ', 'Course name: [course name]  ', 'ECTS credits: [ECTS credits]  ', 'University of Agder, [year]', 'Faculty of [Faculty Name]', 'Department of [Department Name]', 'Course code: [course code]  ', 'Course name: [course name]  ', 'ECTS credits: [ECTS credits]  ', 'SUPERVISOR', 'Supervisor’s full name', 'SUPERVISOR', 'Supervisor’s full name']","This is the title
This is the title
The author’s full name
The author’s full name
This thesis could have a subtitle that often could be somewhat longer than the title, and also stretches over several lines.
This thesis could have a subtitle that often could be somewhat longer than the title, and also stretches over several lines.
University of Agder, [year]
Faculty of [Faculty Name]
Department of [Department Name]
Course code: [course code]  
Course name: [course name]  
ECTS credits: [ECTS credits]  
University of Agder, [year]
Faculty of [Faculty Name]
Department of [Department Name]
Course code: [course code]  
Course name: [course name]  
ECTS credits: [ECTS credits]  
SUPERVISOR
Supervisor’s full name
SUPERVISOR
Supervisor’s full name",6947bfaa7acc384451c69672b8f9d5fca7218eb2,nob,https://www.uia.no/studier/for-studenter/eksamen/dokumenter-eksamen/ma-bokmal_ny.docx,uia.no,1734443094000,doc,"['Forfatterens navn', 'Forfatterens navn', 'Denne oppgaven kan i tillegg ha en undertittel som ofte kan være noe lengre, og i noen tilfeller gå over flere linjer.', 'Denne oppgaven kan i tillegg ha en undertittel som ofte kan være noe lengre, og i noen tilfeller gå over flere linjer.', 'Dette er oppgavens hovedtittel ', 'Dette er oppgavens hovedtittel ', 'Universitetet i Agder, [år]', 'Fakultet for [fakultetsnavn]', 'Institutt for [instituttnavn]', 'Emnekode: [emnekode]  ', 'Emnenavn: [emnenavn]  ', 'Studiepoeng: [studiepoeng]  ', 'Universitetet i Agder, [år]', 'Fakultet for [fakultetsnavn]', 'Institutt for [instituttnavn]', 'Emnekode: [emnekode]  ', 'Emnenavn: [emnenavn]  ', 'Studiepoeng: [studiepoeng]  ', 'Veileder', 'Fornavn Etternavn', 'Veileder', 'Fornavn Etternavn']","Forfatterens navn
Forfatterens navn
Denne oppgaven kan i tillegg ha en undertittel som ofte kan være noe lengre, og i noen tilfeller gå over flere linjer.
Denne oppgaven kan i tillegg ha en undertittel som ofte kan være noe lengre, og i noen tilfeller gå over flere linjer.
Dette er oppgavens hovedtittel 
Dette er oppgavens hovedtittel 
Universitetet i Agder, [år]
Fakultet for [fakultetsnavn]
Institutt for [instituttnavn]
Emnekode: [emnekode]  
Emnenavn: [emnenavn]  
Studiepoeng: [studiepoeng]  
Universitetet i Agder, [år]
Fakultet for [fakultetsnavn]
Institutt for [instituttnavn]
Emnekode: [emnekode]  
Emnenavn: [emnenavn]  
Studiepoeng: [studiepoeng]  
Veileder
Fornavn Etternavn
Veileder
Fornavn Etternavn",Not parallell,False,163,2026-01-14 10:21:19.446284+00:00,2026-01-09 09:34:09.610958+00:00,a835653f6c59a1ed91b71121cae4c82b4042cb886947bfaa7acc384451c69672b8f9d5fca7218eb2,Almost parallel
31,abbf746442de6bcc379be5f7459e04b594d3e5e7,eng,https://www.digitalarkivet.no/en/source/117507,digitalarkivet.no,1735877559000,html,"['Kriegsmarine Norwegen, Unterseeboote, Gerätesoll, no. 7.1: Requirements for equipment and spare parts for electrical systems, submarines type VII C, ""U-995"" (125), 1942', 'Geography', 'Hele Norge', 'Municipality (1947):', 'Hele Norge', 'Remarks', 'Tysk: Skizzenanhang zum Geräte- und Ersatzteil-Soll für elektrische Analgen, Untersee-Boote Typ VII C, ""U-995"" (125) ; Norsk: Krav til utstyr og reservedeler til elektriske systemer, ubåter type VII C, ""U-995"" (125)', 'Close Information concerning cookies The National Archives use cookies to improve services for our users. The cookie usage include form updates and login. Continue to browse as normal or close this information box to agree to our use of cookies. More information on how to manage cookies.']","Kriegsmarine Norwegen, Unterseeboote, Gerätesoll, no. 7.1: Requirements for equipment and spare parts for electrical systems, submarines type VII C, ""U-995"" (125), 1942
Geography
Hele Norge
Municipality (1947):
Hele Norge
Remarks
Tysk: Skizzenanhang zum Geräte- und Ersatzteil-Soll für elektrische Analgen, Untersee-Boote Typ VII C, ""U-995"" (125) ; Norsk: Krav til utstyr og reservedeler til elektriske systemer, ubåter type VII C, ""U-995"" (125)
Close Information concerning cookies The National Archives use cookies to improve services for our users. The cookie usage include form updates and login. Continue to browse as normal or close this information box to agree to our use of cookies. More information on how to manage cookies.",2a720466f2b93e52156a2b0362228713641e89f1,nob,https://www.digitalarkivet.no/source/117507,digitalarkivet.no,1735724727000,html,"['Kriegsmarine Norwegen, Unterseeboote, Gerätesoll, nr. 7.1: Krav til utstyr og reservedeler til elektriske systemer, ubåter type VII C, ""U-995"" (125), 1942', 'Geografi', 'Hele Norge', 'Kommune (1947):', 'Hele Norge', 'Merknader', 'Tysk: Skizzenanhang zum Geräte- und Ersatzteil-Soll für elektrische Analgen, Untersee-Boote Typ VII C, ""U-995"" (125) ; Norsk: Krav til utstyr og reservedeler til elektriske systemer, ubåter type VII C, ""U-995"" (125)', 'Lukk Informasjon om cookies Arkivverket bruker cookies (informasjonskapsler) på sine nettsider for å levere en bedre tjeneste. De brukes til bl.a. skjemaoppdateringer og innlogging. Bruk siden som normalt, eller lukk informasjonsboksen for å akseptere bruk av cookies. Les mer om hvordan du styrer cookies.']","Kriegsmarine Norwegen, Unterseeboote, Gerätesoll, nr. 7.1: Krav til utstyr og reservedeler til elektriske systemer, ubåter type VII C, ""U-995"" (125), 1942
Geografi
Hele Norge
Kommune (1947):
Hele Norge
Merknader
Tysk: Skizzenanhang zum Geräte- und Ersatzteil-Soll für elektrische Analgen, Untersee-Boote Typ VII C, ""U-995"" (125) ; Norsk: Krav til utstyr og reservedeler til elektriske systemer, ubåter type VII C, ""U-995"" (125)
Lukk Informasjon om cookies Arkivverket bruker cookies (informasjonskapsler) på sine nettsider for å levere en bedre tjeneste. De brukes til bl.a. skjemaoppdateringer og innlogging. Bruk siden som normalt, eller lukk informasjonsboksen for å akseptere bruk av cookies. Les mer om hvordan du styrer cookies.",Parallell,False,178,2026-01-14 12:01:11.682494+00:00,2026-01-09 09:34:09.615214+00:00,abbf746442de6bcc379be5f7459e04b594d3e5e72a720466f2b93e52156a2b0362228713641e89f1,Something is wrong
127,b9c030f1f892febfde71c4c46189afd5f6e53e4e,eng,https://www.oslomet.no/en/about/employee/kariaie/,oslomet.no,1734385881000,html,"['About', 'Professor at Department of Physiotherapy, Faculty of Health Sciences, OsloMet and at Department of Clinical and Molecular Medicine, NTNU. Primarily doing research on low birth weight children and long-term consequences of preterm birth. Teaching and supervising Master and PhD students. Head of the research group NTNU Low Birth Weight Life at NTNU, Trondheim, Norway, and have extensive international collaboration through the network Adults born Preterm International Collaboration (APIC) and the EU funded project Research on Children and Adolescents born Preterm (RECAP preterm).', 'Taiar, Hoda; Benum, Silje Dahl; Aakvik, Kristina Anna Djupvik; Evensen, Kari Anne Indredavik (2024). Motor outcomes in individuals born small for gestational age at term: a systematic review. BMC Pediatrics. Vol. 24. https://doi.org/10.1186/s12887-024-05187-y', 'Kulmala, Maarit K.; Jørgensen, Anna Perregaard Munch; Austeng, Dordi Kristine; Evensen, Kari Anne Indredavik ; Kajantie, Eero Olavi; Morken, Tora Sund; Majander, Anna (2024). Imprint of preterm birth with very low birth weight on optic disc OCT in adulthood—A two-country birth cohort study. Acta Ophthalmologica. https://doi.org/10.1111/aos.16771', 'Fjørtoft, Toril Synnøve Larsson; Brandal, Merethe; Adde, Lars; Osland, Siril; Rygh, Hilde; Ustad, Tordis; Evensen, Kari Anne Indredavik (2024). Neurodevelopmental outcome at two years of age and predictive value of General Movement Assessment in infants exposed to alcohol and/or drugs during pregnancy: a prospective cohort study. BMC Pediatrics. Vol. 24. https://doi.org/10.1186/s12887-024-05046-w', 'Jørgensen, Anna Perregaard Munch; Kulmala, Maarit; Austeng, Dordi Kristine; Evensen, Kari Anne Indredavik ; Kajantie, Eero Olavi; Majander, Anna; Morken, Tora Sund (2024). Foveal thickness and its association with visual acuity in adults born preterm with very low birth weight: A two-country birth cohort study. Acta Ophthalmologica. https://doi.org/10.1111/aos.16725', 'Benum, Silje Dahl; Aakvik, Kristina Anna Djupvik; Jørgensen, Anna Perregaard Munch; Jussinniemi, Laura; Kulmala, Maarit; Vollsæter, Maria; Kajantie, Eero Olavi; Evensen, Kari Anne Indredavik (2024). Motor abilities in adults born with very low birthweight: A study of two birth cohorts from Finland and Norway. Developmental Medicine & Child Neurology. https://doi.org/10.1111/dmcn.15883', 'Mehl, Cathrin Vano; Lærum, Astrid Merete Winsnes; Reitan, Solveig Klæbo; Indredavik, Marit Sæbø; Evensen, Kari Anne Indredavik (2024). Self-reported mental health difficulties were of limited use when screening for psychiatric diagnoses in adults born small for gestational age at term. Acta Paediatrica. https://doi.org/10.1111/apa.17145', 'Aakvik, Kristina Anna Djupvik; Benum, Silje Dahl; Tikanmäki, Marjaana; Hovi, Petteri; Räikkönen, Katri; Harris, Sarah L.; Woodward, Lianne J.; Darlow, Brian A.; Indredavik, Marit Sæbø; Lydersen, Stian; Mork, Paul Jarle; Kajantie, Eero Olavi; Evensen, Kari Anne Indredavik (2024). Physical activity and cognitive function in adults born very preterm or with very low birth weight–an individual participant data meta-analysis. PLOS ONE. Vol. 19. https://doi.org/10.1371/journal.pone.0298311', 'Ingvaldsen, Sigrid Hegna; Jørgensen, Anna Perregaard Munch; Grøtting, Arnstein; Sand, Trond Halfdan; Eikenes, Live; Håberg, Asta; Indredavik, Marit Sæbø; Lydersen, Stian; Austeng, Dordi Kristine; Morken, Tora Sund; Evensen, Kari Anne Indredavik (2024). Visual outcomes and their association with grey and white matter microstructure in adults born preterm with very low birth weight. 13 p. Scientific Reports. Vol. 14. https://doi.org/10.1038/s41598-024-52836-4', 'These publications are obtained from Cristin. The list may be incomplete', 'Research reports', 'Evensen, Kari A. Indredavik ; Vik, Torstein; Brubakk, Ann-Mari; Skranes, Jon (2010). Born too soon or too small: Motor problems in adolescence. ISBN: 978-82-471-2057-6. 114 p. Doktoravhandlinger ved NTNU.', 'These publications are obtained from Cristin. The list may be incomplete', 'Dissemination', 'Paulsen, Henriette ; Ustad, Tordis; Sørvoll, Marit; Øberg, Gunn Kristin; Evensen, Kari Anne Indredavik (2024). Motor function at school age in very preterm children: A follow-up of a randomised controlled trial. European Academy of Childhood Disability 2024. EACD.', 'Benum, Silje Dahl; Aakvik, Kristina Anna Djupvik; Mehl, Cathrin Vano; Kongsvold, Atle; Vollsæter, Maria; Lydersen, Stian; Mork, Paul Jarle; Kajantie, Eero Olavi; Evensen, Kari Anne Indredavik (2024). Physical Activity in Adults Born Preterm with Very Low Birth Weight. Pediatric Academic Societies Meeting .', 'Jørgensen, Anna Perregaard Munch; Kulmala, Maarit; Austeng, Dordi Kristine; Sand, Trond; Grøtting, Arnstein; Evensen, Kari Anne Indredavik ; Kajantie, Eero; Majander, Anna; Morken, Tora Sund (2024). Visual pathway function in adults born preterm with very low birth weight - a two-country birth cohort study. Sigrid Jusélius Symposium: Preterm birth – etiology and prevention, neonatal care and lifelong outcomes. Sigrid Jusélius Stiftelse.', 'Jørgensen, Anna Perregaard Munch; Grøtting, Arnstein; Eikenes, Live; Håberg, Asta Kristine; Lydersen, Stian; Austeng, Dordi Kristine; Morken, Tora Sund; Evensen, Kari Anne Indredavik (2023). Visual Outcomes and Their Association With Grey and White Matter Microstructure in Adults Born Preterm With Very Low Birth Weight. Pediatric Academic Society Meeting 2024. PAS Commitee.', 'Jussinniemi, Laura; Kajantie, Eero Olavi; Kulmala, Maarit; Aakvik, Kristina Anna Djupvik; Benum, Silje Dahl; Jørgensen, Anna Perregaard Munch; Evensen, Kari Anne Indredavik (2023). Body composition in adults born preterm with very low birth weight; mid-adulthood outcomes from a two-country birth cohort study. Pediatric Academic Societies Meeting 2023. Pediatric Academic Societies .', 'Jussinniemi, Laura; Evensen, Kari Anne Indredavik ; Kajantie, Eero Olavi (2023). IPD update: Handgrip strength. APIC meeting 2023 Washington D.C.. Adults Born Preterm International Collaboration (APIC).', 'Aakvik, Kristina Anna Djupvik; Benum, Silje Dahl; Tikanmäki, Marjaana; Hovi, Petteri; Räikkönen, Katri; Harris, Sarah L.; Darlow, Brian A.; Indredavik, Marit Sæbø; Lydersen, Stian; Mork, Paul Jarle; Kajantie, Eero Olavi; Evensen, Kari Anne Indredavik (2023). Physical Activity in Adults Born Very Preterm or With Very Low Birth Weight and Mediation by Cognitive Function: An Individual Participant Meta-Analysis. Pediatric Academic Societies Meeting 2023. Pediatric Academic Societies.', 'Aakvik, Kristina Anna Djupvik; Benum, Silje Dahl; Mehl, Cathrin Vano; Kongsvold, Atle Austnes; Vollsæter, Maria; Lydersen, Stian; Mork, Paul Jarle; Kajantie, Eero Olavi; Evensen, Kari Anne Indredavik (2023). Physical activity in adults born preterm with very low birth weight and mediation by motor abilities. jENS 2023: 5th Congress of joint European Neonatal Societies. Joint European Neonatal Societies.', 'Benum, Silje Dahl; Aakvik, Kristina Anna Djupvik; Jussinniemi, Laura; Kulmala, Maarit; Jørgensen, Anna Perregaard Munch; Kajantie, Eero Olavi; Evensen, Kari Anne Indredavik (2023). Fine and Gross Motor Function in Adults Born Preterm with Very Low Birth Weight: A Longitudinal Study of Two Nordic Birth Cohorts. Pediatric Academic Societies Meeting 2023. Pediatric Academic Societies .']","About
Professor at Department of Physiotherapy, Faculty of Health Sciences, OsloMet and at Department of Clinical and Molecular Medicine, NTNU. Primarily doing research on low birth weight children and long-term consequences of preterm birth. Teaching and supervising Master and PhD students. Head of the research group NTNU Low Birth Weight Life at NTNU, Trondheim, Norway, and have extensive international collaboration through the network Adults born Preterm International Collaboration (APIC) and the EU funded project Research on Children and Adolescents born Preterm (RECAP preterm).
Taiar, Hoda; Benum, Silje Dahl; Aakvik, Kristina Anna Djupvik; Evensen, Kari Anne Indredavik (2024). Motor outcomes in individuals born small for gestational age at term: a systematic review. BMC Pediatrics. Vol. 24. https://doi.org/10.1186/s12887-024-05187-y
Kulmala, Maarit K.; Jørgensen, Anna Perregaard Munch; Austeng, Dordi Kristine; Evensen, Kari Anne Indredavik ; Kajantie, Eero Olavi; Morken, Tora Sund; Majander, Anna (2024). Imprint of preterm birth with very low birth weight on optic disc OCT in adulthood—A two-country birth cohort study. Acta Ophthalmologica. https://doi.org/10.1111/aos.16771
Fjørtoft, Toril Synnøve Larsson; Brandal, Merethe; Adde, Lars; Osland, Siril; Rygh, Hilde; Ustad, Tordis; Evensen, Kari Anne Indredavik (2024). Neurodevelopmental outcome at two years of age and predictive value of General Movement Assessment in infants exposed to alcohol and/or drugs during pregnancy: a prospective cohort study. BMC Pediatrics. Vol. 24. https://doi.org/10.1186/s12887-024-05046-w
Jørgensen, Anna Perregaard Munch; Kulmala, Maarit; Austeng, Dordi Kristine; Evensen, Kari Anne Indredavik ; Kajantie, Eero Olavi; Majander, Anna; Morken, Tora Sund (2024). Foveal thickness and its association with visual acuity in adults born preterm with very low birth weight: A two-country birth cohort study. Acta Ophthalmologica. https://doi.org/10.1111/aos.16725
Benum, Silje Dahl; Aakvik, Kristina Anna Djupvik; Jørgensen, Anna Perregaard Munch; Jussinniemi, Laura; Kulmala, Maarit; Vollsæter, Maria; Kajantie, Eero Olavi; Evensen, Kari Anne Indredavik (2024). Motor abilities in adults born with very low birthweight: A study of two birth cohorts from Finland and Norway. Developmental Medicine & Child Neurology. https://doi.org/10.1111/dmcn.15883
Mehl, Cathrin Vano; Lærum, Astrid Merete Winsnes; Reitan, Solveig Klæbo; Indredavik, Marit Sæbø; Evensen, Kari Anne Indredavik (2024). Self-reported mental health difficulties were of limited use when screening for psychiatric diagnoses in adults born small for gestational age at term. Acta Paediatrica. https://doi.org/10.1111/apa.17145
Aakvik, Kristina Anna Djupvik; Benum, Silje Dahl; Tikanmäki, Marjaana; Hovi, Petteri; Räikkönen, Katri; Harris, Sarah L.; Woodward, Lianne J.; Darlow, Brian A.; Indredavik, Marit Sæbø; Lydersen, Stian; Mork, Paul Jarle; Kajantie, Eero Olavi; Evensen, Kari Anne Indredavik (2024). Physical activity and cognitive function in adults born very preterm or with very low birth weight–an individual participant data meta-analysis. PLOS ONE. Vol. 19. https://doi.org/10.1371/journal.pone.0298311
Ingvaldsen, Sigrid Hegna; Jørgensen, Anna Perregaard Munch; Grøtting, Arnstein; Sand, Trond Halfdan; Eikenes, Live; Håberg, Asta; Indredavik, Marit Sæbø; Lydersen, Stian; Austeng, Dordi Kristine; Morken, Tora Sund; Evensen, Kari Anne Indredavik (2024). Visual outcomes and their association with grey and white matter microstructure in adults born preterm with very low birth weight. 13 p. Scientific Reports. Vol. 14. https://doi.org/10.1038/s41598-024-52836-4
These publications are obtained from Cristin. The list may be incomplete
Research reports
Evensen, Kari A. Indredavik ; Vik, Torstein; Brubakk, Ann-Mari; Skranes, Jon (2010). Born too soon or too small: Motor problems in adolescence. ISBN: 978-82-471-2057-6. 114 p. Doktoravhandlinger ved NTNU.
These publications are obtained from Cristin. The list may be incomplete
Dissemination
Paulsen, Henriette ; Ustad, Tordis; Sørvoll, Marit; Øberg, Gunn Kristin; Evensen, Kari Anne Indredavik (2024). Motor function at school age in very preterm children: A follow-up of a randomised controlled trial. European Academy of Childhood Disability 2024. EACD.
Benum, Silje Dahl; Aakvik, Kristina Anna Djupvik; Mehl, Cathrin Vano; Kongsvold, Atle; Vollsæter, Maria; Lydersen, Stian; Mork, Paul Jarle; Kajantie, Eero Olavi; Evensen, Kari Anne Indredavik (2024). Physical Activity in Adults Born Preterm with Very Low Birth Weight. Pediatric Academic Societies Meeting .
Jørgensen, Anna Perregaard Munch; Kulmala, Maarit; Austeng, Dordi Kristine; Sand, Trond; Grøtting, Arnstein; Evensen, Kari Anne Indredavik ; Kajantie, Eero; Majander, Anna; Morken, Tora Sund (2024). Visual pathway function in adults born preterm with very low birth weight - a two-country birth cohort study. Sigrid Jusélius Symposium: Preterm birth – etiology and prevention, neonatal care and lifelong outcomes. Sigrid Jusélius Stiftelse.
Jørgensen, Anna Perregaard Munch; Grøtting, Arnstein; Eikenes, Live; Håberg, Asta Kristine; Lydersen, Stian; Austeng, Dordi Kristine; Morken, Tora Sund; Evensen, Kari Anne Indredavik (2023). Visual Outcomes and Their Association With Grey and White Matter Microstructure in Adults Born Preterm With Very Low Birth Weight. Pediatric Academic Society Meeting 2024. PAS Commitee.
Jussinniemi, Laura; Kajantie, Eero Olavi; Kulmala, Maarit; Aakvik, Kristina Anna Djupvik; Benum, Silje Dahl; Jørgensen, Anna Perregaard Munch; Evensen, Kari Anne Indredavik (2023). Body composition in adults born preterm with very low birth weight; mid-adulthood outcomes from a two-country birth cohort study. Pediatric Academic Societies Meeting 2023. Pediatric Academic Societies .
Jussinniemi, Laura; Evensen, Kari Anne Indredavik ; Kajantie, Eero Olavi (2023). IPD update: Handgrip strength. APIC meeting 2023 Washington D.C.. Adults Born Preterm International Collaboration (APIC).
Aakvik, Kristina Anna Djupvik; Benum, Silje Dahl; Tikanmäki, Marjaana; Hovi, Petteri; Räikkönen, Katri; Harris, Sarah L.; Darlow, Brian A.; Indredavik, Marit Sæbø; Lydersen, Stian; Mork, Paul Jarle; Kajantie, Eero Olavi; Evensen, Kari Anne Indredavik (2023). Physical Activity in Adults Born Very Preterm or With Very Low Birth Weight and Mediation by Cognitive Function: An Individual Participant Meta-Analysis. Pediatric Academic Societies Meeting 2023. Pediatric Academic Societies.
Aakvik, Kristina Anna Djupvik; Benum, Silje Dahl; Mehl, Cathrin Vano; Kongsvold, Atle Austnes; Vollsæter, Maria; Lydersen, Stian; Mork, Paul Jarle; Kajantie, Eero Olavi; Evensen, Kari Anne Indredavik (2023). Physical activity in adults born preterm with very low birth weight and mediation by motor abilities. jENS 2023: 5th Congress of joint European Neonatal Societies. Joint European Neonatal Societies.
Benum, Silje Dahl; Aakvik, Kristina Anna Djupvik; Jussinniemi, Laura; Kulmala, Maarit; Jørgensen, Anna Perregaard Munch; Kajantie, Eero Olavi; Evensen, Kari Anne Indredavik (2023). Fine and Gross Motor Function in Adults Born Preterm with Very Low Birth Weight: A Longitudinal Study of Two Nordic Birth Cohorts. Pediatric Academic Societies Meeting 2023. Pediatric Academic Societies .",726f1d8268e7b902d30a9d5b194d880622cc96d4,nno,https://www.oslomet.no/om/ansatt/kariaie/,oslomet.no,1734378316000,html,"['Kort om', 'Professor ved institutt for fysioterapi, fakultet for helsevitenskap, OsloMet og ved institutt for klinisk og molekylærmedisin, NTNU. Forsker på barn med lav fødselsvekt og langtidskonsekvenser av å være født for tidlig. Underviser og veileder studenter på master- og PhD-nivå. Leder forskningsgruppen NTNU Low Birth Weight Life ved NTNU og har utstrakt internasjonalt samarbeid i nettverket Adults born Preterm International Collaboration (APIC) og EU-prosjektet Research on Children and Adolescents born Preterm (RECAP preterm).', 'Taiar, Hoda; Benum, Silje Dahl; Aakvik, Kristina Anna Djupvik; Evensen, Kari Anne Indredavik (2024). Motor outcomes in individuals born small for gestational age at term: a systematic review. BMC Pediatrics. Vol. 24. https://doi.org/10.1186/s12887-024-05187-y', 'Kulmala, Maarit K.; Jørgensen, Anna Perregaard Munch; Austeng, Dordi Kristine; Evensen, Kari Anne Indredavik ; Kajantie, Eero Olavi; Morken, Tora Sund; Majander, Anna (2024). Imprint of preterm birth with very low birth weight on optic disc OCT in adulthood—A two-country birth cohort study. Acta Ophthalmologica. https://doi.org/10.1111/aos.16771', 'Fjørtoft, Toril Synnøve Larsson; Brandal, Merethe; Adde, Lars; Osland, Siril; Rygh, Hilde; Ustad, Tordis; Evensen, Kari Anne Indredavik (2024). Neurodevelopmental outcome at two years of age and predictive value of General Movement Assessment in infants exposed to alcohol and/or drugs during pregnancy: a prospective cohort study. BMC Pediatrics. Vol. 24. https://doi.org/10.1186/s12887-024-05046-w', 'Jørgensen, Anna Perregaard Munch; Kulmala, Maarit; Austeng, Dordi Kristine; Evensen, Kari Anne Indredavik ; Kajantie, Eero Olavi; Majander, Anna; Morken, Tora Sund (2024). Foveal thickness and its association with visual acuity in adults born preterm with very low birth weight: A two-country birth cohort study. Acta Ophthalmologica. https://doi.org/10.1111/aos.16725', 'Benum, Silje Dahl; Aakvik, Kristina Anna Djupvik; Jørgensen, Anna Perregaard Munch; Jussinniemi, Laura; Kulmala, Maarit; Vollsæter, Maria; Kajantie, Eero Olavi; Evensen, Kari Anne Indredavik (2024). Motor abilities in adults born with very low birthweight: A study of two birth cohorts from Finland and Norway. Developmental Medicine & Child Neurology. https://doi.org/10.1111/dmcn.15883', 'Mehl, Cathrin Vano; Lærum, Astrid Merete Winsnes; Reitan, Solveig Klæbo; Indredavik, Marit Sæbø; Evensen, Kari Anne Indredavik (2024). Self-reported mental health difficulties were of limited use when screening for psychiatric diagnoses in adults born small for gestational age at term. Acta Paediatrica. https://doi.org/10.1111/apa.17145', 'Aakvik, Kristina Anna Djupvik; Benum, Silje Dahl; Tikanmäki, Marjaana; Hovi, Petteri; Räikkönen, Katri; Harris, Sarah L.; Woodward, Lianne J.; Darlow, Brian A.; Indredavik, Marit Sæbø; Lydersen, Stian; Mork, Paul Jarle; Kajantie, Eero Olavi; Evensen, Kari Anne Indredavik (2024). Physical activity and cognitive function in adults born very preterm or with very low birth weight–an individual participant data meta-analysis. PLOS ONE. Vol. 19. https://doi.org/10.1371/journal.pone.0298311', 'Ingvaldsen, Sigrid Hegna; Jørgensen, Anna Perregaard Munch; Grøtting, Arnstein; Sand, Trond Halfdan; Eikenes, Live; Håberg, Asta; Indredavik, Marit Sæbø; Lydersen, Stian; Austeng, Dordi Kristine; Morken, Tora Sund; Evensen, Kari Anne Indredavik (2024). Visual outcomes and their association with grey and white matter microstructure in adults born preterm with very low birth weight. 13 s. Scientific Reports. Vol. 14. https://doi.org/10.1038/s41598-024-52836-4', 'Publikasjonslisten er hentet ut av Cristin. Listen kan være ufullstendig', 'Forskningsrapporter', 'Evensen, Kari A. Indredavik ; Vik, Torstein; Brubakk, Ann-Mari; Skranes, Jon (2010). Born too soon or too small: Motor problems in adolescence. ISBN: 978-82-471-2057-6. 114 s. Doktoravhandlinger ved NTNU.', 'Publikasjonslisten er hentet ut av Cristin. Listen kan være ufullstendig', 'Benum, Silje Dahl; Aakvik, Kristina Anna Djupvik; Mehl, Cathrin Vano; Kongsvold, Atle; Vollsæter, Maria; Lydersen, Stian; Mork, Paul Jarle; Kajantie, Eero Olavi; Evensen, Kari Anne Indredavik (2024). Physical Activity in Adults Born Preterm with Very Low Birth Weight. Pediatric Academic Societies Meeting .', 'Jørgensen, Anna Perregaard Munch; Kulmala, Maarit; Austeng, Dordi Kristine; Sand, Trond; Grøtting, Arnstein; Evensen, Kari Anne Indredavik ; Kajantie, Eero; Majander, Anna; Morken, Tora Sund (2024). Visual pathway function in adults born preterm with very low birth weight - a two-country birth cohort study. Sigrid Jusélius Symposium: Preterm birth – etiology and prevention, neonatal care and lifelong outcomes. Sigrid Jusélius Stiftelse.', 'Paulsen, Henriette ; Ustad, Tordis; Sørvoll, Marit; Øberg, Gunn Kristin; Evensen, Kari Anne Indredavik (2024). Motor function at school age in very preterm children: A follow-up of a randomised controlled trial. European Academy of Childhood Disability 2024. EACD.', 'Jørgensen, Anna Perregaard Munch; Grøtting, Arnstein; Eikenes, Live; Håberg, Asta Kristine; Lydersen, Stian; Austeng, Dordi Kristine; Morken, Tora Sund; Evensen, Kari Anne Indredavik (2023). Visual Outcomes and Their Association With Grey and White Matter Microstructure in Adults Born Preterm With Very Low Birth Weight. Pediatric Academic Society Meeting 2024. PAS Commitee.', 'Jussinniemi, Laura; Kajantie, Eero Olavi; Kulmala, Maarit; Aakvik, Kristina Anna Djupvik; Benum, Silje Dahl; Jørgensen, Anna Perregaard Munch; Evensen, Kari Anne Indredavik (2023). Body composition in adults born preterm with very low birth weight; mid-adulthood outcomes from a two-country birth cohort study. Pediatric Academic Societies Meeting 2023. Pediatric Academic Societies .', 'Jussinniemi, Laura; Evensen, Kari Anne Indredavik ; Kajantie, Eero Olavi (2023). IPD update: Handgrip strength. APIC meeting 2023 Washington D.C.. Adults Born Preterm International Collaboration (APIC).', 'Aakvik, Kristina Anna Djupvik; Benum, Silje Dahl; Tikanmäki, Marjaana; Hovi, Petteri; Räikkönen, Katri; Harris, Sarah L.; Darlow, Brian A.; Indredavik, Marit Sæbø; Lydersen, Stian; Mork, Paul Jarle; Kajantie, Eero Olavi; Evensen, Kari Anne Indredavik (2023). Physical Activity in Adults Born Very Preterm or With Very Low Birth Weight and Mediation by Cognitive Function: An Individual Participant Meta-Analysis. Pediatric Academic Societies Meeting 2023. Pediatric Academic Societies.', 'Aakvik, Kristina Anna Djupvik; Benum, Silje Dahl; Mehl, Cathrin Vano; Kongsvold, Atle Austnes; Vollsæter, Maria; Lydersen, Stian; Mork, Paul Jarle; Kajantie, Eero Olavi; Evensen, Kari Anne Indredavik (2023). Physical activity in adults born preterm with very low birth weight and mediation by motor abilities. jENS 2023: 5th Congress of joint European Neonatal Societies. Joint European Neonatal Societies.', 'Benum, Silje Dahl; Aakvik, Kristina Anna Djupvik; Jussinniemi, Laura; Kulmala, Maarit; Jørgensen, Anna Perregaard Munch; Kajantie, Eero Olavi; Evensen, Kari Anne Indredavik (2023). Fine and Gross Motor Function in Adults Born Preterm with Very Low Birth Weight: A Longitudinal Study of Two Nordic Birth Cohorts. Pediatric Academic Societies Meeting 2023. Pediatric Academic Societies .']","Kort om
Professor ved institutt for fysioterapi, fakultet for helsevitenskap, OsloMet og ved institutt for klinisk og molekylærmedisin, NTNU. Forsker på barn med lav fødselsvekt og langtidskonsekvenser av å være født for tidlig. Underviser og veileder studenter på master- og PhD-nivå. Leder forskningsgruppen NTNU Low Birth Weight Life ved NTNU og har utstrakt internasjonalt samarbeid i nettverket Adults born Preterm International Collaboration (APIC) og EU-prosjektet Research on Children and Adolescents born Preterm (RECAP preterm).
Taiar, Hoda; Benum, Silje Dahl; Aakvik, Kristina Anna Djupvik; Evensen, Kari Anne Indredavik (2024). Motor outcomes in individuals born small for gestational age at term: a systematic review. BMC Pediatrics. Vol. 24. https://doi.org/10.1186/s12887-024-05187-y
Kulmala, Maarit K.; Jørgensen, Anna Perregaard Munch; Austeng, Dordi Kristine; Evensen, Kari Anne Indredavik ; Kajantie, Eero Olavi; Morken, Tora Sund; Majander, Anna (2024). Imprint of preterm birth with very low birth weight on optic disc OCT in adulthood—A two-country birth cohort study. Acta Ophthalmologica. https://doi.org/10.1111/aos.16771
Fjørtoft, Toril Synnøve Larsson; Brandal, Merethe; Adde, Lars; Osland, Siril; Rygh, Hilde; Ustad, Tordis; Evensen, Kari Anne Indredavik (2024). Neurodevelopmental outcome at two years of age and predictive value of General Movement Assessment in infants exposed to alcohol and/or drugs during pregnancy: a prospective cohort study. BMC Pediatrics. Vol. 24. https://doi.org/10.1186/s12887-024-05046-w
Jørgensen, Anna Perregaard Munch; Kulmala, Maarit; Austeng, Dordi Kristine; Evensen, Kari Anne Indredavik ; Kajantie, Eero Olavi; Majander, Anna; Morken, Tora Sund (2024). Foveal thickness and its association with visual acuity in adults born preterm with very low birth weight: A two-country birth cohort study. Acta Ophthalmologica. https://doi.org/10.1111/aos.16725
Benum, Silje Dahl; Aakvik, Kristina Anna Djupvik; Jørgensen, Anna Perregaard Munch; Jussinniemi, Laura; Kulmala, Maarit; Vollsæter, Maria; Kajantie, Eero Olavi; Evensen, Kari Anne Indredavik (2024). Motor abilities in adults born with very low birthweight: A study of two birth cohorts from Finland and Norway. Developmental Medicine & Child Neurology. https://doi.org/10.1111/dmcn.15883
Mehl, Cathrin Vano; Lærum, Astrid Merete Winsnes; Reitan, Solveig Klæbo; Indredavik, Marit Sæbø; Evensen, Kari Anne Indredavik (2024). Self-reported mental health difficulties were of limited use when screening for psychiatric diagnoses in adults born small for gestational age at term. Acta Paediatrica. https://doi.org/10.1111/apa.17145
Aakvik, Kristina Anna Djupvik; Benum, Silje Dahl; Tikanmäki, Marjaana; Hovi, Petteri; Räikkönen, Katri; Harris, Sarah L.; Woodward, Lianne J.; Darlow, Brian A.; Indredavik, Marit Sæbø; Lydersen, Stian; Mork, Paul Jarle; Kajantie, Eero Olavi; Evensen, Kari Anne Indredavik (2024). Physical activity and cognitive function in adults born very preterm or with very low birth weight–an individual participant data meta-analysis. PLOS ONE. Vol. 19. https://doi.org/10.1371/journal.pone.0298311
Ingvaldsen, Sigrid Hegna; Jørgensen, Anna Perregaard Munch; Grøtting, Arnstein; Sand, Trond Halfdan; Eikenes, Live; Håberg, Asta; Indredavik, Marit Sæbø; Lydersen, Stian; Austeng, Dordi Kristine; Morken, Tora Sund; Evensen, Kari Anne Indredavik (2024). Visual outcomes and their association with grey and white matter microstructure in adults born preterm with very low birth weight. 13 s. Scientific Reports. Vol. 14. https://doi.org/10.1038/s41598-024-52836-4
Publikasjonslisten er hentet ut av Cristin. Listen kan være ufullstendig
Forskningsrapporter
Evensen, Kari A. Indredavik ; Vik, Torstein; Brubakk, Ann-Mari; Skranes, Jon (2010). Born too soon or too small: Motor problems in adolescence. ISBN: 978-82-471-2057-6. 114 s. Doktoravhandlinger ved NTNU.
Publikasjonslisten er hentet ut av Cristin. Listen kan være ufullstendig
Benum, Silje Dahl; Aakvik, Kristina Anna Djupvik; Mehl, Cathrin Vano; Kongsvold, Atle; Vollsæter, Maria; Lydersen, Stian; Mork, Paul Jarle; Kajantie, Eero Olavi; Evensen, Kari Anne Indredavik (2024). Physical Activity in Adults Born Preterm with Very Low Birth Weight. Pediatric Academic Societies Meeting .
Jørgensen, Anna Perregaard Munch; Kulmala, Maarit; Austeng, Dordi Kristine; Sand, Trond; Grøtting, Arnstein; Evensen, Kari Anne Indredavik ; Kajantie, Eero; Majander, Anna; Morken, Tora Sund (2024). Visual pathway function in adults born preterm with very low birth weight - a two-country birth cohort study. Sigrid Jusélius Symposium: Preterm birth – etiology and prevention, neonatal care and lifelong outcomes. Sigrid Jusélius Stiftelse.
Paulsen, Henriette ; Ustad, Tordis; Sørvoll, Marit; Øberg, Gunn Kristin; Evensen, Kari Anne Indredavik (2024). Motor function at school age in very preterm children: A follow-up of a randomised controlled trial. European Academy of Childhood Disability 2024. EACD.
Jørgensen, Anna Perregaard Munch; Grøtting, Arnstein; Eikenes, Live; Håberg, Asta Kristine; Lydersen, Stian; Austeng, Dordi Kristine; Morken, Tora Sund; Evensen, Kari Anne Indredavik (2023). Visual Outcomes and Their Association With Grey and White Matter Microstructure in Adults Born Preterm With Very Low Birth Weight. Pediatric Academic Society Meeting 2024. PAS Commitee.
Jussinniemi, Laura; Kajantie, Eero Olavi; Kulmala, Maarit; Aakvik, Kristina Anna Djupvik; Benum, Silje Dahl; Jørgensen, Anna Perregaard Munch; Evensen, Kari Anne Indredavik (2023). Body composition in adults born preterm with very low birth weight; mid-adulthood outcomes from a two-country birth cohort study. Pediatric Academic Societies Meeting 2023. Pediatric Academic Societies .
Jussinniemi, Laura; Evensen, Kari Anne Indredavik ; Kajantie, Eero Olavi (2023). IPD update: Handgrip strength. APIC meeting 2023 Washington D.C.. Adults Born Preterm International Collaboration (APIC).
Aakvik, Kristina Anna Djupvik; Benum, Silje Dahl; Tikanmäki, Marjaana; Hovi, Petteri; Räikkönen, Katri; Harris, Sarah L.; Darlow, Brian A.; Indredavik, Marit Sæbø; Lydersen, Stian; Mork, Paul Jarle; Kajantie, Eero Olavi; Evensen, Kari Anne Indredavik (2023). Physical Activity in Adults Born Very Preterm or With Very Low Birth Weight and Mediation by Cognitive Function: An Individual Participant Meta-Analysis. Pediatric Academic Societies Meeting 2023. Pediatric Academic Societies.
Aakvik, Kristina Anna Djupvik; Benum, Silje Dahl; Mehl, Cathrin Vano; Kongsvold, Atle Austnes; Vollsæter, Maria; Lydersen, Stian; Mork, Paul Jarle; Kajantie, Eero Olavi; Evensen, Kari Anne Indredavik (2023). Physical activity in adults born preterm with very low birth weight and mediation by motor abilities. jENS 2023: 5th Congress of joint European Neonatal Societies. Joint European Neonatal Societies.
Benum, Silje Dahl; Aakvik, Kristina Anna Djupvik; Jussinniemi, Laura; Kulmala, Maarit; Jørgensen, Anna Perregaard Munch; Kajantie, Eero Olavi; Evensen, Kari Anne Indredavik (2023). Fine and Gross Motor Function in Adults Born Preterm with Very Low Birth Weight: A Longitudinal Study of Two Nordic Birth Cohorts. Pediatric Academic Societies Meeting 2023. Pediatric Academic Societies .",Almost parallel,False,401,2025-10-13 07:33:09.419141+00:00,2025-10-10 11:14:31.675463+00:00,b9c030f1f892febfde71c4c46189afd5f6e53e4e726f1d8268e7b902d30a9d5b194d880622cc96d4,Something is wrong
