doc_hash_lang_1,lang_lang_1,url_lang_1,domain_lang_1,date_lang_1,mimetype_lang_1,fulltext_lang_1,fulltext_joined_lang_1,doc_hash_lang_2,lang_lang_2,url_lang_2,domain_lang_2,date_lang_2,mimetype_lang_2,fulltext_lang_2,fulltext_joined_lang_2
b9c030f1f892febfde71c4c46189afd5f6e53e4e,eng,https://www.oslomet.no/en/about/employee/kariaie/,oslomet.no,1734385881000,html,"['About', 'Professor at Department of Physiotherapy, Faculty of Health Sciences, OsloMet and at Department of Clinical and Molecular Medicine, NTNU. Primarily doing research on low birth weight children and long-term consequences of preterm birth. Teaching and supervising Master and PhD students. Head of the research group NTNU Low Birth Weight Life at NTNU, Trondheim, Norway, and have extensive international collaboration through the network Adults born Preterm International Collaboration (APIC) and the EU funded project Research on Children and Adolescents born Preterm (RECAP preterm).', 'Taiar, Hoda; Benum, Silje Dahl; Aakvik, Kristina Anna Djupvik; Evensen, Kari Anne Indredavik (2024). Motor outcomes in individuals born small for gestational age at term: a systematic review. BMC Pediatrics. Vol. 24. https://doi.org/10.1186/s12887-024-05187-y', 'Kulmala, Maarit K.; Jørgensen, Anna Perregaard Munch; Austeng, Dordi Kristine; Evensen, Kari Anne Indredavik ; Kajantie, Eero Olavi; Morken, Tora Sund; Majander, Anna (2024). Imprint of preterm birth with very low birth weight on optic disc OCT in adulthood—A two-country birth cohort study. Acta Ophthalmologica. https://doi.org/10.1111/aos.16771', 'Fjørtoft, Toril Synnøve Larsson; Brandal, Merethe; Adde, Lars; Osland, Siril; Rygh, Hilde; Ustad, Tordis; Evensen, Kari Anne Indredavik (2024). Neurodevelopmental outcome at two years of age and predictive value of General Movement Assessment in infants exposed to alcohol and/or drugs during pregnancy: a prospective cohort study. BMC Pediatrics. Vol. 24. https://doi.org/10.1186/s12887-024-05046-w', 'Jørgensen, Anna Perregaard Munch; Kulmala, Maarit; Austeng, Dordi Kristine; Evensen, Kari Anne Indredavik ; Kajantie, Eero Olavi; Majander, Anna; Morken, Tora Sund (2024). Foveal thickness and its association with visual acuity in adults born preterm with very low birth weight: A two-country birth cohort study. Acta Ophthalmologica. https://doi.org/10.1111/aos.16725', 'Benum, Silje Dahl; Aakvik, Kristina Anna Djupvik; Jørgensen, Anna Perregaard Munch; Jussinniemi, Laura; Kulmala, Maarit; Vollsæter, Maria; Kajantie, Eero Olavi; Evensen, Kari Anne Indredavik (2024). Motor abilities in adults born with very low birthweight: A study of two birth cohorts from Finland and Norway. Developmental Medicine & Child Neurology. https://doi.org/10.1111/dmcn.15883', 'Mehl, Cathrin Vano; Lærum, Astrid Merete Winsnes; Reitan, Solveig Klæbo; Indredavik, Marit Sæbø; Evensen, Kari Anne Indredavik (2024). Self-reported mental health difficulties were of limited use when screening for psychiatric diagnoses in adults born small for gestational age at term. Acta Paediatrica. https://doi.org/10.1111/apa.17145', 'Aakvik, Kristina Anna Djupvik; Benum, Silje Dahl; Tikanmäki, Marjaana; Hovi, Petteri; Räikkönen, Katri; Harris, Sarah L.; Woodward, Lianne J.; Darlow, Brian A.; Indredavik, Marit Sæbø; Lydersen, Stian; Mork, Paul Jarle; Kajantie, Eero Olavi; Evensen, Kari Anne Indredavik (2024). Physical activity and cognitive function in adults born very preterm or with very low birth weight–an individual participant data meta-analysis. PLOS ONE. Vol. 19. https://doi.org/10.1371/journal.pone.0298311', 'Ingvaldsen, Sigrid Hegna; Jørgensen, Anna Perregaard Munch; Grøtting, Arnstein; Sand, Trond Halfdan; Eikenes, Live; Håberg, Asta; Indredavik, Marit Sæbø; Lydersen, Stian; Austeng, Dordi Kristine; Morken, Tora Sund; Evensen, Kari Anne Indredavik (2024). Visual outcomes and their association with grey and white matter microstructure in adults born preterm with very low birth weight. 13 p. Scientific Reports. Vol. 14. https://doi.org/10.1038/s41598-024-52836-4', 'These publications are obtained from Cristin. The list may be incomplete', 'Research reports', 'Evensen, Kari A. Indredavik ; Vik, Torstein; Brubakk, Ann-Mari; Skranes, Jon (2010). Born too soon or too small: Motor problems in adolescence. ISBN: 978-82-471-2057-6. 114 p. Doktoravhandlinger ved NTNU.', 'These publications are obtained from Cristin. The list may be incomplete', 'Dissemination', 'Paulsen, Henriette ; Ustad, Tordis; Sørvoll, Marit; Øberg, Gunn Kristin; Evensen, Kari Anne Indredavik (2024). Motor function at school age in very preterm children: A follow-up of a randomised controlled trial. European Academy of Childhood Disability 2024. EACD.', 'Benum, Silje Dahl; Aakvik, Kristina Anna Djupvik; Mehl, Cathrin Vano; Kongsvold, Atle; Vollsæter, Maria; Lydersen, Stian; Mork, Paul Jarle; Kajantie, Eero Olavi; Evensen, Kari Anne Indredavik (2024). Physical Activity in Adults Born Preterm with Very Low Birth Weight. Pediatric Academic Societies Meeting .', 'Jørgensen, Anna Perregaard Munch; Kulmala, Maarit; Austeng, Dordi Kristine; Sand, Trond; Grøtting, Arnstein; Evensen, Kari Anne Indredavik ; Kajantie, Eero; Majander, Anna; Morken, Tora Sund (2024). Visual pathway function in adults born preterm with very low birth weight - a two-country birth cohort study. Sigrid Jusélius Symposium: Preterm birth – etiology and prevention, neonatal care and lifelong outcomes. Sigrid Jusélius Stiftelse.', 'Jørgensen, Anna Perregaard Munch; Grøtting, Arnstein; Eikenes, Live; Håberg, Asta Kristine; Lydersen, Stian; Austeng, Dordi Kristine; Morken, Tora Sund; Evensen, Kari Anne Indredavik (2023). Visual Outcomes and Their Association With Grey and White Matter Microstructure in Adults Born Preterm With Very Low Birth Weight. Pediatric Academic Society Meeting 2024. PAS Commitee.', 'Jussinniemi, Laura; Kajantie, Eero Olavi; Kulmala, Maarit; Aakvik, Kristina Anna Djupvik; Benum, Silje Dahl; Jørgensen, Anna Perregaard Munch; Evensen, Kari Anne Indredavik (2023). Body composition in adults born preterm with very low birth weight; mid-adulthood outcomes from a two-country birth cohort study. Pediatric Academic Societies Meeting 2023. Pediatric Academic Societies .', 'Jussinniemi, Laura; Evensen, Kari Anne Indredavik ; Kajantie, Eero Olavi (2023). IPD update: Handgrip strength. APIC meeting 2023 Washington D.C.. Adults Born Preterm International Collaboration (APIC).', 'Aakvik, Kristina Anna Djupvik; Benum, Silje Dahl; Tikanmäki, Marjaana; Hovi, Petteri; Räikkönen, Katri; Harris, Sarah L.; Darlow, Brian A.; Indredavik, Marit Sæbø; Lydersen, Stian; Mork, Paul Jarle; Kajantie, Eero Olavi; Evensen, Kari Anne Indredavik (2023). Physical Activity in Adults Born Very Preterm or With Very Low Birth Weight and Mediation by Cognitive Function: An Individual Participant Meta-Analysis. Pediatric Academic Societies Meeting 2023. Pediatric Academic Societies.', 'Aakvik, Kristina Anna Djupvik; Benum, Silje Dahl; Mehl, Cathrin Vano; Kongsvold, Atle Austnes; Vollsæter, Maria; Lydersen, Stian; Mork, Paul Jarle; Kajantie, Eero Olavi; Evensen, Kari Anne Indredavik (2023). Physical activity in adults born preterm with very low birth weight and mediation by motor abilities. jENS 2023: 5th Congress of joint European Neonatal Societies. Joint European Neonatal Societies.', 'Benum, Silje Dahl; Aakvik, Kristina Anna Djupvik; Jussinniemi, Laura; Kulmala, Maarit; Jørgensen, Anna Perregaard Munch; Kajantie, Eero Olavi; Evensen, Kari Anne Indredavik (2023). Fine and Gross Motor Function in Adults Born Preterm with Very Low Birth Weight: A Longitudinal Study of Two Nordic Birth Cohorts. Pediatric Academic Societies Meeting 2023. Pediatric Academic Societies .']","About
Professor at Department of Physiotherapy, Faculty of Health Sciences, OsloMet and at Department of Clinical and Molecular Medicine, NTNU. Primarily doing research on low birth weight children and long-term consequences of preterm birth. Teaching and supervising Master and PhD students. Head of the research group NTNU Low Birth Weight Life at NTNU, Trondheim, Norway, and have extensive international collaboration through the network Adults born Preterm International Collaboration (APIC) and the EU funded project Research on Children and Adolescents born Preterm (RECAP preterm).
Taiar, Hoda; Benum, Silje Dahl; Aakvik, Kristina Anna Djupvik; Evensen, Kari Anne Indredavik (2024). Motor outcomes in individuals born small for gestational age at term: a systematic review. BMC Pediatrics. Vol. 24. https://doi.org/10.1186/s12887-024-05187-y
Kulmala, Maarit K.; Jørgensen, Anna Perregaard Munch; Austeng, Dordi Kristine; Evensen, Kari Anne Indredavik ; Kajantie, Eero Olavi; Morken, Tora Sund; Majander, Anna (2024). Imprint of preterm birth with very low birth weight on optic disc OCT in adulthood—A two-country birth cohort study. Acta Ophthalmologica. https://doi.org/10.1111/aos.16771
Fjørtoft, Toril Synnøve Larsson; Brandal, Merethe; Adde, Lars; Osland, Siril; Rygh, Hilde; Ustad, Tordis; Evensen, Kari Anne Indredavik (2024). Neurodevelopmental outcome at two years of age and predictive value of General Movement Assessment in infants exposed to alcohol and/or drugs during pregnancy: a prospective cohort study. BMC Pediatrics. Vol. 24. https://doi.org/10.1186/s12887-024-05046-w
Jørgensen, Anna Perregaard Munch; Kulmala, Maarit; Austeng, Dordi Kristine; Evensen, Kari Anne Indredavik ; Kajantie, Eero Olavi; Majander, Anna; Morken, Tora Sund (2024). Foveal thickness and its association with visual acuity in adults born preterm with very low birth weight: A two-country birth cohort study. Acta Ophthalmologica. https://doi.org/10.1111/aos.16725
Benum, Silje Dahl; Aakvik, Kristina Anna Djupvik; Jørgensen, Anna Perregaard Munch; Jussinniemi, Laura; Kulmala, Maarit; Vollsæter, Maria; Kajantie, Eero Olavi; Evensen, Kari Anne Indredavik (2024). Motor abilities in adults born with very low birthweight: A study of two birth cohorts from Finland and Norway. Developmental Medicine & Child Neurology. https://doi.org/10.1111/dmcn.15883
Mehl, Cathrin Vano; Lærum, Astrid Merete Winsnes; Reitan, Solveig Klæbo; Indredavik, Marit Sæbø; Evensen, Kari Anne Indredavik (2024). Self-reported mental health difficulties were of limited use when screening for psychiatric diagnoses in adults born small for gestational age at term. Acta Paediatrica. https://doi.org/10.1111/apa.17145
Aakvik, Kristina Anna Djupvik; Benum, Silje Dahl; Tikanmäki, Marjaana; Hovi, Petteri; Räikkönen, Katri; Harris, Sarah L.; Woodward, Lianne J.; Darlow, Brian A.; Indredavik, Marit Sæbø; Lydersen, Stian; Mork, Paul Jarle; Kajantie, Eero Olavi; Evensen, Kari Anne Indredavik (2024). Physical activity and cognitive function in adults born very preterm or with very low birth weight–an individual participant data meta-analysis. PLOS ONE. Vol. 19. https://doi.org/10.1371/journal.pone.0298311
Ingvaldsen, Sigrid Hegna; Jørgensen, Anna Perregaard Munch; Grøtting, Arnstein; Sand, Trond Halfdan; Eikenes, Live; Håberg, Asta; Indredavik, Marit Sæbø; Lydersen, Stian; Austeng, Dordi Kristine; Morken, Tora Sund; Evensen, Kari Anne Indredavik (2024). Visual outcomes and their association with grey and white matter microstructure in adults born preterm with very low birth weight. 13 p. Scientific Reports. Vol. 14. https://doi.org/10.1038/s41598-024-52836-4
These publications are obtained from Cristin. The list may be incomplete
Research reports
Evensen, Kari A. Indredavik ; Vik, Torstein; Brubakk, Ann-Mari; Skranes, Jon (2010). Born too soon or too small: Motor problems in adolescence. ISBN: 978-82-471-2057-6. 114 p. Doktoravhandlinger ved NTNU.
These publications are obtained from Cristin. The list may be incomplete
Dissemination
Paulsen, Henriette ; Ustad, Tordis; Sørvoll, Marit; Øberg, Gunn Kristin; Evensen, Kari Anne Indredavik (2024). Motor function at school age in very preterm children: A follow-up of a randomised controlled trial. European Academy of Childhood Disability 2024. EACD.
Benum, Silje Dahl; Aakvik, Kristina Anna Djupvik; Mehl, Cathrin Vano; Kongsvold, Atle; Vollsæter, Maria; Lydersen, Stian; Mork, Paul Jarle; Kajantie, Eero Olavi; Evensen, Kari Anne Indredavik (2024). Physical Activity in Adults Born Preterm with Very Low Birth Weight. Pediatric Academic Societies Meeting .
Jørgensen, Anna Perregaard Munch; Kulmala, Maarit; Austeng, Dordi Kristine; Sand, Trond; Grøtting, Arnstein; Evensen, Kari Anne Indredavik ; Kajantie, Eero; Majander, Anna; Morken, Tora Sund (2024). Visual pathway function in adults born preterm with very low birth weight - a two-country birth cohort study. Sigrid Jusélius Symposium: Preterm birth – etiology and prevention, neonatal care and lifelong outcomes. Sigrid Jusélius Stiftelse.
Jørgensen, Anna Perregaard Munch; Grøtting, Arnstein; Eikenes, Live; Håberg, Asta Kristine; Lydersen, Stian; Austeng, Dordi Kristine; Morken, Tora Sund; Evensen, Kari Anne Indredavik (2023). Visual Outcomes and Their Association With Grey and White Matter Microstructure in Adults Born Preterm With Very Low Birth Weight. Pediatric Academic Society Meeting 2024. PAS Commitee.
Jussinniemi, Laura; Kajantie, Eero Olavi; Kulmala, Maarit; Aakvik, Kristina Anna Djupvik; Benum, Silje Dahl; Jørgensen, Anna Perregaard Munch; Evensen, Kari Anne Indredavik (2023). Body composition in adults born preterm with very low birth weight; mid-adulthood outcomes from a two-country birth cohort study. Pediatric Academic Societies Meeting 2023. Pediatric Academic Societies .
Jussinniemi, Laura; Evensen, Kari Anne Indredavik ; Kajantie, Eero Olavi (2023). IPD update: Handgrip strength. APIC meeting 2023 Washington D.C.. Adults Born Preterm International Collaboration (APIC).
Aakvik, Kristina Anna Djupvik; Benum, Silje Dahl; Tikanmäki, Marjaana; Hovi, Petteri; Räikkönen, Katri; Harris, Sarah L.; Darlow, Brian A.; Indredavik, Marit Sæbø; Lydersen, Stian; Mork, Paul Jarle; Kajantie, Eero Olavi; Evensen, Kari Anne Indredavik (2023). Physical Activity in Adults Born Very Preterm or With Very Low Birth Weight and Mediation by Cognitive Function: An Individual Participant Meta-Analysis. Pediatric Academic Societies Meeting 2023. Pediatric Academic Societies.
Aakvik, Kristina Anna Djupvik; Benum, Silje Dahl; Mehl, Cathrin Vano; Kongsvold, Atle Austnes; Vollsæter, Maria; Lydersen, Stian; Mork, Paul Jarle; Kajantie, Eero Olavi; Evensen, Kari Anne Indredavik (2023). Physical activity in adults born preterm with very low birth weight and mediation by motor abilities. jENS 2023: 5th Congress of joint European Neonatal Societies. Joint European Neonatal Societies.
Benum, Silje Dahl; Aakvik, Kristina Anna Djupvik; Jussinniemi, Laura; Kulmala, Maarit; Jørgensen, Anna Perregaard Munch; Kajantie, Eero Olavi; Evensen, Kari Anne Indredavik (2023). Fine and Gross Motor Function in Adults Born Preterm with Very Low Birth Weight: A Longitudinal Study of Two Nordic Birth Cohorts. Pediatric Academic Societies Meeting 2023. Pediatric Academic Societies .",726f1d8268e7b902d30a9d5b194d880622cc96d4,nno,https://www.oslomet.no/om/ansatt/kariaie/,oslomet.no,1734378316000,html,"['Kort om', 'Professor ved institutt for fysioterapi, fakultet for helsevitenskap, OsloMet og ved institutt for klinisk og molekylærmedisin, NTNU. Forsker på barn med lav fødselsvekt og langtidskonsekvenser av å være født for tidlig. Underviser og veileder studenter på master- og PhD-nivå. Leder forskningsgruppen NTNU Low Birth Weight Life ved NTNU og har utstrakt internasjonalt samarbeid i nettverket Adults born Preterm International Collaboration (APIC) og EU-prosjektet Research on Children and Adolescents born Preterm (RECAP preterm).', 'Taiar, Hoda; Benum, Silje Dahl; Aakvik, Kristina Anna Djupvik; Evensen, Kari Anne Indredavik (2024). Motor outcomes in individuals born small for gestational age at term: a systematic review. BMC Pediatrics. Vol. 24. https://doi.org/10.1186/s12887-024-05187-y', 'Kulmala, Maarit K.; Jørgensen, Anna Perregaard Munch; Austeng, Dordi Kristine; Evensen, Kari Anne Indredavik ; Kajantie, Eero Olavi; Morken, Tora Sund; Majander, Anna (2024). Imprint of preterm birth with very low birth weight on optic disc OCT in adulthood—A two-country birth cohort study. Acta Ophthalmologica. https://doi.org/10.1111/aos.16771', 'Fjørtoft, Toril Synnøve Larsson; Brandal, Merethe; Adde, Lars; Osland, Siril; Rygh, Hilde; Ustad, Tordis; Evensen, Kari Anne Indredavik (2024). Neurodevelopmental outcome at two years of age and predictive value of General Movement Assessment in infants exposed to alcohol and/or drugs during pregnancy: a prospective cohort study. BMC Pediatrics. Vol. 24. https://doi.org/10.1186/s12887-024-05046-w', 'Jørgensen, Anna Perregaard Munch; Kulmala, Maarit; Austeng, Dordi Kristine; Evensen, Kari Anne Indredavik ; Kajantie, Eero Olavi; Majander, Anna; Morken, Tora Sund (2024). Foveal thickness and its association with visual acuity in adults born preterm with very low birth weight: A two-country birth cohort study. Acta Ophthalmologica. https://doi.org/10.1111/aos.16725', 'Benum, Silje Dahl; Aakvik, Kristina Anna Djupvik; Jørgensen, Anna Perregaard Munch; Jussinniemi, Laura; Kulmala, Maarit; Vollsæter, Maria; Kajantie, Eero Olavi; Evensen, Kari Anne Indredavik (2024). Motor abilities in adults born with very low birthweight: A study of two birth cohorts from Finland and Norway. Developmental Medicine & Child Neurology. https://doi.org/10.1111/dmcn.15883', 'Mehl, Cathrin Vano; Lærum, Astrid Merete Winsnes; Reitan, Solveig Klæbo; Indredavik, Marit Sæbø; Evensen, Kari Anne Indredavik (2024). Self-reported mental health difficulties were of limited use when screening for psychiatric diagnoses in adults born small for gestational age at term. Acta Paediatrica. https://doi.org/10.1111/apa.17145', 'Aakvik, Kristina Anna Djupvik; Benum, Silje Dahl; Tikanmäki, Marjaana; Hovi, Petteri; Räikkönen, Katri; Harris, Sarah L.; Woodward, Lianne J.; Darlow, Brian A.; Indredavik, Marit Sæbø; Lydersen, Stian; Mork, Paul Jarle; Kajantie, Eero Olavi; Evensen, Kari Anne Indredavik (2024). Physical activity and cognitive function in adults born very preterm or with very low birth weight–an individual participant data meta-analysis. PLOS ONE. Vol. 19. https://doi.org/10.1371/journal.pone.0298311', 'Ingvaldsen, Sigrid Hegna; Jørgensen, Anna Perregaard Munch; Grøtting, Arnstein; Sand, Trond Halfdan; Eikenes, Live; Håberg, Asta; Indredavik, Marit Sæbø; Lydersen, Stian; Austeng, Dordi Kristine; Morken, Tora Sund; Evensen, Kari Anne Indredavik (2024). Visual outcomes and their association with grey and white matter microstructure in adults born preterm with very low birth weight. 13 s. Scientific Reports. Vol. 14. https://doi.org/10.1038/s41598-024-52836-4', 'Publikasjonslisten er hentet ut av Cristin. Listen kan være ufullstendig', 'Forskningsrapporter', 'Evensen, Kari A. Indredavik ; Vik, Torstein; Brubakk, Ann-Mari; Skranes, Jon (2010). Born too soon or too small: Motor problems in adolescence. ISBN: 978-82-471-2057-6. 114 s. Doktoravhandlinger ved NTNU.', 'Publikasjonslisten er hentet ut av Cristin. Listen kan være ufullstendig', 'Benum, Silje Dahl; Aakvik, Kristina Anna Djupvik; Mehl, Cathrin Vano; Kongsvold, Atle; Vollsæter, Maria; Lydersen, Stian; Mork, Paul Jarle; Kajantie, Eero Olavi; Evensen, Kari Anne Indredavik (2024). Physical Activity in Adults Born Preterm with Very Low Birth Weight. Pediatric Academic Societies Meeting .', 'Jørgensen, Anna Perregaard Munch; Kulmala, Maarit; Austeng, Dordi Kristine; Sand, Trond; Grøtting, Arnstein; Evensen, Kari Anne Indredavik ; Kajantie, Eero; Majander, Anna; Morken, Tora Sund (2024). Visual pathway function in adults born preterm with very low birth weight - a two-country birth cohort study. Sigrid Jusélius Symposium: Preterm birth – etiology and prevention, neonatal care and lifelong outcomes. Sigrid Jusélius Stiftelse.', 'Paulsen, Henriette ; Ustad, Tordis; Sørvoll, Marit; Øberg, Gunn Kristin; Evensen, Kari Anne Indredavik (2024). Motor function at school age in very preterm children: A follow-up of a randomised controlled trial. European Academy of Childhood Disability 2024. EACD.', 'Jørgensen, Anna Perregaard Munch; Grøtting, Arnstein; Eikenes, Live; Håberg, Asta Kristine; Lydersen, Stian; Austeng, Dordi Kristine; Morken, Tora Sund; Evensen, Kari Anne Indredavik (2023). Visual Outcomes and Their Association With Grey and White Matter Microstructure in Adults Born Preterm With Very Low Birth Weight. Pediatric Academic Society Meeting 2024. PAS Commitee.', 'Jussinniemi, Laura; Kajantie, Eero Olavi; Kulmala, Maarit; Aakvik, Kristina Anna Djupvik; Benum, Silje Dahl; Jørgensen, Anna Perregaard Munch; Evensen, Kari Anne Indredavik (2023). Body composition in adults born preterm with very low birth weight; mid-adulthood outcomes from a two-country birth cohort study. Pediatric Academic Societies Meeting 2023. Pediatric Academic Societies .', 'Jussinniemi, Laura; Evensen, Kari Anne Indredavik ; Kajantie, Eero Olavi (2023). IPD update: Handgrip strength. APIC meeting 2023 Washington D.C.. Adults Born Preterm International Collaboration (APIC).', 'Aakvik, Kristina Anna Djupvik; Benum, Silje Dahl; Tikanmäki, Marjaana; Hovi, Petteri; Räikkönen, Katri; Harris, Sarah L.; Darlow, Brian A.; Indredavik, Marit Sæbø; Lydersen, Stian; Mork, Paul Jarle; Kajantie, Eero Olavi; Evensen, Kari Anne Indredavik (2023). Physical Activity in Adults Born Very Preterm or With Very Low Birth Weight and Mediation by Cognitive Function: An Individual Participant Meta-Analysis. Pediatric Academic Societies Meeting 2023. Pediatric Academic Societies.', 'Aakvik, Kristina Anna Djupvik; Benum, Silje Dahl; Mehl, Cathrin Vano; Kongsvold, Atle Austnes; Vollsæter, Maria; Lydersen, Stian; Mork, Paul Jarle; Kajantie, Eero Olavi; Evensen, Kari Anne Indredavik (2023). Physical activity in adults born preterm with very low birth weight and mediation by motor abilities. jENS 2023: 5th Congress of joint European Neonatal Societies. Joint European Neonatal Societies.', 'Benum, Silje Dahl; Aakvik, Kristina Anna Djupvik; Jussinniemi, Laura; Kulmala, Maarit; Jørgensen, Anna Perregaard Munch; Kajantie, Eero Olavi; Evensen, Kari Anne Indredavik (2023). Fine and Gross Motor Function in Adults Born Preterm with Very Low Birth Weight: A Longitudinal Study of Two Nordic Birth Cohorts. Pediatric Academic Societies Meeting 2023. Pediatric Academic Societies .']","Kort om
Professor ved institutt for fysioterapi, fakultet for helsevitenskap, OsloMet og ved institutt for klinisk og molekylærmedisin, NTNU. Forsker på barn med lav fødselsvekt og langtidskonsekvenser av å være født for tidlig. Underviser og veileder studenter på master- og PhD-nivå. Leder forskningsgruppen NTNU Low Birth Weight Life ved NTNU og har utstrakt internasjonalt samarbeid i nettverket Adults born Preterm International Collaboration (APIC) og EU-prosjektet Research on Children and Adolescents born Preterm (RECAP preterm).
Taiar, Hoda; Benum, Silje Dahl; Aakvik, Kristina Anna Djupvik; Evensen, Kari Anne Indredavik (2024). Motor outcomes in individuals born small for gestational age at term: a systematic review. BMC Pediatrics. Vol. 24. https://doi.org/10.1186/s12887-024-05187-y
Kulmala, Maarit K.; Jørgensen, Anna Perregaard Munch; Austeng, Dordi Kristine; Evensen, Kari Anne Indredavik ; Kajantie, Eero Olavi; Morken, Tora Sund; Majander, Anna (2024). Imprint of preterm birth with very low birth weight on optic disc OCT in adulthood—A two-country birth cohort study. Acta Ophthalmologica. https://doi.org/10.1111/aos.16771
Fjørtoft, Toril Synnøve Larsson; Brandal, Merethe; Adde, Lars; Osland, Siril; Rygh, Hilde; Ustad, Tordis; Evensen, Kari Anne Indredavik (2024). Neurodevelopmental outcome at two years of age and predictive value of General Movement Assessment in infants exposed to alcohol and/or drugs during pregnancy: a prospective cohort study. BMC Pediatrics. Vol. 24. https://doi.org/10.1186/s12887-024-05046-w
Jørgensen, Anna Perregaard Munch; Kulmala, Maarit; Austeng, Dordi Kristine; Evensen, Kari Anne Indredavik ; Kajantie, Eero Olavi; Majander, Anna; Morken, Tora Sund (2024). Foveal thickness and its association with visual acuity in adults born preterm with very low birth weight: A two-country birth cohort study. Acta Ophthalmologica. https://doi.org/10.1111/aos.16725
Benum, Silje Dahl; Aakvik, Kristina Anna Djupvik; Jørgensen, Anna Perregaard Munch; Jussinniemi, Laura; Kulmala, Maarit; Vollsæter, Maria; Kajantie, Eero Olavi; Evensen, Kari Anne Indredavik (2024). Motor abilities in adults born with very low birthweight: A study of two birth cohorts from Finland and Norway. Developmental Medicine & Child Neurology. https://doi.org/10.1111/dmcn.15883
Mehl, Cathrin Vano; Lærum, Astrid Merete Winsnes; Reitan, Solveig Klæbo; Indredavik, Marit Sæbø; Evensen, Kari Anne Indredavik (2024). Self-reported mental health difficulties were of limited use when screening for psychiatric diagnoses in adults born small for gestational age at term. Acta Paediatrica. https://doi.org/10.1111/apa.17145
Aakvik, Kristina Anna Djupvik; Benum, Silje Dahl; Tikanmäki, Marjaana; Hovi, Petteri; Räikkönen, Katri; Harris, Sarah L.; Woodward, Lianne J.; Darlow, Brian A.; Indredavik, Marit Sæbø; Lydersen, Stian; Mork, Paul Jarle; Kajantie, Eero Olavi; Evensen, Kari Anne Indredavik (2024). Physical activity and cognitive function in adults born very preterm or with very low birth weight–an individual participant data meta-analysis. PLOS ONE. Vol. 19. https://doi.org/10.1371/journal.pone.0298311
Ingvaldsen, Sigrid Hegna; Jørgensen, Anna Perregaard Munch; Grøtting, Arnstein; Sand, Trond Halfdan; Eikenes, Live; Håberg, Asta; Indredavik, Marit Sæbø; Lydersen, Stian; Austeng, Dordi Kristine; Morken, Tora Sund; Evensen, Kari Anne Indredavik (2024). Visual outcomes and their association with grey and white matter microstructure in adults born preterm with very low birth weight. 13 s. Scientific Reports. Vol. 14. https://doi.org/10.1038/s41598-024-52836-4
Publikasjonslisten er hentet ut av Cristin. Listen kan være ufullstendig
Forskningsrapporter
Evensen, Kari A. Indredavik ; Vik, Torstein; Brubakk, Ann-Mari; Skranes, Jon (2010). Born too soon or too small: Motor problems in adolescence. ISBN: 978-82-471-2057-6. 114 s. Doktoravhandlinger ved NTNU.
Publikasjonslisten er hentet ut av Cristin. Listen kan være ufullstendig
Benum, Silje Dahl; Aakvik, Kristina Anna Djupvik; Mehl, Cathrin Vano; Kongsvold, Atle; Vollsæter, Maria; Lydersen, Stian; Mork, Paul Jarle; Kajantie, Eero Olavi; Evensen, Kari Anne Indredavik (2024). Physical Activity in Adults Born Preterm with Very Low Birth Weight. Pediatric Academic Societies Meeting .
Jørgensen, Anna Perregaard Munch; Kulmala, Maarit; Austeng, Dordi Kristine; Sand, Trond; Grøtting, Arnstein; Evensen, Kari Anne Indredavik ; Kajantie, Eero; Majander, Anna; Morken, Tora Sund (2024). Visual pathway function in adults born preterm with very low birth weight - a two-country birth cohort study. Sigrid Jusélius Symposium: Preterm birth – etiology and prevention, neonatal care and lifelong outcomes. Sigrid Jusélius Stiftelse.
Paulsen, Henriette ; Ustad, Tordis; Sørvoll, Marit; Øberg, Gunn Kristin; Evensen, Kari Anne Indredavik (2024). Motor function at school age in very preterm children: A follow-up of a randomised controlled trial. European Academy of Childhood Disability 2024. EACD.
Jørgensen, Anna Perregaard Munch; Grøtting, Arnstein; Eikenes, Live; Håberg, Asta Kristine; Lydersen, Stian; Austeng, Dordi Kristine; Morken, Tora Sund; Evensen, Kari Anne Indredavik (2023). Visual Outcomes and Their Association With Grey and White Matter Microstructure in Adults Born Preterm With Very Low Birth Weight. Pediatric Academic Society Meeting 2024. PAS Commitee.
Jussinniemi, Laura; Kajantie, Eero Olavi; Kulmala, Maarit; Aakvik, Kristina Anna Djupvik; Benum, Silje Dahl; Jørgensen, Anna Perregaard Munch; Evensen, Kari Anne Indredavik (2023). Body composition in adults born preterm with very low birth weight; mid-adulthood outcomes from a two-country birth cohort study. Pediatric Academic Societies Meeting 2023. Pediatric Academic Societies .
Jussinniemi, Laura; Evensen, Kari Anne Indredavik ; Kajantie, Eero Olavi (2023). IPD update: Handgrip strength. APIC meeting 2023 Washington D.C.. Adults Born Preterm International Collaboration (APIC).
Aakvik, Kristina Anna Djupvik; Benum, Silje Dahl; Tikanmäki, Marjaana; Hovi, Petteri; Räikkönen, Katri; Harris, Sarah L.; Darlow, Brian A.; Indredavik, Marit Sæbø; Lydersen, Stian; Mork, Paul Jarle; Kajantie, Eero Olavi; Evensen, Kari Anne Indredavik (2023). Physical Activity in Adults Born Very Preterm or With Very Low Birth Weight and Mediation by Cognitive Function: An Individual Participant Meta-Analysis. Pediatric Academic Societies Meeting 2023. Pediatric Academic Societies.
Aakvik, Kristina Anna Djupvik; Benum, Silje Dahl; Mehl, Cathrin Vano; Kongsvold, Atle Austnes; Vollsæter, Maria; Lydersen, Stian; Mork, Paul Jarle; Kajantie, Eero Olavi; Evensen, Kari Anne Indredavik (2023). Physical activity in adults born preterm with very low birth weight and mediation by motor abilities. jENS 2023: 5th Congress of joint European Neonatal Societies. Joint European Neonatal Societies.
Benum, Silje Dahl; Aakvik, Kristina Anna Djupvik; Jussinniemi, Laura; Kulmala, Maarit; Jørgensen, Anna Perregaard Munch; Kajantie, Eero Olavi; Evensen, Kari Anne Indredavik (2023). Fine and Gross Motor Function in Adults Born Preterm with Very Low Birth Weight: A Longitudinal Study of Two Nordic Birth Cohorts. Pediatric Academic Societies Meeting 2023. Pediatric Academic Societies ."
5c74680c83f328e0a8f93fea54507acead920ff8,eng,https://www.ntnu.no/ansatte/tone.s.lovvik,ntnu.no,1734541220000,html,"['Ryssdal, Mariell; Giskeødegård, Guro F.; Stokkeland, Live Marie T; Jarmund, Anders Hagen; Steinkjer, Bjørg; Løvvik, Tone Shetelig. (2023) Metformin has immunomodulatory effects in pregnant women with PCOS. Nordic Federation of Societies of Obstetrics and Gynecology Nordic Congress of Obstetrics and Gynecology (NFOG) , Trondheim 2023-08-27 - 2023-08-30', 'Vitenskapelig foredrag', 'Ryssdal, Mariell; Skage, Johanne Eikeland; Jarmund, Anders Hagen; Hanem, Liv Guro Engen; Løvvik, Tone Shetelig; Giskeødegård, Guro F.. (2023) Metformin treatment during PCOS pregnancies and its impact on maternal infections and offspring allergy and eczema. Nordic Federation of Societies of Obstetrics and Gynecology Nordic Congress of Obstetrics and Gynecology (NFOG) , Trondheim 2023-08-27 - 2023-08-30', 'Poster', 'Ryssdal, Mariell; Jarmund, Anders Hagen; Løvvik, Tone Shetelig; Giskeødegård, Guro F.; Iversen, Ann-Charlotte; Vanky, Eszter Ilona. (2023) Metformin treatment in pregnancy reduces the incidence of maternal infections in women with PCOS. International Federation of Placenta Associations Annual meeting international federation of placenta associations (IFPA) , Rotorua 2023-09-05 - 2023-09-08', '2021', 'Jarmund, Anders Hagen; Giskeødegård, Guro F.; Rakner, Johanne Johnsen; Stokkeland, Live Marie; Ryssdal, Mariell; Steinkjer, Bjørg. (2021) Longitudinal serum cytokine profiles in gestational hypertension and preeclampsia. International Society for the Study of Hypertension in Pregn ISSHP 2021 2021-09-15 - 2021-09-28', 'Poster', 'Stokkeland, Live Marie T; Giskeødegård, Guro F.; Ryssdal, Mariell; Jarmund, Anders Hagen; Løvvik, Tone Shetelig; Schmedes, Anne Vibeke. (2021) Distinct androgen and immune profiles in pregnant women of hyper- and normoandrogenic PCOS phenotype. AE-PCOS Society Androgen Excess PCOS Society Annual Meeting , Virtual 2021-11-12 - 2021-11-14', 'Poster', 'Ryssdal, Mariell; Giskeødegård, Guro F.; Stokkeland, Live Marie T; Jarmund, Anders Hagen; Steinkjer, Bjørg; Løvvik, Tone Shetelig. (2021) Metformin reduces infections and increases serum cytokines in pregnant women with PCOS - an RCT. Androgen Excess PCOS Society Androgen Excess PCOS Society Annual Meeting 2021-11-12 - 2021-11-14', 'Jarmund, Anders Hagen; Giskeødegård, Guro F.; Rakner, Johanne Johnsen; Stokkeland, Live Marie; Ryssdal, Mariell; Steinkjer, Bjørg. (2021) Systemic immunological perturbations and placental pathology in preeclampsia. International Federation of Placenta Associations The 2021 meeting of the International Federation of Placenta Associations (IFPA) 2021-08-30 - 2021-09-02', '2012', 'Løvvik, Tone Shetelig; Vanky, Eszter. (2012) Androgens, cervical length and gestational age in PCOS pregnancies. Nordic Federation of Obstatricians and Gynecologists 2012-06-16 -', 'Vitenskapelig foredrag', 'Løvvik, Tone Shetelig; Vanky, Eszter. (2012) Metformin treatment during pregnancy in women with PCOS. Nordic Fertility Society XXI Nordic Fertility Society Meeting 2012 , Helsinki 2012-08-06 - 2012-08-08']","Ryssdal, Mariell; Giskeødegård, Guro F.; Stokkeland, Live Marie T; Jarmund, Anders Hagen; Steinkjer, Bjørg; Løvvik, Tone Shetelig. (2023) Metformin has immunomodulatory effects in pregnant women with PCOS. Nordic Federation of Societies of Obstetrics and Gynecology Nordic Congress of Obstetrics and Gynecology (NFOG) , Trondheim 2023-08-27 - 2023-08-30
Vitenskapelig foredrag
Ryssdal, Mariell; Skage, Johanne Eikeland; Jarmund, Anders Hagen; Hanem, Liv Guro Engen; Løvvik, Tone Shetelig; Giskeødegård, Guro F.. (2023) Metformin treatment during PCOS pregnancies and its impact on maternal infections and offspring allergy and eczema. Nordic Federation of Societies of Obstetrics and Gynecology Nordic Congress of Obstetrics and Gynecology (NFOG) , Trondheim 2023-08-27 - 2023-08-30
Poster
Ryssdal, Mariell; Jarmund, Anders Hagen; Løvvik, Tone Shetelig; Giskeødegård, Guro F.; Iversen, Ann-Charlotte; Vanky, Eszter Ilona. (2023) Metformin treatment in pregnancy reduces the incidence of maternal infections in women with PCOS. International Federation of Placenta Associations Annual meeting international federation of placenta associations (IFPA) , Rotorua 2023-09-05 - 2023-09-08
2021
Jarmund, Anders Hagen; Giskeødegård, Guro F.; Rakner, Johanne Johnsen; Stokkeland, Live Marie; Ryssdal, Mariell; Steinkjer, Bjørg. (2021) Longitudinal serum cytokine profiles in gestational hypertension and preeclampsia. International Society for the Study of Hypertension in Pregn ISSHP 2021 2021-09-15 - 2021-09-28
Poster
Stokkeland, Live Marie T; Giskeødegård, Guro F.; Ryssdal, Mariell; Jarmund, Anders Hagen; Løvvik, Tone Shetelig; Schmedes, Anne Vibeke. (2021) Distinct androgen and immune profiles in pregnant women of hyper- and normoandrogenic PCOS phenotype. AE-PCOS Society Androgen Excess PCOS Society Annual Meeting , Virtual 2021-11-12 - 2021-11-14
Poster
Ryssdal, Mariell; Giskeødegård, Guro F.; Stokkeland, Live Marie T; Jarmund, Anders Hagen; Steinkjer, Bjørg; Løvvik, Tone Shetelig. (2021) Metformin reduces infections and increases serum cytokines in pregnant women with PCOS - an RCT. Androgen Excess PCOS Society Androgen Excess PCOS Society Annual Meeting 2021-11-12 - 2021-11-14
Jarmund, Anders Hagen; Giskeødegård, Guro F.; Rakner, Johanne Johnsen; Stokkeland, Live Marie; Ryssdal, Mariell; Steinkjer, Bjørg. (2021) Systemic immunological perturbations and placental pathology in preeclampsia. International Federation of Placenta Associations The 2021 meeting of the International Federation of Placenta Associations (IFPA) 2021-08-30 - 2021-09-02
2012
Løvvik, Tone Shetelig; Vanky, Eszter. (2012) Androgens, cervical length and gestational age in PCOS pregnancies. Nordic Federation of Obstatricians and Gynecologists 2012-06-16 -
Vitenskapelig foredrag
Løvvik, Tone Shetelig; Vanky, Eszter. (2012) Metformin treatment during pregnancy in women with PCOS. Nordic Fertility Society XXI Nordic Fertility Society Meeting 2012 , Helsinki 2012-08-06 - 2012-08-08",abd5e43f2da5964c83f80348150131558af35fe9,nno,https://www.ntnu.no/ansatte/mariell.ryssdal,ntnu.no,1734541344000,html,"['Ryssdal, Mariell; Giskeødegård, Guro F.; Stokkeland, Live Marie T; Jarmund, Anders Hagen; Steinkjer, Bjørg; Løvvik, Tone Shetelig. (2023) Metformin has immunomodulatory effects in pregnant women with PCOS. Nordic Federation of Societies of Obstetrics and Gynecology Nordic Congress of Obstetrics and Gynecology (NFOG) , Trondheim 2023-08-27 - 2023-08-30', 'Vitenskapelig foredrag', 'Ryssdal, Mariell; Skage, Johanne Eikeland; Jarmund, Anders Hagen; Hanem, Liv Guro Engen; Løvvik, Tone Shetelig; Giskeødegård, Guro F.. (2023) Metformin treatment during PCOS pregnancies and its impact on maternal infections and offspring allergy and eczema. Nordic Federation of Societies of Obstetrics and Gynecology Nordic Congress of Obstetrics and Gynecology (NFOG) , Trondheim 2023-08-27 - 2023-08-30', 'Poster', 'Ryssdal, Mariell; Jarmund, Anders Hagen; Løvvik, Tone Shetelig; Giskeødegård, Guro F.; Iversen, Ann-Charlotte; Vanky, Eszter Ilona. (2023) Metformin treatment in pregnancy reduces the incidence of maternal infections in women with PCOS. International Federation of Placenta Associations Annual meeting international federation of placenta associations (IFPA) , Rotorua 2023-09-05 - 2023-09-08', 'Jarmund, Anders Hagen; Giskeødegård, Guro F.; Ryssdal, Mariell; Buer, Signe Haaland; Austdal, Marie; Steinkjer, Bjørg. (2023) Decoding the immune and lipid landscape of preeclampsia: A study of disease subtypes and activity. Nordic Federation of Societies of Obstetrics and Gynecology 42nd Nordic Congress of Obstetrics and Gynecology , Trondheim 2023-08-27 - 2023-08-30', '2021', 'Jarmund, Anders Hagen; Giskeødegård, Guro F.; Rakner, Johanne Johnsen; Stokkeland, Live Marie; Ryssdal, Mariell; Steinkjer, Bjørg. (2021) Longitudinal serum cytokine profiles in gestational hypertension and preeclampsia. International Society for the Study of Hypertension in Pregn ISSHP 2021 2021-09-15 - 2021-09-28', 'Poster', 'Stokkeland, Live Marie T; Giskeødegård, Guro F.; Ryssdal, Mariell; Jarmund, Anders Hagen; Løvvik, Tone Shetelig; Schmedes, Anne Vibeke. (2021) Distinct androgen and immune profiles in pregnant women of hyper- and normoandrogenic PCOS phenotype. AE-PCOS Society Androgen Excess PCOS Society Annual Meeting , Virtual 2021-11-12 - 2021-11-14', 'Poster', 'Ryssdal, Mariell; Giskeødegård, Guro F.; Stokkeland, Live Marie T; Jarmund, Anders Hagen; Steinkjer, Bjørg; Løvvik, Tone Shetelig. (2021) Metformin reduces infections and increases serum cytokines in pregnant women with PCOS - an RCT. Androgen Excess PCOS Society Androgen Excess PCOS Society Annual Meeting 2021-11-12 - 2021-11-14', 'Jarmund, Anders Hagen; Giskeødegård, Guro F.; Rakner, Johanne Johnsen; Stokkeland, Live Marie; Ryssdal, Mariell; Steinkjer, Bjørg. (2021) Systemic immunological perturbations and placental pathology in preeclampsia. International Federation of Placenta Associations The 2021 meeting of the International Federation of Placenta Associations (IFPA) 2021-08-30 - 2021-09-02']","Ryssdal, Mariell; Giskeødegård, Guro F.; Stokkeland, Live Marie T; Jarmund, Anders Hagen; Steinkjer, Bjørg; Løvvik, Tone Shetelig. (2023) Metformin has immunomodulatory effects in pregnant women with PCOS. Nordic Federation of Societies of Obstetrics and Gynecology Nordic Congress of Obstetrics and Gynecology (NFOG) , Trondheim 2023-08-27 - 2023-08-30
Vitenskapelig foredrag
Ryssdal, Mariell; Skage, Johanne Eikeland; Jarmund, Anders Hagen; Hanem, Liv Guro Engen; Løvvik, Tone Shetelig; Giskeødegård, Guro F.. (2023) Metformin treatment during PCOS pregnancies and its impact on maternal infections and offspring allergy and eczema. Nordic Federation of Societies of Obstetrics and Gynecology Nordic Congress of Obstetrics and Gynecology (NFOG) , Trondheim 2023-08-27 - 2023-08-30
Poster
Ryssdal, Mariell; Jarmund, Anders Hagen; Løvvik, Tone Shetelig; Giskeødegård, Guro F.; Iversen, Ann-Charlotte; Vanky, Eszter Ilona. (2023) Metformin treatment in pregnancy reduces the incidence of maternal infections in women with PCOS. International Federation of Placenta Associations Annual meeting international federation of placenta associations (IFPA) , Rotorua 2023-09-05 - 2023-09-08
Jarmund, Anders Hagen; Giskeødegård, Guro F.; Ryssdal, Mariell; Buer, Signe Haaland; Austdal, Marie; Steinkjer, Bjørg. (2023) Decoding the immune and lipid landscape of preeclampsia: A study of disease subtypes and activity. Nordic Federation of Societies of Obstetrics and Gynecology 42nd Nordic Congress of Obstetrics and Gynecology , Trondheim 2023-08-27 - 2023-08-30
2021
Jarmund, Anders Hagen; Giskeødegård, Guro F.; Rakner, Johanne Johnsen; Stokkeland, Live Marie; Ryssdal, Mariell; Steinkjer, Bjørg. (2021) Longitudinal serum cytokine profiles in gestational hypertension and preeclampsia. International Society for the Study of Hypertension in Pregn ISSHP 2021 2021-09-15 - 2021-09-28
Poster
Stokkeland, Live Marie T; Giskeødegård, Guro F.; Ryssdal, Mariell; Jarmund, Anders Hagen; Løvvik, Tone Shetelig; Schmedes, Anne Vibeke. (2021) Distinct androgen and immune profiles in pregnant women of hyper- and normoandrogenic PCOS phenotype. AE-PCOS Society Androgen Excess PCOS Society Annual Meeting , Virtual 2021-11-12 - 2021-11-14
Poster
Ryssdal, Mariell; Giskeødegård, Guro F.; Stokkeland, Live Marie T; Jarmund, Anders Hagen; Steinkjer, Bjørg; Løvvik, Tone Shetelig. (2021) Metformin reduces infections and increases serum cytokines in pregnant women with PCOS - an RCT. Androgen Excess PCOS Society Androgen Excess PCOS Society Annual Meeting 2021-11-12 - 2021-11-14
Jarmund, Anders Hagen; Giskeødegård, Guro F.; Rakner, Johanne Johnsen; Stokkeland, Live Marie; Ryssdal, Mariell; Steinkjer, Bjørg. (2021) Systemic immunological perturbations and placental pathology in preeclampsia. International Federation of Placenta Associations The 2021 meeting of the International Federation of Placenta Associations (IFPA) 2021-08-30 - 2021-09-02"
8f79f820a8f88c1c2d2a0dc829fdf1e52ef2a297,nno,https://www.helsenorge.no/nn/tjeneste-kontaktinformasjon/,helsenorge.no,1735207354000,html,"['Kontaktinformasjon', 'Om tenesta', '\u200bKontaktinformasjonen som blir vist, er henta frå folkeregisteret og frå Kontakt- og reservasjonsregisteret, og blir ikkje lagra på Helsenorge. Dersom du ser at informasjonen ikkje stemmer, er det lenke til kor du kan redigere informasjonen.', 'Kva brukar vi kontaktopplysningne dine til?', 'Mobiltelefonnummer og/eller e-postadresse blir nytta for å sende deg varsel, påminningar og informasjon om tenestene på Helsenorge. Det er derfor nødvendig at du gir rette opplysningar i Kontakt- og reservasjonsregisteret og oppdaterer ved endringer.', 'I varseloppsettet kan du sjølv bestemme om du får tilsendt SMS- eller e-postvarsel når du får informasjon på Helsenorge, og kva type varsel du får. Dersom du ikkje har valt noko anna, får du varsel på SMS.']","Kontaktinformasjon
Om tenesta
​Kontaktinformasjonen som blir vist, er henta frå folkeregisteret og frå Kontakt- og reservasjonsregisteret, og blir ikkje lagra på Helsenorge. Dersom du ser at informasjonen ikkje stemmer, er det lenke til kor du kan redigere informasjonen.
Kva brukar vi kontaktopplysningne dine til?
Mobiltelefonnummer og/eller e-postadresse blir nytta for å sende deg varsel, påminningar og informasjon om tenestene på Helsenorge. Det er derfor nødvendig at du gir rette opplysningar i Kontakt- og reservasjonsregisteret og oppdaterer ved endringer.
I varseloppsettet kan du sjølv bestemme om du får tilsendt SMS- eller e-postvarsel når du får informasjon på Helsenorge, og kva type varsel du får. Dersom du ikkje har valt noko anna, får du varsel på SMS.",162f2e3d343e75b6d645c924a9531c94e9ca3536,nob,https://www.helsenorge.no/kontaktinformasjon/,helsenorge.no,1735204200000,html,"['Kontaktinformasjon', 'Om tjenesten', '\u200bKontaktinformasjonen som vises er hentet fra folkeregisteret og fra Digitalt kontaktregister, og lagres ikke på Helsenorge. Hvis du ser at informasjonen ikke stemmer, er det lenke til hvor du kan redigere informasjonen.', 'Hva bruker vi dine kontaktopplysninger til?', 'Mobiltelefonnummer og/eller e-postadresse benyttes for å sende deg varsler, påminnelser og informasjon om tjenestene på Helsenorge. Det er derfor nødvendig at du gir riktige opplysninger i Kontakt- og reservasjonsregisteret og oppdaterer ved endringer.', 'Varseloppsettet lar deg bestemme om du får tilsendt SMS- eller e-postvarsel når du mottar informasjon på Helsenorge, og hvilken type varsler du får. Dersom du ikke har valgt noe annet, blir varsel sendt på SMS.']","Kontaktinformasjon
Om tjenesten
​Kontaktinformasjonen som vises er hentet fra folkeregisteret og fra Digitalt kontaktregister, og lagres ikke på Helsenorge. Hvis du ser at informasjonen ikke stemmer, er det lenke til hvor du kan redigere informasjonen.
Hva bruker vi dine kontaktopplysninger til?
Mobiltelefonnummer og/eller e-postadresse benyttes for å sende deg varsler, påminnelser og informasjon om tjenestene på Helsenorge. Det er derfor nødvendig at du gir riktige opplysninger i Kontakt- og reservasjonsregisteret og oppdaterer ved endringer.
Varseloppsettet lar deg bestemme om du får tilsendt SMS- eller e-postvarsel når du mottar informasjon på Helsenorge, og hvilken type varsler du får. Dersom du ikke har valgt noe annet, blir varsel sendt på SMS."
5752d09108848f872b1f26024019f21b4513f5c7,eng,https://nmh.no/en/contact-us/employees/ingeborg-nebelung,nmh.no,1734522539000,html,"['Office', 'Field of study', 'Department and discipline', 'Publications', 'Logging on to the world: Developing communication skills through music therapy Ingeborg Nebelung 2019', 'From participation to democracy: Action research in the music room Ingeborg Nebelung 2019', 'Music therapy in educational settings – theory, practice, and research in five European countries. Roundtable. Ingeborg Nebelung , Anne-Katrin Jordan , Eric Pfeifer , Sandra Lutz Hochreutener , Thomas Stegemann , Philippa Derrington 2019', 'Working to the UN’s Sustainable Development Goals: Music therapy in child and adolescent welfare contexts Viggo Krüger , Ingeborg Nebelung , Walius Rut , Tuomi Kirsi 2019', 'Musikkterapi som premissleverandør i utviklinga av ein barnevernsinstitusjon - eit aksjonsforskingsprosjekt. Presentasjon på konferansen ""Musikk mot utenforskap i arbeid med barn og unge"" Ingeborg Nebelung 2019', 'Når musikkterapi er nøkkelen til kommunikasjon. Presentasjon av to caser (keynote) Ingeborg Nebelung 2019', 'When music therapy sets the premises Ingeborg Nebelung 2019', 'Musikterapi som premissleverandør i utviklinga av ein barnevernsinstitusjon. Eit aksjonsforskingprosjekt Ingeborg Nebelung 2019']","Office
Field of study
Department and discipline
Publications
Logging on to the world: Developing communication skills through music therapy Ingeborg Nebelung 2019
From participation to democracy: Action research in the music room Ingeborg Nebelung 2019
Music therapy in educational settings – theory, practice, and research in five European countries. Roundtable. Ingeborg Nebelung , Anne-Katrin Jordan , Eric Pfeifer , Sandra Lutz Hochreutener , Thomas Stegemann , Philippa Derrington 2019
Working to the UN’s Sustainable Development Goals: Music therapy in child and adolescent welfare contexts Viggo Krüger , Ingeborg Nebelung , Walius Rut , Tuomi Kirsi 2019
Musikkterapi som premissleverandør i utviklinga av ein barnevernsinstitusjon - eit aksjonsforskingsprosjekt. Presentasjon på konferansen ""Musikk mot utenforskap i arbeid med barn og unge"" Ingeborg Nebelung 2019
Når musikkterapi er nøkkelen til kommunikasjon. Presentasjon av to caser (keynote) Ingeborg Nebelung 2019
When music therapy sets the premises Ingeborg Nebelung 2019
Musikterapi som premissleverandør i utviklinga av ein barnevernsinstitusjon. Eit aksjonsforskingprosjekt Ingeborg Nebelung 2019",dc7b9d987a1c01f81b2ea80246850c0d9ff95384,nno,https://nmh.no/kontakt-oss/ansatte/ingeborg-nebelung,nmh.no,1734513054000,html,"['Kontor', 'Fagområde', 'Fagmiljø', 'Publikasjoner', 'Logging on to the world: Developing communication skills through music therapy Ingeborg Nebelung 2019', 'From participation to democracy: Action research in the music room Ingeborg Nebelung 2019', 'Music therapy in educational settings – theory, practice, and research in five European countries. Roundtable. Ingeborg Nebelung , Anne-Katrin Jordan , Eric Pfeifer , Sandra Lutz Hochreutener , Thomas Stegemann , Philippa Derrington 2019', 'Working to the UN’s Sustainable Development Goals: Music therapy in child and adolescent welfare contexts Viggo Krüger , Ingeborg Nebelung , Walius Rut , Tuomi Kirsi 2019', 'Musikkterapi som premissleverandør i utviklinga av ein barnevernsinstitusjon - eit aksjonsforskingsprosjekt. Presentasjon på konferansen ""Musikk mot utenforskap i arbeid med barn og unge"" Ingeborg Nebelung 2019', 'Når musikkterapi er nøkkelen til kommunikasjon. Presentasjon av to caser (keynote) Ingeborg Nebelung 2019', 'When music therapy sets the premises Ingeborg Nebelung 2019', 'Musikterapi som premissleverandør i utviklinga av ein barnevernsinstitusjon. Eit aksjonsforskingprosjekt Ingeborg Nebelung 2019']","Kontor
Fagområde
Fagmiljø
Publikasjoner
Logging on to the world: Developing communication skills through music therapy Ingeborg Nebelung 2019
From participation to democracy: Action research in the music room Ingeborg Nebelung 2019
Music therapy in educational settings – theory, practice, and research in five European countries. Roundtable. Ingeborg Nebelung , Anne-Katrin Jordan , Eric Pfeifer , Sandra Lutz Hochreutener , Thomas Stegemann , Philippa Derrington 2019
Working to the UN’s Sustainable Development Goals: Music therapy in child and adolescent welfare contexts Viggo Krüger , Ingeborg Nebelung , Walius Rut , Tuomi Kirsi 2019
Musikkterapi som premissleverandør i utviklinga av ein barnevernsinstitusjon - eit aksjonsforskingsprosjekt. Presentasjon på konferansen ""Musikk mot utenforskap i arbeid med barn og unge"" Ingeborg Nebelung 2019
Når musikkterapi er nøkkelen til kommunikasjon. Presentasjon av to caser (keynote) Ingeborg Nebelung 2019
When music therapy sets the premises Ingeborg Nebelung 2019
Musikterapi som premissleverandør i utviklinga av ein barnevernsinstitusjon. Eit aksjonsforskingprosjekt Ingeborg Nebelung 2019"
326014e00e9962f5017314c768b6c0a5963c1557,eng,https://www.hvl.no/globalassets/hvl-internett/dokument/skjema/salary-form-with-time-list-for-individual-assignments-and-meeting-allowances.docx,hvl.no,1734650821000,doc,"['Postboks 7030, 5020 Bergen | Tlf. 55 58 58 00', '\t\t\t\t\t | www.hvl.no                        ', 'Salary form with time list ', 'for individual assignments and meeting allowances', ' ', ' ', 'Surname:', 'All first names and middle names:', 'Personal identity number:', 'Address:', 'Postcode:', 'City:', 'Bank account:', 'E-mail and telephone number:', 'Assignment:', 'Note: Tax information is obtained electronically.', 'For internal use at HVL', '\t\t\t\t\t\t   ', 'Lønsart', 'Tal timar', 'Timeløn', 'Sum', 'Konto', 'Kostn.stad', 'Prosjekt', 'Føremål', 'Attestation / referral', 'Date:', 'Signature:', 'Date:', 'Signature:', 'Registration in SAP:', 'Employee number in SAP:', 'Detailed specification of the assignment:', 'Date:', 'Time:', 'Number of hours:', 'Specification of committee work', 'Number of hours', 'Rate', 'Sum', 'The meetings', 'Work between meetings', 'Date:', 'Signature:', 'Both sides of this form must be sent to HVL.', 'NynorskSist oppdatert: 04.11.2011 Side  2 av 2 ', 'Side 2 av 2 ', 'EngelskSist oppdatert: 25.02.2020 Nina Leivdal Tandle Side 1 av 2']","Postboks 7030, 5020 Bergen | Tlf. 55 58 58 00
					 | www.hvl.no                        
Salary form with time list 
for individual assignments and meeting allowances
 
 
Surname:
All first names and middle names:
Personal identity number:
Address:
Postcode:
City:
Bank account:
E-mail and telephone number:
Assignment:
Note: Tax information is obtained electronically.
For internal use at HVL
						   
Lønsart
Tal timar
Timeløn
Sum
Konto
Kostn.stad
Prosjekt
Føremål
Attestation / referral
Date:
Signature:
Date:
Signature:
Registration in SAP:
Employee number in SAP:
Detailed specification of the assignment:
Date:
Time:
Number of hours:
Specification of committee work
Number of hours
Rate
Sum
The meetings
Work between meetings
Date:
Signature:
Both sides of this form must be sent to HVL.
NynorskSist oppdatert: 04.11.2011 Side  2 av 2 
Side 2 av 2 
EngelskSist oppdatert: 25.02.2020 Nina Leivdal Tandle Side 1 av 2",4a0d1392374416e8d00a281bb0a44d0baff12025,nno,https://www.hvl.no/contentassets/9dd5d9cc6a0f490fb35788eea99f2dbf/lonnsskjema-hvl-pr-februar-2020-med-timeliste.docx,hvl.no,1734683572000,doc,"['Postboks 7030, 5020 Bergen | Tlf. 55 58 58 00', '\t\t\t\t\t | www.hvl.no                        ', '\t\t\t                                                                                           ', '            ', 'Lønnsskjema med timeliste for enkeltoppdrag, møtegodtgjersle og anna ved HVL', ' ', ' ', 'Etternamn:', 'Fornamn:', 'Personnummer (11 siffer):', 'Adresse:', 'Postnr:', 'Poststad:', 'Bankkonto:', 'E-post og telefonnummer:', 'Tema/Oppdrag/Utval/Råd:', 'Merk: Skatteopplysningar vert henta elektronisk.', 'For HVL', '\t\t\t\t\t\t   ', 'Lønsart', 'Tal timar', 'Timeløn', 'Sum', 'Konto', 'Kostn.stad', 'Prosjekt', 'Føremål', 'Attestasjon/tilvising', 'Dato:', 'Underskrift:', 'Dato:', 'Underskrift:', 'Reg. i SAP:', 'Tilsettnr i SAP:', 'Nærmare spesifikasjon av oppdraget:', 'Dato:', 'Klokkeslett:', 'Tal timar:', 'Spesifikasjon av utvalsarbeid', 'Tal timar', 'Sats', 'Sum', 'Arbeid i møta', 'Arbeid utanfor møta', 'Dato:', 'Underskrift:', 'Begge sider av skjemaet sendast til oppdragsgjevar ved HVL', 'NynorskSist oppdatert: 25.02.2020 Nina Leivdal Tandle Side 1 av 2 ', 'Side 2 av 2 ', 'NynorskSist oppdatert: 04.11.2011 Side  2 av 2']","Postboks 7030, 5020 Bergen | Tlf. 55 58 58 00
					 | www.hvl.no                        
			                                                                                           
            
Lønnsskjema med timeliste for enkeltoppdrag, møtegodtgjersle og anna ved HVL
 
 
Etternamn:
Fornamn:
Personnummer (11 siffer):
Adresse:
Postnr:
Poststad:
Bankkonto:
E-post og telefonnummer:
Tema/Oppdrag/Utval/Råd:
Merk: Skatteopplysningar vert henta elektronisk.
For HVL
						   
Lønsart
Tal timar
Timeløn
Sum
Konto
Kostn.stad
Prosjekt
Føremål
Attestasjon/tilvising
Dato:
Underskrift:
Dato:
Underskrift:
Reg. i SAP:
Tilsettnr i SAP:
Nærmare spesifikasjon av oppdraget:
Dato:
Klokkeslett:
Tal timar:
Spesifikasjon av utvalsarbeid
Tal timar
Sats
Sum
Arbeid i møta
Arbeid utanfor møta
Dato:
Underskrift:
Begge sider av skjemaet sendast til oppdragsgjevar ved HVL
NynorskSist oppdatert: 25.02.2020 Nina Leivdal Tandle Side 1 av 2 
Side 2 av 2 
NynorskSist oppdatert: 04.11.2011 Side  2 av 2"
b82d21726ff6ac31adaf80b1ddced62a85cbce2a,eng,https://www.ntnu.no/documents/10416/1273261054/BI2033.docx/dccdeb8f-f7a6-47dc-a9f2-bb66e86759d7,ntnu.no,1734584235000,doc,"['Department of Biology\t', 'Examination paper for ( BI2033 ) ', '( Population Ecology/ Populasjonsøkologi )', 'Academic contact during examination:', 'Phone:', 'Tlf.: 92653244 (Vidar Grøtan)', '        91897032 (Thor Harald Ringsby)', 'Examination date: 30.11.2016', 'Examination time (from-to): 09:00-13:00 (4 timer/4 hours)\t', 'Permitted examination support material: gyldig kalkulator / legal calculator', 'Other information: The tasks are weighted differently: question 1 counts 40%, while tasks 2, 3 and 4 counts 20% each. / Oppgavene er vektet ulikt: oppgave 1 teller 40%, mens oppgavene 2, 3 og 4 teller 20% hver.', 'Language: Bokmål, Engelsk', 'Number of pages (front page excluded):  8', 'Number of pages enclosed:  9', 'Informasjon om trykking av eksamensoppgave Originalen er:', '1-sidig    □         2-sidig □', 'sort/hvit □          farger □', 'Checked by:', '____________________________', 'Date\t\tSignature', 'Formler og definisjoner', 'Formulas and definitions ', 'Populasjoner med ikke-overlappende generasjoner, ingen endring i miljø', 'Populations with non-overlapping generations, no change in environment', 'Nt+1 = λ Nt    ', 'Eksponensiell vekst', 'Exponential growth', ' ', ' ', 'Logistisk vekst', 'Logistic growth', 'Populasjonsvekst med aldersstruktur', 'Population growth with age structure', 'Livstabell', 'Life table', 'lx : andel i live ved starten av intervall x / proportion alive in the beginning of interval x ', 'Dx : antall døde i løpet av intervall x / number of dead individuals during interval x', 'dx : andel som dør i løpet av intervall x / proportion of individuals that die during interval x', ' eller / or ', 'qx : andel av individer i live ved starten av x som vil dø i løpet av x / proportion of individuals    alive in the beginning of interval x that will die during x', ' mx: gjennomsnittlig antall hunnlige avkom per hunn per aldersklasse / mean number of female offspring per female per age class', 'px: sannsynligheten for å overleve fra en aldersklasse til neste / probability of surviving from one age class to the next', 'Netto reproduksjonsrate / Net reproductive rate', 'Generasjonstid / Generation time', 'Reproduktiv verdi /  Reproductive value', 'Reproduktiv verdi i stabil populasjon / Reproductive value in stable population', 'Stabil aldersfordeling / Stable age structure', 'Euler-Lotka ligning / Euler-Lotka equation', 'Approksimasjon for r / Approximation for r:', 'r ln R0 / G', 'Stokastisk vekstrate / Stochastic growth rate', 'BOKMÅL', 'Oppgave 1', 'I en bestand av en spurvefugl-art blir det foretatt en telling like etter at ungene har forlatt reiret. Tellingen viser at det er 100 utfløyne unger og 50 to-åringer tilstede i bestanden. Alle individer dør i løpet av sitt 3. leveår. Reproduksjon antas å være aldersuavhengig og den aldersuavhengige overlevelsen er 0.5. Kjønnsforholdet blant ungene antas å være 1:1 og vi antar kjønnsuavhengig dødelighet.', 'Beregn vekstraten i bestanden. ', 'Hvor stor er forventet andel av 1-åringer i denne bestanden?', 'Sett opp en post-reproduktiv Leslie-matrise for bestanden', 'Basert på en Leslie-matrise kan man regne ut elastisitet, forklar hva elastisitet er og hvordan elastisitet kan brukes i forvaltning av en art.', 'En annen bestand av denne arten ble funnet å være stabil i populasjonstørrelse over tid. Hvis vi antar at overlevelsen er den samme som i den forrige bestanden, hvor mange utfløyne unger må hver hunn i denne bestanden produsere?', 'Beregn reproduktiv verdi for bestanden i e).', 'Oppgave 2', 'Forklar høstingsstrategien basert på konstante kvoter og drøft fordeler og ulemper ved strategien. (Hint: MSY).', 'Hva er en Allee’-effekt? Gi eksempler på årsaker til at man kan få en Allee’-effekt.', 'Hva er demografisk stokastisitet?', 'Oppgave 3', 'Predasjon er dødelig for individer av en byttedyr populasjon og det er rimelig å predikere at veksten av byttedyr populasjonen vil bli redusert som følge av predasjon. Dette er imidlertid ikke alltid tilfelle. Drøft ulike årsaker der predasjon ikke reduserer veksten av byttedyr populasjonen og illustrerer med relevante eksempler fra pensum.', 'Hva betyr det når vi sier at en art har «preferanse» for en bestemt diett? Forklar hva vi mener med begrepene «rangert» og «balansert» preferanse. Bruke relevante eksempler fra pensum for å eksemplifisere dette', 'Predatorer kan klassifiseres i ulike typer ""funksjonell respons"". Forklar de økologiske mekanismene som generere de 3 ulike typene «funksjonell respons». Illustrer de ulike typene i en figur og gi empiriske eksempler fra pensum.', 'Oppgave 4', 'Diskuter årsaker til og konsekvenser av spredning / dispersal.', 'Besvarelsen skal være kortere enn 500 ord. ', ' ', 'ENGLISH', 'Question 1', 'A count is performed in a population of birds just after the chicks have left the nest. The count is is 100 fledglings and 50 2-year-old individuals. All individuals die during their 3rd year of life. Reproduction is assumed to be age-independent and the age-independent survival rate is 0.5. We assume a 1:1 ratio between sexes of recruits and we assume sex-independent death rate during life.', 'Calculate the growth rate of the population', 'Calculate the expected fraction of 1-year-old individuals in the population', 'Construct a post-reproductive Leslie matrix for this population', 'Based on the Leslie matrix it is possible to calculate the elasticity, explain what the statistic elasticity means and how elasticity could be used in conservation/management of a species', 'Another population of this species have a stable population size in time. Assuming the same survival rate as in the previous population, what do the reproduction (number of fledglings) need to be for this to happen?', 'Calculate the reproductive value for the population in e)', 'Oppgave 2', 'Explain the harvesting strategy based on keeping constant quotas. Discuss advantages and disadvantages with this strategy. (Hint: MSY)', 'Explain the term Allee’-effect. Give examples on causes of Allee’-effects.', 'What is demographic stochasticity?', 'Oppgave 3', '\tPredation results in death for prey individuals and it is reasonable to predict that the growth rate of the prey population will be reduced due to predation. However, this is not always the case. Discuss different causes where the predation does not reduce the growth rate of the prey population and illustrate with relevant examples from curriculum.', 'What does it mean when we say that a species have «preference» for a certain diet? Explain what we understand by the terms “ranked” and “balanced” preference. Use relevant examples from curriculum to exemplify this.', 'Predators can be classified into various types of ""functional response"". Explain the ecological mechanisms that generate the 3 different types of «functional response». Illustrate the different types in a figure and provide empirical examples from the curriculum.', 'Oppgave 4', 'Discuss causes and consequences of dispersal. Your answer should be maximum 500 words. ', ' ', '9']","Department of Biology	
Examination paper for ( BI2033 ) 
( Population Ecology/ Populasjonsøkologi )
Academic contact during examination:
Phone:
Tlf.: 92653244 (Vidar Grøtan)
        91897032 (Thor Harald Ringsby)
Examination date: 30.11.2016
Examination time (from-to): 09:00-13:00 (4 timer/4 hours)	
Permitted examination support material: gyldig kalkulator / legal calculator
Other information: The tasks are weighted differently: question 1 counts 40%, while tasks 2, 3 and 4 counts 20% each. / Oppgavene er vektet ulikt: oppgave 1 teller 40%, mens oppgavene 2, 3 og 4 teller 20% hver.
Language: Bokmål, Engelsk
Number of pages (front page excluded):  8
Number of pages enclosed:  9
Informasjon om trykking av eksamensoppgave Originalen er:
1-sidig    □         2-sidig □
sort/hvit □          farger □
Checked by:
____________________________
Date		Signature
Formler og definisjoner
Formulas and definitions 
Populasjoner med ikke-overlappende generasjoner, ingen endring i miljø
Populations with non-overlapping generations, no change in environment
Nt+1 = λ Nt    
Eksponensiell vekst
Exponential growth
 
 
Logistisk vekst
Logistic growth
Populasjonsvekst med aldersstruktur
Population growth with age structure
Livstabell
Life table
lx : andel i live ved starten av intervall x / proportion alive in the beginning of interval x 
Dx : antall døde i løpet av intervall x / number of dead individuals during interval x
dx : andel som dør i løpet av intervall x / proportion of individuals that die during interval x
 eller / or 
qx : andel av individer i live ved starten av x som vil dø i løpet av x / proportion of individuals    alive in the beginning of interval x that will die during x
 mx: gjennomsnittlig antall hunnlige avkom per hunn per aldersklasse / mean number of female offspring per female per age class
px: sannsynligheten for å overleve fra en aldersklasse til neste / probability of surviving from one age class to the next
Netto reproduksjonsrate / Net reproductive rate
Generasjonstid / Generation time
Reproduktiv verdi /  Reproductive value
Reproduktiv verdi i stabil populasjon / Reproductive value in stable population
Stabil aldersfordeling / Stable age structure
Euler-Lotka ligning / Euler-Lotka equation
Approksimasjon for r / Approximation for r:
r ln R0 / G
Stokastisk vekstrate / Stochastic growth rate
BOKMÅL
Oppgave 1
I en bestand av en spurvefugl-art blir det foretatt en telling like etter at ungene har forlatt reiret. Tellingen viser at det er 100 utfløyne unger og 50 to-åringer tilstede i bestanden. Alle individer dør i løpet av sitt 3. leveår. Reproduksjon antas å være aldersuavhengig og den aldersuavhengige overlevelsen er 0.5. Kjønnsforholdet blant ungene antas å være 1:1 og vi antar kjønnsuavhengig dødelighet.
Beregn vekstraten i bestanden. 
Hvor stor er forventet andel av 1-åringer i denne bestanden?
Sett opp en post-reproduktiv Leslie-matrise for bestanden
Basert på en Leslie-matrise kan man regne ut elastisitet, forklar hva elastisitet er og hvordan elastisitet kan brukes i forvaltning av en art.
En annen bestand av denne arten ble funnet å være stabil i populasjonstørrelse over tid. Hvis vi antar at overlevelsen er den samme som i den forrige bestanden, hvor mange utfløyne unger må hver hunn i denne bestanden produsere?
Beregn reproduktiv verdi for bestanden i e).
Oppgave 2
Forklar høstingsstrategien basert på konstante kvoter og drøft fordeler og ulemper ved strategien. (Hint: MSY).
Hva er en Allee’-effekt? Gi eksempler på årsaker til at man kan få en Allee’-effekt.
Hva er demografisk stokastisitet?
Oppgave 3
Predasjon er dødelig for individer av en byttedyr populasjon og det er rimelig å predikere at veksten av byttedyr populasjonen vil bli redusert som følge av predasjon. Dette er imidlertid ikke alltid tilfelle. Drøft ulike årsaker der predasjon ikke reduserer veksten av byttedyr populasjonen og illustrerer med relevante eksempler fra pensum.
Hva betyr det når vi sier at en art har «preferanse» for en bestemt diett? Forklar hva vi mener med begrepene «rangert» og «balansert» preferanse. Bruke relevante eksempler fra pensum for å eksemplifisere dette
Predatorer kan klassifiseres i ulike typer ""funksjonell respons"". Forklar de økologiske mekanismene som generere de 3 ulike typene «funksjonell respons». Illustrer de ulike typene i en figur og gi empiriske eksempler fra pensum.
Oppgave 4
Diskuter årsaker til og konsekvenser av spredning / dispersal.
Besvarelsen skal være kortere enn 500 ord. 
 
ENGLISH
Question 1
A count is performed in a population of birds just after the chicks have left the nest. The count is is 100 fledglings and 50 2-year-old individuals. All individuals die during their 3rd year of life. Reproduction is assumed to be age-independent and the age-independent survival rate is 0.5. We assume a 1:1 ratio between sexes of recruits and we assume sex-independent death rate during life.
Calculate the growth rate of the population
Calculate the expected fraction of 1-year-old individuals in the population
Construct a post-reproductive Leslie matrix for this population
Based on the Leslie matrix it is possible to calculate the elasticity, explain what the statistic elasticity means and how elasticity could be used in conservation/management of a species
Another population of this species have a stable population size in time. Assuming the same survival rate as in the previous population, what do the reproduction (number of fledglings) need to be for this to happen?
Calculate the reproductive value for the population in e)
Oppgave 2
Explain the harvesting strategy based on keeping constant quotas. Discuss advantages and disadvantages with this strategy. (Hint: MSY)
Explain the term Allee’-effect. Give examples on causes of Allee’-effects.
What is demographic stochasticity?
Oppgave 3
	Predation results in death for prey individuals and it is reasonable to predict that the growth rate of the prey population will be reduced due to predation. However, this is not always the case. Discuss different causes where the predation does not reduce the growth rate of the prey population and illustrate with relevant examples from curriculum.
What does it mean when we say that a species have «preference» for a certain diet? Explain what we understand by the terms “ranked” and “balanced” preference. Use relevant examples from curriculum to exemplify this.
Predators can be classified into various types of ""functional response"". Explain the ecological mechanisms that generate the 3 different types of «functional response». Illustrate the different types in a figure and provide empirical examples from the curriculum.
Oppgave 4
Discuss causes and consequences of dispersal. Your answer should be maximum 500 words. 
 
9",588c488ddd71b4ea9145c6724421e17413f26159,nno,https://www.ntnu.no/documents/10416/1263540442/final_Eksamensoppgaver+BI2033+7+Juni+2014.docx/d5ee4eb2-b5e2-4b4c-8766-69e3dadd4b89,ntnu.no,1734584417000,doc,"['Norges teknisk-naturvitenskapelige universitet\t', '\tInstitutt for biologi\t', '\t', '\t', '\t-', '\t-\t', 'EKSAMENSOPPGAVER/ EXAM QUESTIONS:    ', 'BI2033', 'POPULASJONSØKOLOGI', 'POPULATION ECOLOGY', 'Faglig kontakt under eksamen / Contact person during exam): ', 'Tlf.: 92653244 (Vidar Grøtan)', '        91897032 (Thor Harald Ringsby)', 'Eksamensdato / Exam Date:  07.06.2014', '\tEksamenstid / Exam duration: 09:00-13:00 (4 timer/4 hours)\t', 'Studiepoeng/ Study points: 7.5', 'Tillatte hjelpemidler / Allowed aids: gyldig kalkulator / legal calculator', 'Antall sider/  Totalt (total # of pages bokmål + nynorsk + English):  7', 'Antall sider vedlegg / No. of pages in Appendix): 0', 'Sensurdato / Exam results : Søndag/Sunday 29.06.2014', 'OPPGAVENE ER VEKTET ULIKT: Oppgave 1 teller 40%, mens oppgavene 2, 3 og 4 teller 20% hver.', 'QUESTIONS HAVE UNEQUAL WEIGHT: Question 1 counts 40%, while questions 2,3 and 4 counts 20% each, respectively', 'BOKMÅL', 'Oppgave 1:', 'I år t blir det av en spurveart like etter hekking telt opp 200 unger, 50 1-åringer og 13 2-åringer. I år t+2 teller man 50 2-åringer. Anta aldersuavhengig overlevelse og reproduksjon, stabil aldersstruktur og lik kjønnsrate. Ingen individer i bestanden blir 3 år gamle.', 'a) Hva er overlevelses-raten i denne bestanden?', 'b) Sett opp antall individer i de 3 aldersklassene i år t, t+1 og t+2 i en tabell. ', 'c) Hva er vekstraten i bestanden?', 'd) Hvor mange unger produserer hver kjønnsmoden hunn i gjennomsnitt?', 'e) Hva er forskjellen på statisk og dynamisk(=cohort) livstabell? Sett opp en statisk og en dynamisk livstabell basert på tellingene og ungeproduksjonen fra d). Forklar og vis hvordan bruken av statisk og dynamisk livstabell kan gi ulike tolkninger av bestandsutviklingen.', 'f) Noen år senere observerer man at den aldersuavhengige overlevelsen er den samme som tidligere men at bestandsstørrelsen er stabil over flere år. Beregn forventet antall hunnlige avkom per kjønnsmoden hunn.', 'g) Beregn aldersstrukturen i den stabile bestanden beskrevet i f).', 'h) I hvilken situasjon (  a) versus f) ) vil ungene ha størst bidrag til den framtidige bestandsveksten? Vis med beregninger.', 'Oppgave 2:', 'a) Grafen ovenfor er illustrerer livssyklusen til spermhval (Chiquet et al, 2013, Demographic analysis of sperm whales using matrix population models, Ecological Modelling 248:71-79). Gi en tolkning av livssyklusen til spermhval basert på livssyklusgrafen. ', 'b) Sett opp en projeksjonmatrise for livssyklusen til spermhval basert på figuren ovenfor. ', 'c) Etter å ha estimert elementene i en projeksjonsmatrise kan man beregne flere interessante størrelser som beskriver viktige aspekter ved populasjonsdynamikken til en art. Beskriv hvilke størrelser dette er og hvordan disse størrelsene kan gi viktig informasjon om populasjonsdynamikken.', 'd) Forklar begrepene demografisk stokastisitet og miljø-stokastisitet.', 'e) \tVis med figur hvordan vekstraten eventuelt varierer med varierende bestandsstørrelse i en tetthetsuavhengig modell  under følgende 4 forutsetninger: 1) ingen stokastisitet, 2) bare miljøstokastisitet 3) bare demografisk stokastisitet 4) både miljøstokastisitet og demografisk stokastisitet', 'Oppgave 3:', 'Hva betyr det at en art har «preferanse» for en spesiell diett? Forklar hva vi mener med rangert og balansert preferanse («ranked and balanced»), belys dette gjerne med eksempler fra pensum.', 'Siden predasjon fører til at byttedyr dør så er det rimelig å predikere at predasjon resulterer i reduksjon i vekstraten til byttedyr-populasjonen. Men dette er ikke alltid tilfelle. Diskuter ulike årsaker til at predasjon ikke fører til reduksjon i vekstraten til byttedyr-populasjonen og belys dette med relevante eksempler fra pensum.', 'Predatorer kan klassifiseres ut fra deres “funksjonelle respons”. Skisser i en figur de 3 typene du kjenner, og forklar hvilke økologiske mekanismer som forårsaker hver av de ulike kurvene.', 'Oppgave 4.', 'Individuell variasjon i spredningsadferd («dispersal behaviour») har vist seg å bli påvirket av en rekke faktorer. Diskuter hvordan disse faktorene, både biotiske og abiotiske, har betydning for individuell variasjon i spredningsadferd hos arter i naturen.', 'Diskuter hvilke konsekvenser som endringer i spredningsmønster kan ha for metapopulasjons dynamikk og levedyktigheten til truede populasjoner.', 'NYNORSK', 'Oppgave 1:', 'I år t vert det av ein spurveart like etter hekking tela opp 200 ungar, 50 1-åringar og 13 2-åringar. I år t+2 tela ein 50 2-åringar. Antake aldersuavhengig overleving og reproduksjon, stabil aldersstruktur og lik kjønnsrate. Ingen individ i bestanden blir 3 år gamle.', 'a) Kva er overlevings-rata i denne bestanden?', 'b) Sett opp tal på individ i dei 3 aldersklassane i år t, t+1 og t+2 i ein tabell. ', 'c) Kva er vekstrata i bestanden?', 'd) Kor mange ungar produserer kvar kjønnsmoden hoe i gjennomsnitt?', 'e) Kva er skilnaden på statisk og dynamisk(=cohort) livstabell? Sett opp ein statisk og ein dynamisk livstabell basert på tellingene og ungeproduksjonen fra d). Forklår og syna korleis bruken av statisk og dynamisk livstabell kan gje ulike tolkningar av bestandsutviklinga.', 'f) Nokre år seinare observerar ein at den aldersuavhengige overlevinga er den samme som tidlegare men at bestandsstørrelsa er stabil over fleire år. Rekne ut forventa tal på hunnlege avkom per kjønnsmoden hoe.', 'g) Rekna ut aldersstrukturen i den stabile bestanden beskriva i f).', 'h) I kva for situasjon (  a) versus f) ) vil ungane ha størst bidrag til den framtidige bestandsveksten? Syna med utrekning.', 'Oppgåve 2:', 'a) Grafen ovanfor illustrerer livssyklusen til spermhval (Chiquet et al, 2013, Demographic analysis of sperm whales using matrix population models, Ecological Modelling 248:71-79). Gje ei tolkning av livssyklusen til spermhval basert på livssyklusgrafen. ', 'b) Sett opp ei projeksjonmatrise for livssyklusen til spermhval basert på figuren ovanfor. ', 'c) Etter å ha estimert elementa i ei projeksjonsmatrise kan ein rekna ut fleire interessante størrelsar som beskriv viktige aspektar ved populasjonsdynamikken til ein art. Beskriv kva for størrelsar dette er og korleis desse størrelsane kan gje viktig informasjon om populasjonsdynamikken.', 'd) Forklår omgrepa demografisk stokastisitet og miljø-stokastisitet.', 'e) Syna med figur korleis vekstraten eventuelt varierer med varierande bestandsstørrelse i ein tetthetsuavhengig modell under føljande 4 føresetnader: 1) ingen stokastisitet, 2) bare miljøstokastisitet 3) bare demografisk stokastisitet 4) både miljøstokastisitet og demografisk stokastisitet.', 'Oppgåve 3:', 'Kva inneber det at ein art har «preferanse» for ein spesiell diett? Forklar kva me meiner med rangert og balansert preferanse («ranked and balanced»), klargjer dette gjerne med eksempel frå pensum.', 'Fordi predasjon fører til at byttedyr døyr så er det rimeleg å predikere at predasjon resulterer i reduksjon i vekstrata til byttedyr-populasjonen. Men dette er ikkje alltid tilfelle. Diskuter ulike årsaker til at predasjon ikkje fører til reduksjon i vekstraten til byttedyr-populasjonen og belys dette med relevante eksempel frå pensum.', 'Predatorar kan verte klassifisert ut fra deira “funksjonelle respons”. Syna i ein figur dei 3 typane du kjenner, og forklår kva for økologiske mekanismar som forårsakar kvar av dei ulike kurvene.', 'Oppgåve 4', 'Individuell variasjon i spreiingsadferd («dispersal behaviour») har vist seg å verte påverka av ei rekke faktorar. Diskuter korleis desse faktorene, både biotiske og abiotiske, påverkar individuell variasjon i spreiingsadferd hos artar i naturen.', 'Diskuter kva for konsekvensar som endringar i spreiingsmønster kan ha for metapopulasjons dynamikk og levedyktigheta til truga populasjonar.', 'ENGLISH', 'Question 1:', 'In year t the count of individuals in a population of a sparrows species is 200 offspring, 50 1-year-old and 13 2-year old. In year t+2 50 2-year-olds are present in the population. Assume age-independent survival and reproduction, stable age structure and equal sex ration. None of the individuals in the population becomes 3 year old.', 'a) What is the survival rate in this population?', 'b) Make a table of the number of individuals in the 3 age classes in year t, t+1 and t+2. ', 'c) What is the growth rate of this population?', 'd) How many offspring is produced by each female at average?', 'e) What is the difference between a static and dynamic(=cohort) lifetable? Construct a static and a dynamic life table based on the counts and the offspring production in d). Explain and show how the use of static and dynamic life tables could result in different interpretations of the population dynamics.', 'f) A few years later it is observed that the age-independent survival is equal to what has been previously observed. The population size does now however remain stable over several years. Calculate the expected number of female offspring per mature female in this situation.', 'g) Calculate the age structure under conditions given in f).', 'h) In which situation (  a) versus f) ) will the offspring contribute the most to the future growth in population size? Calculations are expected as a part of the answer.', 'Question 2:', 'a) The graph above illustrates the life cycle of sperm whale (Chiquet et al, 2013, Demographic analysis of sperm whales using matrix population models, Ecological Modelling 248:71-79). Give an interpretation of the life cycle of the sperm whale based on the graph. ', 'b) Construct a projection matrix for the life cycle of sperm whale based on the graph. ', 'c) After having estimated the elements of the projections matrix several interesting statistics describing important aspects of the population dynamics of a species can be calculated. Give an overview of these statistics and how they may contribute to give important information concerning the population dynamics.', 'd) Explain the terms demographic and environmental stochasticity.', 'e) Show by drawing a figure how the growth rate potentially varies with varying population size in a density-independent model under the following 4 conditions: 1) no stochasticity, 2) environmental stochasticity only 3) demographic stochasticity only 4) both demographic and environmental stochasticity. ', 'Question 3:', 'What does it mean when we say that a species have «preference» for a certain diet? Explain what we mean by the terms ranked and balanced preference. Illustrate this with relevant examples from curriculum.', 'Because predation results in death of prey individuals it is reasonable to predict that predation also results in a reduction in the growth rate of the prey population. But this is not always the case. Discuss different causes in which predation do not lead to reduction in the growth rate of the prey population and illustrate with relevant examples from curriculum.', 'Predators can be classified based on their “functional response”. Illusgtrate with a figure the 3 types that you know, and explain the ecological mechanisms that causes each of the different curves.', 'Question 4.', 'Individual variation in dispersal behavior is known to be influenced by a number of factors.  Discuss how these factors, both biotic and abiotic, are known to influence individual variation in dispersal behavior in species in the wild.', 'Discuss the consequences of how changes in dispersal pattern may influence metapopulation dynamics and the viability of threatened populations.', '___________________________________________________________________________________________', 'Merk! Studentene må primært gjøre seg kjent med sensur ved å bruke Studentweb. Eventuelle telefoner om ', 'sensur må rettes til instituttet. Eksamenskontoret vil ikke kunne svare på slike telefoner.', '\t\t\t\tSide 7 av 7']","Norges teknisk-naturvitenskapelige universitet	
	Institutt for biologi	
	
	
	-
	-	
EKSAMENSOPPGAVER/ EXAM QUESTIONS:    
BI2033
POPULASJONSØKOLOGI
POPULATION ECOLOGY
Faglig kontakt under eksamen / Contact person during exam): 
Tlf.: 92653244 (Vidar Grøtan)
        91897032 (Thor Harald Ringsby)
Eksamensdato / Exam Date:  07.06.2014
	Eksamenstid / Exam duration: 09:00-13:00 (4 timer/4 hours)	
Studiepoeng/ Study points: 7.5
Tillatte hjelpemidler / Allowed aids: gyldig kalkulator / legal calculator
Antall sider/  Totalt (total # of pages bokmål + nynorsk + English):  7
Antall sider vedlegg / No. of pages in Appendix): 0
Sensurdato / Exam results : Søndag/Sunday 29.06.2014
OPPGAVENE ER VEKTET ULIKT: Oppgave 1 teller 40%, mens oppgavene 2, 3 og 4 teller 20% hver.
QUESTIONS HAVE UNEQUAL WEIGHT: Question 1 counts 40%, while questions 2,3 and 4 counts 20% each, respectively
BOKMÅL
Oppgave 1:
I år t blir det av en spurveart like etter hekking telt opp 200 unger, 50 1-åringer og 13 2-åringer. I år t+2 teller man 50 2-åringer. Anta aldersuavhengig overlevelse og reproduksjon, stabil aldersstruktur og lik kjønnsrate. Ingen individer i bestanden blir 3 år gamle.
a) Hva er overlevelses-raten i denne bestanden?
b) Sett opp antall individer i de 3 aldersklassene i år t, t+1 og t+2 i en tabell. 
c) Hva er vekstraten i bestanden?
d) Hvor mange unger produserer hver kjønnsmoden hunn i gjennomsnitt?
e) Hva er forskjellen på statisk og dynamisk(=cohort) livstabell? Sett opp en statisk og en dynamisk livstabell basert på tellingene og ungeproduksjonen fra d). Forklar og vis hvordan bruken av statisk og dynamisk livstabell kan gi ulike tolkninger av bestandsutviklingen.
f) Noen år senere observerer man at den aldersuavhengige overlevelsen er den samme som tidligere men at bestandsstørrelsen er stabil over flere år. Beregn forventet antall hunnlige avkom per kjønnsmoden hunn.
g) Beregn aldersstrukturen i den stabile bestanden beskrevet i f).
h) I hvilken situasjon (  a) versus f) ) vil ungene ha størst bidrag til den framtidige bestandsveksten? Vis med beregninger.
Oppgave 2:
a) Grafen ovenfor er illustrerer livssyklusen til spermhval (Chiquet et al, 2013, Demographic analysis of sperm whales using matrix population models, Ecological Modelling 248:71-79). Gi en tolkning av livssyklusen til spermhval basert på livssyklusgrafen. 
b) Sett opp en projeksjonmatrise for livssyklusen til spermhval basert på figuren ovenfor. 
c) Etter å ha estimert elementene i en projeksjonsmatrise kan man beregne flere interessante størrelser som beskriver viktige aspekter ved populasjonsdynamikken til en art. Beskriv hvilke størrelser dette er og hvordan disse størrelsene kan gi viktig informasjon om populasjonsdynamikken.
d) Forklar begrepene demografisk stokastisitet og miljø-stokastisitet.
e) 	Vis med figur hvordan vekstraten eventuelt varierer med varierende bestandsstørrelse i en tetthetsuavhengig modell  under følgende 4 forutsetninger: 1) ingen stokastisitet, 2) bare miljøstokastisitet 3) bare demografisk stokastisitet 4) både miljøstokastisitet og demografisk stokastisitet
Oppgave 3:
Hva betyr det at en art har «preferanse» for en spesiell diett? Forklar hva vi mener med rangert og balansert preferanse («ranked and balanced»), belys dette gjerne med eksempler fra pensum.
Siden predasjon fører til at byttedyr dør så er det rimelig å predikere at predasjon resulterer i reduksjon i vekstraten til byttedyr-populasjonen. Men dette er ikke alltid tilfelle. Diskuter ulike årsaker til at predasjon ikke fører til reduksjon i vekstraten til byttedyr-populasjonen og belys dette med relevante eksempler fra pensum.
Predatorer kan klassifiseres ut fra deres “funksjonelle respons”. Skisser i en figur de 3 typene du kjenner, og forklar hvilke økologiske mekanismer som forårsaker hver av de ulike kurvene.
Oppgave 4.
Individuell variasjon i spredningsadferd («dispersal behaviour») har vist seg å bli påvirket av en rekke faktorer. Diskuter hvordan disse faktorene, både biotiske og abiotiske, har betydning for individuell variasjon i spredningsadferd hos arter i naturen.
Diskuter hvilke konsekvenser som endringer i spredningsmønster kan ha for metapopulasjons dynamikk og levedyktigheten til truede populasjoner.
NYNORSK
Oppgave 1:
I år t vert det av ein spurveart like etter hekking tela opp 200 ungar, 50 1-åringar og 13 2-åringar. I år t+2 tela ein 50 2-åringar. Antake aldersuavhengig overleving og reproduksjon, stabil aldersstruktur og lik kjønnsrate. Ingen individ i bestanden blir 3 år gamle.
a) Kva er overlevings-rata i denne bestanden?
b) Sett opp tal på individ i dei 3 aldersklassane i år t, t+1 og t+2 i ein tabell. 
c) Kva er vekstrata i bestanden?
d) Kor mange ungar produserer kvar kjønnsmoden hoe i gjennomsnitt?
e) Kva er skilnaden på statisk og dynamisk(=cohort) livstabell? Sett opp ein statisk og ein dynamisk livstabell basert på tellingene og ungeproduksjonen fra d). Forklår og syna korleis bruken av statisk og dynamisk livstabell kan gje ulike tolkningar av bestandsutviklinga.
f) Nokre år seinare observerar ein at den aldersuavhengige overlevinga er den samme som tidlegare men at bestandsstørrelsa er stabil over fleire år. Rekne ut forventa tal på hunnlege avkom per kjønnsmoden hoe.
g) Rekna ut aldersstrukturen i den stabile bestanden beskriva i f).
h) I kva for situasjon (  a) versus f) ) vil ungane ha størst bidrag til den framtidige bestandsveksten? Syna med utrekning.
Oppgåve 2:
a) Grafen ovanfor illustrerer livssyklusen til spermhval (Chiquet et al, 2013, Demographic analysis of sperm whales using matrix population models, Ecological Modelling 248:71-79). Gje ei tolkning av livssyklusen til spermhval basert på livssyklusgrafen. 
b) Sett opp ei projeksjonmatrise for livssyklusen til spermhval basert på figuren ovanfor. 
c) Etter å ha estimert elementa i ei projeksjonsmatrise kan ein rekna ut fleire interessante størrelsar som beskriv viktige aspektar ved populasjonsdynamikken til ein art. Beskriv kva for størrelsar dette er og korleis desse størrelsane kan gje viktig informasjon om populasjonsdynamikken.
d) Forklår omgrepa demografisk stokastisitet og miljø-stokastisitet.
e) Syna med figur korleis vekstraten eventuelt varierer med varierande bestandsstørrelse i ein tetthetsuavhengig modell under føljande 4 føresetnader: 1) ingen stokastisitet, 2) bare miljøstokastisitet 3) bare demografisk stokastisitet 4) både miljøstokastisitet og demografisk stokastisitet.
Oppgåve 3:
Kva inneber det at ein art har «preferanse» for ein spesiell diett? Forklar kva me meiner med rangert og balansert preferanse («ranked and balanced»), klargjer dette gjerne med eksempel frå pensum.
Fordi predasjon fører til at byttedyr døyr så er det rimeleg å predikere at predasjon resulterer i reduksjon i vekstrata til byttedyr-populasjonen. Men dette er ikkje alltid tilfelle. Diskuter ulike årsaker til at predasjon ikkje fører til reduksjon i vekstraten til byttedyr-populasjonen og belys dette med relevante eksempel frå pensum.
Predatorar kan verte klassifisert ut fra deira “funksjonelle respons”. Syna i ein figur dei 3 typane du kjenner, og forklår kva for økologiske mekanismar som forårsakar kvar av dei ulike kurvene.
Oppgåve 4
Individuell variasjon i spreiingsadferd («dispersal behaviour») har vist seg å verte påverka av ei rekke faktorar. Diskuter korleis desse faktorene, både biotiske og abiotiske, påverkar individuell variasjon i spreiingsadferd hos artar i naturen.
Diskuter kva for konsekvensar som endringar i spreiingsmønster kan ha for metapopulasjons dynamikk og levedyktigheta til truga populasjonar.
ENGLISH
Question 1:
In year t the count of individuals in a population of a sparrows species is 200 offspring, 50 1-year-old and 13 2-year old. In year t+2 50 2-year-olds are present in the population. Assume age-independent survival and reproduction, stable age structure and equal sex ration. None of the individuals in the population becomes 3 year old.
a) What is the survival rate in this population?
b) Make a table of the number of individuals in the 3 age classes in year t, t+1 and t+2. 
c) What is the growth rate of this population?
d) How many offspring is produced by each female at average?
e) What is the difference between a static and dynamic(=cohort) lifetable? Construct a static and a dynamic life table based on the counts and the offspring production in d). Explain and show how the use of static and dynamic life tables could result in different interpretations of the population dynamics.
f) A few years later it is observed that the age-independent survival is equal to what has been previously observed. The population size does now however remain stable over several years. Calculate the expected number of female offspring per mature female in this situation.
g) Calculate the age structure under conditions given in f).
h) In which situation (  a) versus f) ) will the offspring contribute the most to the future growth in population size? Calculations are expected as a part of the answer.
Question 2:
a) The graph above illustrates the life cycle of sperm whale (Chiquet et al, 2013, Demographic analysis of sperm whales using matrix population models, Ecological Modelling 248:71-79). Give an interpretation of the life cycle of the sperm whale based on the graph. 
b) Construct a projection matrix for the life cycle of sperm whale based on the graph. 
c) After having estimated the elements of the projections matrix several interesting statistics describing important aspects of the population dynamics of a species can be calculated. Give an overview of these statistics and how they may contribute to give important information concerning the population dynamics.
d) Explain the terms demographic and environmental stochasticity.
e) Show by drawing a figure how the growth rate potentially varies with varying population size in a density-independent model under the following 4 conditions: 1) no stochasticity, 2) environmental stochasticity only 3) demographic stochasticity only 4) both demographic and environmental stochasticity. 
Question 3:
What does it mean when we say that a species have «preference» for a certain diet? Explain what we mean by the terms ranked and balanced preference. Illustrate this with relevant examples from curriculum.
Because predation results in death of prey individuals it is reasonable to predict that predation also results in a reduction in the growth rate of the prey population. But this is not always the case. Discuss different causes in which predation do not lead to reduction in the growth rate of the prey population and illustrate with relevant examples from curriculum.
Predators can be classified based on their “functional response”. Illusgtrate with a figure the 3 types that you know, and explain the ecological mechanisms that causes each of the different curves.
Question 4.
Individual variation in dispersal behavior is known to be influenced by a number of factors.  Discuss how these factors, both biotic and abiotic, are known to influence individual variation in dispersal behavior in species in the wild.
Discuss the consequences of how changes in dispersal pattern may influence metapopulation dynamics and the viability of threatened populations.
___________________________________________________________________________________________
Merk! Studentene må primært gjøre seg kjent med sensur ved å bruke Studentweb. Eventuelle telefoner om 
sensur må rettes til instituttet. Eksamenskontoret vil ikke kunne svare på slike telefoner.
				Side 7 av 7"
17d6de99d86c532b70a6175654f28a9963489ef5,nno,https://www.ntnu.no/documents/1282424706/1352496614/Tidsreise+grunnstoff_Elevark_NN.docx/cdad9278-756a-8cdd-dc0a-869bd7c6981b?t=1717591329867,ntnu.no,1734676929000,doc,"['tidsreisegrunnstoff.no\t\tElevaktivitetar', 'Etter 7. trinn:', 'Teknologi og grunnstoff', 'Visste du at teknologisk utvikling har vore svært viktig for oppdagingar av grunnstoff? I denne oppgåva handlar det om å utforske den digitale tidslinja, tidsreisegrunnstoff.no, og finne eksempel på korleis teknologi har ført til ny forståing om eller nye oppdagingar av grunnstoff. ', 'Finn ei historie på tidslinja som handlar om bruk av teknologi og skriv ned stikkord på spørsmåla under. Diskuter spørsmåla med ein med-elev.', 'Kva for teknologisk nyvinning handlar det om?', 'På kva måte fekk teknologien betydning for vitskapen?', 'Kva blei mogleg å undersøke eller oppdage med den nye teknologien?', 'Etter 10. trinn:', 'Forsking som samarbeid', 'Har du tenkt over korleis vitskapsfolk har komme fram til all kunnskapen som er samla i periodesystemet? I denne oppgåva skal du finne eksempel på forskarar som har samarbeidd om å gjere grunnstoffoppdagingar. ', 'Utforsk den digitale tidslinja, tidsreisegrunnstoff.no, og finn eksempel på ei grunnstoffoppdaging der fleire vitskapsfolk har jobba saman. Lag ein veggplakat der du tar med følgjande informasjon:', 'Kva for grunnstoff handlar det om?', 'Kva for vitskapsfolk jobba saman?', 'Kva gjorde dei ulike vitskapsfolka i samarbeidet?', 'Eigenskapar til grunnstoffa', 'Mens nokre grunnstoff har vore kjent i mange tusen år, tok det lang tid før andre grupper av grunnstoff blei oppdaga. I denne oppgåva handlar det om å kunne bruke periodesystemet til å forklare kvifor det var vanskeleg å oppdage nokre grunnstoffgrupper. Bruk den digitale tidslinja tidsreisegrunnstoff.no til å lese om metodane som blei brukt for å oppdage enten alkalimetalla (1807) eller edelgassane (1894). ', 'Skriv ei kort forklaring på kvifor alkalimetalla først blei oppdaga på 1800-talet, mens metall som sølv og gull var kjent frå oldtida. Bruk dine kunnskapar om periodesystemet i forklaringa.', 'Skriv ei kort forklaring på kvifor det tok så lang tid før edelgassane blei oppdaga. Bruk dine kunnskapar om periodesystemet i forklaringa. ', 'Etter Vg1 SF:', ' ', 'Forståing av stoff', 'I denne oppgåva handlar det om å drøfte korleis utvikling av nye hypotesar, modellar og teoriar om radioaktivitet og radioaktive stoff har bidratt til at vi kan forstå og forklare verda rundt oss.', 'Utforsk punkta på den digitale tidslinja tidsreisegrunnstoff.no som handlar om radioaktivitet, dette er alle punkta frå 1896 til 2006, bortsett frå punktet 1913. Jobb først individuelt og skriv ned nokre stikkord om det viktigaste innhaldet i kvart tidslinjepunkt. Kva for nye hypotesar eller teoriar om radioaktivitet kjem fram i tidslinjepunkta? ', 'Diskuter deretter saman to og to:', 'Korleis har forståinga av radioaktivitet utvikla seg frå 1896 og til 2006/notid?', 'Kva for hypotese utvikla Henri Becquerel om fenomenet han oppdaga i uranmineral?', 'Etter Kjemi 1:', 'Kva betyr namna til grunnstoffa? ', 'Mange namn i periodesystemet er framandarta og vanskelege å forstå. I denne oppgåva skal du bruke kjemihistoria for å finne opphavet til namna for nokre grunnstoff. ', 'Finn hendingar på den digitale tidslinja tidsreisegrunnstoff.no som skildrar opphavet til nokre grunnstoffnamn. Du kan også bruke andre digitale kjelder, f.eks. periodesystemet.no.', 'Lag tre kviss-spørsmål til medelevar der du skriv tre ulike alternative forklaringar på grunnstoffnamnet. ', 'Gå saman to og to og kviss kvarandre om namna. ', 'Etter Kjemi 2: ', 'Syntetiske grunnstoff', 'I periodesystemet er det heile 118 grunnstoff, mens berre 90 finst naturleg. Bruk tidslinja tidsreisegrunnstoff.no som inspirasjon til å lage ei eiga digital tidslinje med fleire tidslinjepunkt som fortel om korleis forskarar har oppdaga og syntetisert grunnstoff som ikkje finst naturleg. Jobb saman i grupper på 3-4 elevar og fordel gjerne arbeidet. I tidlinja de lagar bør de', 'Forklare kva for metodar som er brukt for å syntetisere grunnstoffa, og ', 'Gjere greie for korleis forskarar har komme fram til teoriar for korleis syntetiske grunnstoff kan lagast og korleis dei vil oppføre seg']","tidsreisegrunnstoff.no		Elevaktivitetar
Etter 7. trinn:
Teknologi og grunnstoff
Visste du at teknologisk utvikling har vore svært viktig for oppdagingar av grunnstoff? I denne oppgåva handlar det om å utforske den digitale tidslinja, tidsreisegrunnstoff.no, og finne eksempel på korleis teknologi har ført til ny forståing om eller nye oppdagingar av grunnstoff. 
Finn ei historie på tidslinja som handlar om bruk av teknologi og skriv ned stikkord på spørsmåla under. Diskuter spørsmåla med ein med-elev.
Kva for teknologisk nyvinning handlar det om?
På kva måte fekk teknologien betydning for vitskapen?
Kva blei mogleg å undersøke eller oppdage med den nye teknologien?
Etter 10. trinn:
Forsking som samarbeid
Har du tenkt over korleis vitskapsfolk har komme fram til all kunnskapen som er samla i periodesystemet? I denne oppgåva skal du finne eksempel på forskarar som har samarbeidd om å gjere grunnstoffoppdagingar. 
Utforsk den digitale tidslinja, tidsreisegrunnstoff.no, og finn eksempel på ei grunnstoffoppdaging der fleire vitskapsfolk har jobba saman. Lag ein veggplakat der du tar med følgjande informasjon:
Kva for grunnstoff handlar det om?
Kva for vitskapsfolk jobba saman?
Kva gjorde dei ulike vitskapsfolka i samarbeidet?
Eigenskapar til grunnstoffa
Mens nokre grunnstoff har vore kjent i mange tusen år, tok det lang tid før andre grupper av grunnstoff blei oppdaga. I denne oppgåva handlar det om å kunne bruke periodesystemet til å forklare kvifor det var vanskeleg å oppdage nokre grunnstoffgrupper. Bruk den digitale tidslinja tidsreisegrunnstoff.no til å lese om metodane som blei brukt for å oppdage enten alkalimetalla (1807) eller edelgassane (1894). 
Skriv ei kort forklaring på kvifor alkalimetalla først blei oppdaga på 1800-talet, mens metall som sølv og gull var kjent frå oldtida. Bruk dine kunnskapar om periodesystemet i forklaringa.
Skriv ei kort forklaring på kvifor det tok så lang tid før edelgassane blei oppdaga. Bruk dine kunnskapar om periodesystemet i forklaringa. 
Etter Vg1 SF:
 
Forståing av stoff
I denne oppgåva handlar det om å drøfte korleis utvikling av nye hypotesar, modellar og teoriar om radioaktivitet og radioaktive stoff har bidratt til at vi kan forstå og forklare verda rundt oss.
Utforsk punkta på den digitale tidslinja tidsreisegrunnstoff.no som handlar om radioaktivitet, dette er alle punkta frå 1896 til 2006, bortsett frå punktet 1913. Jobb først individuelt og skriv ned nokre stikkord om det viktigaste innhaldet i kvart tidslinjepunkt. Kva for nye hypotesar eller teoriar om radioaktivitet kjem fram i tidslinjepunkta? 
Diskuter deretter saman to og to:
Korleis har forståinga av radioaktivitet utvikla seg frå 1896 og til 2006/notid?
Kva for hypotese utvikla Henri Becquerel om fenomenet han oppdaga i uranmineral?
Etter Kjemi 1:
Kva betyr namna til grunnstoffa? 
Mange namn i periodesystemet er framandarta og vanskelege å forstå. I denne oppgåva skal du bruke kjemihistoria for å finne opphavet til namna for nokre grunnstoff. 
Finn hendingar på den digitale tidslinja tidsreisegrunnstoff.no som skildrar opphavet til nokre grunnstoffnamn. Du kan også bruke andre digitale kjelder, f.eks. periodesystemet.no.
Lag tre kviss-spørsmål til medelevar der du skriv tre ulike alternative forklaringar på grunnstoffnamnet. 
Gå saman to og to og kviss kvarandre om namna. 
Etter Kjemi 2: 
Syntetiske grunnstoff
I periodesystemet er det heile 118 grunnstoff, mens berre 90 finst naturleg. Bruk tidslinja tidsreisegrunnstoff.no som inspirasjon til å lage ei eiga digital tidslinje med fleire tidslinjepunkt som fortel om korleis forskarar har oppdaga og syntetisert grunnstoff som ikkje finst naturleg. Jobb saman i grupper på 3-4 elevar og fordel gjerne arbeidet. I tidlinja de lagar bør de
Forklare kva for metodar som er brukt for å syntetisere grunnstoffa, og 
Gjere greie for korleis forskarar har komme fram til teoriar for korleis syntetiske grunnstoff kan lagast og korleis dei vil oppføre seg",ff3ea5c6008acffb564944bf9e13e2624d29cd4e,nob,https://www.ntnu.no/documents/1282424706/1352496614/Tidsreise+grunnstoff_Elevark_BM.docx/0ec6ee17-d2e4-8739-2fc8-2629dbe81078?t=1717591325580,ntnu.no,1734676919000,doc,"['tidsreisegrunnstoff.no\t\tElevaktiviteter', 'Etter 7. trinn:', 'Teknologi og grunnstoffer', 'Tidsbruk: ca 20 minutter', 'Visste du at teknologisk utvikling har vært svært viktig for oppdagelse av grunnstoffer? I denne oppgaven handler det om å utforske den digitale tidslinja, tidsreisegrunnstoff.no, og finne eksempler på hvordan teknologi har ført til ny forståelse om eller nye oppdagelser av grunnstoffer. ', 'Finn en historie på tidslinja som handler om bruk av teknologi og skriv ned stikkord på spørsmålene under. Diskuter spørsmålene med en med-elev.', 'Hvilken teknologisk nyvinning handler det om?', 'På hvilken måte fikk teknologien betydning for vitenskapen?', 'Hva ble mulig å undersøke eller oppdage med den nye teknologien?', 'Etter 10. trinn:', 'Forskning som samarbeid', 'Tidsbruk: cirka 30 -45 minutter', 'Har du tenkt over hvordan vitenskapsfolk har kommet fram til all kunnskapen som er samlet i periodesystemet? I denne oppgaven skal du finne eksempler på forskere som har samarbeidet om å gjøre grunnstoffoppdagelser. ', 'Utforsk den digitale tidslinja, tidsreisegrunnstoff.no, og finn eksempel på en grunnstoffoppdagelse der flere vitenskapsfolk har jobbet sammen. Lag en veggplakat der du tar med følgende informasjon:', 'Hvilke(t) grunnstoff(er) handler det om?', 'Hvilke vitenskapsfolk jobbet sammen?', 'Hva gjorde de ulike vitenskapsfolkene i samarbeidet?', 'Grunnstoffenes egenskaper', 'Mens noen grunnstoffer har vært kjent i mange tusen år, tok det lang tid før andre grupper av grunnstoffer ble oppdaget. I denne oppgaven handler det om å kunne bruke periodesystemet til å forklare hvorfor det var vanskelig å oppdage noen grunnstoffgrupper. Bruk den digitale tidslinja tidsreisegrunnstoff.no til å lese om metodene som ble brukt for å oppdage enten alkalimetallene (1807) eller edelgassene (1894). ', 'Skriv en kort forklaring for hvorfor alkalimetaller først ble oppdaget på 1800-tallet, mens metaller som sølv og gull var kjent fra oldtiden. Bruk dine kunnskaper om periodesystemet i forklaringen.', 'Skriv en kort forklaring på hvorfor det tok så lang tid før edelgassene ble oppdaget. Bruk dine kunnskaper om periodesystemet i forklaringen. ', 'Etter Vg1 SF:', ' ', 'Forståelse av stoffene ', 'I denne oppgaven handler det om å drøfte hvordan utvikling av nye hypoteser, modeller og teorier om radioaktivitet og radioaktive stoffer har bidratt til at vi kan forstå og forklare verden rundt oss.', 'Utforsk punktene på den digitale tidslinja tidsreisegrunnstoff.no som handler om radioaktivitet, dette er alle punktene fra 1896 til 2006, bortsett fra punktet 1913. Jobb først individuelt og skriv ned noen stikkord om det viktigste innholdet i hvert tidslinjepunkt. Hvilke nye hypoteser eller teorier om radioaktivitet kommer fram i tidslinjepunktene? ', 'Diskuter deretter sammen to og to:', 'Hvordan har forståelsen av radioaktivitet utviklet seg fra 1896 og til 2006/nåtid?', 'Hvilken hypotese utviklet Henri Becquerel om fenomenet han oppdaget i uranmineral?', 'Etter Kjemi 1:', 'Hva betyr grunnstoffnavnene? ', 'Mange navn i periodesystemet er fremmedartete og vanskelig å forstå. I denne oppgaven skal du bruke kjemihistorien for å finne opphavet til navn på noen grunnstoffer. ', 'Finn hendelser på den digitale tidslinja tidsreisegrunnstoff.no som beskriver opphavet til noen grunnstoffnavn. Du kan også bruke andre digitale kilder, f.eks. periodesystemet.no.', 'Lag tre kviss-spørsmål til medelever der du skriver tre ulike alternative forklaringer på grunnstoffnavnet. ', 'Gå sammen to og to og kviss hverandre om navnene. ', 'Etter Kjemi 2: ', 'Syntetiske grunnstoffer', 'I periodesystemet er det hele 118 grunnstoffer, mens bare 90 finnes naturlig. Bruk tidslinja tidsreisegrunnstoff.no som inspirasjon til å lage en egen digital tidslinje med flere tidslinjepunkter som forteller om hvordan forskere har oppdaget og syntetisert grunnstoffer som ikke finnes naturlig. Jobb sammen i grupper på 3-4 elever og fordel gjerne arbeidet mellom dere. I tidslinja bør dere:', 'Forklare hvilke metoder som er brukt for å syntetisere grunnstoffene, og ', 'Gjøre rede for hvordan forskere har kommet fram til teorier for hvordan syntetiske grunnstoffer kan lages og hvordan de vil oppføre seg.']","tidsreisegrunnstoff.no		Elevaktiviteter
Etter 7. trinn:
Teknologi og grunnstoffer
Tidsbruk: ca 20 minutter
Visste du at teknologisk utvikling har vært svært viktig for oppdagelse av grunnstoffer? I denne oppgaven handler det om å utforske den digitale tidslinja, tidsreisegrunnstoff.no, og finne eksempler på hvordan teknologi har ført til ny forståelse om eller nye oppdagelser av grunnstoffer. 
Finn en historie på tidslinja som handler om bruk av teknologi og skriv ned stikkord på spørsmålene under. Diskuter spørsmålene med en med-elev.
Hvilken teknologisk nyvinning handler det om?
På hvilken måte fikk teknologien betydning for vitenskapen?
Hva ble mulig å undersøke eller oppdage med den nye teknologien?
Etter 10. trinn:
Forskning som samarbeid
Tidsbruk: cirka 30 -45 minutter
Har du tenkt over hvordan vitenskapsfolk har kommet fram til all kunnskapen som er samlet i periodesystemet? I denne oppgaven skal du finne eksempler på forskere som har samarbeidet om å gjøre grunnstoffoppdagelser. 
Utforsk den digitale tidslinja, tidsreisegrunnstoff.no, og finn eksempel på en grunnstoffoppdagelse der flere vitenskapsfolk har jobbet sammen. Lag en veggplakat der du tar med følgende informasjon:
Hvilke(t) grunnstoff(er) handler det om?
Hvilke vitenskapsfolk jobbet sammen?
Hva gjorde de ulike vitenskapsfolkene i samarbeidet?
Grunnstoffenes egenskaper
Mens noen grunnstoffer har vært kjent i mange tusen år, tok det lang tid før andre grupper av grunnstoffer ble oppdaget. I denne oppgaven handler det om å kunne bruke periodesystemet til å forklare hvorfor det var vanskelig å oppdage noen grunnstoffgrupper. Bruk den digitale tidslinja tidsreisegrunnstoff.no til å lese om metodene som ble brukt for å oppdage enten alkalimetallene (1807) eller edelgassene (1894). 
Skriv en kort forklaring for hvorfor alkalimetaller først ble oppdaget på 1800-tallet, mens metaller som sølv og gull var kjent fra oldtiden. Bruk dine kunnskaper om periodesystemet i forklaringen.
Skriv en kort forklaring på hvorfor det tok så lang tid før edelgassene ble oppdaget. Bruk dine kunnskaper om periodesystemet i forklaringen. 
Etter Vg1 SF:
 
Forståelse av stoffene 
I denne oppgaven handler det om å drøfte hvordan utvikling av nye hypoteser, modeller og teorier om radioaktivitet og radioaktive stoffer har bidratt til at vi kan forstå og forklare verden rundt oss.
Utforsk punktene på den digitale tidslinja tidsreisegrunnstoff.no som handler om radioaktivitet, dette er alle punktene fra 1896 til 2006, bortsett fra punktet 1913. Jobb først individuelt og skriv ned noen stikkord om det viktigste innholdet i hvert tidslinjepunkt. Hvilke nye hypoteser eller teorier om radioaktivitet kommer fram i tidslinjepunktene? 
Diskuter deretter sammen to og to:
Hvordan har forståelsen av radioaktivitet utviklet seg fra 1896 og til 2006/nåtid?
Hvilken hypotese utviklet Henri Becquerel om fenomenet han oppdaget i uranmineral?
Etter Kjemi 1:
Hva betyr grunnstoffnavnene? 
Mange navn i periodesystemet er fremmedartete og vanskelig å forstå. I denne oppgaven skal du bruke kjemihistorien for å finne opphavet til navn på noen grunnstoffer. 
Finn hendelser på den digitale tidslinja tidsreisegrunnstoff.no som beskriver opphavet til noen grunnstoffnavn. Du kan også bruke andre digitale kilder, f.eks. periodesystemet.no.
Lag tre kviss-spørsmål til medelever der du skriver tre ulike alternative forklaringer på grunnstoffnavnet. 
Gå sammen to og to og kviss hverandre om navnene. 
Etter Kjemi 2: 
Syntetiske grunnstoffer
I periodesystemet er det hele 118 grunnstoffer, mens bare 90 finnes naturlig. Bruk tidslinja tidsreisegrunnstoff.no som inspirasjon til å lage en egen digital tidslinje med flere tidslinjepunkter som forteller om hvordan forskere har oppdaget og syntetisert grunnstoffer som ikke finnes naturlig. Jobb sammen i grupper på 3-4 elever og fordel gjerne arbeidet mellom dere. I tidslinja bør dere:
Forklare hvilke metoder som er brukt for å syntetisere grunnstoffene, og 
Gjøre rede for hvordan forskere har kommet fram til teorier for hvordan syntetiske grunnstoffer kan lages og hvordan de vil oppføre seg."
87fea803595d7b82868240b299320a8fd49b2e35,eng,https://bravo.hivolda.no/hivolda-xmlui/handle/11250/92948/discover?filtertype_0=subject&filtertype_1=has_content_in_original_bundle&filtertype_2=author&filter_relational_operator_1=equals&filter_relational_operator_0=equals&filter_2=B%C3%A5tevik%2C+Finn+Ove&filter_1=true&filter_relational_operator_2=equals&filter_0=220&filtertype=author&filter_relational_operator=equals&filter=Myklebust%2C+Jon+Olav,hivolda.no,1736178100000,html,['This note provides a descriptive overview of the longitudinal data concerning youth with special needs in upper secondary school that have been collected for many years at Volda University College and Møre Research. Through ...'],This note provides a descriptive overview of the longitudinal data concerning youth with special needs in upper secondary school that have been collected for many years at Volda University College and Møre Research. Through ...,74a2d05d1caf2e11f91ca26cf8eb2432b06663bb,nno,https://bravo.hivolda.no/hivolda-xmlui/handle/11250/153908/browse?type=author&value=Myklebust%2C+Jon+Olav,hivolda.no,1735990937000,html,"['This note provides a descriptive overview of the longitudinal data concerning youth with special needs in upper secondary school that have been collected for many years at Volda University College and Møre Research. Through ...', 'Denne rapporten er i første rekkje innsikta mot forskarar og studentar innan samfunnsvitskap, for eksempel sosiologi, spesialpedagogikk og sosialt arbeid. Men vona er også at dei forskjellige kapitla vil vekkje interesse ...', 'Studien er basert på eit longitudinelt datamateriale, som har vore samla inn om ungdom med særlege opplæringsbehov i vidaregåande opplæring. I tre tett samanbundne prosjekt har ein følgt dei same personane gjennom ein ...']","This note provides a descriptive overview of the longitudinal data concerning youth with special needs in upper secondary school that have been collected for many years at Volda University College and Møre Research. Through ...
Denne rapporten er i første rekkje innsikta mot forskarar og studentar innan samfunnsvitskap, for eksempel sosiologi, spesialpedagogikk og sosialt arbeid. Men vona er også at dei forskjellige kapitla vil vekkje interesse ...
Studien er basert på eit longitudinelt datamateriale, som har vore samla inn om ungdom med særlege opplæringsbehov i vidaregåande opplæring. I tre tett samanbundne prosjekt har ein følgt dei same personane gjennom ein ..."
27e86d0f42c46801073c90d035a1ddd3dacede37,nno,https://ansatt.nmh.no/arrangementer/cremah-midtveisevaluering-merete-holme,nmh.no,1734514094000,html,"['Om midtvegsevaluering', 'Føremålet med midtvegsevaluering er å sikre framdrift og kvalitet i ph.d.-arbeidet og motivere kandidaten til vidare arbeid. Eit viktig aspekt er også å leggje til rette for at forskingsmiljøet får eit kollektivt eigarskap til prosjektet. Difor er midtvegsevalueringa ope for eit internt publikum.']","Om midtvegsevaluering
Føremålet med midtvegsevaluering er å sikre framdrift og kvalitet i ph.d.-arbeidet og motivere kandidaten til vidare arbeid. Eit viktig aspekt er også å leggje til rette for at forskingsmiljøet får eit kollektivt eigarskap til prosjektet. Difor er midtvegsevalueringa ope for eit internt publikum.",5251a54682140d220f207da67407f9fe5b6ed002,nob,https://ansatt.nmh.no/arrangementer/nordart-midtveisevaluering-rebecka-ahvenniemi,nmh.no,1734510910000,html,"['Om midtveisevaluering', 'Formålet med midtveisevaluering er å sikre fremdrift og kvalitet i ph.d.-arbeidet og motivere kandidaten til videre arbeid. Et viktig aspekt er også å legge til rette for at forskningsmiljøet får et kollektivt eierskap til prosjektet. Derfor er midtveisevalueringen åpen for et internt publikum.']","Om midtveisevaluering
Formålet med midtveisevaluering er å sikre fremdrift og kvalitet i ph.d.-arbeidet og motivere kandidaten til videre arbeid. Et viktig aspekt er også å legge til rette for at forskningsmiljøet får et kollektivt eierskap til prosjektet. Derfor er midtveisevalueringen åpen for et internt publikum."
c1e0a2ccacc96b26377c344acb769dcd6fff44bb,eng,https://khio.no/en/staff/solveig-styve-holte,khio.no,1735261047000,html,"[""Your browser is not supported by khio.no. To view this site please upgrade or use another browser. If you can't use a modern browser, try disabling javascript, which will make khio.no simple, but mostly usable."", 'Solveig Styve Holte: Frå Form til Famling (2023). Performing Arts. More information', 'Solveig Styve Holte, Carolina Backman, Andrea Deres, Astrid Von Rosen, Per Roar Thorsnes & Anna Bjørk: Presentasjon av Frå Form til Famling for Dancing / Archives network (2023). Lecture. More information', 'Solveig Styve Holte, Janne-Camilla Lyster, Rosalind Goldberg, Eszter Salamon & Per Roar Thorsnes: Forum dans #9 Dancing Archives “Two solos and a conversation based on Noa Eshkol’s work” by Janne-Camilla Lyster and Solveig Styve Holte. “A conversation on Artistic Research and Archives” with Eszter Salamon, Rosalind Goldberg, Janne-Camilla Lyster, Solveig Styve Holte, and Per Roar (moderator). (2023). Lecture. More information', 'Solveig Styve Holte: Mellom kanonen og arkivet - intertekstualitet i koreografisk praksis (2023). Lecture. More information', 'Solveig Styve Holte & Janne-Camilla Lyster: Two solo dance works inspired by choreography from the Noa Eshkol Archives Janne-Camilla Lyster: Time and Solitude (2022) Solveig Styve Holte: Undying – A Handwork (2022) (2022). Performing Arts. More information', 'Solveig Styve Holte & Laura Navndrup Black: HORDE - Choreography as imagining of different futures (2022). Lecture. More information']","Your browser is not supported by khio.no. To view this site please upgrade or use another browser. If you can't use a modern browser, try disabling javascript, which will make khio.no simple, but mostly usable.
Solveig Styve Holte: Frå Form til Famling (2023). Performing Arts. More information
Solveig Styve Holte, Carolina Backman, Andrea Deres, Astrid Von Rosen, Per Roar Thorsnes & Anna Bjørk: Presentasjon av Frå Form til Famling for Dancing / Archives network (2023). Lecture. More information
Solveig Styve Holte, Janne-Camilla Lyster, Rosalind Goldberg, Eszter Salamon & Per Roar Thorsnes: Forum dans #9 Dancing Archives “Two solos and a conversation based on Noa Eshkol’s work” by Janne-Camilla Lyster and Solveig Styve Holte. “A conversation on Artistic Research and Archives” with Eszter Salamon, Rosalind Goldberg, Janne-Camilla Lyster, Solveig Styve Holte, and Per Roar (moderator). (2023). Lecture. More information
Solveig Styve Holte: Mellom kanonen og arkivet - intertekstualitet i koreografisk praksis (2023). Lecture. More information
Solveig Styve Holte & Janne-Camilla Lyster: Two solo dance works inspired by choreography from the Noa Eshkol Archives Janne-Camilla Lyster: Time and Solitude (2022) Solveig Styve Holte: Undying – A Handwork (2022) (2022). Performing Arts. More information
Solveig Styve Holte & Laura Navndrup Black: HORDE - Choreography as imagining of different futures (2022). Lecture. More information",1821d1a7a43b01f54cd824f831ab7a448f6d18fb,nno,http://khio.no/staff/solveig-styve-holte,khio.no,1735309758000,html,"['Nettleseren støttes ikke av khio.no, og siden kan vises feil. Vennligst oppgrader til en moderne nettleser. Hvis dette ikke er mulig, prøv å skru av javascript. Siden vil bli da enklere, men for det meste fungere.', 'Solveig Styve Holte: Frå Form til Famling (2023). Scenekunst. Mer info', 'Solveig Styve Holte, Carolina Backman, Andrea Deres, Astrid Von Rosen, Per Roar Thorsnes & Anna Bjørk: Presentasjon av Frå Form til Famling for Dancing / Archives network (2023). Faglig foredrag. Mer info', 'Solveig Styve Holte, Janne-Camilla Lyster, Rosalind Goldberg, Eszter Salamon & Per Roar Thorsnes: Forum dans #9 Dancing Archives “Two solos and a conversation based on Noa Eshkol’s work” by Janne-Camilla Lyster and Solveig Styve Holte. “A conversation on Artistic Research and Archives” with Eszter Salamon, Rosalind Goldberg, Janne-Camilla Lyster, Solveig Styve Holte, and Per Roar (moderator). (2023). Faglig foredrag. Mer info', 'Solveig Styve Holte: Mellom kanonen og arkivet - intertekstualitet i koreografisk praksis (2023). Faglig foredrag. Mer info', 'Solveig Styve Holte & Janne-Camilla Lyster: Two solo dance works inspired by choreography from the Noa Eshkol Archives Janne-Camilla Lyster: Time and Solitude (2022) Solveig Styve Holte: Undying – A Handwork (2022) (2022). Scenekunst. Mer info', 'Solveig Styve Holte & Laura Navndrup Black: HORDE - Choreography as imagining of different futures (2022). Faglig foredrag. Mer info']","Nettleseren støttes ikke av khio.no, og siden kan vises feil. Vennligst oppgrader til en moderne nettleser. Hvis dette ikke er mulig, prøv å skru av javascript. Siden vil bli da enklere, men for det meste fungere.
Solveig Styve Holte: Frå Form til Famling (2023). Scenekunst. Mer info
Solveig Styve Holte, Carolina Backman, Andrea Deres, Astrid Von Rosen, Per Roar Thorsnes & Anna Bjørk: Presentasjon av Frå Form til Famling for Dancing / Archives network (2023). Faglig foredrag. Mer info
Solveig Styve Holte, Janne-Camilla Lyster, Rosalind Goldberg, Eszter Salamon & Per Roar Thorsnes: Forum dans #9 Dancing Archives “Two solos and a conversation based on Noa Eshkol’s work” by Janne-Camilla Lyster and Solveig Styve Holte. “A conversation on Artistic Research and Archives” with Eszter Salamon, Rosalind Goldberg, Janne-Camilla Lyster, Solveig Styve Holte, and Per Roar (moderator). (2023). Faglig foredrag. Mer info
Solveig Styve Holte: Mellom kanonen og arkivet - intertekstualitet i koreografisk praksis (2023). Faglig foredrag. Mer info
Solveig Styve Holte & Janne-Camilla Lyster: Two solo dance works inspired by choreography from the Noa Eshkol Archives Janne-Camilla Lyster: Time and Solitude (2022) Solveig Styve Holte: Undying – A Handwork (2022) (2022). Scenekunst. Mer info
Solveig Styve Holte & Laura Navndrup Black: HORDE - Choreography as imagining of different futures (2022). Faglig foredrag. Mer info"
adb9428b2ff93c76f4cc666c6f18b02dbdbd18e8,eng,https://www.helsenorge.no/en/forstehjelp/registrer-din-hjertestarter/cu-medical-ipad-nf1200/,helsenorge.no,1735222650000,html,"['Nasjonal kompetansetjeneste for prehospital akuttmedisin (NAKOS). C U Medical iPad NF1200. [Internet]. Oslo: The Norwegian Directorate of Health; updated Monday, May 15, 2023 [retrieved Thursday, December 26, 2024]. Available from: https://www.helsenorge.no/en/forstehjelp/registrer-din-hjertestarter/cu-medical-ipad-nf1200/']","Nasjonal kompetansetjeneste for prehospital akuttmedisin (NAKOS). C U Medical iPad NF1200. [Internet]. Oslo: The Norwegian Directorate of Health; updated Monday, May 15, 2023 [retrieved Thursday, December 26, 2024]. Available from: https://www.helsenorge.no/en/forstehjelp/registrer-din-hjertestarter/cu-medical-ipad-nf1200/",ecdc3cca98ce71647d238086d3572ed41d71f4cb,nob,https://www.helsenorge.no/forstehjelp/registrer-din-hjertestarter/cu-medical-ipad-nf1200/,helsenorge.no,1735210196000,html,['Nasjonal kompetansetjeneste for prehospital akuttmedisin (NAKOS). C U Medical iPad NF1200. [Internett]. Oslo: Helsedirektoratet; oppdatert mandag 15. mai 2023 [hentet torsdag 26. desember 2024]. Tilgjengelig fra: https://www.helsenorge.no/forstehjelp/registrer-din-hjertestarter/cu-medical-ipad-nf1200/'],Nasjonal kompetansetjeneste for prehospital akuttmedisin (NAKOS). C U Medical iPad NF1200. [Internett]. Oslo: Helsedirektoratet; oppdatert mandag 15. mai 2023 [hentet torsdag 26. desember 2024]. Tilgjengelig fra: https://www.helsenorge.no/forstehjelp/registrer-din-hjertestarter/cu-medical-ipad-nf1200/
52719c3c7aeeccef44124852f5ea112e2e5c869a,eng,https://www.politiet.no/en/kontakt-politiet/innsyn-og-offentleg-journal/innsyn-i-schengen-informasjonssystem/,politiet.no,1734943257000,html,"['Innsyn i Schengen informasjonssystem', 'Schengen informasjonssystem (SIS) er eit sentralt elektronisk system for informasjon og etterlysing. Det blir brukt til å etterlyse og utveksle informasjon om personar og ting over heile Schengen-området.', 'Denne informasjonen kan bli registrert i SIS', 'Personar som er etterlyste for å bli arresterte og utleverte.', 'Personar som av andre grunnar er etterlyst av justismyndigheitene.', 'Personar som ikkje har rett til å reise inn i eller vere i Schengen-området.', 'Stolne eller tapte ting som køyretøy, kjennemerke eller ID-dokument.', 'Innsyn i SIS', 'Viss du er registrert i SIS, har du rett til å vite kva for opplysingar om deg sjølv som er registrerte. Du kan be om innsyn i det som er registrert om deg eller ting du eig.', 'Unntak frå retten til innsyn', 'Du kan ikkje få innsyn i opplysingar viss det kan vere til skade for tiltaket det er bedd om. Du kan heller ikkje få innsyn viss vernet av andre personar tilseier det. Du får heller ikkje innsyn i registeret i det tidsrommet det er bedd om observasjon.', 'Slik får du innsyn', 'Du kan få innsyn i opplysingar om deg sjølv. Du kan også få innsyn i opplysingar om ting du eig. Krav om innsyn i SIS blir avgjorde av den behandlingsansvarlege.', 'Ønsker du innsyn, må du fylle ut skjemaet:', 'Skjema for innsyn', 'Send the form to:', 'NCIS PO Box 2094 Vika 0125 Oslo Norway', 'You can also send the form to the authority that decided the information should be recorded in the SIS. You must attach proof of your identity (photo ID). This could be a copy of your passport or driving licence.', 'If you are not a Norwegian citizen, you must attach a copy of your passport, identity card or other valid proof of identity from your home country.', 'A decision on your application will be made as soon as possible. You should get a reply no more than 30 days after we have received your request.', 'What to do if the data is wrong', 'You can ask us to correct any information that is wrong or incomplete. You can also ask us to delete any incorrect information. The same goes for information that has been recorded unlawfully. You can also ask us to correct or delete any information about items you own.', 'Before we can consider your request to correct or delete information held in the SIS database, you must first have been given access to or been notified about the information concerned. You must explain why you are asking for something to be corrected or deleted.', ""You can send your request to Norway's NCIS or the authority that decided the information should be recorded."", 'Compensation', ""Have you suffered some harm because of the information recorded in the database? If so, you could be entitled to compensation. If any information is used in a way that breaks the SIS's rules, you could also be entitled to compensation."", 'You must claim compensation no later than one year after you found out what information had been recorded.', ""You can send your claim for compensation to Norway's NCIS or to the authority that decided the information should be recorded."", 'The Norwegian Data Protection Authority controls how data is processed', ""It is the Norwegian Data Protection Authority's responsibility to make sure that the SIS database is used lawfully. The Authority must also check that any errors and omissions are corrected."", 'The Norwegian Data Protection Authority can help you if you want someone to check that the information recorded in the SIS is correct and that it is recorded and used lawfully.', 'The Norwegian Data Protection Authority can also advise you about accessing, correcting and deleting information in the SIS, as well as making a complaint and claiming compensation.', ""To find out how to access information held in the SIS database in another country that is part of the scheme, see the EU's Guide for exercising the right of access.""]","Innsyn i Schengen informasjonssystem
Schengen informasjonssystem (SIS) er eit sentralt elektronisk system for informasjon og etterlysing. Det blir brukt til å etterlyse og utveksle informasjon om personar og ting over heile Schengen-området.
Denne informasjonen kan bli registrert i SIS
Personar som er etterlyste for å bli arresterte og utleverte.
Personar som av andre grunnar er etterlyst av justismyndigheitene.
Personar som ikkje har rett til å reise inn i eller vere i Schengen-området.
Stolne eller tapte ting som køyretøy, kjennemerke eller ID-dokument.
Innsyn i SIS
Viss du er registrert i SIS, har du rett til å vite kva for opplysingar om deg sjølv som er registrerte. Du kan be om innsyn i det som er registrert om deg eller ting du eig.
Unntak frå retten til innsyn
Du kan ikkje få innsyn i opplysingar viss det kan vere til skade for tiltaket det er bedd om. Du kan heller ikkje få innsyn viss vernet av andre personar tilseier det. Du får heller ikkje innsyn i registeret i det tidsrommet det er bedd om observasjon.
Slik får du innsyn
Du kan få innsyn i opplysingar om deg sjølv. Du kan også få innsyn i opplysingar om ting du eig. Krav om innsyn i SIS blir avgjorde av den behandlingsansvarlege.
Ønsker du innsyn, må du fylle ut skjemaet:
Skjema for innsyn
Send the form to:
NCIS PO Box 2094 Vika 0125 Oslo Norway
You can also send the form to the authority that decided the information should be recorded in the SIS. You must attach proof of your identity (photo ID). This could be a copy of your passport or driving licence.
If you are not a Norwegian citizen, you must attach a copy of your passport, identity card or other valid proof of identity from your home country.
A decision on your application will be made as soon as possible. You should get a reply no more than 30 days after we have received your request.
What to do if the data is wrong
You can ask us to correct any information that is wrong or incomplete. You can also ask us to delete any incorrect information. The same goes for information that has been recorded unlawfully. You can also ask us to correct or delete any information about items you own.
Before we can consider your request to correct or delete information held in the SIS database, you must first have been given access to or been notified about the information concerned. You must explain why you are asking for something to be corrected or deleted.
You can send your request to Norway's NCIS or the authority that decided the information should be recorded.
Compensation
Have you suffered some harm because of the information recorded in the database? If so, you could be entitled to compensation. If any information is used in a way that breaks the SIS's rules, you could also be entitled to compensation.
You must claim compensation no later than one year after you found out what information had been recorded.
You can send your claim for compensation to Norway's NCIS or to the authority that decided the information should be recorded.
The Norwegian Data Protection Authority controls how data is processed
It is the Norwegian Data Protection Authority's responsibility to make sure that the SIS database is used lawfully. The Authority must also check that any errors and omissions are corrected.
The Norwegian Data Protection Authority can help you if you want someone to check that the information recorded in the SIS is correct and that it is recorded and used lawfully.
The Norwegian Data Protection Authority can also advise you about accessing, correcting and deleting information in the SIS, as well as making a complaint and claiming compensation.
To find out how to access information held in the SIS database in another country that is part of the scheme, see the EU's Guide for exercising the right of access.",2f186e4a21ba1afc7a046ad2daf4ed26153f6ed3,nno,https://www.politiet.no/kontakt-politiet/innsyn-og-offentleg-journal/innsyn-i-schengen-informasjonssystem/,politiet.no,1734937927000,html,"['Innsyn i Schengen informasjonssystem', 'Schengen informasjonssystem (SIS) er eit sentralt elektronisk system for informasjon og etterlysing. Det blir brukt til å etterlyse og utveksle informasjon om personar og ting over heile Schengen-området.', 'Denne informasjonen kan bli registrert i SIS', 'Personar som er etterlyste for å bli arresterte og utleverte.', 'Personar som av andre grunnar er etterlyst av justismyndigheitene.', 'Personar som ikkje har rett til å reise inn i eller vere i Schengen-området.', 'Stolne eller tapte ting som køyretøy, kjennemerke eller ID-dokument.', 'Innsyn i SIS', 'Viss du er registrert i SIS, har du rett til å vite kva for opplysingar om deg sjølv som er registrerte. Du kan be om innsyn i det som er registrert om deg eller ting du eig.', 'Unntak frå retten til innsyn', 'Du kan ikkje få innsyn i opplysingar viss det kan vere til skade for tiltaket det er bedd om. Du kan heller ikkje få innsyn viss vernet av andre personar tilseier det. Du får heller ikkje innsyn i registeret i det tidsrommet det er bedd om observasjon.', 'Slik får du innsyn', 'Du kan få innsyn i opplysingar om deg sjølv. Du kan også få innsyn i opplysingar om ting du eig. Krav om innsyn i SIS blir avgjorde av den behandlingsansvarlege.', 'Skjema for innsyn', 'Skjema for innsyn kan sendes til Kripos som sender vidare til rett behandlingsansvarleg.', 'Kripos Postboks 2094 Vika 0125 Oslo', 'Du kan også sende skjemaet til den myndigheita som avgjorde at opplysingane skulle bli registrert. Du må legge ved kopi av eit offentleg identitetsdokument med bilete. Dette kan vere pass, nasjonalt ID-kort eller førarkort.', 'Er du utanlandsk statsborgar? Då må du legge ved kopi av utanlandsk offentleg ID-kort. Det vil seie pass eller anna dokument som er godkjent.', 'Du får svar på kravet om innsyn snarast. Det skal maksimalt ta 30 dagar etter at søknaden din har kome fram.', 'Kva gjer du viss det er registrert feil data?', 'Du kan krevje at uriktige eller ufullstendige opplysingar om deg sjølv blir retta. Du kan også få sletta opplysingar som er feil. Det same gjeld opplysingar det ikkje er lov å registrere. Du kan også sende inn krav om retting og sletting viss det er du som eig den registrerte tingen.', 'For at søknaden om retting og sletting av uriktige opplysingar skal kunne bli behandla, må du tidlegare ha fått innsyn i, eller melding om, den registreringa som kravet gjeld. Du må forklare kvifor du søker om å få noko retta eller sletta. Du kan anten sende søknaden til Kripos eller til den myndigheita som avgjorde at opplysingane skulle bli registrert.', 'Erstatning', 'Har det skjedd ei skade på grunn av at opplysingane er registrerte? Då kan du ha krav på erstatning. Viss opplysingane er brukt i strid med reglane for behandling av opplysingar i SIS, kan du også ha krav på erstatning. Ønsker du å krevje erstatning, må du gjere det seinast eitt år etter at du fekk vite kva som var registrert.', 'Krav om erstatning behandles av den behandlingsansvarlege. Du kan sende søknaden om erstatning til Kripos som sender vidare til rett behandlingsansvarleg. Du kan også sende den til myndigheita som avgjorde at opplysingane skulle bli registrert.', 'Avgjersler om erstatning som knyttar seg til behandling av opplysningar etter politisamarbeidsforordninga kan du klage på til Politidirektoratet. Avgjersler om erstatning som knyttar seg til behandling av opplysningar etter grensekontrollforordninga artikkel 24 og returforordninga kan du klage på til Justis- og beredskapsdepartementet.', 'Avgjerda kan sendes Datatilsynet for kontroll', 'Viss du har fått nei til innsyn i opplysingar om deg sjølv eller noko du eig, eller du har fått nei til retting, sletting eller erstatning, kan du be Datatilsynet om å kontrollere avgjerda.', 'Datatilsynet kontrollerer korleis opplysningane blir behandla.', 'Datatilsynet skal kontrollere at SIS-lova og forskrifter som er gitt i tråd med lova, blir følgde. Dei skal også kontrollere at feil eller manglar blir retta.', 'Datatilsynet kan hjelpe deg viss du vil at nokon skal kontrollere at opplysingane om deg i SIS er riktige, og at dei er registrert og brukt lovleg.', 'Datatilsynet kan også rettleie deg når det gjeld krav om innsyn, retting, sletting, erstatning og klage i SIS.', 'Rettsmidler', 'Viss rettigheta dine har blitt krenkte som følgje av behandlinga av opplysningane om deg i SIS kan du bringe avgjerda inn for domstolane, uavhengig av moglegheita om å be Datatilsynet kontrollere avgjerda.', ""Vil du ha informasjon om korleis du kan søke om innsyn i SIS i eit anna land som er ein del av ordninga, kan du sjå EU's Guide for exercising the right of access.""]","Innsyn i Schengen informasjonssystem
Schengen informasjonssystem (SIS) er eit sentralt elektronisk system for informasjon og etterlysing. Det blir brukt til å etterlyse og utveksle informasjon om personar og ting over heile Schengen-området.
Denne informasjonen kan bli registrert i SIS
Personar som er etterlyste for å bli arresterte og utleverte.
Personar som av andre grunnar er etterlyst av justismyndigheitene.
Personar som ikkje har rett til å reise inn i eller vere i Schengen-området.
Stolne eller tapte ting som køyretøy, kjennemerke eller ID-dokument.
Innsyn i SIS
Viss du er registrert i SIS, har du rett til å vite kva for opplysingar om deg sjølv som er registrerte. Du kan be om innsyn i det som er registrert om deg eller ting du eig.
Unntak frå retten til innsyn
Du kan ikkje få innsyn i opplysingar viss det kan vere til skade for tiltaket det er bedd om. Du kan heller ikkje få innsyn viss vernet av andre personar tilseier det. Du får heller ikkje innsyn i registeret i det tidsrommet det er bedd om observasjon.
Slik får du innsyn
Du kan få innsyn i opplysingar om deg sjølv. Du kan også få innsyn i opplysingar om ting du eig. Krav om innsyn i SIS blir avgjorde av den behandlingsansvarlege.
Skjema for innsyn
Skjema for innsyn kan sendes til Kripos som sender vidare til rett behandlingsansvarleg.
Kripos Postboks 2094 Vika 0125 Oslo
Du kan også sende skjemaet til den myndigheita som avgjorde at opplysingane skulle bli registrert. Du må legge ved kopi av eit offentleg identitetsdokument med bilete. Dette kan vere pass, nasjonalt ID-kort eller førarkort.
Er du utanlandsk statsborgar? Då må du legge ved kopi av utanlandsk offentleg ID-kort. Det vil seie pass eller anna dokument som er godkjent.
Du får svar på kravet om innsyn snarast. Det skal maksimalt ta 30 dagar etter at søknaden din har kome fram.
Kva gjer du viss det er registrert feil data?
Du kan krevje at uriktige eller ufullstendige opplysingar om deg sjølv blir retta. Du kan også få sletta opplysingar som er feil. Det same gjeld opplysingar det ikkje er lov å registrere. Du kan også sende inn krav om retting og sletting viss det er du som eig den registrerte tingen.
For at søknaden om retting og sletting av uriktige opplysingar skal kunne bli behandla, må du tidlegare ha fått innsyn i, eller melding om, den registreringa som kravet gjeld. Du må forklare kvifor du søker om å få noko retta eller sletta. Du kan anten sende søknaden til Kripos eller til den myndigheita som avgjorde at opplysingane skulle bli registrert.
Erstatning
Har det skjedd ei skade på grunn av at opplysingane er registrerte? Då kan du ha krav på erstatning. Viss opplysingane er brukt i strid med reglane for behandling av opplysingar i SIS, kan du også ha krav på erstatning. Ønsker du å krevje erstatning, må du gjere det seinast eitt år etter at du fekk vite kva som var registrert.
Krav om erstatning behandles av den behandlingsansvarlege. Du kan sende søknaden om erstatning til Kripos som sender vidare til rett behandlingsansvarleg. Du kan også sende den til myndigheita som avgjorde at opplysingane skulle bli registrert.
Avgjersler om erstatning som knyttar seg til behandling av opplysningar etter politisamarbeidsforordninga kan du klage på til Politidirektoratet. Avgjersler om erstatning som knyttar seg til behandling av opplysningar etter grensekontrollforordninga artikkel 24 og returforordninga kan du klage på til Justis- og beredskapsdepartementet.
Avgjerda kan sendes Datatilsynet for kontroll
Viss du har fått nei til innsyn i opplysingar om deg sjølv eller noko du eig, eller du har fått nei til retting, sletting eller erstatning, kan du be Datatilsynet om å kontrollere avgjerda.
Datatilsynet kontrollerer korleis opplysningane blir behandla.
Datatilsynet skal kontrollere at SIS-lova og forskrifter som er gitt i tråd med lova, blir følgde. Dei skal også kontrollere at feil eller manglar blir retta.
Datatilsynet kan hjelpe deg viss du vil at nokon skal kontrollere at opplysingane om deg i SIS er riktige, og at dei er registrert og brukt lovleg.
Datatilsynet kan også rettleie deg når det gjeld krav om innsyn, retting, sletting, erstatning og klage i SIS.
Rettsmidler
Viss rettigheta dine har blitt krenkte som følgje av behandlinga av opplysningane om deg i SIS kan du bringe avgjerda inn for domstolane, uavhengig av moglegheita om å be Datatilsynet kontrollere avgjerda.
Vil du ha informasjon om korleis du kan søke om innsyn i SIS i eit anna land som er ein del av ordninga, kan du sjå EU's Guide for exercising the right of access."
9d9e6960495452c5a41bd9d3f2a721912d07ac14,nno,https://www.nupi.no/om-nupi/medarbeidere/eksterne/kjerstin-aukrust,nupi.no,1735239878000,html,"['first_name', 'middle_name', 'last_name', 'profile_image', 'position', 'email', 'phone', 'description', 'profile_images', 'image_format', 'Nupi.no bruker informasjonskapsler (""cookies"") for å øke kvaliteteten på nettstedet. Les vår personvernerklæring for mer informasjon. Ved å fortsette å bruke nettstedet, aksepterer du vår bruk av informasjonskaplser']","first_name
middle_name
last_name
profile_image
position
email
phone
description
profile_images
image_format
Nupi.no bruker informasjonskapsler (""cookies"") for å øke kvaliteteten på nettstedet. Les vår personvernerklæring for mer informasjon. Ved å fortsette å bruke nettstedet, aksepterer du vår bruk av informasjonskaplser",9e90f699f7f76c84368d0c11bf93f4bb6ce3b455,nob,https://www.nupi.no/om-nupi/medarbeidere/eksterne/guri-rosen,nupi.no,1735242290000,html,"['middle_name', 'last_name', 'profile_image', 'position', 'email', 'phone', 'description', 'profile_images', 'image_format', 'Nupi.no bruker informasjonskapsler (""cookies"") for å øke kvaliteteten på nettstedet. Les vår personvernerklæring for mer informasjon. Ved å fortsette å bruke nettstedet, aksepterer du vår bruk av informasjonskaplser']","middle_name
last_name
profile_image
position
email
phone
description
profile_images
image_format
Nupi.no bruker informasjonskapsler (""cookies"") for å øke kvaliteteten på nettstedet. Les vår personvernerklæring for mer informasjon. Ved å fortsette å bruke nettstedet, aksepterer du vår bruk av informasjonskaplser"
3dcaa2d36259b0f9a96fac3cd4493b58ac66c266,nno,https://hi.no/en/hi/about-us/employees/diego-crespo-1,hi.no,1735729019000,html,"['Diego Crespo', 'Publications', 'Academic articles', '2022', 'Pituitary Gonadotropin Gene Expression During Induced Onset of Postsmolt Maturation in Male Atlantic Salmon: In Vivo and Tissue Culture Studies', 'Diego Crespo, Kai Ove Skaftnesmo, Erik Nordtorp Kjærner-Semb, Ozlem Yilmaz, Birgitta Norberg, Sara Olausson, Petra Vogelsang, Jan Bogerd, Lene Kleppe, Rolf Brudvik Edvardsen, Eva Andersson, Anna Wargelius, Tom Johnny Hansen, Per Gunnar Fjelldal, Rüdiger W. Schulz', 'Frontiers in Endocrinology 13', '2022', 'Full production cycle performance of gene-edited, sterile Atlantic salmon - growth, smoltification, welfare indicators and fillet composition', 'Lene Kleppe, Per Gunnar Fjelldal, Eva Andersson, Tom Johnny Hansen, Monica Sanden, Aina Bruvik, Kai Ove Skaftnesmo, Tomasz Furmanek, Erik Nordtorp Kjærner-Semb, Diego Crespo, Simon Flavell, Audun Østby Pedersen, Petra Vogelsang, Anja Torsvik, Karen Anita Kvestad, Sara Olausson, Birgitta Norberg, Rüdiger W. Schulz, J. Bogerd, N. Santi, Rolf Brudvik Edvardsen, Anna Wargelius', 'Aquaculture 560', '2022', 'Role of the Melanocortin System in Gonadal Steroidogenesis of Zebrafish', 'Sandra Navarro, Diego Crespo, Rüdiger W. Schulz, Wei Ge, Josep Rotllant, José Miguel Cerdá-Reverter, Ana Rocha', 'Loss of stra8 Increases Germ Cell Apoptosis but Is Still Compatible With Sperm Production in Atlantic Salmon (Salmo salar)', 'Kai Ove Skaftnesmo, Diego Crespo, Lene Kleppe, Eva Andersson, Rolf Brudvik Edvardsen, Birgitta Norberg, Per Gunnar Fjelldal, Tom Johnny Hansen, Rüdiger W. Schulz, Anna Wargelius', 'Frontiers in Cell and Developmental Biology 9', '2021', 'Insulin-like 3 affects zebrafish spermatogenic cells directly and via Sertoli cells', 'Diego Crespo, Luiz H. C. Assis, Yu Ting Zhang, Diego Safian, Tomasz Furmanek, Kai Ove Skaftnesmo, Birgitta Norberg, Wei Ge, Yung-Ching Choi, Marjo J. den Broeder, Juliette Legler, Jan Bogerd, Rüdiger W Schulz', 'Communications Biology 4 p. 1-13', '2021', 'Enhanced growth without accelerated puberty in fish: A role for the melanocortin system', 'Fsh stimulates spermatogonial proliferation and differentiation in zebrafish via Igf3', 'Luteinizing hormone induces ovulation via tumor necrosis factor α-dependent increases in prostaglandin F2α in a nonmammalian vertebrate', 'Crespo, D., Goetz, F. W., Planas, J. V.', 'Scientific Reports 5 p. 14210', '2014', 'Transcriptional assessment by microarray analysis and large-scale meta-analysis of the metabolic capacity of cardiac and skeletal muscle tissues to cope with reduced nutrient availability in gilthead sea bream (Sparus aurata L.)', 'Calduch-Giner, J. A., Echasseriau, Y., Crespo, D., Baron, D., Planas, J. V., Prunet, P., Pérez-Sánchez, J.', 'Marine Biotechnology 16(4) p. 423-435', '2014', 'Fsh and Lh direct conserved and specific pathways during flatfish semicystic spermatogenesis', 'Poster', 'Lene Kleppe, Per Gunnar Fjelldal, Eva Andersson, Tom Johnny Hansen, Monica Sanden, Aina Bruvik, Kai Ove Skaftnesmo, Tomasz Furmanek, Erik Nordtorp Kjærner-Semb, Diego Crespo, Simon Flavell, Audun Ø. Pedersen, Petra Vogelsang, Anne Torsvik, Sara Olausson, Birgitta Norberg, Rüdiger W. Schulz, Jan Bogerd, Nina Santi, Rolf Brudvik Edvardsen, Anna Wargelius']","Diego Crespo
Publications
Academic articles
2022
Pituitary Gonadotropin Gene Expression During Induced Onset of Postsmolt Maturation in Male Atlantic Salmon: In Vivo and Tissue Culture Studies
Diego Crespo, Kai Ove Skaftnesmo, Erik Nordtorp Kjærner-Semb, Ozlem Yilmaz, Birgitta Norberg, Sara Olausson, Petra Vogelsang, Jan Bogerd, Lene Kleppe, Rolf Brudvik Edvardsen, Eva Andersson, Anna Wargelius, Tom Johnny Hansen, Per Gunnar Fjelldal, Rüdiger W. Schulz
Frontiers in Endocrinology 13
2022
Full production cycle performance of gene-edited, sterile Atlantic salmon - growth, smoltification, welfare indicators and fillet composition
Lene Kleppe, Per Gunnar Fjelldal, Eva Andersson, Tom Johnny Hansen, Monica Sanden, Aina Bruvik, Kai Ove Skaftnesmo, Tomasz Furmanek, Erik Nordtorp Kjærner-Semb, Diego Crespo, Simon Flavell, Audun Østby Pedersen, Petra Vogelsang, Anja Torsvik, Karen Anita Kvestad, Sara Olausson, Birgitta Norberg, Rüdiger W. Schulz, J. Bogerd, N. Santi, Rolf Brudvik Edvardsen, Anna Wargelius
Aquaculture 560
2022
Role of the Melanocortin System in Gonadal Steroidogenesis of Zebrafish
Sandra Navarro, Diego Crespo, Rüdiger W. Schulz, Wei Ge, Josep Rotllant, José Miguel Cerdá-Reverter, Ana Rocha
Loss of stra8 Increases Germ Cell Apoptosis but Is Still Compatible With Sperm Production in Atlantic Salmon (Salmo salar)
Kai Ove Skaftnesmo, Diego Crespo, Lene Kleppe, Eva Andersson, Rolf Brudvik Edvardsen, Birgitta Norberg, Per Gunnar Fjelldal, Tom Johnny Hansen, Rüdiger W. Schulz, Anna Wargelius
Frontiers in Cell and Developmental Biology 9
2021
Insulin-like 3 affects zebrafish spermatogenic cells directly and via Sertoli cells
Diego Crespo, Luiz H. C. Assis, Yu Ting Zhang, Diego Safian, Tomasz Furmanek, Kai Ove Skaftnesmo, Birgitta Norberg, Wei Ge, Yung-Ching Choi, Marjo J. den Broeder, Juliette Legler, Jan Bogerd, Rüdiger W Schulz
Communications Biology 4 p. 1-13
2021
Enhanced growth without accelerated puberty in fish: A role for the melanocortin system
Fsh stimulates spermatogonial proliferation and differentiation in zebrafish via Igf3
Luteinizing hormone induces ovulation via tumor necrosis factor α-dependent increases in prostaglandin F2α in a nonmammalian vertebrate
Crespo, D., Goetz, F. W., Planas, J. V.
Scientific Reports 5 p. 14210
2014
Transcriptional assessment by microarray analysis and large-scale meta-analysis of the metabolic capacity of cardiac and skeletal muscle tissues to cope with reduced nutrient availability in gilthead sea bream (Sparus aurata L.)
Calduch-Giner, J. A., Echasseriau, Y., Crespo, D., Baron, D., Planas, J. V., Prunet, P., Pérez-Sánchez, J.
Marine Biotechnology 16(4) p. 423-435
2014
Fsh and Lh direct conserved and specific pathways during flatfish semicystic spermatogenesis
Poster
Lene Kleppe, Per Gunnar Fjelldal, Eva Andersson, Tom Johnny Hansen, Monica Sanden, Aina Bruvik, Kai Ove Skaftnesmo, Tomasz Furmanek, Erik Nordtorp Kjærner-Semb, Diego Crespo, Simon Flavell, Audun Ø. Pedersen, Petra Vogelsang, Anne Torsvik, Sara Olausson, Birgitta Norberg, Rüdiger W. Schulz, Jan Bogerd, Nina Santi, Rolf Brudvik Edvardsen, Anna Wargelius",6f199588751d37605dc5df008f667cd2af57880c,nob,https://hi.no/hi/om-oss/ansatte/diego-crespo-1,hi.no,1735705286000,html,"['Diego Crespo', 'Publikasjoner', 'Vitenskapelige artikler (NVI)', '2022', 'Pituitary Gonadotropin Gene Expression During Induced Onset of Postsmolt Maturation in Male Atlantic Salmon: In Vivo and Tissue Culture Studies', 'Diego Crespo, Kai Ove Skaftnesmo, Erik Nordtorp Kjærner-Semb, Ozlem Yilmaz, Birgitta Norberg, Sara Olausson, Petra Vogelsang, Jan Bogerd, Lene Kleppe, Rolf Brudvik Edvardsen, Eva Andersson, Anna Wargelius, Tom Johnny Hansen, Per Gunnar Fjelldal, Rüdiger W. Schulz', 'Frontiers in Endocrinology 13', '2022', 'Full production cycle performance of gene-edited, sterile Atlantic salmon - growth, smoltification, welfare indicators and fillet composition', 'Lene Kleppe, Per Gunnar Fjelldal, Eva Andersson, Tom Johnny Hansen, Monica Sanden, Aina Bruvik, Kai Ove Skaftnesmo, Tomasz Furmanek, Erik Nordtorp Kjærner-Semb, Diego Crespo, Simon Flavell, Audun Østby Pedersen, Petra Vogelsang, Anja Torsvik, Karen Anita Kvestad, Sara Olausson, Birgitta Norberg, Rüdiger W. Schulz, J. Bogerd, N. Santi, Rolf Brudvik Edvardsen, Anna Wargelius', 'Aquaculture 560', '2022', 'Role of the Melanocortin System in Gonadal Steroidogenesis of Zebrafish', 'Sandra Navarro, Diego Crespo, Rüdiger W. Schulz, Wei Ge, Josep Rotllant, José Miguel Cerdá-Reverter, Ana Rocha', 'Loss of stra8 Increases Germ Cell Apoptosis but Is Still Compatible With Sperm Production in Atlantic Salmon (Salmo salar)', 'Kai Ove Skaftnesmo, Diego Crespo, Lene Kleppe, Eva Andersson, Rolf Brudvik Edvardsen, Birgitta Norberg, Per Gunnar Fjelldal, Tom Johnny Hansen, Rüdiger W. Schulz, Anna Wargelius', 'Frontiers in Cell and Developmental Biology 9', '2021', 'Insulin-like 3 affects zebrafish spermatogenic cells directly and via Sertoli cells', 'Diego Crespo, Luiz H. C. Assis, Yu Ting Zhang, Diego Safian, Tomasz Furmanek, Kai Ove Skaftnesmo, Birgitta Norberg, Wei Ge, Yung-Ching Choi, Marjo J. den Broeder, Juliette Legler, Jan Bogerd, Rüdiger W Schulz', 'Communications Biology 4 p. 1-13', '2021', 'Enhanced growth without accelerated puberty in fish: A role for the melanocortin system', 'Fsh stimulates spermatogonial proliferation and differentiation in zebrafish via Igf3', 'Luteinizing hormone induces ovulation via tumor necrosis factor α-dependent increases in prostaglandin F2α in a nonmammalian vertebrate', 'Crespo, D., Goetz, F. W., Planas, J. V.', 'Scientific Reports 5 p. 14210', '2014', 'Transcriptional assessment by microarray analysis and large-scale meta-analysis of the metabolic capacity of cardiac and skeletal muscle tissues to cope with reduced nutrient availability in gilthead sea bream (Sparus aurata L.)', 'Calduch-Giner, J. A., Echasseriau, Y., Crespo, D., Baron, D., Planas, J. V., Prunet, P., Pérez-Sánchez, J.', 'Marine Biotechnology 16(4) p. 423-435', '2014', 'Fsh and Lh direct conserved and specific pathways during flatfish semicystic spermatogenesis', 'Poster', 'Lene Kleppe, Per Gunnar Fjelldal, Eva Andersson, Tom Johnny Hansen, Monica Sanden, Aina Bruvik, Kai Ove Skaftnesmo, Tomasz Furmanek, Erik Nordtorp Kjærner-Semb, Diego Crespo, Simon Flavell, Audun Ø. Pedersen, Petra Vogelsang, Anne Torsvik, Sara Olausson, Birgitta Norberg, Rüdiger W. Schulz, Jan Bogerd, Nina Santi, Rolf Brudvik Edvardsen, Anna Wargelius']","Diego Crespo
Publikasjoner
Vitenskapelige artikler (NVI)
2022
Pituitary Gonadotropin Gene Expression During Induced Onset of Postsmolt Maturation in Male Atlantic Salmon: In Vivo and Tissue Culture Studies
Diego Crespo, Kai Ove Skaftnesmo, Erik Nordtorp Kjærner-Semb, Ozlem Yilmaz, Birgitta Norberg, Sara Olausson, Petra Vogelsang, Jan Bogerd, Lene Kleppe, Rolf Brudvik Edvardsen, Eva Andersson, Anna Wargelius, Tom Johnny Hansen, Per Gunnar Fjelldal, Rüdiger W. Schulz
Frontiers in Endocrinology 13
2022
Full production cycle performance of gene-edited, sterile Atlantic salmon - growth, smoltification, welfare indicators and fillet composition
Lene Kleppe, Per Gunnar Fjelldal, Eva Andersson, Tom Johnny Hansen, Monica Sanden, Aina Bruvik, Kai Ove Skaftnesmo, Tomasz Furmanek, Erik Nordtorp Kjærner-Semb, Diego Crespo, Simon Flavell, Audun Østby Pedersen, Petra Vogelsang, Anja Torsvik, Karen Anita Kvestad, Sara Olausson, Birgitta Norberg, Rüdiger W. Schulz, J. Bogerd, N. Santi, Rolf Brudvik Edvardsen, Anna Wargelius
Aquaculture 560
2022
Role of the Melanocortin System in Gonadal Steroidogenesis of Zebrafish
Sandra Navarro, Diego Crespo, Rüdiger W. Schulz, Wei Ge, Josep Rotllant, José Miguel Cerdá-Reverter, Ana Rocha
Loss of stra8 Increases Germ Cell Apoptosis but Is Still Compatible With Sperm Production in Atlantic Salmon (Salmo salar)
Kai Ove Skaftnesmo, Diego Crespo, Lene Kleppe, Eva Andersson, Rolf Brudvik Edvardsen, Birgitta Norberg, Per Gunnar Fjelldal, Tom Johnny Hansen, Rüdiger W. Schulz, Anna Wargelius
Frontiers in Cell and Developmental Biology 9
2021
Insulin-like 3 affects zebrafish spermatogenic cells directly and via Sertoli cells
Diego Crespo, Luiz H. C. Assis, Yu Ting Zhang, Diego Safian, Tomasz Furmanek, Kai Ove Skaftnesmo, Birgitta Norberg, Wei Ge, Yung-Ching Choi, Marjo J. den Broeder, Juliette Legler, Jan Bogerd, Rüdiger W Schulz
Communications Biology 4 p. 1-13
2021
Enhanced growth without accelerated puberty in fish: A role for the melanocortin system
Fsh stimulates spermatogonial proliferation and differentiation in zebrafish via Igf3
Luteinizing hormone induces ovulation via tumor necrosis factor α-dependent increases in prostaglandin F2α in a nonmammalian vertebrate
Crespo, D., Goetz, F. W., Planas, J. V.
Scientific Reports 5 p. 14210
2014
Transcriptional assessment by microarray analysis and large-scale meta-analysis of the metabolic capacity of cardiac and skeletal muscle tissues to cope with reduced nutrient availability in gilthead sea bream (Sparus aurata L.)
Calduch-Giner, J. A., Echasseriau, Y., Crespo, D., Baron, D., Planas, J. V., Prunet, P., Pérez-Sánchez, J.
Marine Biotechnology 16(4) p. 423-435
2014
Fsh and Lh direct conserved and specific pathways during flatfish semicystic spermatogenesis
Poster
Lene Kleppe, Per Gunnar Fjelldal, Eva Andersson, Tom Johnny Hansen, Monica Sanden, Aina Bruvik, Kai Ove Skaftnesmo, Tomasz Furmanek, Erik Nordtorp Kjærner-Semb, Diego Crespo, Simon Flavell, Audun Ø. Pedersen, Petra Vogelsang, Anne Torsvik, Sara Olausson, Birgitta Norberg, Rüdiger W. Schulz, Jan Bogerd, Nina Santi, Rolf Brudvik Edvardsen, Anna Wargelius"
a9afff58d169fdea0a944ceca987b307d7a39adb,eng,urn:dom:https://konkurransetilsynet.no/horing-fra-konkurransetilsynet-vilkaar/,konkurransetilsynet.no,1734428210627,html,"['Høring fra Konkurransetilsynet', 'Konkurransetilsynet vurderer nå om vilkårene som ble pålagt Vipps AS i vedtak V2018-18 skal videreføres og ønsker innspill fra aktører i markedet vedrørende dette.', 'Foretakssammenslutningen mellom Vipps AS, BankAxept AS og BankID Norge AS ble godkjent på vilkår om avhjelpende tiltak i vedtak V2018-18 av 27. april 2018. Vedtaket gjelder i en periode på tre år, med adgang for Konkurransetilsynet til å fornye vedtaksperioden. Fristen for å fornye vilkårene i vedtaket er 27. april 2021.', 'Høringsbrevet er sendt til et utvalg aktører og konkurrenter av Vipps. Høringsbrevet blir også lagt ut på Konkurransetilsynets nettsider, konkurransetilsynet.no. Alle er velkommen til å svare på høringen. Høringsfristen er 26. februar 2021.', 'Vi bruker informasjonskapsler for å optimalisere nettstedet og vår service.', 'Functional cookies Functional cookies Alltid aktiv', 'The technical storage or access is strictly necessary for the legitimate purpose of enabling the use of a specific service explicitly requested by the subscriber or user, or for the sole purpose of carrying out the transmission of a communication over an electronic communications network.', 'Preferanser Preferanser', 'The technical storage or access is necessary for the legitimate purpose of storing preferences that are not requested by the subscriber or user.', 'Statistikk Statistikk', 'The technical storage or access that is used exclusively for statistical purposes. The technical storage or access that is used exclusively for anonymous statistical purposes. Without a subpoena, voluntary compliance on the part of your Internet Service Provider, or additional records from a third party, information stored or retrieved for this purpose alone cannot usually be used to identify you.', 'Markedsføring Markedsføring', 'The technical storage or access is required to create user profiles to send advertising, or to track the user on a website or across several websites for similar marketing purposes.']","Høring fra Konkurransetilsynet
Konkurransetilsynet vurderer nå om vilkårene som ble pålagt Vipps AS i vedtak V2018-18 skal videreføres og ønsker innspill fra aktører i markedet vedrørende dette.
Foretakssammenslutningen mellom Vipps AS, BankAxept AS og BankID Norge AS ble godkjent på vilkår om avhjelpende tiltak i vedtak V2018-18 av 27. april 2018. Vedtaket gjelder i en periode på tre år, med adgang for Konkurransetilsynet til å fornye vedtaksperioden. Fristen for å fornye vilkårene i vedtaket er 27. april 2021.
Høringsbrevet er sendt til et utvalg aktører og konkurrenter av Vipps. Høringsbrevet blir også lagt ut på Konkurransetilsynets nettsider, konkurransetilsynet.no. Alle er velkommen til å svare på høringen. Høringsfristen er 26. februar 2021.
Vi bruker informasjonskapsler for å optimalisere nettstedet og vår service.
Functional cookies Functional cookies Alltid aktiv
The technical storage or access is strictly necessary for the legitimate purpose of enabling the use of a specific service explicitly requested by the subscriber or user, or for the sole purpose of carrying out the transmission of a communication over an electronic communications network.
Preferanser Preferanser
The technical storage or access is necessary for the legitimate purpose of storing preferences that are not requested by the subscriber or user.
Statistikk Statistikk
The technical storage or access that is used exclusively for statistical purposes. The technical storage or access that is used exclusively for anonymous statistical purposes. Without a subpoena, voluntary compliance on the part of your Internet Service Provider, or additional records from a third party, information stored or retrieved for this purpose alone cannot usually be used to identify you.
Markedsføring Markedsføring
The technical storage or access is required to create user profiles to send advertising, or to track the user on a website or across several websites for similar marketing purposes.",91289f1c957ec13179cfe727ab36368c71b82eef,nno,urn:dom:https://konkurransetilsynet.no/horing-fra-konkurransetilsynet-vipps1/,konkurransetilsynet.no,1734421597676,html,"['Konkurransetilsynet > Nyheter > Høring – vurdering av om Vippsvedtaket fra 2018 skal fornyes', 'Høring – vurdering av om Vippsvedtaket fra 2018 skal fornyes', 'Konkurransetilsynet vurderer nå om vilkårene som ble pålagt Vipps AS i 2018 skal videreføres, og ønsker innspill fra aktører i markedet.', 'Foretakssammenslutningen mellom Vipps AS, BankAxept AS og BankID Norge AS ble godkjent på vilkår om avhjelpende tiltak 27. april 2018. Vedtaket gjaldt i en periode på tre år, med adgang for Konkurransetilsynet til å fornye vedtaksperioden. Konkurransetilsynet fornyet vilkårene i 2021 (se vedtak V2021-5). Fristen for å igjen fornye vilkårene i vedtaket er 27. april 2024.', 'Høringsbrevet er sendt til et utvalg aktører og konkurrenter av Vipps. Høringsbrevet blir også lagt ut på Konkurransetilsynets nettsider, konkurransetilsynet.no. Alle er velkomne til å svare på høringen.', 'Kontaktinformasjon', 'Vi bruker informasjonskapsler for å optimalisere nettstedet og vår service.', 'Functional cookies Functional cookies Alltid aktiv', 'The technical storage or access is strictly necessary for the legitimate purpose of enabling the use of a specific service explicitly requested by the subscriber or user, or for the sole purpose of carrying out the transmission of a communication over an electronic communications network.', 'Preferanser Preferanser', 'The technical storage or access is necessary for the legitimate purpose of storing preferences that are not requested by the subscriber or user.', 'Statistikk Statistikk', 'The technical storage or access that is used exclusively for statistical purposes. The technical storage or access that is used exclusively for anonymous statistical purposes. Without a subpoena, voluntary compliance on the part of your Internet Service Provider, or additional records from a third party, information stored or retrieved for this purpose alone cannot usually be used to identify you.', 'Markedsføring Markedsføring', 'The technical storage or access is required to create user profiles to send advertising, or to track the user on a website or across several websites for similar marketing purposes.']","Konkurransetilsynet > Nyheter > Høring – vurdering av om Vippsvedtaket fra 2018 skal fornyes
Høring – vurdering av om Vippsvedtaket fra 2018 skal fornyes
Konkurransetilsynet vurderer nå om vilkårene som ble pålagt Vipps AS i 2018 skal videreføres, og ønsker innspill fra aktører i markedet.
Foretakssammenslutningen mellom Vipps AS, BankAxept AS og BankID Norge AS ble godkjent på vilkår om avhjelpende tiltak 27. april 2018. Vedtaket gjaldt i en periode på tre år, med adgang for Konkurransetilsynet til å fornye vedtaksperioden. Konkurransetilsynet fornyet vilkårene i 2021 (se vedtak V2021-5). Fristen for å igjen fornye vilkårene i vedtaket er 27. april 2024.
Høringsbrevet er sendt til et utvalg aktører og konkurrenter av Vipps. Høringsbrevet blir også lagt ut på Konkurransetilsynets nettsider, konkurransetilsynet.no. Alle er velkomne til å svare på høringen.
Kontaktinformasjon
Vi bruker informasjonskapsler for å optimalisere nettstedet og vår service.
Functional cookies Functional cookies Alltid aktiv
The technical storage or access is strictly necessary for the legitimate purpose of enabling the use of a specific service explicitly requested by the subscriber or user, or for the sole purpose of carrying out the transmission of a communication over an electronic communications network.
Preferanser Preferanser
The technical storage or access is necessary for the legitimate purpose of storing preferences that are not requested by the subscriber or user.
Statistikk Statistikk
The technical storage or access that is used exclusively for statistical purposes. The technical storage or access that is used exclusively for anonymous statistical purposes. Without a subpoena, voluntary compliance on the part of your Internet Service Provider, or additional records from a third party, information stored or retrieved for this purpose alone cannot usually be used to identify you.
Markedsføring Markedsføring
The technical storage or access is required to create user profiles to send advertising, or to track the user on a website or across several websites for similar marketing purposes."
54c730b0d1e8838c69663e9b20586e3c537cd509,eng,https://www.oslomet.no/en/about/employee/marieh/,oslomet.no,1734384764000,html,"['About', 'Marie Hebrok has worked with topics related to sustainable consumption at SIFO since 2011. She is a trained product designer, and has work experience in retail design. She also has a master\'s degree in technology and science studies from the Center for Technology, Innovation and Culture (TIK) at the University of Oslo, and a doctorate in industrial design from the Department of Design at NTNU. The dissertation ""Food Waste: A practice-oriented design for sustainability approach"" studies how design can contribute to influencing food practices and reducing food waste. Marie is particularly interested in how the design field can contribute to making consumer practices more sustainable. Thematic areas she works with in ongoing projects are product lifespans, plastics, speculative design, systemic design, and imaginaries of sustainable futures. Other areas of interest and experience include green marketing, aesthetics, waste and digital services.', 'When you think about the future, what do you imagine? Flying cars, tubed food, or high-tech clothing might be among the images that come to mind. IMAGINE sets out to study these images of the future as imaginaries. Imaginaries are the many ways in which we humans think about the future and ways in which they can become possible. Our project looks specifically at how we imagine sustainable futures.', 'Hebrok, Marie ; Mainsah, Henry (2022). Skinny as a Bird: Design fiction as a vehicle for reflecting on food futures. 12 p. Futures: The journal of policy, planning and futures studies. Vol. 141. https://doi.org/10.1016/j.futures.2022.102983', 'Heidenstrøm, Nina ; Hebrok, Marie (2021). Towards realizing the sustainability potential within digital food provisioning platforms: The case of meal box schemes and online grocery shopping in Norway. Sustainable Production and Consumption. https://doi.org/10.1016/j.spc.2021.06.030', 'Hebrok, Marie ; Heidenstrøm, Nina (2019). Contextualising food waste prevention - Decisive moments within everyday practices. Journal of Cleaner Production. Vol. 2010. https://doi.org/10.1016/j.jclepro.2018.11.141', 'Hebrok, Marie Cathrine (2018). Food waste in the shadow of ideals - a case for practice-oriented design. Journal of Design Research. Vol. 16. https://doi.org/10.1504/JDR.2018.099535', 'Hebrok, Marie ; Boks, Casparus Burghardus (2017). Household food waste: Drivers and potential intervention points for design – An extensive review. Journal of Cleaner Production. Vol. 151. https://doi.org/10.1016/j.jclepro.2017.03.069', 'These publications are obtained from Cristin. The list may be incomplete', 'Research reports', 'Heidenstrøm, Nina ; Haugsrud, Ingrid ; Hebrok, Marie ; Throne-Holst, Harald (2022). ”Hvorfor kan ikke bare alle produkter være bærekraftige?” Hvordan forbrukere oppfatter og påvirkes av markedsføring med bærekraftpåstander. 136 p. Forbruksforskningsinstituttet SIFO. https://oda.oslomet.no/oda-xmlui/handle/11250/2838', 'Hebrok, Marie ; Throne-Holst, Harald ; Bakkeli, Nan Zou (2021). Plastsortering i norske kommuner – hvorfor er det så store forskjeller?. ISBN: 978-82-7063-533-7. 54 p. Forbruksforskningsinstituttet SIFO, OsloMet. Vol. 2021. https://hdl.handle.net/11250/2781373', 'Hebrok, Marie ; Steinnes, Kamilla Knutsen ; Heidenstrøm, Nina ; Tangeland, Torvald (2018). Spise eller kaste? Om hvordan forbrukerne gjør vurderinger av matens spiselighet, og betydningen av holdbarhetsmerking for matsvinnet i norske husholdninger. 62 p. Forbruksforskningsinstituttet SIFO. http://hdl.handle.net/20.500.12199/5363', 'Dissemination', 'Hebrok, Marie ; Heidenstrøm, Nina (2024). Contested imaginaries of Preferable Food Futures: A Comparative Analysis of the Digital Food Provisioning Platforms ODA and REKO-ringen. Jacobsen, Eivind; Strandbakken, Pål; Dulsrud, Arne; Skuland, Silje Elisabeth (Ed.). Consumers and Consumption in Comparison (Volume 37). p. 215-229. Emerald Group Publishing Limited. https://doi.org/https://doi.org/10.1108/S0195-6310', 'Kaplan Sarisaltik, Ayse ; Hebrok, Marie ; Gulden, Tore (2023). Leverage points for reducing the consumption of plastics: Social practices as a starting point for systemic design. The Joint SCORAI-ERSCP-WUR Conference on Transforming Consumption-Production Systems Toward Just and Sustainable Futures (SCP23). SCORAI-ERSCP-WUR.', 'Løvbak Berg, Lisbeth ; Hebrok, Marie (2023). Conflicting narratives of product longevity. Lost in the masses: Lasting project end seminar. Forbruksforskningsinstituttet SIFO, OsloMet.', 'Løvbak Berg, Lisbeth ; Hebrok, Marie (2023). Narratives of product longevity: a business vs. consumer perspective. The 5th Product Lifetimes and the Environment (PLATE) Conference. Aalto University.', 'Hebrok, Marie (2022). Beige er den nye nøytrale fargen, den nye hvite. De kvittet seg med tingene og fargene. Etter syv år er det nøkkelferdige rekkehuset endelig blitt sånn de gjerne skulle ha bygget det fra starten av. https://www.aftenposten.no/bolig/i/ML27Vo/beige-er']","About
Marie Hebrok has worked with topics related to sustainable consumption at SIFO since 2011. She is a trained product designer, and has work experience in retail design. She also has a master's degree in technology and science studies from the Center for Technology, Innovation and Culture (TIK) at the University of Oslo, and a doctorate in industrial design from the Department of Design at NTNU. The dissertation ""Food Waste: A practice-oriented design for sustainability approach"" studies how design can contribute to influencing food practices and reducing food waste. Marie is particularly interested in how the design field can contribute to making consumer practices more sustainable. Thematic areas she works with in ongoing projects are product lifespans, plastics, speculative design, systemic design, and imaginaries of sustainable futures. Other areas of interest and experience include green marketing, aesthetics, waste and digital services.
When you think about the future, what do you imagine? Flying cars, tubed food, or high-tech clothing might be among the images that come to mind. IMAGINE sets out to study these images of the future as imaginaries. Imaginaries are the many ways in which we humans think about the future and ways in which they can become possible. Our project looks specifically at how we imagine sustainable futures.
Hebrok, Marie ; Mainsah, Henry (2022). Skinny as a Bird: Design fiction as a vehicle for reflecting on food futures. 12 p. Futures: The journal of policy, planning and futures studies. Vol. 141. https://doi.org/10.1016/j.futures.2022.102983
Heidenstrøm, Nina ; Hebrok, Marie (2021). Towards realizing the sustainability potential within digital food provisioning platforms: The case of meal box schemes and online grocery shopping in Norway. Sustainable Production and Consumption. https://doi.org/10.1016/j.spc.2021.06.030
Hebrok, Marie ; Heidenstrøm, Nina (2019). Contextualising food waste prevention - Decisive moments within everyday practices. Journal of Cleaner Production. Vol. 2010. https://doi.org/10.1016/j.jclepro.2018.11.141
Hebrok, Marie Cathrine (2018). Food waste in the shadow of ideals - a case for practice-oriented design. Journal of Design Research. Vol. 16. https://doi.org/10.1504/JDR.2018.099535
Hebrok, Marie ; Boks, Casparus Burghardus (2017). Household food waste: Drivers and potential intervention points for design – An extensive review. Journal of Cleaner Production. Vol. 151. https://doi.org/10.1016/j.jclepro.2017.03.069
These publications are obtained from Cristin. The list may be incomplete
Research reports
Heidenstrøm, Nina ; Haugsrud, Ingrid ; Hebrok, Marie ; Throne-Holst, Harald (2022). ”Hvorfor kan ikke bare alle produkter være bærekraftige?” Hvordan forbrukere oppfatter og påvirkes av markedsføring med bærekraftpåstander. 136 p. Forbruksforskningsinstituttet SIFO. https://oda.oslomet.no/oda-xmlui/handle/11250/2838
Hebrok, Marie ; Throne-Holst, Harald ; Bakkeli, Nan Zou (2021). Plastsortering i norske kommuner – hvorfor er det så store forskjeller?. ISBN: 978-82-7063-533-7. 54 p. Forbruksforskningsinstituttet SIFO, OsloMet. Vol. 2021. https://hdl.handle.net/11250/2781373
Hebrok, Marie ; Steinnes, Kamilla Knutsen ; Heidenstrøm, Nina ; Tangeland, Torvald (2018). Spise eller kaste? Om hvordan forbrukerne gjør vurderinger av matens spiselighet, og betydningen av holdbarhetsmerking for matsvinnet i norske husholdninger. 62 p. Forbruksforskningsinstituttet SIFO. http://hdl.handle.net/20.500.12199/5363
Dissemination
Hebrok, Marie ; Heidenstrøm, Nina (2024). Contested imaginaries of Preferable Food Futures: A Comparative Analysis of the Digital Food Provisioning Platforms ODA and REKO-ringen. Jacobsen, Eivind; Strandbakken, Pål; Dulsrud, Arne; Skuland, Silje Elisabeth (Ed.). Consumers and Consumption in Comparison (Volume 37). p. 215-229. Emerald Group Publishing Limited. https://doi.org/https://doi.org/10.1108/S0195-6310
Kaplan Sarisaltik, Ayse ; Hebrok, Marie ; Gulden, Tore (2023). Leverage points for reducing the consumption of plastics: Social practices as a starting point for systemic design. The Joint SCORAI-ERSCP-WUR Conference on Transforming Consumption-Production Systems Toward Just and Sustainable Futures (SCP23). SCORAI-ERSCP-WUR.
Løvbak Berg, Lisbeth ; Hebrok, Marie (2023). Conflicting narratives of product longevity. Lost in the masses: Lasting project end seminar. Forbruksforskningsinstituttet SIFO, OsloMet.
Løvbak Berg, Lisbeth ; Hebrok, Marie (2023). Narratives of product longevity: a business vs. consumer perspective. The 5th Product Lifetimes and the Environment (PLATE) Conference. Aalto University.
Hebrok, Marie (2022). Beige er den nye nøytrale fargen, den nye hvite. De kvittet seg med tingene og fargene. Etter syv år er det nøkkelferdige rekkehuset endelig blitt sånn de gjerne skulle ha bygget det fra starten av. https://www.aftenposten.no/bolig/i/ML27Vo/beige-er",9c4fcf1e31062cc6ff4664b2ca750f1ed6d35433,nob,https://www.oslomet.no/om/ansatt/marieh/,oslomet.no,1734381491000,html,"['Kort om', 'Marie Hebrok har jobbet med temaer knyttet til bærekraftig forbruk hos SIFO siden 2011.Hun er utdannet produktdesigner, og har arbeidserfaring innen retail-design. Videre har hun master i teknologi- og vitenskapsstudier fra Senter for Teknologi, Innovasjon og Kultur (TIK) ved Universitetet i Oslo, og doktorgrad i industriell design fra Institutt for design ved NTNU. Avhandlingen «Food Waste: A practice-oriented design for sustainability approach» studerer hvordan design kan bidra til å påvirke matpraksiser og redusere matsvinn. Marie er særlig interessert i hvordan designfeltet kan bidra til å gjøre forbrukspraksiser mer bærekraftige. Tematiske områder hun jobber med i pågående prosjekter er produktlevetid, plast, spekulativ design, systemisk design, og fremtidsforestillinger. Andre interesseområder og erfaringer inkluderer grønn markedsføring, estetikk, avfall og digitale tjenester.', 'Hva ser du for deg når du tenker på fremtiden? Flygende biler, mat på tube, eller høyteknologisk bekledning kan være blant bildene som dukker opp. IMAGINE skal studere disse bildene som fremtidsforestillinger. Det er de måtene vi tenker om fremtiden på og hvordan de kan virkeliggjøres. Spesielt studerer vi forestillinger om en bærekraftig fremtid.', 'Forskningsprosjektet PLATEFORMS har som mål å skape innsikt i hvordan matpraksiser i hjemmet påvirkes av nye plattformer for matinnkjøp, og hvordan dette kan bidra til et mer bærekraftig forbruk av mat.', 'Hebrok, Marie ; Mainsah, Henry (2022). Skinny as a Bird: Design fiction as a vehicle for reflecting on food futures. 12 s. Futures: The journal of policy, planning and futures studies. Vol. 141. https://doi.org/10.1016/j.futures.2022.102983', 'Heidenstrøm, Nina ; Hebrok, Marie (2021). Towards realizing the sustainability potential within digital food provisioning platforms: The case of meal box schemes and online grocery shopping in Norway. Sustainable Production and Consumption. https://doi.org/10.1016/j.spc.2021.06.030', 'Hebrok, Marie ; Heidenstrøm, Nina (2019). Contextualising food waste prevention - Decisive moments within everyday practices. Journal of Cleaner Production. Vol. 2010. https://doi.org/10.1016/j.jclepro.2018.11.141', 'Hebrok, Marie Cathrine (2018). Food waste in the shadow of ideals - a case for practice-oriented design. Journal of Design Research. Vol. 16. https://doi.org/10.1504/JDR.2018.099535', 'Hebrok, Marie ; Boks, Casparus Burghardus (2017). Household food waste: Drivers and potential intervention points for design – An extensive review. Journal of Cleaner Production. Vol. 151. https://doi.org/10.1016/j.jclepro.2017.03.069', 'Klepp, Ingun Grimstad ; Hebrok, Marie (2017). Method 41 Sensory material test. Klepp, Ingun Grimstad; Fletcher, Kate (Red.). Opening up the Wardobe. A Methods Book. s. 139-142. Novus Forlag.', 'Publikasjonslisten er hentet ut av Cristin. Listen kan være ufullstendig', 'Forskningsrapporter', 'Heidenstrøm, Nina ; Haugsrud, Ingrid ; Hebrok, Marie ; Throne-Holst, Harald (2022). ”Hvorfor kan ikke bare alle produkter være bærekraftige?” Hvordan forbrukere oppfatter og påvirkes av markedsføring med bærekraftpåstander. 136 s. Forbruksforskningsinstituttet SIFO. https://oda.oslomet.no/oda-xmlui/handle/11250/2838', 'Hebrok, Marie ; Throne-Holst, Harald ; Bakkeli, Nan Zou (2021). Plastsortering i norske kommuner – hvorfor er det så store forskjeller?. ISBN: 978-82-7063-533-7. 54 s. Forbruksforskningsinstituttet SIFO, OsloMet. Vol. 2021. https://hdl.handle.net/11250/2781373', 'Hebrok, Marie ; Steinnes, Kamilla Knutsen ; Heidenstrøm, Nina ; Tangeland, Torvald (2018). Spise eller kaste? Om hvordan forbrukerne gjør vurderinger av matens spiselighet, og betydningen av holdbarhetsmerking for matsvinnet i norske husholdninger. 62 s. Forbruksforskningsinstituttet SIFO. http://hdl.handle.net/20.500.12199/5363', 'Hebrok, Marie ; Heidenstrøm, Nina (2024). Contested imaginaries of Preferable Food Futures: A Comparative Analysis of the Digital Food Provisioning Platforms ODA and REKO-ringen. Jacobsen, Eivind; Strandbakken, Pål; Dulsrud, Arne; Skuland, Silje Elisabeth (Red.). Consumers and Consumption in Comparison (Volume 37). s. 215-229. Emerald Group Publishing Limited. https://doi.org/https://doi.org/10.1108/S0195-6310', 'Kaplan Sarisaltik, Ayse ; Hebrok, Marie ; Gulden, Tore (2023). Leverage points for reducing the consumption of plastics: Social practices as a starting point for systemic design. The Joint SCORAI-ERSCP-WUR Conference on Transforming Consumption-Production Systems Toward Just and Sustainable Futures (SCP23). SCORAI-ERSCP-WUR.', 'Løvbak Berg, Lisbeth ; Hebrok, Marie (2023). Conflicting narratives of product longevity. Lost in the masses: Lasting project end seminar. Forbruksforskningsinstituttet SIFO, OsloMet.', 'Løvbak Berg, Lisbeth ; Hebrok, Marie (2023). Narratives of product longevity: a business vs. consumer perspective. The 5th Product Lifetimes and the Environment (PLATE) Conference. Aalto University.', 'Hebrok, Marie (2022). Beige er den nye nøytrale fargen, den nye hvite. De kvittet seg med tingene og fargene. Etter syv år er det nøkkelferdige rekkehuset endelig blitt sånn de gjerne skulle ha bygget det fra starten av. https://www.aftenposten.no/bolig/i/ML27Vo/beige-er']","Kort om
Marie Hebrok har jobbet med temaer knyttet til bærekraftig forbruk hos SIFO siden 2011.Hun er utdannet produktdesigner, og har arbeidserfaring innen retail-design. Videre har hun master i teknologi- og vitenskapsstudier fra Senter for Teknologi, Innovasjon og Kultur (TIK) ved Universitetet i Oslo, og doktorgrad i industriell design fra Institutt for design ved NTNU. Avhandlingen «Food Waste: A practice-oriented design for sustainability approach» studerer hvordan design kan bidra til å påvirke matpraksiser og redusere matsvinn. Marie er særlig interessert i hvordan designfeltet kan bidra til å gjøre forbrukspraksiser mer bærekraftige. Tematiske områder hun jobber med i pågående prosjekter er produktlevetid, plast, spekulativ design, systemisk design, og fremtidsforestillinger. Andre interesseområder og erfaringer inkluderer grønn markedsføring, estetikk, avfall og digitale tjenester.
Hva ser du for deg når du tenker på fremtiden? Flygende biler, mat på tube, eller høyteknologisk bekledning kan være blant bildene som dukker opp. IMAGINE skal studere disse bildene som fremtidsforestillinger. Det er de måtene vi tenker om fremtiden på og hvordan de kan virkeliggjøres. Spesielt studerer vi forestillinger om en bærekraftig fremtid.
Forskningsprosjektet PLATEFORMS har som mål å skape innsikt i hvordan matpraksiser i hjemmet påvirkes av nye plattformer for matinnkjøp, og hvordan dette kan bidra til et mer bærekraftig forbruk av mat.
Hebrok, Marie ; Mainsah, Henry (2022). Skinny as a Bird: Design fiction as a vehicle for reflecting on food futures. 12 s. Futures: The journal of policy, planning and futures studies. Vol. 141. https://doi.org/10.1016/j.futures.2022.102983
Heidenstrøm, Nina ; Hebrok, Marie (2021). Towards realizing the sustainability potential within digital food provisioning platforms: The case of meal box schemes and online grocery shopping in Norway. Sustainable Production and Consumption. https://doi.org/10.1016/j.spc.2021.06.030
Hebrok, Marie ; Heidenstrøm, Nina (2019). Contextualising food waste prevention - Decisive moments within everyday practices. Journal of Cleaner Production. Vol. 2010. https://doi.org/10.1016/j.jclepro.2018.11.141
Hebrok, Marie Cathrine (2018). Food waste in the shadow of ideals - a case for practice-oriented design. Journal of Design Research. Vol. 16. https://doi.org/10.1504/JDR.2018.099535
Hebrok, Marie ; Boks, Casparus Burghardus (2017). Household food waste: Drivers and potential intervention points for design – An extensive review. Journal of Cleaner Production. Vol. 151. https://doi.org/10.1016/j.jclepro.2017.03.069
Klepp, Ingun Grimstad ; Hebrok, Marie (2017). Method 41 Sensory material test. Klepp, Ingun Grimstad; Fletcher, Kate (Red.). Opening up the Wardobe. A Methods Book. s. 139-142. Novus Forlag.
Publikasjonslisten er hentet ut av Cristin. Listen kan være ufullstendig
Forskningsrapporter
Heidenstrøm, Nina ; Haugsrud, Ingrid ; Hebrok, Marie ; Throne-Holst, Harald (2022). ”Hvorfor kan ikke bare alle produkter være bærekraftige?” Hvordan forbrukere oppfatter og påvirkes av markedsføring med bærekraftpåstander. 136 s. Forbruksforskningsinstituttet SIFO. https://oda.oslomet.no/oda-xmlui/handle/11250/2838
Hebrok, Marie ; Throne-Holst, Harald ; Bakkeli, Nan Zou (2021). Plastsortering i norske kommuner – hvorfor er det så store forskjeller?. ISBN: 978-82-7063-533-7. 54 s. Forbruksforskningsinstituttet SIFO, OsloMet. Vol. 2021. https://hdl.handle.net/11250/2781373
Hebrok, Marie ; Steinnes, Kamilla Knutsen ; Heidenstrøm, Nina ; Tangeland, Torvald (2018). Spise eller kaste? Om hvordan forbrukerne gjør vurderinger av matens spiselighet, og betydningen av holdbarhetsmerking for matsvinnet i norske husholdninger. 62 s. Forbruksforskningsinstituttet SIFO. http://hdl.handle.net/20.500.12199/5363
Hebrok, Marie ; Heidenstrøm, Nina (2024). Contested imaginaries of Preferable Food Futures: A Comparative Analysis of the Digital Food Provisioning Platforms ODA and REKO-ringen. Jacobsen, Eivind; Strandbakken, Pål; Dulsrud, Arne; Skuland, Silje Elisabeth (Red.). Consumers and Consumption in Comparison (Volume 37). s. 215-229. Emerald Group Publishing Limited. https://doi.org/https://doi.org/10.1108/S0195-6310
Kaplan Sarisaltik, Ayse ; Hebrok, Marie ; Gulden, Tore (2023). Leverage points for reducing the consumption of plastics: Social practices as a starting point for systemic design. The Joint SCORAI-ERSCP-WUR Conference on Transforming Consumption-Production Systems Toward Just and Sustainable Futures (SCP23). SCORAI-ERSCP-WUR.
Løvbak Berg, Lisbeth ; Hebrok, Marie (2023). Conflicting narratives of product longevity. Lost in the masses: Lasting project end seminar. Forbruksforskningsinstituttet SIFO, OsloMet.
Løvbak Berg, Lisbeth ; Hebrok, Marie (2023). Narratives of product longevity: a business vs. consumer perspective. The 5th Product Lifetimes and the Environment (PLATE) Conference. Aalto University.
Hebrok, Marie (2022). Beige er den nye nøytrale fargen, den nye hvite. De kvittet seg med tingene og fargene. Etter syv år er det nøkkelferdige rekkehuset endelig blitt sånn de gjerne skulle ha bygget det fra starten av. https://www.aftenposten.no/bolig/i/ML27Vo/beige-er"
31eaee7cf92a346785344ae708fc87911becf4b0,nno,urn:dom:https://www.klagenemndssekretariatet.no/sak/2008-7,klagenemndssekretariatet.no,1734462744436,html,"['Innklagede tildelte en enerett for behandling av våtorganisk avfall fra husholdninger samt kloakkslam fra Steinkjer kommune. Klagenemnda kom til at innklagede ikke hadde hjemmel i forskriftens § 1-3 (2) bokstav h til å tildele kontrakt med hjemmel i eneretten, og at innklagede hadde foretatt en ulovlig direkteanskaffelse. Klagenemnda kom til at gebyr ikke skulle ilegges, siden dette var et juridisk uavklart rettsområde, og at innklagde ikke hadde utvist grov uaktsomhet ved å tildele eneretten.', 'Vi bruker ulike verktøy, som informasjonskapsler, for å forbedre brukeropplevelsen og for å samle inn data om hvordan besøkende samhandler med nettstedet vårt, produktene våre og tjenestene våre. Ved å bruke nettstedet godtar du bruken av informasjonskapsler på klagenemdssekretariatet.no. Les mer om personvern og informasjonskapsler.', 'Privacy Overview', 'This website uses cookies to improve your experience while you navigate through the website. Out of these, the cookies that are categorized as necessary are stored on your browser as they are essential for the working of basic functionalities of the ...', 'Necessary cookies are absolutely essential for the website to function properly. This category only includes cookies that ensures basic functionalities and security features of the website. These cookies do not store any personal information.', 'Any cookies that may not be particularly necessary for the website to function and is used specifically to collect user personal data via analytics, ads, other embedded contents are termed as non-necessary cookies. It is mandatory to procure user consent prior to running these cookies on your website.']","Innklagede tildelte en enerett for behandling av våtorganisk avfall fra husholdninger samt kloakkslam fra Steinkjer kommune. Klagenemnda kom til at innklagede ikke hadde hjemmel i forskriftens § 1-3 (2) bokstav h til å tildele kontrakt med hjemmel i eneretten, og at innklagede hadde foretatt en ulovlig direkteanskaffelse. Klagenemnda kom til at gebyr ikke skulle ilegges, siden dette var et juridisk uavklart rettsområde, og at innklagde ikke hadde utvist grov uaktsomhet ved å tildele eneretten.
Vi bruker ulike verktøy, som informasjonskapsler, for å forbedre brukeropplevelsen og for å samle inn data om hvordan besøkende samhandler med nettstedet vårt, produktene våre og tjenestene våre. Ved å bruke nettstedet godtar du bruken av informasjonskapsler på klagenemdssekretariatet.no. Les mer om personvern og informasjonskapsler.
Privacy Overview
This website uses cookies to improve your experience while you navigate through the website. Out of these, the cookies that are categorized as necessary are stored on your browser as they are essential for the working of basic functionalities of the ...
Necessary cookies are absolutely essential for the website to function properly. This category only includes cookies that ensures basic functionalities and security features of the website. These cookies do not store any personal information.
Any cookies that may not be particularly necessary for the website to function and is used specifically to collect user personal data via analytics, ads, other embedded contents are termed as non-necessary cookies. It is mandatory to procure user consent prior to running these cookies on your website.",e5356826e248f429d0d829dba9f027c6087341ed,nob,urn:dom:https://www.klagenemndssekretariatet.no/sak/2008-8,klagenemndssekretariatet.no,1734462751952,html,"['Innklagede tildelte en enerett for behandling av våtorganisk avfall fra husholdninger samt kloakkslam fra Steinkjer kommune. Klagenemnda kom til at innklagede ikke hadde hjemmel i forskriftens § 1-3 (2) bokstav h til å tildele kontrakt med hjemmel i enerett, og at innklagede hadde foretatt en ulovlig direkteanskaffelse. Klagenemnda kom til at gebyr ikke skulle ilegges, siden dette var et juridisk uavklart rettsområde, og at innklagde ikke hadde utvist grov uaktsomhet ved å tildele eneretten.', 'Vi bruker ulike verktøy, som informasjonskapsler, for å forbedre brukeropplevelsen og for å samle inn data om hvordan besøkende samhandler med nettstedet vårt, produktene våre og tjenestene våre. Ved å bruke nettstedet godtar du bruken av informasjonskapsler på klagenemdssekretariatet.no. Les mer om personvern og informasjonskapsler.', 'Privacy Overview', 'This website uses cookies to improve your experience while you navigate through the website. Out of these, the cookies that are categorized as necessary are stored on your browser as they are essential for the working of basic functionalities of the ...', 'Necessary cookies are absolutely essential for the website to function properly. This category only includes cookies that ensures basic functionalities and security features of the website. These cookies do not store any personal information.', 'Any cookies that may not be particularly necessary for the website to function and is used specifically to collect user personal data via analytics, ads, other embedded contents are termed as non-necessary cookies. It is mandatory to procure user consent prior to running these cookies on your website.']","Innklagede tildelte en enerett for behandling av våtorganisk avfall fra husholdninger samt kloakkslam fra Steinkjer kommune. Klagenemnda kom til at innklagede ikke hadde hjemmel i forskriftens § 1-3 (2) bokstav h til å tildele kontrakt med hjemmel i enerett, og at innklagede hadde foretatt en ulovlig direkteanskaffelse. Klagenemnda kom til at gebyr ikke skulle ilegges, siden dette var et juridisk uavklart rettsområde, og at innklagde ikke hadde utvist grov uaktsomhet ved å tildele eneretten.
Vi bruker ulike verktøy, som informasjonskapsler, for å forbedre brukeropplevelsen og for å samle inn data om hvordan besøkende samhandler med nettstedet vårt, produktene våre og tjenestene våre. Ved å bruke nettstedet godtar du bruken av informasjonskapsler på klagenemdssekretariatet.no. Les mer om personvern og informasjonskapsler.
Privacy Overview
This website uses cookies to improve your experience while you navigate through the website. Out of these, the cookies that are categorized as necessary are stored on your browser as they are essential for the working of basic functionalities of the ...
Necessary cookies are absolutely essential for the website to function properly. This category only includes cookies that ensures basic functionalities and security features of the website. These cookies do not store any personal information.
Any cookies that may not be particularly necessary for the website to function and is used specifically to collect user personal data via analytics, ads, other embedded contents are termed as non-necessary cookies. It is mandatory to procure user consent prior to running these cookies on your website."
2449a1c5e73e9e7ef3dc28b1a14a66928d06edbd,eng,https://filmskolen.no/en/graduation-films/kull-11/papapa,filmskolen.no,1734368944000,html,"['Papapa', 'In a near future, a young girl is meeting her donor-father for the first time. Together they go through experimental therapy exercises, in the hope of making their relation more than just a theory.', 'Elin is a donor child, growing up with two mothers, and zero contact with her biological father. After turning eighteen, Elin is finally given the opportunity to meet him. At the F.A.R clinic they specialize in facilitating the first meeting between donor-father and child, sending them through customized therapy exercises to make up for lost time and thus give the relationship a kickstart. For Elin however, the first meeting with her unknown father proves to be more complex than she had ever imagined. “Papapa” is a humorous story about emotions and expectations, and how these do not always live up to each other.']","Papapa
In a near future, a young girl is meeting her donor-father for the first time. Together they go through experimental therapy exercises, in the hope of making their relation more than just a theory.
Elin is a donor child, growing up with two mothers, and zero contact with her biological father. After turning eighteen, Elin is finally given the opportunity to meet him. At the F.A.R clinic they specialize in facilitating the first meeting between donor-father and child, sending them through customized therapy exercises to make up for lost time and thus give the relationship a kickstart. For Elin however, the first meeting with her unknown father proves to be more complex than she had ever imagined. “Papapa” is a humorous story about emotions and expectations, and how these do not always live up to each other.",c964187ba5991d630f53bc2e697ae9a299e2dfc2,nob,https://filmskolen.no/nn/eksamensfilmer/kull-11/papapa,filmskolen.no,1734369768000,html,"['Papapa', 'I en nær fremtid skal en ung jente møte sin donorfar for første gang. Sammen gjennomgår de en rekke eksperimentelle terapeutiske øvelser, som skal gjøre deres relasjon til mer enn bare en teoretisk påstand.', 'Elin er et donorbarn, vokst opp med to mødre, uten kontakt med sin biologiske far. Etter å ha blitt atten, får hun nå endelig muligheten til å treffe ham. På F.A.R klinikken spesialiserer de seg på det første møtet mellom donorbarn og far, gjennom øvelser skreddersydd for å gi relasjonen en pangstart og ta igjen tapt tid. For Elin viser det seg derimot at møtet med hennes hittil ukjente far ikke blir så lett som hun hadde trodd. ”Papapa” er en humoristisk historie om følelser og forventninger, og hvordan disse ikke alltid lever opp til hverandre.']","Papapa
I en nær fremtid skal en ung jente møte sin donorfar for første gang. Sammen gjennomgår de en rekke eksperimentelle terapeutiske øvelser, som skal gjøre deres relasjon til mer enn bare en teoretisk påstand.
Elin er et donorbarn, vokst opp med to mødre, uten kontakt med sin biologiske far. Etter å ha blitt atten, får hun nå endelig muligheten til å treffe ham. På F.A.R klinikken spesialiserer de seg på det første møtet mellom donorbarn og far, gjennom øvelser skreddersydd for å gi relasjonen en pangstart og ta igjen tapt tid. For Elin viser det seg derimot at møtet med hennes hittil ukjente far ikke blir så lett som hun hadde trodd. ”Papapa” er en humoristisk historie om følelser og forventninger, og hvordan disse ikke alltid lever opp til hverandre."
d8c9e44f29af7ff6895dddbf98f890c1ce9f5adb,nno,https://www.nhh.no/globalassets/studier/opptak/soknadsskjema-1-arig-nyn_2025.docx,nhh.no,1734467537000,doc,"['Namn: Klikk her for å skrive', 'Fødselsdato: Klikk her for å skrive', 'Søknad master i rekneskap og revisjon, eittårig løp, Noregs Handelshøgskole 2025', '1. Utdanning – FYLL UT:', 'Namn på høgskule/universitet', 'Namn på grad (Døme: Master, Økonomi og administrasjon)', 'Fullfører grad våren 2025', 'Set kryss', 'Allereie fullført grad ', 'Set kryss', 'Klikk her for å skrive', 'Vel eit alternativ', '☐', '☐', ' ', ' ', '☐', '☐', ' ', ' ', '☐', '☐', ' ', ' ', '☐', '☐', '2. Eksamenar du tek våren 2025 – FYLL UT:', 'Hugs å inkludere eventuell masteroppgåve og gjentakseksamenar.', 'Emnekode', 'Emnetittel', 'Tal på studiepoeng', 'Eksamensdato', 'Dersom du ikkje veit datoen på søketidspunktet, ettersend han til email-removed@email-removed.no', 'Gjentaks-eksamen?', 'Set kryss dersom du allereie har eit bestått resultat i emnet', ' ', ' ', ' ', 'Vel dato', '☐', ' ', ' ', ' ', ' ', '☐', ' ', ' ', ' ', ' ', '☐', ' ', ' ', ' ', ' ', '☐', '3. Utveksling – SET KRYSS', 'Dersom du har vore/er på utveksling må dette dokumenterast med ein offisiell karakterutskrift frå den utanlandske lærestaden.', 'Karakterutskrift vedlagt', 'Set kryss', 'Dokumentasjon ettersendast innan 1.7.', '(kun for søkarar på utveksling vår 2025 og dei som manglar dok. på UTV frå haust 2024 på søketidspunktet) ', 'Set kryss', 'Eg har ikkje utveksling', 'Set kryss', '☐', '☐', '☐', '4. Dokumentert revisjonspraksis – SET KRYSS:', 'Dersom du har dokumentert revisjonspraksis, kan du ha krav på tilleggspoeng.', 'Praksisattest vedlagt', 'Set kryss', 'Eg har ikkje revisjonspraksis', 'Set kryss', '☐', '☐', '5. Dokumentasjon på språkkunnskapar – SET KRYSS:', 'Dersom du har generell studiekompetanse (GSK) frå ein norsk lærestad, fyller du alltid kravet til norsk- og engelskkunnskapar. ', 'Dersom du har elektronisk vitnemål hentar vi resultata dine frå vidaregåande opplæring automatisk og du treng ikkje å dokumentere norsk- og engelskkunnskapar. ', 'Dersom du ikkje har elektronisk vitnemål, må du laste opp eit offisielt vitnemål frå vidaregåande skule.', ' Sjå her for kva du må laste opp dersom du ikkje har GSK frå ein norsk lærestad.', 'Eg har elektronisk vitnemål og skal ikkje dokumentere språkkunnskapar ☐', 'Eg har ikkje elektronisk vitnemål og skal dokumentere norskkunnskapar', '☐Vedlagt                  ☐Ettersendast innan 1.7', 'Eg har ikkje elektronisk vitnemål og skal dokumentere engelskkunnskapar', '☐Vedlagt                  ☐Ettersendast innan 1.7']","Namn: Klikk her for å skrive
Fødselsdato: Klikk her for å skrive
Søknad master i rekneskap og revisjon, eittårig løp, Noregs Handelshøgskole 2025
1. Utdanning – FYLL UT:
Namn på høgskule/universitet
Namn på grad (Døme: Master, Økonomi og administrasjon)
Fullfører grad våren 2025
Set kryss
Allereie fullført grad 
Set kryss
Klikk her for å skrive
Vel eit alternativ
☐
☐
 
 
☐
☐
 
 
☐
☐
 
 
☐
☐
2. Eksamenar du tek våren 2025 – FYLL UT:
Hugs å inkludere eventuell masteroppgåve og gjentakseksamenar.
Emnekode
Emnetittel
Tal på studiepoeng
Eksamensdato
Dersom du ikkje veit datoen på søketidspunktet, ettersend han til email-removed@email-removed.no
Gjentaks-eksamen?
Set kryss dersom du allereie har eit bestått resultat i emnet
 
 
 
Vel dato
☐
 
 
 
 
☐
 
 
 
 
☐
 
 
 
 
☐
3. Utveksling – SET KRYSS
Dersom du har vore/er på utveksling må dette dokumenterast med ein offisiell karakterutskrift frå den utanlandske lærestaden.
Karakterutskrift vedlagt
Set kryss
Dokumentasjon ettersendast innan 1.7.
(kun for søkarar på utveksling vår 2025 og dei som manglar dok. på UTV frå haust 2024 på søketidspunktet) 
Set kryss
Eg har ikkje utveksling
Set kryss
☐
☐
☐
4. Dokumentert revisjonspraksis – SET KRYSS:
Dersom du har dokumentert revisjonspraksis, kan du ha krav på tilleggspoeng.
Praksisattest vedlagt
Set kryss
Eg har ikkje revisjonspraksis
Set kryss
☐
☐
5. Dokumentasjon på språkkunnskapar – SET KRYSS:
Dersom du har generell studiekompetanse (GSK) frå ein norsk lærestad, fyller du alltid kravet til norsk- og engelskkunnskapar. 
Dersom du har elektronisk vitnemål hentar vi resultata dine frå vidaregåande opplæring automatisk og du treng ikkje å dokumentere norsk- og engelskkunnskapar. 
Dersom du ikkje har elektronisk vitnemål, må du laste opp eit offisielt vitnemål frå vidaregåande skule.
 Sjå her for kva du må laste opp dersom du ikkje har GSK frå ein norsk lærestad.
Eg har elektronisk vitnemål og skal ikkje dokumentere språkkunnskapar ☐
Eg har ikkje elektronisk vitnemål og skal dokumentere norskkunnskapar
☐Vedlagt                  ☐Ettersendast innan 1.7
Eg har ikkje elektronisk vitnemål og skal dokumentere engelskkunnskapar
☐Vedlagt                  ☐Ettersendast innan 1.7",a7d1212aae4d94b433b75ee4c8bdc41160dc2e68,nob,https://www.nhh.no/globalassets/studier/opptak/soknadsskjema-1-arig-bokm_2025.docx,nhh.no,1734467539000,doc,"['Navn: Klikk her for å skrive', 'Fødselsdato: Klikk her for å skrive', 'Søknad master i regnskap og revisjon, ettårig løp, Norges Handelshøyskole 2025', '1. Utdanning – FYLL UT:', 'Navn på høgskole/universitet', 'Navn på grad (Eks Master, Økonomi og administrasjon)', 'Fullfører grad våren 2025', 'Sett kryss', 'Allerede fullført grad ', 'Sett kryss', 'Klikk her for å skrive', '☐', '☐', ' ', ' ', '☐', '☐', ' ', ' ', '☐', '☐', ' ', ' ', '☐', '☐', '2. Eksamener som tas våren 2025 – FYLL UT:', 'Husk å inkludere eventuell masteroppgave og gjentakseksamener.', 'Emnekode', 'Emnetittel', 'Antall studiepoeng', 'Eksamensdato', 'Dersom du ikke vet datoen på søketidspunktet, ettersend den til email-removed@email-removed.no', 'Gjentakseksamen? Sett kryss dersom du allerede har et bestått resultat i emnet', ' ', ' ', ' ', 'Velg dato ', '☐', ' ', ' ', ' ', ' ', '☐', ' ', ' ', ' ', ' ', '☐', ' ', ' ', ' ', ' ', '☐', '3. Utveksling – SETT KRYSS', 'Dersom du har vært/er på utveksling må dette dokumenteres med offisiell karakterutskrift fra det utenlandske lærestedet.', 'Karakterutskrift vedlagt', 'Sett kryss', 'Karakterutskrift ettersendes innen 1.7.', '(kun for søkere på utveksling vår 2025 og de som mangler dok. på UTV fra høst 2024 på søketidspunktet) ', 'Sett kryss', 'Jeg har ikke utveksling', 'Sett kryss', '☐', '☐', '☐', '4. Dokumentert revisjonspraksis – SETT KRYSS:', 'Dersom du har dokumentert revisjonspraksis, kan du ha krav på tilleggspoeng. ', 'Praksisattest vedlagt', 'Sett kryss', 'Jeg har ikke revisjonspraksis', 'Sett kryss', '☐', '☐', '5. Dokumentasjon på språkkunnskaper – SETT KRYSS:', 'Dersom du har generell studiekompetanse (GSK) fra et norsk lærested, fyller du kravet til norsk- og engelskkunnskaper. ', 'Dersom du har elektronisk vitnemål henter vi resultatene dine fra videregående opplæring automatisk og du trenger ikke å dokumentere norsk- og engelskkunnskaper. ', 'Dersom du ikke har elektronisk vitnemål, må du laste opp et offisielt vitnemål fra videregående skole. ', 'Se her for hva du må laste opp dersom du ikke har GSK fra et norsk lærested.', 'Jeg har elektronisk vitnemål og skal ikke dokumentere språkkunnskaper ☐', 'Jeg har ikke elektronisk vitnemål og skal dokumentere norskkunnskaper', '☐Vedlagt              ☐Ettersendes innen 1.7', 'Jeg har ikke elektronisk vitnemål og skal dokumentere engelskkunnskaper', '☐Vedlagt              ☐Ettersendes innen 1.7']","Navn: Klikk her for å skrive
Fødselsdato: Klikk her for å skrive
Søknad master i regnskap og revisjon, ettårig løp, Norges Handelshøyskole 2025
1. Utdanning – FYLL UT:
Navn på høgskole/universitet
Navn på grad (Eks Master, Økonomi og administrasjon)
Fullfører grad våren 2025
Sett kryss
Allerede fullført grad 
Sett kryss
Klikk her for å skrive
☐
☐
 
 
☐
☐
 
 
☐
☐
 
 
☐
☐
2. Eksamener som tas våren 2025 – FYLL UT:
Husk å inkludere eventuell masteroppgave og gjentakseksamener.
Emnekode
Emnetittel
Antall studiepoeng
Eksamensdato
Dersom du ikke vet datoen på søketidspunktet, ettersend den til email-removed@email-removed.no
Gjentakseksamen? Sett kryss dersom du allerede har et bestått resultat i emnet
 
 
 
Velg dato 
☐
 
 
 
 
☐
 
 
 
 
☐
 
 
 
 
☐
3. Utveksling – SETT KRYSS
Dersom du har vært/er på utveksling må dette dokumenteres med offisiell karakterutskrift fra det utenlandske lærestedet.
Karakterutskrift vedlagt
Sett kryss
Karakterutskrift ettersendes innen 1.7.
(kun for søkere på utveksling vår 2025 og de som mangler dok. på UTV fra høst 2024 på søketidspunktet) 
Sett kryss
Jeg har ikke utveksling
Sett kryss
☐
☐
☐
4. Dokumentert revisjonspraksis – SETT KRYSS:
Dersom du har dokumentert revisjonspraksis, kan du ha krav på tilleggspoeng. 
Praksisattest vedlagt
Sett kryss
Jeg har ikke revisjonspraksis
Sett kryss
☐
☐
5. Dokumentasjon på språkkunnskaper – SETT KRYSS:
Dersom du har generell studiekompetanse (GSK) fra et norsk lærested, fyller du kravet til norsk- og engelskkunnskaper. 
Dersom du har elektronisk vitnemål henter vi resultatene dine fra videregående opplæring automatisk og du trenger ikke å dokumentere norsk- og engelskkunnskaper. 
Dersom du ikke har elektronisk vitnemål, må du laste opp et offisielt vitnemål fra videregående skole. 
Se her for hva du må laste opp dersom du ikke har GSK fra et norsk lærested.
Jeg har elektronisk vitnemål og skal ikke dokumentere språkkunnskaper ☐
Jeg har ikke elektronisk vitnemål og skal dokumentere norskkunnskaper
☐Vedlagt              ☐Ettersendes innen 1.7
Jeg har ikke elektronisk vitnemål og skal dokumentere engelskkunnskaper
☐Vedlagt              ☐Ettersendes innen 1.7"
31eaee7cf92a346785344ae708fc87911becf4b0,nno,urn:dom:https://www.klagenemndssekretariatet.no/sak/2008-7,klagenemndssekretariatet.no,1734462744436,html,"['Innklagede tildelte en enerett for behandling av våtorganisk avfall fra husholdninger samt kloakkslam fra Steinkjer kommune. Klagenemnda kom til at innklagede ikke hadde hjemmel i forskriftens § 1-3 (2) bokstav h til å tildele kontrakt med hjemmel i eneretten, og at innklagede hadde foretatt en ulovlig direkteanskaffelse. Klagenemnda kom til at gebyr ikke skulle ilegges, siden dette var et juridisk uavklart rettsområde, og at innklagde ikke hadde utvist grov uaktsomhet ved å tildele eneretten.', 'Vi bruker ulike verktøy, som informasjonskapsler, for å forbedre brukeropplevelsen og for å samle inn data om hvordan besøkende samhandler med nettstedet vårt, produktene våre og tjenestene våre. Ved å bruke nettstedet godtar du bruken av informasjonskapsler på klagenemdssekretariatet.no. Les mer om personvern og informasjonskapsler.', 'Privacy Overview', 'This website uses cookies to improve your experience while you navigate through the website. Out of these, the cookies that are categorized as necessary are stored on your browser as they are essential for the working of basic functionalities of the ...', 'Necessary cookies are absolutely essential for the website to function properly. This category only includes cookies that ensures basic functionalities and security features of the website. These cookies do not store any personal information.', 'Any cookies that may not be particularly necessary for the website to function and is used specifically to collect user personal data via analytics, ads, other embedded contents are termed as non-necessary cookies. It is mandatory to procure user consent prior to running these cookies on your website.']","Innklagede tildelte en enerett for behandling av våtorganisk avfall fra husholdninger samt kloakkslam fra Steinkjer kommune. Klagenemnda kom til at innklagede ikke hadde hjemmel i forskriftens § 1-3 (2) bokstav h til å tildele kontrakt med hjemmel i eneretten, og at innklagede hadde foretatt en ulovlig direkteanskaffelse. Klagenemnda kom til at gebyr ikke skulle ilegges, siden dette var et juridisk uavklart rettsområde, og at innklagde ikke hadde utvist grov uaktsomhet ved å tildele eneretten.
Vi bruker ulike verktøy, som informasjonskapsler, for å forbedre brukeropplevelsen og for å samle inn data om hvordan besøkende samhandler med nettstedet vårt, produktene våre og tjenestene våre. Ved å bruke nettstedet godtar du bruken av informasjonskapsler på klagenemdssekretariatet.no. Les mer om personvern og informasjonskapsler.
Privacy Overview
This website uses cookies to improve your experience while you navigate through the website. Out of these, the cookies that are categorized as necessary are stored on your browser as they are essential for the working of basic functionalities of the ...
Necessary cookies are absolutely essential for the website to function properly. This category only includes cookies that ensures basic functionalities and security features of the website. These cookies do not store any personal information.
Any cookies that may not be particularly necessary for the website to function and is used specifically to collect user personal data via analytics, ads, other embedded contents are termed as non-necessary cookies. It is mandatory to procure user consent prior to running these cookies on your website.",e5356826e248f429d0d829dba9f027c6087341ed,nob,urn:dom:https://www.klagenemndssekretariatet.no/sak/2008-8,klagenemndssekretariatet.no,1734462751952,html,"['Innklagede tildelte en enerett for behandling av våtorganisk avfall fra husholdninger samt kloakkslam fra Steinkjer kommune. Klagenemnda kom til at innklagede ikke hadde hjemmel i forskriftens § 1-3 (2) bokstav h til å tildele kontrakt med hjemmel i enerett, og at innklagede hadde foretatt en ulovlig direkteanskaffelse. Klagenemnda kom til at gebyr ikke skulle ilegges, siden dette var et juridisk uavklart rettsområde, og at innklagde ikke hadde utvist grov uaktsomhet ved å tildele eneretten.', 'Vi bruker ulike verktøy, som informasjonskapsler, for å forbedre brukeropplevelsen og for å samle inn data om hvordan besøkende samhandler med nettstedet vårt, produktene våre og tjenestene våre. Ved å bruke nettstedet godtar du bruken av informasjonskapsler på klagenemdssekretariatet.no. Les mer om personvern og informasjonskapsler.', 'Privacy Overview', 'This website uses cookies to improve your experience while you navigate through the website. Out of these, the cookies that are categorized as necessary are stored on your browser as they are essential for the working of basic functionalities of the ...', 'Necessary cookies are absolutely essential for the website to function properly. This category only includes cookies that ensures basic functionalities and security features of the website. These cookies do not store any personal information.', 'Any cookies that may not be particularly necessary for the website to function and is used specifically to collect user personal data via analytics, ads, other embedded contents are termed as non-necessary cookies. It is mandatory to procure user consent prior to running these cookies on your website.']","Innklagede tildelte en enerett for behandling av våtorganisk avfall fra husholdninger samt kloakkslam fra Steinkjer kommune. Klagenemnda kom til at innklagede ikke hadde hjemmel i forskriftens § 1-3 (2) bokstav h til å tildele kontrakt med hjemmel i enerett, og at innklagede hadde foretatt en ulovlig direkteanskaffelse. Klagenemnda kom til at gebyr ikke skulle ilegges, siden dette var et juridisk uavklart rettsområde, og at innklagde ikke hadde utvist grov uaktsomhet ved å tildele eneretten.
Vi bruker ulike verktøy, som informasjonskapsler, for å forbedre brukeropplevelsen og for å samle inn data om hvordan besøkende samhandler med nettstedet vårt, produktene våre og tjenestene våre. Ved å bruke nettstedet godtar du bruken av informasjonskapsler på klagenemdssekretariatet.no. Les mer om personvern og informasjonskapsler.
Privacy Overview
This website uses cookies to improve your experience while you navigate through the website. Out of these, the cookies that are categorized as necessary are stored on your browser as they are essential for the working of basic functionalities of the ...
Necessary cookies are absolutely essential for the website to function properly. This category only includes cookies that ensures basic functionalities and security features of the website. These cookies do not store any personal information.
Any cookies that may not be particularly necessary for the website to function and is used specifically to collect user personal data via analytics, ads, other embedded contents are termed as non-necessary cookies. It is mandatory to procure user consent prior to running these cookies on your website."
6d7187d5c3b1830559c870fda0b9e7897c103f66,eng,https://filmskolen.no/en/about-dnf/om-oss,filmskolen.no,1734367954000,html,"['About us', 'In 1997, The Norwegian Film School welcomed its first students, and since then the school has graduated more than 350 film students who have made their marks on the Norwegian film- and TV industry.', 'Several of our students have also garnered international attention. With The Norwegian Film School, Norway gained a much-needed national film education, which was essential for the further development of the Norwegian film industry.', 'Today, The Norwegian Film School offers a three-year Bachelor of Fine Arts degree, and a two-year Master of Fine Arts degree, as well as a ph.d. in Artistic Research in Film and related audiovisual art forms.', ""Filmmaking is about telling stories with moving images. Through one of our disciplines at the Bachelor's or Master's degree, you will develop into an independent storyteller."", ""Our purpose with this education, is to educate highly qualified professionals in film, TV, and similar media. We're a future-oriented education, that simultaneously maintains the traditional craftsmanship in each study discipline. The Norwegian Film School aims to develop each student's capacity for artistic expression, and personal reflection on their fields of profession."", 'Education and ""pen trials""', 'The education at the school is evenly distributed between joint education and education which is tailor-made for the needs of each discipline. A large part of the joint education includes a substantial number of practical team exercises, also called ""pen trials"".', ""Pen trials are production exercises where the students work in film teams that are put together by the school. These are exercises that focus on single elements of filmmaking, and which revolve around a number of limitations like film length, theme; and use of dialogue, music, and studio/location. The pen trials aren't viewed as self-contained film productions, but exercises in the craft of filmmaking, which also are well suited for learning about methods of teamwork. The philosophical/pedagogical foundation is that limitations challenge and develop the students' creativity and imagination, while teaching the craft at the same time."", ""Experience tells us that's there's no contradiction between developing the individual's artistic identity – the personal voice – and learning the craft. On the contrary. Mastering the craft is a catalyst for the artistic expression."", 'Throughout the study, the school utilizes experiential pedagogy, where the students develop their artistic expression by experiencing, through practical application, different elements of filmmaking; reflect on the process and results; and utilize what they have learned in the next phase of the upcoming exercises.', ""Thus, the students' knowledge and skills are developed through practical exercises, conversations, evaluations, and the exchange of experience. All teaching and evaluation at our school is mandatory, as this exchange of experience between students is a key element in the education process."", ""We emphasize student participation during exercises, and encourage everyone to participate in discussions, and to give each other constructive criticism. We know that this strengthens the individual's understanding of the profession, and of the complexities of film production."", 'Admissions', ""We admit new students every two years, and new admissions open for the Bachelor's degree in January 2023, while the Master's degree opens in spring 2024. All applicants must deliver a test related to the specific discipline they apply to, and qualified applicants will then advance to an extensive round of further tests and interviews."", 'Our study programmes are open to international students, but to be accepted into the Bachelor or Master programme, mastery of Norwegian or a Scandiavian language is a requirement.']","About us
In 1997, The Norwegian Film School welcomed its first students, and since then the school has graduated more than 350 film students who have made their marks on the Norwegian film- and TV industry.
Several of our students have also garnered international attention. With The Norwegian Film School, Norway gained a much-needed national film education, which was essential for the further development of the Norwegian film industry.
Today, The Norwegian Film School offers a three-year Bachelor of Fine Arts degree, and a two-year Master of Fine Arts degree, as well as a ph.d. in Artistic Research in Film and related audiovisual art forms.
Filmmaking is about telling stories with moving images. Through one of our disciplines at the Bachelor's or Master's degree, you will develop into an independent storyteller.
Our purpose with this education, is to educate highly qualified professionals in film, TV, and similar media. We're a future-oriented education, that simultaneously maintains the traditional craftsmanship in each study discipline. The Norwegian Film School aims to develop each student's capacity for artistic expression, and personal reflection on their fields of profession.
Education and ""pen trials""
The education at the school is evenly distributed between joint education and education which is tailor-made for the needs of each discipline. A large part of the joint education includes a substantial number of practical team exercises, also called ""pen trials"".
Pen trials are production exercises where the students work in film teams that are put together by the school. These are exercises that focus on single elements of filmmaking, and which revolve around a number of limitations like film length, theme; and use of dialogue, music, and studio/location. The pen trials aren't viewed as self-contained film productions, but exercises in the craft of filmmaking, which also are well suited for learning about methods of teamwork. The philosophical/pedagogical foundation is that limitations challenge and develop the students' creativity and imagination, while teaching the craft at the same time.
Experience tells us that's there's no contradiction between developing the individual's artistic identity – the personal voice – and learning the craft. On the contrary. Mastering the craft is a catalyst for the artistic expression.
Throughout the study, the school utilizes experiential pedagogy, where the students develop their artistic expression by experiencing, through practical application, different elements of filmmaking; reflect on the process and results; and utilize what they have learned in the next phase of the upcoming exercises.
Thus, the students' knowledge and skills are developed through practical exercises, conversations, evaluations, and the exchange of experience. All teaching and evaluation at our school is mandatory, as this exchange of experience between students is a key element in the education process.
We emphasize student participation during exercises, and encourage everyone to participate in discussions, and to give each other constructive criticism. We know that this strengthens the individual's understanding of the profession, and of the complexities of film production.
Admissions
We admit new students every two years, and new admissions open for the Bachelor's degree in January 2023, while the Master's degree opens in spring 2024. All applicants must deliver a test related to the specific discipline they apply to, and qualified applicants will then advance to an extensive round of further tests and interviews.
Our study programmes are open to international students, but to be accepted into the Bachelor or Master programme, mastery of Norwegian or a Scandiavian language is a requirement.",53b12a5ae517ad5c2858a7a01cc05857a6b8a95f,nno,https://filmskolen.no/nn/om-filmskolen/om-oss,filmskolen.no,1734368694000,html,"['Om oss', 'I 1997 opna Den norske filmskulen dørene for fyrste gong, og sidan den gong har skulen uteksaminert over 350 filmskulestudentar, som har sett preget sitt på den norske film– og tv-bransjen.', 'Fleire av dei tidlegare studentane våre har òg gjort seg merka internasjonalt. Med Den norske filmskolen fekk Noreg ei etterlengta nasjonal filmutdanning, noko som var heilt nødvendig for vidareutviklinga av den norske filmbransjen.', 'I dag tilbyr Den norske filmskulen ein treårig kunstfagleg bachelorgrad og ein toårig kunstfagleg mastergrad, samt ein ph.d.grad i kunstnarleg utviklingsarbeid i film og nærskylde audiovisuelle kunstformer.', 'Å laga film handlar om å fortelja historier med levande bilde. Gjennom studiane ved skulen skal du utvikla deg til å bli ein sjølvstendig historieforteljar gjennom ein av linjene våre på bachelor eller studieretningar på master.', 'Formålet med utdanninga vår er å utdanna kvalifiserte yrkesutøvarar for film, fjernsyn og liknande medium. Vi er ei framtidsretta utdanning som samtidig tar vare på det tradisjonelle handverket i kvar fagretning. Den norske filmskulen ønsker å utvikla den kunstnariske utrykkskompetanse til kvar einskild student og deira personlege refleksjon på fagfeltet sitt.', 'Undervisning og penneprøver', 'Undervisninga ved skulen er jamt fordelt mellom fellesundervisning og linjeundervisning som er spesialtilpassa behovet til kvar enkelt linje. Ein stor del av fellesundervisninga omfattar eit stort tal praktiske fellesøvingar òg kalla ""penneprøver"".', 'Penneprøver er produksjonsøvingar der studentane jobbar i teams sett saman av skulen. Dette er øvingar med fokus på einskilde element i å laga film som tar utgangspunkt i ei rekke avgrensingar som lengde på film, tema, bruk av dialog, bruk av musikk, bruk av studio/location. Penneprøvene blir ikkje sett på som sjølvstendige filmproduksjonar, men øvingar i å læra å laga film som samtidig er veleigna til å læra metodar for samarbeid. Det filosofisk-pedagogiske grunnlaget er at avgrensingar utfordrar og utviklar kreativiteten og fantasien til studentane samtidig som handverket blir lært.', 'Erfaring viser at det ikkje er noken motsetnad mellom å utvikla den einskilde sin kunstnarlege eigenart – den personlege stemma – og å læra handverket. Snarare tvert imot er det å beherska handverket forløysande for det kunstnarlege uttrykket.', 'Gjennom heile studiet nyttar skulen seg av erfaringsbasert pedagogikk der studentane skal tileigna seg kunstnarisk uttrykkskompetanse ved å erfara i praksis forskjellige element av å laga film, reflektera over prosess og resultat og nytta det dei har lært i neste fase i dei kommande øvingane.', 'Såleis blir kompetansen og evnene til studentane utvikla gjennom praktiske øvingar, samtalar og evalueringar, og dessutan gjennom utveksling av erfaring. All undervisning og evaluering hos oss er obligatorisk då denne erfaringsutvekslinga mellom studentar er eit heilt sentralt element i utdanninga.', 'Vi legg stor vekt på studentdeltaking i evalueringar og oppfordrar alle til å bidra i diskusjonar, og til å komma med konstruktive tilbakemeldingar til kvarandre og til prosjekta. Vi meiner at dette er med på å stryka forståinga til den enkelte for faget og for kompleksiteten til filmproduksjonen.', 'Opptak', 'Vi har opptak anna kvart år. Neste opptak på Master er i 2022, medan neste opptak for Bachelor er våren 2023. Alle søkjarar må levera inn ein oppgåvesvar tilknytta den linja dei søker på, deretter vil kvalifiserte søkjarar gå vidare til ein omfattande opptaks- og intervjurunde.']","Om oss
I 1997 opna Den norske filmskulen dørene for fyrste gong, og sidan den gong har skulen uteksaminert over 350 filmskulestudentar, som har sett preget sitt på den norske film– og tv-bransjen.
Fleire av dei tidlegare studentane våre har òg gjort seg merka internasjonalt. Med Den norske filmskolen fekk Noreg ei etterlengta nasjonal filmutdanning, noko som var heilt nødvendig for vidareutviklinga av den norske filmbransjen.
I dag tilbyr Den norske filmskulen ein treårig kunstfagleg bachelorgrad og ein toårig kunstfagleg mastergrad, samt ein ph.d.grad i kunstnarleg utviklingsarbeid i film og nærskylde audiovisuelle kunstformer.
Å laga film handlar om å fortelja historier med levande bilde. Gjennom studiane ved skulen skal du utvikla deg til å bli ein sjølvstendig historieforteljar gjennom ein av linjene våre på bachelor eller studieretningar på master.
Formålet med utdanninga vår er å utdanna kvalifiserte yrkesutøvarar for film, fjernsyn og liknande medium. Vi er ei framtidsretta utdanning som samtidig tar vare på det tradisjonelle handverket i kvar fagretning. Den norske filmskulen ønsker å utvikla den kunstnariske utrykkskompetanse til kvar einskild student og deira personlege refleksjon på fagfeltet sitt.
Undervisning og penneprøver
Undervisninga ved skulen er jamt fordelt mellom fellesundervisning og linjeundervisning som er spesialtilpassa behovet til kvar enkelt linje. Ein stor del av fellesundervisninga omfattar eit stort tal praktiske fellesøvingar òg kalla ""penneprøver"".
Penneprøver er produksjonsøvingar der studentane jobbar i teams sett saman av skulen. Dette er øvingar med fokus på einskilde element i å laga film som tar utgangspunkt i ei rekke avgrensingar som lengde på film, tema, bruk av dialog, bruk av musikk, bruk av studio/location. Penneprøvene blir ikkje sett på som sjølvstendige filmproduksjonar, men øvingar i å læra å laga film som samtidig er veleigna til å læra metodar for samarbeid. Det filosofisk-pedagogiske grunnlaget er at avgrensingar utfordrar og utviklar kreativiteten og fantasien til studentane samtidig som handverket blir lært.
Erfaring viser at det ikkje er noken motsetnad mellom å utvikla den einskilde sin kunstnarlege eigenart – den personlege stemma – og å læra handverket. Snarare tvert imot er det å beherska handverket forløysande for det kunstnarlege uttrykket.
Gjennom heile studiet nyttar skulen seg av erfaringsbasert pedagogikk der studentane skal tileigna seg kunstnarisk uttrykkskompetanse ved å erfara i praksis forskjellige element av å laga film, reflektera over prosess og resultat og nytta det dei har lært i neste fase i dei kommande øvingane.
Såleis blir kompetansen og evnene til studentane utvikla gjennom praktiske øvingar, samtalar og evalueringar, og dessutan gjennom utveksling av erfaring. All undervisning og evaluering hos oss er obligatorisk då denne erfaringsutvekslinga mellom studentar er eit heilt sentralt element i utdanninga.
Vi legg stor vekt på studentdeltaking i evalueringar og oppfordrar alle til å bidra i diskusjonar, og til å komma med konstruktive tilbakemeldingar til kvarandre og til prosjekta. Vi meiner at dette er med på å stryka forståinga til den enkelte for faget og for kompleksiteten til filmproduksjonen.
Opptak
Vi har opptak anna kvart år. Neste opptak på Master er i 2022, medan neste opptak for Bachelor er våren 2023. Alle søkjarar må levera inn ein oppgåvesvar tilknytta den linja dei søker på, deretter vil kvalifiserte søkjarar gå vidare til ein omfattande opptaks- og intervjurunde."
29627012b0e8c1754ff48f70e289604d8f867bc3,eng,https://www.klagenemndssekretariatet.no/lotterinemnda/utvalgte-saker,klagenemndssekretariatet.no,1734710855916,html,"['Utvalgte saker', 'Lotterinemnda gav klagar medhald i at foreininga kunne godkjennast som ein lotteriverdig organisasjon', 'Norsk Baan Jing Jai Forening si klage gjaldt Lotteritilsynet sitt vedtak om å avslå foreininga sin søknad om å bli godkjent som ein lotteriverdig organisasjon. Lotterinemnda fann at klagar hadde dokumentert at foreininga gjennom si verksemd i tilstrekkeleg omfang varetok eit humanitært føremål. På bakgrunn av dette fann nemnda at foreininga kunne godkjennast som ein lotteriverdig organisasjon, jf. lotterilova § 6 andre ledd, jf. § 5.', 'Vi bruker ulike verktøy, som informasjonskapsler, for å forbedre brukeropplevelsen og for å samle inn data om hvordan besøkende samhandler med nettstedet vårt, produktene våre og tjenestene våre. Ved å bruke nettstedet godtar du bruken av informasjonskapsler på klagenemdssekretariatet.no. Les mer om personvern og informasjonskapsler.', 'Privacy Overview', 'This website uses cookies to improve your experience while you navigate through the website. Out of these, the cookies that are categorized as necessary are stored on your browser as they are essential for the working of basic functionalities of the website. We also use third-party cookies that help us analyze and understand how you use this website. These cookies will be stored in your browser only with your consent. You also have the option to opt-out of these cookies. But opting out of some of these cookies may affect your browsing experience.', 'Necessary cookies are absolutely essential for the website to function properly. This category only includes cookies that ensures basic functionalities and security features of the website. These cookies do not store any personal information.', 'Any cookies that may not be particularly necessary for the website to function and is used specifically to collect user personal data via analytics, ads, other embedded contents are termed as non-necessary cookies. It is mandatory to procure user consent prior to running these cookies on your website.']","Utvalgte saker
Lotterinemnda gav klagar medhald i at foreininga kunne godkjennast som ein lotteriverdig organisasjon
Norsk Baan Jing Jai Forening si klage gjaldt Lotteritilsynet sitt vedtak om å avslå foreininga sin søknad om å bli godkjent som ein lotteriverdig organisasjon. Lotterinemnda fann at klagar hadde dokumentert at foreininga gjennom si verksemd i tilstrekkeleg omfang varetok eit humanitært føremål. På bakgrunn av dette fann nemnda at foreininga kunne godkjennast som ein lotteriverdig organisasjon, jf. lotterilova § 6 andre ledd, jf. § 5.
Vi bruker ulike verktøy, som informasjonskapsler, for å forbedre brukeropplevelsen og for å samle inn data om hvordan besøkende samhandler med nettstedet vårt, produktene våre og tjenestene våre. Ved å bruke nettstedet godtar du bruken av informasjonskapsler på klagenemdssekretariatet.no. Les mer om personvern og informasjonskapsler.
Privacy Overview
This website uses cookies to improve your experience while you navigate through the website. Out of these, the cookies that are categorized as necessary are stored on your browser as they are essential for the working of basic functionalities of the website. We also use third-party cookies that help us analyze and understand how you use this website. These cookies will be stored in your browser only with your consent. You also have the option to opt-out of these cookies. But opting out of some of these cookies may affect your browsing experience.
Necessary cookies are absolutely essential for the website to function properly. This category only includes cookies that ensures basic functionalities and security features of the website. These cookies do not store any personal information.
Any cookies that may not be particularly necessary for the website to function and is used specifically to collect user personal data via analytics, ads, other embedded contents are termed as non-necessary cookies. It is mandatory to procure user consent prior to running these cookies on your website.",ab600963b86d2ab93005d8fe227af680e665fdce,nno,urn:dom:https://www.klagenemndssekretariatet.no/lotterinemnda/utvalgte-saker,klagenemndssekretariatet.no,1734456573323,html,"['Utvalgte saker', 'Lotterinemnda gav klagar medhald i at foreininga kunne godkjennast som ein lotteriverdig organisasjon', 'Norsk Baan Jing Jai Forening si klage gjaldt Lotteritilsynet sitt vedtak om å avslå foreininga sin søknad om å bli godkjent som ein lotteriverdig organisasjon. Lotterinemnda fann at klagar hadde dokumentert at foreininga gjennom si verksemd i tilstrekkeleg omfang varetok eit humanitært føremål. På bakgrunn av dette fann nemnda at foreininga kunne godkjennast som ein lotteriverdig organisasjon, jf. lotterilova § 6 andre ledd, jf. § 5.', 'Vi bruker ulike verktøy, som informasjonskapsler, for å forbedre brukeropplevelsen og for å samle inn data om hvordan besøkende samhandler med nettstedet vårt, produktene våre og tjenestene våre. Ved å bruke nettstedet godtar du bruken av informasjonskapsler på klagenemdssekretariatet.no. Les mer om personvern og informasjonskapsler.', 'Privacy Overview', 'This website uses cookies to improve your experience while you navigate through the website. Out of these, the cookies that are categorized as necessary are stored on your browser as they are essential for the working of basic functionalities of the ...', 'Necessary cookies are absolutely essential for the website to function properly. This category only includes cookies that ensures basic functionalities and security features of the website. These cookies do not store any personal information.', 'Any cookies that may not be particularly necessary for the website to function and is used specifically to collect user personal data via analytics, ads, other embedded contents are termed as non-necessary cookies. It is mandatory to procure user consent prior to running these cookies on your website.']","Utvalgte saker
Lotterinemnda gav klagar medhald i at foreininga kunne godkjennast som ein lotteriverdig organisasjon
Norsk Baan Jing Jai Forening si klage gjaldt Lotteritilsynet sitt vedtak om å avslå foreininga sin søknad om å bli godkjent som ein lotteriverdig organisasjon. Lotterinemnda fann at klagar hadde dokumentert at foreininga gjennom si verksemd i tilstrekkeleg omfang varetok eit humanitært føremål. På bakgrunn av dette fann nemnda at foreininga kunne godkjennast som ein lotteriverdig organisasjon, jf. lotterilova § 6 andre ledd, jf. § 5.
Vi bruker ulike verktøy, som informasjonskapsler, for å forbedre brukeropplevelsen og for å samle inn data om hvordan besøkende samhandler med nettstedet vårt, produktene våre og tjenestene våre. Ved å bruke nettstedet godtar du bruken av informasjonskapsler på klagenemdssekretariatet.no. Les mer om personvern og informasjonskapsler.
Privacy Overview
This website uses cookies to improve your experience while you navigate through the website. Out of these, the cookies that are categorized as necessary are stored on your browser as they are essential for the working of basic functionalities of the ...
Necessary cookies are absolutely essential for the website to function properly. This category only includes cookies that ensures basic functionalities and security features of the website. These cookies do not store any personal information.
Any cookies that may not be particularly necessary for the website to function and is used specifically to collect user personal data via analytics, ads, other embedded contents are termed as non-necessary cookies. It is mandatory to procure user consent prior to running these cookies on your website."
0b04028c211ad869de98e7d08b288c0f5d8d3301,nno,https://khio.no/system/resources/W1siZiIsIjIwMjAvMTAvMDIvM3drMGZ5NWlyel9TX2tuYWRzdmVkbGVnZ19TdGlwZW5kaWF0c3RpbGxpbmdfTnlub3Jza18yMDIxLmRvY3giXV0/S%C3%B8knadsvedlegg%20-%20Stipendiatstilling%20-%20Nynorsk%20-%202021.docx,khio.no,1735321783000,doc,"['KUNSTHØGSKOLEN I OSLO ', 'Stilling som doktorgradsstipendiat - 2021', '\tVedlegg 1 Søknadsskjema til stipendiatsøknad i JobbNorge (http://www.khio.no/om-kunsthogskolen-i-oslo/organisasjon#ledige-stillingar) ', '\tVedlegg 1 (dette skjemaet) skal lastast opp i søknaden i JobbNorge saman med dei tre andre vedlegga, sjå nedst. Mangelfulle søknader blir ikkje behandla.  ', '\t\t\t', 'Søknadsfrist - sjå utlysingsteksten til stilling som doktorgradsstipendiat', 'Personopplysningar', 'Namn (etternamn, alle fornamn)', 'Fødselsdato', 'Telefon mobil', 'E-post', 'Prosjekttittel', 'Prosjekttittel/arbeidstittel ', 'Prosjektbeskriving – samandrag', 'Kortversjon av prosjektbeskriving (maksimalt 400 ord) ', 'Prosjektbeskriving – fagleg utgreiing', 'Prosjektbeskrivinga skal plassere prosjektet i eit fag/forskingsfelt og presentere tema, problemstillingar, kontekst, metode og val av arbeids- og presentasjonsformer (maksimalt 3500 ord). ', ' ', 'Ev. samarbeidsinstitusjonar, partnarar, institusjonsopphald o.a.', 'Potensielle samarbeidsinstitusjonar og partnarar', 'Eventuelle planar for opphald ved annan institusjon', ' ', 'Plan for formidling av resultat', '(maksimalt 400 ord)', ' ', 'Etiske problemstillingar, rettsvern og anna', 'Orientering om eventuelle rettslege og etiske problemstillingar som prosjektet reiser, og korleis desse kan avklarast. Det skal gå fram av søknaden om prosjektet er avhengig av løyve frå forskingsetiske komitear eller andre myndigheiter eller frå private (informantar, pasientar, foreldre etc.). Slike løyve bør om mogleg leggjast ved søknaden.', 'Opplysningar om eventuelle immaterialrettslege restriksjonar for å verne rettar andre har.', ' ', ' Tilknyting til avdelinga', 'Orientering om kva tilknyting prosjektet har til avdelinga ved Kunsthøgskolen i Oslo', 'Dokumentasjon av spesielle behov for faglege og materielle ressursar', 'Forslag til kven ved avdelinga som er ønskt som hovudrettleiar', 'Framdriftsplan', 'Ei kort orientering av framdriftsplan for stipendiatperioden, i fasar på til saman tre årsverk', ' ', 'Finansieringsplan', 'Alle kostnader knytte til gjennomføringa av det omsøkte prosjektet må dekkjast av finansieringsplanen. Planen skal dekkje utgifter til delprosjekt og utforsking undervegs i prosjektperioden (så som reiser knytte til studium, prosjekt og rettleiing, litteratur, utstyr, materiale, kjøp av varer og tenester), produksjonskostnader knytte til presentasjon av kunstnarisk arbeid i samband med midtvegsevaluering, sluttevaluering, dokumentasjon, publisering og formidling på nett, diverse kostnader, osv.', 'Budsjettet skal setjast opp per år av stipendiatperioden. Det skal synleggjerast om prosjektet har andre eksterne inntekter. Det kan budsjetterast med eit prosjektbidrag frå Kunsthøgskolen i Oslo på opp til kr 300\xa0000 totalt for heile stipendiatperioden. Merk at endeleg prosjektbidrag frå Kunsthøgskolen kan vere lågare enn kr 300\xa0000. ', 'Følgjande skal ikkje vere med i budsjettet:', 'Lønn for stipendiat og rettleiarar, kontor ved Kunsthøgskolen i Oslo, enkel telefon og datamaskin og kostnader knytte til deltaking i Forskarskolen. Dette blir dekt separat. ', 'BUDSJETTSKISSE (overordna postar)', 'KRONER', '1. år: ', '2. år – inklusive midtvegsevaluering:', '3. år – inklusive sluttvurdering og disputas:', 'SUM BUDSJETTSKISSE', 'FINANSIERINGSPLAN', 'Prosjektmidlar Kunsthøgskolen i Oslo (maksimalt kr 300\xa0000)', 'Ekstern finansiering (stadfesta, spesifiser nedanfor)', '- bidrag frå: ', '- bidrag frå:', 'Ekstern finansiering (ikkje stadfesta, spesifiser)', '- søkt bidrag frå:', '- søkt bidrag frå:', ' ', 'SUM FINANSIERING (tilsvarer SUM BUDSJETTSKISSE)', 'Komplett søknad må lastast opp i JobbNorge og bestå av', 'Vedlegg 1 – Søknadsvedlegg (dette vedlegget) ', 'Vedlegg 2 – Dokumentasjon av den utdanninga og dei kvalifikasjonane som vert kravt for tilsetjing som doktorgradsstipendiat og opptak til doktorgradsprogrammet, dvs. utøvande og/eller skapande mastergrad innanfor aktuelt fagområde, jamfør omtale i kvalifikasjonsverkets andre syklus (vitnemål eller dokumentasjon på tilsvarande kompetanse).', 'Vedlegg 3 – Utfyllande CV', 'Vedlegg 4 – Dokumentasjon av kunstnarisk verksemd/praksis ', 'Inntil ti verk/arbeid. All dokumentasjon skal leverast i digital form. Dokumentasjon av kunstnarisk arbeid kan med fordel vere hyperlenker til ein nettstad. Oversikt/liste med adresser til lenker er då vedlegget.', 'Kunsthøgskolens doktorgrad i kunstnarisk utviklingsarbeid byggjer på følgjande:', 'Kunstutøvinga skal stå i sentrum for doktorgradsresultatet. Samtidig skal kunstutøvinga følgjast av ein eksplisitt refleksjon som ved presentasjon av prosjektet gjer det mogleg for andre å ta del i den arbeidsmåten og innsikta som det kunstnariske utviklingsarbeidet genererer.', 'Ved vurdering av søknaden blir det lagt vekt på m.a.:', '- Prosjektkvalitet', '- Andre kunstnariske kvalifikasjonar', '- Utdanningsgrunnlag ', '- Tilknyting til fagavdelinga', 'Side 3 av 5']","KUNSTHØGSKOLEN I OSLO 
Stilling som doktorgradsstipendiat - 2021
	Vedlegg 1 Søknadsskjema til stipendiatsøknad i JobbNorge (http://www.khio.no/om-kunsthogskolen-i-oslo/organisasjon#ledige-stillingar) 
	Vedlegg 1 (dette skjemaet) skal lastast opp i søknaden i JobbNorge saman med dei tre andre vedlegga, sjå nedst. Mangelfulle søknader blir ikkje behandla.  
			
Søknadsfrist - sjå utlysingsteksten til stilling som doktorgradsstipendiat
Personopplysningar
Namn (etternamn, alle fornamn)
Fødselsdato
Telefon mobil
E-post
Prosjekttittel
Prosjekttittel/arbeidstittel 
Prosjektbeskriving – samandrag
Kortversjon av prosjektbeskriving (maksimalt 400 ord) 
Prosjektbeskriving – fagleg utgreiing
Prosjektbeskrivinga skal plassere prosjektet i eit fag/forskingsfelt og presentere tema, problemstillingar, kontekst, metode og val av arbeids- og presentasjonsformer (maksimalt 3500 ord). 
 
Ev. samarbeidsinstitusjonar, partnarar, institusjonsopphald o.a.
Potensielle samarbeidsinstitusjonar og partnarar
Eventuelle planar for opphald ved annan institusjon
 
Plan for formidling av resultat
(maksimalt 400 ord)
 
Etiske problemstillingar, rettsvern og anna
Orientering om eventuelle rettslege og etiske problemstillingar som prosjektet reiser, og korleis desse kan avklarast. Det skal gå fram av søknaden om prosjektet er avhengig av løyve frå forskingsetiske komitear eller andre myndigheiter eller frå private (informantar, pasientar, foreldre etc.). Slike løyve bør om mogleg leggjast ved søknaden.
Opplysningar om eventuelle immaterialrettslege restriksjonar for å verne rettar andre har.
 
 Tilknyting til avdelinga
Orientering om kva tilknyting prosjektet har til avdelinga ved Kunsthøgskolen i Oslo
Dokumentasjon av spesielle behov for faglege og materielle ressursar
Forslag til kven ved avdelinga som er ønskt som hovudrettleiar
Framdriftsplan
Ei kort orientering av framdriftsplan for stipendiatperioden, i fasar på til saman tre årsverk
 
Finansieringsplan
Alle kostnader knytte til gjennomføringa av det omsøkte prosjektet må dekkjast av finansieringsplanen. Planen skal dekkje utgifter til delprosjekt og utforsking undervegs i prosjektperioden (så som reiser knytte til studium, prosjekt og rettleiing, litteratur, utstyr, materiale, kjøp av varer og tenester), produksjonskostnader knytte til presentasjon av kunstnarisk arbeid i samband med midtvegsevaluering, sluttevaluering, dokumentasjon, publisering og formidling på nett, diverse kostnader, osv.
Budsjettet skal setjast opp per år av stipendiatperioden. Det skal synleggjerast om prosjektet har andre eksterne inntekter. Det kan budsjetterast med eit prosjektbidrag frå Kunsthøgskolen i Oslo på opp til kr 300 000 totalt for heile stipendiatperioden. Merk at endeleg prosjektbidrag frå Kunsthøgskolen kan vere lågare enn kr 300 000. 
Følgjande skal ikkje vere med i budsjettet:
Lønn for stipendiat og rettleiarar, kontor ved Kunsthøgskolen i Oslo, enkel telefon og datamaskin og kostnader knytte til deltaking i Forskarskolen. Dette blir dekt separat. 
BUDSJETTSKISSE (overordna postar)
KRONER
1. år: 
2. år – inklusive midtvegsevaluering:
3. år – inklusive sluttvurdering og disputas:
SUM BUDSJETTSKISSE
FINANSIERINGSPLAN
Prosjektmidlar Kunsthøgskolen i Oslo (maksimalt kr 300 000)
Ekstern finansiering (stadfesta, spesifiser nedanfor)
- bidrag frå: 
- bidrag frå:
Ekstern finansiering (ikkje stadfesta, spesifiser)
- søkt bidrag frå:
- søkt bidrag frå:
 
SUM FINANSIERING (tilsvarer SUM BUDSJETTSKISSE)
Komplett søknad må lastast opp i JobbNorge og bestå av
Vedlegg 1 – Søknadsvedlegg (dette vedlegget) 
Vedlegg 2 – Dokumentasjon av den utdanninga og dei kvalifikasjonane som vert kravt for tilsetjing som doktorgradsstipendiat og opptak til doktorgradsprogrammet, dvs. utøvande og/eller skapande mastergrad innanfor aktuelt fagområde, jamfør omtale i kvalifikasjonsverkets andre syklus (vitnemål eller dokumentasjon på tilsvarande kompetanse).
Vedlegg 3 – Utfyllande CV
Vedlegg 4 – Dokumentasjon av kunstnarisk verksemd/praksis 
Inntil ti verk/arbeid. All dokumentasjon skal leverast i digital form. Dokumentasjon av kunstnarisk arbeid kan med fordel vere hyperlenker til ein nettstad. Oversikt/liste med adresser til lenker er då vedlegget.
Kunsthøgskolens doktorgrad i kunstnarisk utviklingsarbeid byggjer på følgjande:
Kunstutøvinga skal stå i sentrum for doktorgradsresultatet. Samtidig skal kunstutøvinga følgjast av ein eksplisitt refleksjon som ved presentasjon av prosjektet gjer det mogleg for andre å ta del i den arbeidsmåten og innsikta som det kunstnariske utviklingsarbeidet genererer.
Ved vurdering av søknaden blir det lagt vekt på m.a.:
- Prosjektkvalitet
- Andre kunstnariske kvalifikasjonar
- Utdanningsgrunnlag 
- Tilknyting til fagavdelinga
Side 3 av 5",52e6392f80a485f66676b8771f66f979b5fa0da5,nob,https://khio.no/system/resources/W1siZiIsIjIwMjAvMTAvMDIvMTc2ZmFiaDdnOV9TX2tuYWRzdmVkbGVnZ19TdGlwZW5kaWF0c3RpbGxpbmdfQm9rbV9sXzIwMjEuZG9jeCJdXQ/S%C3%B8knadsvedlegg%20-%20Stipendiatstilling%20-%20Bokm%C3%A5l%20-%202021.docx,khio.no,1735321781000,doc,"['KUNSTHØGSKOLEN I OSLO ', 'Stilling som doktorgradsstipendiat - 2021', '\tVedlegg 1 Søknadsskjema til stipendiatsøknad i JobbNorge (http://www.khio.no/om-kunsthogskolen-i-oslo/organisasjon#ledige-stillingar) ', '\tVedlegg 1 (dette skjemaet) skal lastes opp i søknaden i JobbNorge sammen med de øvrige tre vedleggene, se nederst. Mangelfulle søknader vil ikke bli behandlet.  ', '\t\t\t', 'Søknadsfrist – se utlysningsteksten til stilling som doktorgradsstipendiat', 'Personopplysninger', 'Navn (Etternavn, alle fornavn)', 'Fødselsdato', 'Telefon mobil', 'E-post', 'Prosjektets tittel', 'Prosjektets tittel/arbeidstittel ', 'Prosjektbeskrivelse - sammendrag', 'Kortversjon av prosjektbeskrivelse (maksimalt 400 ord) ', 'Prosjektbeskrivelse – faglig redegjørelse', 'Prosjektbeskrivelsen skal plassere prosjektet i et fag/forskingsfelt, og presentere tema, problemstillinger, kontekst, metode, og valg av arbeids- og presentasjonsformer (maksimalt 3500 ord). ', ' ', 'Evt. samarbeidsinstitusjoner, partnere, institusjonsopphold oa', 'Potensielle samarbeidsinstitusjoner og partnere.', 'Eventuelle planer for opphold ved annen institusjon', ' ', 'Plan for formidling av resultater', '(maksimalt 400 ord)', ' ', 'Etiske problemstillinger, rettighetsbeskyttelse og annet', 'Redegjørelse for eventuelle rettslige og etiske problemstillinger som prosjektet reiser, og hvordan disse kan avklares. Det skal fremgå av søknaden om prosjektet er avhengig av tillatelse fra forskningsetiske komiteer eller andre myndigheter eller fra private (informanter, pasienter, foreldre etc.). Slike tillatelser bør om mulig legges ved søknaden.', 'Opplysninger om eventuelle immaterialrettslige restriksjoner for å beskytte andres rettigheter', ' ', ' Tilknytning til avdelingen', 'Redegjørelse for prosjektets tilknytning til avdelingen ved Kunsthøgskolen i Oslo.', 'Dokumentasjon av spesielle behov for faglige og materielle ressurser', 'Forslag til hvem ved avdelingen som er ønsket som hovedveileder. ', 'Framdriftsplan', 'En kort beskrivelse av framdriftsplan for stipendiatperioden, i faser på til sammen 3 årsverk', ' ', 'Finansieringsplan', 'Alle kostnader knyttet til gjennomføringen av det omsøkte prosjektet må dekkes av finansieringsplanen. Dette skal dekke utgifter til delprosjekter og utforskinger underveis i prosjektperioden (så som reiser knyttet til studier, prosjekt og veiledning, litteratur, utstyr, materialer, kjøp av varer og tjenester), produksjonskostnader knyttet til presentasjon av kunstnerisk arbeid i forbindelse med midtveisevaluering, sluttevaluering, dokumentasjon, publisering og formidling på web, diverse kostnader, osv.', 'Budsjettet skal settes opp per år av stipendiatperioden. Det skal synliggjøres om prosjektet har andre eksterne inntekter. Det kan budsjetteres med et prosjektbidrag fra Kunsthøgskolen i Oslo på opp til kr. 300.000 totalt for hele stipendiatperioden. Bemerk at endelig prosjektbidrag fra Kunsthøgskolen kan være lavere enn kr. 300.000. ', 'Følgende skal ikke inngå i budsjettet:', 'Lønn for stipendiat og veiledere, kontor ved Kunsthøgskolen i Oslo, enkel telefon og datamaskin, og kostnader knyttet til deltagelse i Forskerskolen. Dette dekkes separat. ', 'BUDSJETTSKISSE (overordnete poster)', 'KRONER', '1. år: ', '2. år – inklusive midtveisevaluering:', '3. år – inklusive sluttbedømmelse og disputas:', 'SUM BUDSJETTSKISSE', 'FINANSIERINGSPLAN', 'Prosjektmidler Kunsthøgskolen i Oslo (maksimalt kr 300.000)', 'Ekstern finansiering (bekreftet, spesifiser nedenfor)', '- bidrag fra: ', '- bidrag fra:', 'Ekstern finansiering (ikke bekreftet, spesifiser)', '- søkt bidrag fra:', '- søkt bidrag fra:', ' ', 'SUM FINANSIERING (tilsvarer SUM BUDSJETTSKISSE)', 'Komplett søknad må lastes opp i JobbNorge og bestå av', 'Vedlegg 1 – Søknadsvedlegg (dette vedlegget) ', 'Vedlegg 2 - Dokumentasjon av den utdanning og de kvalifikasjoner kreves for tilsetting som doktorgradsstipendiat og opptak til doktorgradsprogrammet, dvs. utøvende og/eller skapende mastergrad innenfor aktuelt fagområde, jamfør beskrivelsene i kvalifikasjonsrammeverkets andre syklus (vitnemål eller dokumentasjon på tilsvarende kompetanse).', 'Vedlegg 3 – Utfyllende CV', 'Vedlegg 4 - Dokumentasjon av kunstnerisk virksomhet/ praksis ', 'Inntil 10 verk/arbeid. All dokumentasjon skal leveres i digital form. Dokumentasjon av kunstnerisk arbeid kan med fordel være hyperlenker til et nettsted. Oversikt/liste med adresse til lenker er da vedlegget.', 'Kunsthøgskolens doktorgrad i kunstnerisk utviklingsarbeid bygger på følgende:', 'Kunstutøvelsen skal stå i sentrum for doktorgradsresultatet. Samtidig skal kunstutøvelsen følges av en eksplisitt refleksjon som ved presentasjon av prosjektet gjør det mulig for andre å ta del i den arbeidsmåten og innsikten som det kunstneriske utviklingsarbeidet genererer.', 'Ved vurdering av søknaden legges vekt på bl.a.:', '- Prosjektkvalitet ', '- Øvrige kunstneriske kvalifikasjoner', '- Utdanningsgrunnlag ', '- Tilknytning til fagavdelingen', 'Side 3 av 5']","KUNSTHØGSKOLEN I OSLO 
Stilling som doktorgradsstipendiat - 2021
	Vedlegg 1 Søknadsskjema til stipendiatsøknad i JobbNorge (http://www.khio.no/om-kunsthogskolen-i-oslo/organisasjon#ledige-stillingar) 
	Vedlegg 1 (dette skjemaet) skal lastes opp i søknaden i JobbNorge sammen med de øvrige tre vedleggene, se nederst. Mangelfulle søknader vil ikke bli behandlet.  
			
Søknadsfrist – se utlysningsteksten til stilling som doktorgradsstipendiat
Personopplysninger
Navn (Etternavn, alle fornavn)
Fødselsdato
Telefon mobil
E-post
Prosjektets tittel
Prosjektets tittel/arbeidstittel 
Prosjektbeskrivelse - sammendrag
Kortversjon av prosjektbeskrivelse (maksimalt 400 ord) 
Prosjektbeskrivelse – faglig redegjørelse
Prosjektbeskrivelsen skal plassere prosjektet i et fag/forskingsfelt, og presentere tema, problemstillinger, kontekst, metode, og valg av arbeids- og presentasjonsformer (maksimalt 3500 ord). 
 
Evt. samarbeidsinstitusjoner, partnere, institusjonsopphold oa
Potensielle samarbeidsinstitusjoner og partnere.
Eventuelle planer for opphold ved annen institusjon
 
Plan for formidling av resultater
(maksimalt 400 ord)
 
Etiske problemstillinger, rettighetsbeskyttelse og annet
Redegjørelse for eventuelle rettslige og etiske problemstillinger som prosjektet reiser, og hvordan disse kan avklares. Det skal fremgå av søknaden om prosjektet er avhengig av tillatelse fra forskningsetiske komiteer eller andre myndigheter eller fra private (informanter, pasienter, foreldre etc.). Slike tillatelser bør om mulig legges ved søknaden.
Opplysninger om eventuelle immaterialrettslige restriksjoner for å beskytte andres rettigheter
 
 Tilknytning til avdelingen
Redegjørelse for prosjektets tilknytning til avdelingen ved Kunsthøgskolen i Oslo.
Dokumentasjon av spesielle behov for faglige og materielle ressurser
Forslag til hvem ved avdelingen som er ønsket som hovedveileder. 
Framdriftsplan
En kort beskrivelse av framdriftsplan for stipendiatperioden, i faser på til sammen 3 årsverk
 
Finansieringsplan
Alle kostnader knyttet til gjennomføringen av det omsøkte prosjektet må dekkes av finansieringsplanen. Dette skal dekke utgifter til delprosjekter og utforskinger underveis i prosjektperioden (så som reiser knyttet til studier, prosjekt og veiledning, litteratur, utstyr, materialer, kjøp av varer og tjenester), produksjonskostnader knyttet til presentasjon av kunstnerisk arbeid i forbindelse med midtveisevaluering, sluttevaluering, dokumentasjon, publisering og formidling på web, diverse kostnader, osv.
Budsjettet skal settes opp per år av stipendiatperioden. Det skal synliggjøres om prosjektet har andre eksterne inntekter. Det kan budsjetteres med et prosjektbidrag fra Kunsthøgskolen i Oslo på opp til kr. 300.000 totalt for hele stipendiatperioden. Bemerk at endelig prosjektbidrag fra Kunsthøgskolen kan være lavere enn kr. 300.000. 
Følgende skal ikke inngå i budsjettet:
Lønn for stipendiat og veiledere, kontor ved Kunsthøgskolen i Oslo, enkel telefon og datamaskin, og kostnader knyttet til deltagelse i Forskerskolen. Dette dekkes separat. 
BUDSJETTSKISSE (overordnete poster)
KRONER
1. år: 
2. år – inklusive midtveisevaluering:
3. år – inklusive sluttbedømmelse og disputas:
SUM BUDSJETTSKISSE
FINANSIERINGSPLAN
Prosjektmidler Kunsthøgskolen i Oslo (maksimalt kr 300.000)
Ekstern finansiering (bekreftet, spesifiser nedenfor)
- bidrag fra: 
- bidrag fra:
Ekstern finansiering (ikke bekreftet, spesifiser)
- søkt bidrag fra:
- søkt bidrag fra:
 
SUM FINANSIERING (tilsvarer SUM BUDSJETTSKISSE)
Komplett søknad må lastes opp i JobbNorge og bestå av
Vedlegg 1 – Søknadsvedlegg (dette vedlegget) 
Vedlegg 2 - Dokumentasjon av den utdanning og de kvalifikasjoner kreves for tilsetting som doktorgradsstipendiat og opptak til doktorgradsprogrammet, dvs. utøvende og/eller skapende mastergrad innenfor aktuelt fagområde, jamfør beskrivelsene i kvalifikasjonsrammeverkets andre syklus (vitnemål eller dokumentasjon på tilsvarende kompetanse).
Vedlegg 3 – Utfyllende CV
Vedlegg 4 - Dokumentasjon av kunstnerisk virksomhet/ praksis 
Inntil 10 verk/arbeid. All dokumentasjon skal leveres i digital form. Dokumentasjon av kunstnerisk arbeid kan med fordel være hyperlenker til et nettsted. Oversikt/liste med adresse til lenker er da vedlegget.
Kunsthøgskolens doktorgrad i kunstnerisk utviklingsarbeid bygger på følgende:
Kunstutøvelsen skal stå i sentrum for doktorgradsresultatet. Samtidig skal kunstutøvelsen følges av en eksplisitt refleksjon som ved presentasjon av prosjektet gjør det mulig for andre å ta del i den arbeidsmåten og innsikten som det kunstneriske utviklingsarbeidet genererer.
Ved vurdering av søknaden legges vekt på bl.a.:
- Prosjektkvalitet 
- Øvrige kunstneriske kvalifikasjoner
- Utdanningsgrunnlag 
- Tilknytning til fagavdelingen
Side 3 av 5"
dcbfcaf9b3687fd71e4bdbc423a93087f9375193,eng,https://www.politiet.no/en/english/access-to-information-in-the-schengen-information-system/,politiet.no,1734937741000,html,"['Do you want to access data held about you in the Schengen Information System (SIS)?', 'Fill out the form', 'Send the form to', 'NCIS PO Box 2094 Vika 0125 Oslo Norway', 'NCIS will forward your request to the competent data controller.', 'You can also send the form to the authority that decided the data should be recorded in the SIS. You must attach proof of your identity (photo ID). This could be a copy of your passport or driving license.', 'If you are not a Norwegian citizen, you must attach a copy of your passport, identity card or other valid proof of identity from your home country. See the full list of valid documents in the request form.', 'A decision on your request will be made as soon as possible. You should get a reply no more than 30 days after the competent data controller has received your request.', 'What to do if the data are wrong', 'You can ask the competent data controller to correct data that are wrong or incomplete, or delete incorrect data or data that have been recorded unlawfully. The same goes for data about items you own.', 'Before we can consider your request to correct or delete data held in the SIS database, you must first have been given access to or been notified about the data concerned. You must explain why you are asking for something to be corrected or deleted.', ""You can send your request to Norway's National Criminal Investigation Service (NCIS) or the authority that decided the data should be recorded."", 'Compensation', 'Have you suffered some harm because of the data recorded in the database? If so, you could be entitled to compensation. If any data is processed in a way that breaches SIS rules, you could also be entitled to compensation.', 'You must claim compensation no later than one year after you found out what data have been recorded.', ""Your claim must be examined by the competent data controller. You can send your claim for compensation to Norway's NCIS (see the above address), which will forward your request to the competent data controller, or to the authority that decided the data should be recorded."", 'Decisions on compensation claims relating to the processing of data under Regulation (EU) 2018/1862 (police cooperation) may be appealed to the National Police Directorate. Decisions on compensation claims relating to the processing of data under article 24 of Regulation (EU) 2018/1861 (border checks) or Regulation (EU) 2018/1860 (return regulation) may be appealed to the Ministry of Justice.', 'You may ask the Norwegian Data Protection Authority to review the decision', 'Has your request for access, correction, erasure or compensation been denied? In that case, you may ask the Data Protection Authority to conduct a review of the decision.', ""It is the Data Protection Authority's responsibility to supervise and ensure compliance with the Norwegian SIS Act and its associated regulations. The Authority must also check that any errors or deficiencies are corrected."", 'The Data Protection Authority can help you if you want someone to check that the data recorded in the SIS are correct and recorded and processed lawfully.', 'The Data Protection Authority can also advise you about the process for accessing, correcting and deleting data in the SIS, as well as making a complaint and claiming compensation.', 'Judicial remedies', 'If your rights have been violated as a consequence of the processing of data about you in the SIS database, you can always take the decision to court, regardless of whether or not you request the Norwegian Data Protection Authority to review the decision.', ""To find out how to access data held in the SIS database in another country that is part of the scheme, see the EU's Guide for exercising the right of access.""]","Do you want to access data held about you in the Schengen Information System (SIS)?
Fill out the form
Send the form to
NCIS PO Box 2094 Vika 0125 Oslo Norway
NCIS will forward your request to the competent data controller.
You can also send the form to the authority that decided the data should be recorded in the SIS. You must attach proof of your identity (photo ID). This could be a copy of your passport or driving license.
If you are not a Norwegian citizen, you must attach a copy of your passport, identity card or other valid proof of identity from your home country. See the full list of valid documents in the request form.
A decision on your request will be made as soon as possible. You should get a reply no more than 30 days after the competent data controller has received your request.
What to do if the data are wrong
You can ask the competent data controller to correct data that are wrong or incomplete, or delete incorrect data or data that have been recorded unlawfully. The same goes for data about items you own.
Before we can consider your request to correct or delete data held in the SIS database, you must first have been given access to or been notified about the data concerned. You must explain why you are asking for something to be corrected or deleted.
You can send your request to Norway's National Criminal Investigation Service (NCIS) or the authority that decided the data should be recorded.
Compensation
Have you suffered some harm because of the data recorded in the database? If so, you could be entitled to compensation. If any data is processed in a way that breaches SIS rules, you could also be entitled to compensation.
You must claim compensation no later than one year after you found out what data have been recorded.
Your claim must be examined by the competent data controller. You can send your claim for compensation to Norway's NCIS (see the above address), which will forward your request to the competent data controller, or to the authority that decided the data should be recorded.
Decisions on compensation claims relating to the processing of data under Regulation (EU) 2018/1862 (police cooperation) may be appealed to the National Police Directorate. Decisions on compensation claims relating to the processing of data under article 24 of Regulation (EU) 2018/1861 (border checks) or Regulation (EU) 2018/1860 (return regulation) may be appealed to the Ministry of Justice.
You may ask the Norwegian Data Protection Authority to review the decision
Has your request for access, correction, erasure or compensation been denied? In that case, you may ask the Data Protection Authority to conduct a review of the decision.
It is the Data Protection Authority's responsibility to supervise and ensure compliance with the Norwegian SIS Act and its associated regulations. The Authority must also check that any errors or deficiencies are corrected.
The Data Protection Authority can help you if you want someone to check that the data recorded in the SIS are correct and recorded and processed lawfully.
The Data Protection Authority can also advise you about the process for accessing, correcting and deleting data in the SIS, as well as making a complaint and claiming compensation.
Judicial remedies
If your rights have been violated as a consequence of the processing of data about you in the SIS database, you can always take the decision to court, regardless of whether or not you request the Norwegian Data Protection Authority to review the decision.
To find out how to access data held in the SIS database in another country that is part of the scheme, see the EU's Guide for exercising the right of access.",2f186e4a21ba1afc7a046ad2daf4ed26153f6ed3,nno,https://www.politiet.no/kontakt-politiet/innsyn-og-offentleg-journal/innsyn-i-schengen-informasjonssystem/,politiet.no,1734937927000,html,"['Innsyn i Schengen informasjonssystem', 'Schengen informasjonssystem (SIS) er eit sentralt elektronisk system for informasjon og etterlysing. Det blir brukt til å etterlyse og utveksle informasjon om personar og ting over heile Schengen-området.', 'Denne informasjonen kan bli registrert i SIS', 'Personar som er etterlyste for å bli arresterte og utleverte.', 'Personar som av andre grunnar er etterlyst av justismyndigheitene.', 'Personar som ikkje har rett til å reise inn i eller vere i Schengen-området.', 'Stolne eller tapte ting som køyretøy, kjennemerke eller ID-dokument.', 'Innsyn i SIS', 'Viss du er registrert i SIS, har du rett til å vite kva for opplysingar om deg sjølv som er registrerte. Du kan be om innsyn i det som er registrert om deg eller ting du eig.', 'Unntak frå retten til innsyn', 'Du kan ikkje få innsyn i opplysingar viss det kan vere til skade for tiltaket det er bedd om. Du kan heller ikkje få innsyn viss vernet av andre personar tilseier det. Du får heller ikkje innsyn i registeret i det tidsrommet det er bedd om observasjon.', 'Slik får du innsyn', 'Du kan få innsyn i opplysingar om deg sjølv. Du kan også få innsyn i opplysingar om ting du eig. Krav om innsyn i SIS blir avgjorde av den behandlingsansvarlege.', 'Skjema for innsyn', 'Skjema for innsyn kan sendes til Kripos som sender vidare til rett behandlingsansvarleg.', 'Kripos Postboks 2094 Vika 0125 Oslo', 'Du kan også sende skjemaet til den myndigheita som avgjorde at opplysingane skulle bli registrert. Du må legge ved kopi av eit offentleg identitetsdokument med bilete. Dette kan vere pass, nasjonalt ID-kort eller førarkort.', 'Er du utanlandsk statsborgar? Då må du legge ved kopi av utanlandsk offentleg ID-kort. Det vil seie pass eller anna dokument som er godkjent.', 'Du får svar på kravet om innsyn snarast. Det skal maksimalt ta 30 dagar etter at søknaden din har kome fram.', 'Kva gjer du viss det er registrert feil data?', 'Du kan krevje at uriktige eller ufullstendige opplysingar om deg sjølv blir retta. Du kan også få sletta opplysingar som er feil. Det same gjeld opplysingar det ikkje er lov å registrere. Du kan også sende inn krav om retting og sletting viss det er du som eig den registrerte tingen.', 'For at søknaden om retting og sletting av uriktige opplysingar skal kunne bli behandla, må du tidlegare ha fått innsyn i, eller melding om, den registreringa som kravet gjeld. Du må forklare kvifor du søker om å få noko retta eller sletta. Du kan anten sende søknaden til Kripos eller til den myndigheita som avgjorde at opplysingane skulle bli registrert.', 'Erstatning', 'Har det skjedd ei skade på grunn av at opplysingane er registrerte? Då kan du ha krav på erstatning. Viss opplysingane er brukt i strid med reglane for behandling av opplysingar i SIS, kan du også ha krav på erstatning. Ønsker du å krevje erstatning, må du gjere det seinast eitt år etter at du fekk vite kva som var registrert.', 'Krav om erstatning behandles av den behandlingsansvarlege. Du kan sende søknaden om erstatning til Kripos som sender vidare til rett behandlingsansvarleg. Du kan også sende den til myndigheita som avgjorde at opplysingane skulle bli registrert.', 'Avgjersler om erstatning som knyttar seg til behandling av opplysningar etter politisamarbeidsforordninga kan du klage på til Politidirektoratet. Avgjersler om erstatning som knyttar seg til behandling av opplysningar etter grensekontrollforordninga artikkel 24 og returforordninga kan du klage på til Justis- og beredskapsdepartementet.', 'Avgjerda kan sendes Datatilsynet for kontroll', 'Viss du har fått nei til innsyn i opplysingar om deg sjølv eller noko du eig, eller du har fått nei til retting, sletting eller erstatning, kan du be Datatilsynet om å kontrollere avgjerda.', 'Datatilsynet kontrollerer korleis opplysningane blir behandla.', 'Datatilsynet skal kontrollere at SIS-lova og forskrifter som er gitt i tråd med lova, blir følgde. Dei skal også kontrollere at feil eller manglar blir retta.', 'Datatilsynet kan hjelpe deg viss du vil at nokon skal kontrollere at opplysingane om deg i SIS er riktige, og at dei er registrert og brukt lovleg.', 'Datatilsynet kan også rettleie deg når det gjeld krav om innsyn, retting, sletting, erstatning og klage i SIS.', 'Rettsmidler', 'Viss rettigheta dine har blitt krenkte som følgje av behandlinga av opplysningane om deg i SIS kan du bringe avgjerda inn for domstolane, uavhengig av moglegheita om å be Datatilsynet kontrollere avgjerda.', ""Vil du ha informasjon om korleis du kan søke om innsyn i SIS i eit anna land som er ein del av ordninga, kan du sjå EU's Guide for exercising the right of access.""]","Innsyn i Schengen informasjonssystem
Schengen informasjonssystem (SIS) er eit sentralt elektronisk system for informasjon og etterlysing. Det blir brukt til å etterlyse og utveksle informasjon om personar og ting over heile Schengen-området.
Denne informasjonen kan bli registrert i SIS
Personar som er etterlyste for å bli arresterte og utleverte.
Personar som av andre grunnar er etterlyst av justismyndigheitene.
Personar som ikkje har rett til å reise inn i eller vere i Schengen-området.
Stolne eller tapte ting som køyretøy, kjennemerke eller ID-dokument.
Innsyn i SIS
Viss du er registrert i SIS, har du rett til å vite kva for opplysingar om deg sjølv som er registrerte. Du kan be om innsyn i det som er registrert om deg eller ting du eig.
Unntak frå retten til innsyn
Du kan ikkje få innsyn i opplysingar viss det kan vere til skade for tiltaket det er bedd om. Du kan heller ikkje få innsyn viss vernet av andre personar tilseier det. Du får heller ikkje innsyn i registeret i det tidsrommet det er bedd om observasjon.
Slik får du innsyn
Du kan få innsyn i opplysingar om deg sjølv. Du kan også få innsyn i opplysingar om ting du eig. Krav om innsyn i SIS blir avgjorde av den behandlingsansvarlege.
Skjema for innsyn
Skjema for innsyn kan sendes til Kripos som sender vidare til rett behandlingsansvarleg.
Kripos Postboks 2094 Vika 0125 Oslo
Du kan også sende skjemaet til den myndigheita som avgjorde at opplysingane skulle bli registrert. Du må legge ved kopi av eit offentleg identitetsdokument med bilete. Dette kan vere pass, nasjonalt ID-kort eller førarkort.
Er du utanlandsk statsborgar? Då må du legge ved kopi av utanlandsk offentleg ID-kort. Det vil seie pass eller anna dokument som er godkjent.
Du får svar på kravet om innsyn snarast. Det skal maksimalt ta 30 dagar etter at søknaden din har kome fram.
Kva gjer du viss det er registrert feil data?
Du kan krevje at uriktige eller ufullstendige opplysingar om deg sjølv blir retta. Du kan også få sletta opplysingar som er feil. Det same gjeld opplysingar det ikkje er lov å registrere. Du kan også sende inn krav om retting og sletting viss det er du som eig den registrerte tingen.
For at søknaden om retting og sletting av uriktige opplysingar skal kunne bli behandla, må du tidlegare ha fått innsyn i, eller melding om, den registreringa som kravet gjeld. Du må forklare kvifor du søker om å få noko retta eller sletta. Du kan anten sende søknaden til Kripos eller til den myndigheita som avgjorde at opplysingane skulle bli registrert.
Erstatning
Har det skjedd ei skade på grunn av at opplysingane er registrerte? Då kan du ha krav på erstatning. Viss opplysingane er brukt i strid med reglane for behandling av opplysingar i SIS, kan du også ha krav på erstatning. Ønsker du å krevje erstatning, må du gjere det seinast eitt år etter at du fekk vite kva som var registrert.
Krav om erstatning behandles av den behandlingsansvarlege. Du kan sende søknaden om erstatning til Kripos som sender vidare til rett behandlingsansvarleg. Du kan også sende den til myndigheita som avgjorde at opplysingane skulle bli registrert.
Avgjersler om erstatning som knyttar seg til behandling av opplysningar etter politisamarbeidsforordninga kan du klage på til Politidirektoratet. Avgjersler om erstatning som knyttar seg til behandling av opplysningar etter grensekontrollforordninga artikkel 24 og returforordninga kan du klage på til Justis- og beredskapsdepartementet.
Avgjerda kan sendes Datatilsynet for kontroll
Viss du har fått nei til innsyn i opplysingar om deg sjølv eller noko du eig, eller du har fått nei til retting, sletting eller erstatning, kan du be Datatilsynet om å kontrollere avgjerda.
Datatilsynet kontrollerer korleis opplysningane blir behandla.
Datatilsynet skal kontrollere at SIS-lova og forskrifter som er gitt i tråd med lova, blir følgde. Dei skal også kontrollere at feil eller manglar blir retta.
Datatilsynet kan hjelpe deg viss du vil at nokon skal kontrollere at opplysingane om deg i SIS er riktige, og at dei er registrert og brukt lovleg.
Datatilsynet kan også rettleie deg når det gjeld krav om innsyn, retting, sletting, erstatning og klage i SIS.
Rettsmidler
Viss rettigheta dine har blitt krenkte som følgje av behandlinga av opplysningane om deg i SIS kan du bringe avgjerda inn for domstolane, uavhengig av moglegheita om å be Datatilsynet kontrollere avgjerda.
Vil du ha informasjon om korleis du kan søke om innsyn i SIS i eit anna land som er ein del av ordninga, kan du sjå EU's Guide for exercising the right of access."
a5b30f81c3f0963271b1e06465b48865883d33a2,eng,https://www.inn.no/english/events/ai-seminar/,inn.no,1734565114000,html,"['In January 2020, Inland Norway University of Applied Sciences (HINN), Lillehammer, organized a seminar on public innovation, with Jean Hartley (Open U) Karin Geuijen (Utrecht U) and Lars Fuglsang (Roskilde U) as presenters. Afterwards, Rolf Rønning (chair of the seminar) initiated a book project with the three presenters. Manuscript for the book (Valuing Public Innovation) has now been delivered. During the work process, we were asked about a topic for a new seminar.', 'Digitalization and artificial intelligence (AI) emerged as an important topic to focus on. Lars Fuglsang (part-time at HINN) and Rolf Rønning therefore took the initiative for this seminar.', 'With financial support from HINN, it has been possible to invite seven speakers from different countries to approach the topic from different angles at an online seminar.', 'The presenters are also invited to contribute to an anthology on the topic. They have been selected because they have provided new and interesting contributions in the field.', 'We are pleased that Sir Geoff Mulgan agreed to give a key note to the seminar. The seminar is open and it is not necessary to register for joining the seminar.']","In January 2020, Inland Norway University of Applied Sciences (HINN), Lillehammer, organized a seminar on public innovation, with Jean Hartley (Open U) Karin Geuijen (Utrecht U) and Lars Fuglsang (Roskilde U) as presenters. Afterwards, Rolf Rønning (chair of the seminar) initiated a book project with the three presenters. Manuscript for the book (Valuing Public Innovation) has now been delivered. During the work process, we were asked about a topic for a new seminar.
Digitalization and artificial intelligence (AI) emerged as an important topic to focus on. Lars Fuglsang (part-time at HINN) and Rolf Rønning therefore took the initiative for this seminar.
With financial support from HINN, it has been possible to invite seven speakers from different countries to approach the topic from different angles at an online seminar.
The presenters are also invited to contribute to an anthology on the topic. They have been selected because they have provided new and interesting contributions in the field.
We are pleased that Sir Geoff Mulgan agreed to give a key note to the seminar. The seminar is open and it is not necessary to register for joining the seminar.",7511e852d7f3cdfca344d5e330d6cb51f64899ce,nob,https://www.inn.no/english/events/ai-seminar/ai-seminar-event.html,inn.no,1734606526000,html,"['In January 2020, Inland Norway University of Applied Sciences (HINN), Lillehammer, organized a seminar on public innovation, with Jean Hartley (Open U) Karin Geuijen (Utrecht U) and Lars Fuglsang (Roskilde U) as presenters. Afterwards, Rolf Rønning (chair of the seminar) initiated a book project with the three presenters. Manuscript for the book (Valuing Public Innovation) has now been delivered. During the work process, we were asked about a topic for a new seminar.', 'Digitalization and artificial intelligence (AI) emerged as an important topic to focus on. Lars Fuglsang (part-time at HINN) and Rolf Rønning therefore took the initiative for this seminar.', 'With financial support from HINN, it has been possible to invite seven speakers from different countries to approach the topic from different angles at an online seminar.', 'The presenters are also invited to contribute to an anthology on the topic. They have been selected because they have provided new and interesting contributions in the field. We are pleased that Sir Geoff Mulgan agreed to give a key note to the seminar.', 'More about the seminar', 'The seminar is to be held in English. No registration is needed to follow the seminar.', 'Stream', 'Norwegian text', 'I januar 2020 ble det ved HINN Lillehammer arrangert et seminar om offentlig innovasjon med tre inviterte innledere. Rolf Rønning, som var seminaransvarlig fikk deretter de tre med på et bokprosjekt som nå har resultert i boka «Valuing public innovation» (manus levert).', 'Under arbeidet er vi blitt utfordret på om vi hadde forslag til nye temaer for et internasjonalt seminar. Digitalisering og kunstig intelligens framsto etter hvert som et viktig tema å ta fatt i. Lars Fuglsang (delstilling ved HINN) og Rolf Rønning har derfor tatt initiativ til et internasjonalt seminar om «Public innovation and AI».', 'Med økonomisk støtte fra HINN er det mulig å invitere sju foreleser som kan belyse problematikken fra ulike vinkler, hvis det blir arrangert som nettseminar. Innlederne er også invitert il å være med i en antologi om temaet. De er valgt ut fordi de har bidratt med interessante faglige bidrag i sentrale tidsskrifter.', 'Åpningsinnlegget blir holdt av Sir Geoff Mulgan, tidligere rådgiver for Tony Blair, men også kjent for sentrale arbeider innen dette feltet. Mulgan er en internasjonal bidragsyter i samfunnsdebatten om innovasjon og utvikling.', 'Seminaret er åpent og det er ikke nødvendig med registrering for å følge seminaret.']","In January 2020, Inland Norway University of Applied Sciences (HINN), Lillehammer, organized a seminar on public innovation, with Jean Hartley (Open U) Karin Geuijen (Utrecht U) and Lars Fuglsang (Roskilde U) as presenters. Afterwards, Rolf Rønning (chair of the seminar) initiated a book project with the three presenters. Manuscript for the book (Valuing Public Innovation) has now been delivered. During the work process, we were asked about a topic for a new seminar.
Digitalization and artificial intelligence (AI) emerged as an important topic to focus on. Lars Fuglsang (part-time at HINN) and Rolf Rønning therefore took the initiative for this seminar.
With financial support from HINN, it has been possible to invite seven speakers from different countries to approach the topic from different angles at an online seminar.
The presenters are also invited to contribute to an anthology on the topic. They have been selected because they have provided new and interesting contributions in the field. We are pleased that Sir Geoff Mulgan agreed to give a key note to the seminar.
More about the seminar
The seminar is to be held in English. No registration is needed to follow the seminar.
Stream
Norwegian text
I januar 2020 ble det ved HINN Lillehammer arrangert et seminar om offentlig innovasjon med tre inviterte innledere. Rolf Rønning, som var seminaransvarlig fikk deretter de tre med på et bokprosjekt som nå har resultert i boka «Valuing public innovation» (manus levert).
Under arbeidet er vi blitt utfordret på om vi hadde forslag til nye temaer for et internasjonalt seminar. Digitalisering og kunstig intelligens framsto etter hvert som et viktig tema å ta fatt i. Lars Fuglsang (delstilling ved HINN) og Rolf Rønning har derfor tatt initiativ til et internasjonalt seminar om «Public innovation and AI».
Med økonomisk støtte fra HINN er det mulig å invitere sju foreleser som kan belyse problematikken fra ulike vinkler, hvis det blir arrangert som nettseminar. Innlederne er også invitert il å være med i en antologi om temaet. De er valgt ut fordi de har bidratt med interessante faglige bidrag i sentrale tidsskrifter.
Åpningsinnlegget blir holdt av Sir Geoff Mulgan, tidligere rådgiver for Tony Blair, men også kjent for sentrale arbeider innen dette feltet. Mulgan er en internasjonal bidragsyter i samfunnsdebatten om innovasjon og utvikling.
Seminaret er åpent og det er ikke nødvendig med registrering for å følge seminaret."
27e86d0f42c46801073c90d035a1ddd3dacede37,nno,https://ansatt.nmh.no/arrangementer/cremah-midtveisevaluering-merete-holme,nmh.no,1734514094000,html,"['Om midtvegsevaluering', 'Føremålet med midtvegsevaluering er å sikre framdrift og kvalitet i ph.d.-arbeidet og motivere kandidaten til vidare arbeid. Eit viktig aspekt er også å leggje til rette for at forskingsmiljøet får eit kollektivt eigarskap til prosjektet. Difor er midtvegsevalueringa ope for eit internt publikum.']","Om midtvegsevaluering
Føremålet med midtvegsevaluering er å sikre framdrift og kvalitet i ph.d.-arbeidet og motivere kandidaten til vidare arbeid. Eit viktig aspekt er også å leggje til rette for at forskingsmiljøet får eit kollektivt eigarskap til prosjektet. Difor er midtvegsevalueringa ope for eit internt publikum.",5251a54682140d220f207da67407f9fe5b6ed002,nob,https://ansatt.nmh.no/arrangementer/nordart-midtveisevaluering-rebecka-ahvenniemi,nmh.no,1734510910000,html,"['Om midtveisevaluering', 'Formålet med midtveisevaluering er å sikre fremdrift og kvalitet i ph.d.-arbeidet og motivere kandidaten til videre arbeid. Et viktig aspekt er også å legge til rette for at forskningsmiljøet får et kollektivt eierskap til prosjektet. Derfor er midtveisevalueringen åpen for et internt publikum.']","Om midtveisevaluering
Formålet med midtveisevaluering er å sikre fremdrift og kvalitet i ph.d.-arbeidet og motivere kandidaten til videre arbeid. Et viktig aspekt er også å legge til rette for at forskningsmiljøet får et kollektivt eierskap til prosjektet. Derfor er midtveisevalueringen åpen for et internt publikum."
82322aa8c171a149fc0160e1092b69cbab511431,nno,https://www.oslomet.no/en/about/employee/benteab/,oslomet.no,1734368949000,html,"['Orupabo, Julia; Drange, Ida ; Abrahamsen, Bente (2019). Multiple frames of success: how second-generation immigrants experience educational support and belonging in higher education. Higher Education. Vol. 79. https://doi.org/10.1007/s10734-019-00447-8', 'Abrahamsen, Bente (2019). A longitudinal study of nurses’ career choices: The importance of career expectations on employment in care of older people. Journal of Advanced Nursing. Vol. 75. https://doi.org/10.1111/jan.13847', 'Abrahamsen, Bente (2000). Yrkesinnsats og karriereutvikling : en studie av et utdanningskull hjelpepleiere. ISBN: 82-7763-146-4. 318 p. Institutt for samfunnsforskning. http://hdl.handle.net/11250/2501697', 'These publications are obtained from Cristin. The list may be incomplete', 'Dissemination', 'Sandgrind, Silje Wiken; Abrahamsen, Bente (2020). Flere menn enn kvinner hopper av barnehagelærerstudiet.', 'Rønning, Asle; Abrahamsen, Bente (2020). Alder påvirker om menn fullfører kvinnedominerte studier.', 'Abrahamsen, Bente (2019). Det er høy frafall blant menn i kvinnedominerte profesjonsutdanninger. Sykepleien.', 'Frøjd, Elise Koppang; Abrahamsen, Bente ; Myklebust, Runa Brandal; Messel, Jan (2018). Hvorfor er det så mange gutter som slutter på kvinnedominerte utdanninger?. https://forskning.no/kjonn-og-samfunn-oslomet-part', 'Abrahamsen, Bente (2018). Mannlige sykepleiere tjener mer enn kvinnelige sykepleiere.']","Orupabo, Julia; Drange, Ida ; Abrahamsen, Bente (2019). Multiple frames of success: how second-generation immigrants experience educational support and belonging in higher education. Higher Education. Vol. 79. https://doi.org/10.1007/s10734-019-00447-8
Abrahamsen, Bente (2019). A longitudinal study of nurses’ career choices: The importance of career expectations on employment in care of older people. Journal of Advanced Nursing. Vol. 75. https://doi.org/10.1111/jan.13847
Abrahamsen, Bente (2000). Yrkesinnsats og karriereutvikling : en studie av et utdanningskull hjelpepleiere. ISBN: 82-7763-146-4. 318 p. Institutt for samfunnsforskning. http://hdl.handle.net/11250/2501697
These publications are obtained from Cristin. The list may be incomplete
Dissemination
Sandgrind, Silje Wiken; Abrahamsen, Bente (2020). Flere menn enn kvinner hopper av barnehagelærerstudiet.
Rønning, Asle; Abrahamsen, Bente (2020). Alder påvirker om menn fullfører kvinnedominerte studier.
Abrahamsen, Bente (2019). Det er høy frafall blant menn i kvinnedominerte profesjonsutdanninger. Sykepleien.
Frøjd, Elise Koppang; Abrahamsen, Bente ; Myklebust, Runa Brandal; Messel, Jan (2018). Hvorfor er det så mange gutter som slutter på kvinnedominerte utdanninger?. https://forskning.no/kjonn-og-samfunn-oslomet-part
Abrahamsen, Bente (2018). Mannlige sykepleiere tjener mer enn kvinnelige sykepleiere.",e8ae601c2bc7785962b771ea9aa7c3cea6c8a238,nob,https://www.oslomet.no/om/ansatt/benteab/,oslomet.no,1734368488000,html,"['Orupabo, Julia; Drange, Ida ; Abrahamsen, Bente (2019). Multiple frames of success: how second-generation immigrants experience educational support and belonging in higher education. Higher Education. Vol. 79. https://doi.org/10.1007/s10734-019-00447-8', 'Abrahamsen, Bente (2019). A longitudinal study of nurses’ career choices: The importance of career expectations on employment in care of older people. Journal of Advanced Nursing. Vol. 75. https://doi.org/10.1111/jan.13847', 'Abrahamsen, Bente (2000). Yrkesinnsats og karriereutvikling : en studie av et utdanningskull hjelpepleiere. ISBN: 82-7763-146-4. 318 s. Institutt for samfunnsforskning. http://hdl.handle.net/11250/2501697', 'Publikasjonslisten er hentet ut av Cristin. Listen kan være ufullstendig', 'Formidling', 'Sandgrind, Silje Wiken; Abrahamsen, Bente (2020). Flere menn enn kvinner hopper av barnehagelærerstudiet.', 'Rønning, Asle; Abrahamsen, Bente (2020). Alder påvirker om menn fullfører kvinnedominerte studier.', 'Abrahamsen, Bente (2019). Det er høy frafall blant menn i kvinnedominerte profesjonsutdanninger. Sykepleien.', 'Frøjd, Elise Koppang; Abrahamsen, Bente ; Myklebust, Runa Brandal; Messel, Jan (2018). Hvorfor er det så mange gutter som slutter på kvinnedominerte utdanninger?. https://forskning.no/kjonn-og-samfunn-oslomet-part', 'Abrahamsen, Bente (2018). Mannlige sykepleiere tjener mer enn kvinnelige sykepleiere.']","Orupabo, Julia; Drange, Ida ; Abrahamsen, Bente (2019). Multiple frames of success: how second-generation immigrants experience educational support and belonging in higher education. Higher Education. Vol. 79. https://doi.org/10.1007/s10734-019-00447-8
Abrahamsen, Bente (2019). A longitudinal study of nurses’ career choices: The importance of career expectations on employment in care of older people. Journal of Advanced Nursing. Vol. 75. https://doi.org/10.1111/jan.13847
Abrahamsen, Bente (2000). Yrkesinnsats og karriereutvikling : en studie av et utdanningskull hjelpepleiere. ISBN: 82-7763-146-4. 318 s. Institutt for samfunnsforskning. http://hdl.handle.net/11250/2501697
Publikasjonslisten er hentet ut av Cristin. Listen kan være ufullstendig
Formidling
Sandgrind, Silje Wiken; Abrahamsen, Bente (2020). Flere menn enn kvinner hopper av barnehagelærerstudiet.
Rønning, Asle; Abrahamsen, Bente (2020). Alder påvirker om menn fullfører kvinnedominerte studier.
Abrahamsen, Bente (2019). Det er høy frafall blant menn i kvinnedominerte profesjonsutdanninger. Sykepleien.
Frøjd, Elise Koppang; Abrahamsen, Bente ; Myklebust, Runa Brandal; Messel, Jan (2018). Hvorfor er det så mange gutter som slutter på kvinnedominerte utdanninger?. https://forskning.no/kjonn-og-samfunn-oslomet-part
Abrahamsen, Bente (2018). Mannlige sykepleiere tjener mer enn kvinnelige sykepleiere."
c154b02c60810993728b4a42cd59f73628e3502b,eng,https://www.digitalarkivet.no/en/source/6743,digitalarkivet.no,1735677556000,html,"['Church book from Ibestad parish, Bardu local parish 1832-1850', 'Geography', 'Bardu', 'Remarks', 'Avskrift av Ibestad prestegjelds ministerialbøker, utført 1854 i forbindelse med opprettelsen av Målselv prestegjeld, som skulle bestå av Målselv sokn fra Lenvik prestegjeld og Bardu sokn fra Ibestad prestegjeld.', 'Close Information concerning cookies The National Archives use cookies to improve services for our users. The cookie usage include form updates and login. Continue to browse as normal or close this information box to agree to our use of cookies. More information on how to manage cookies.']","Church book from Ibestad parish, Bardu local parish 1832-1850
Geography
Bardu
Remarks
Avskrift av Ibestad prestegjelds ministerialbøker, utført 1854 i forbindelse med opprettelsen av Målselv prestegjeld, som skulle bestå av Målselv sokn fra Lenvik prestegjeld og Bardu sokn fra Ibestad prestegjeld.
Close Information concerning cookies The National Archives use cookies to improve services for our users. The cookie usage include form updates and login. Continue to browse as normal or close this information box to agree to our use of cookies. More information on how to manage cookies.",4c8e0dd8949b9e8ca3548c487db67b5bdad1786c,nno,https://www.digitalarkivet.no/nn/source/6743,digitalarkivet.no,1735655878000,html,"['Ministerialbok for Ibestad prestegjeld, Bardu sokn 1832-1850', 'Geografi', 'Bardu', 'Merknadar', 'Avskrift av Ibestad prestegjelds ministerialbøker, utført 1854 i forbindelse med opprettelsen av Målselv prestegjeld, som skulle bestå av Målselv sokn fra Lenvik prestegjeld og Bardu sokn fra Ibestad prestegjeld.', 'Lukk Informasjon om informasjonskapslar (cookies) Arkivverket brukar cookies (informasjonskapslar) på sine nettsider for å levere ei betre teneste. Dei brukast til mellom anna skjemaoppdateringar og innlogging. Bruk sida som normalt, eller lukk informasjonsboksen for å akseptere bruk av cookies. Les meir om korleis du styrer informasjonskapslar (cookies)']","Ministerialbok for Ibestad prestegjeld, Bardu sokn 1832-1850
Geografi
Bardu
Merknadar
Avskrift av Ibestad prestegjelds ministerialbøker, utført 1854 i forbindelse med opprettelsen av Målselv prestegjeld, som skulle bestå av Målselv sokn fra Lenvik prestegjeld og Bardu sokn fra Ibestad prestegjeld.
Lukk Informasjon om informasjonskapslar (cookies) Arkivverket brukar cookies (informasjonskapslar) på sine nettsider for å levere ei betre teneste. Dei brukast til mellom anna skjemaoppdateringar og innlogging. Bruk sida som normalt, eller lukk informasjonsboksen for å akseptere bruk av cookies. Les meir om korleis du styrer informasjonskapslar (cookies)"
53b12a5ae517ad5c2858a7a01cc05857a6b8a95f,nno,https://filmskolen.no/nn/om-filmskolen/om-oss,filmskolen.no,1734368694000,html,"['Om oss', 'I 1997 opna Den norske filmskulen dørene for fyrste gong, og sidan den gong har skulen uteksaminert over 350 filmskulestudentar, som har sett preget sitt på den norske film– og tv-bransjen.', 'Fleire av dei tidlegare studentane våre har òg gjort seg merka internasjonalt. Med Den norske filmskolen fekk Noreg ei etterlengta nasjonal filmutdanning, noko som var heilt nødvendig for vidareutviklinga av den norske filmbransjen.', 'I dag tilbyr Den norske filmskulen ein treårig kunstfagleg bachelorgrad og ein toårig kunstfagleg mastergrad, samt ein ph.d.grad i kunstnarleg utviklingsarbeid i film og nærskylde audiovisuelle kunstformer.', 'Å laga film handlar om å fortelja historier med levande bilde. Gjennom studiane ved skulen skal du utvikla deg til å bli ein sjølvstendig historieforteljar gjennom ein av linjene våre på bachelor eller studieretningar på master.', 'Formålet med utdanninga vår er å utdanna kvalifiserte yrkesutøvarar for film, fjernsyn og liknande medium. Vi er ei framtidsretta utdanning som samtidig tar vare på det tradisjonelle handverket i kvar fagretning. Den norske filmskulen ønsker å utvikla den kunstnariske utrykkskompetanse til kvar einskild student og deira personlege refleksjon på fagfeltet sitt.', 'Undervisning og penneprøver', 'Undervisninga ved skulen er jamt fordelt mellom fellesundervisning og linjeundervisning som er spesialtilpassa behovet til kvar enkelt linje. Ein stor del av fellesundervisninga omfattar eit stort tal praktiske fellesøvingar òg kalla ""penneprøver"".', 'Penneprøver er produksjonsøvingar der studentane jobbar i teams sett saman av skulen. Dette er øvingar med fokus på einskilde element i å laga film som tar utgangspunkt i ei rekke avgrensingar som lengde på film, tema, bruk av dialog, bruk av musikk, bruk av studio/location. Penneprøvene blir ikkje sett på som sjølvstendige filmproduksjonar, men øvingar i å læra å laga film som samtidig er veleigna til å læra metodar for samarbeid. Det filosofisk-pedagogiske grunnlaget er at avgrensingar utfordrar og utviklar kreativiteten og fantasien til studentane samtidig som handverket blir lært.', 'Erfaring viser at det ikkje er noken motsetnad mellom å utvikla den einskilde sin kunstnarlege eigenart – den personlege stemma – og å læra handverket. Snarare tvert imot er det å beherska handverket forløysande for det kunstnarlege uttrykket.', 'Gjennom heile studiet nyttar skulen seg av erfaringsbasert pedagogikk der studentane skal tileigna seg kunstnarisk uttrykkskompetanse ved å erfara i praksis forskjellige element av å laga film, reflektera over prosess og resultat og nytta det dei har lært i neste fase i dei kommande øvingane.', 'Såleis blir kompetansen og evnene til studentane utvikla gjennom praktiske øvingar, samtalar og evalueringar, og dessutan gjennom utveksling av erfaring. All undervisning og evaluering hos oss er obligatorisk då denne erfaringsutvekslinga mellom studentar er eit heilt sentralt element i utdanninga.', 'Vi legg stor vekt på studentdeltaking i evalueringar og oppfordrar alle til å bidra i diskusjonar, og til å komma med konstruktive tilbakemeldingar til kvarandre og til prosjekta. Vi meiner at dette er med på å stryka forståinga til den enkelte for faget og for kompleksiteten til filmproduksjonen.', 'Opptak', 'Vi har opptak anna kvart år. Neste opptak på Master er i 2022, medan neste opptak for Bachelor er våren 2023. Alle søkjarar må levera inn ein oppgåvesvar tilknytta den linja dei søker på, deretter vil kvalifiserte søkjarar gå vidare til ein omfattande opptaks- og intervjurunde.']","Om oss
I 1997 opna Den norske filmskulen dørene for fyrste gong, og sidan den gong har skulen uteksaminert over 350 filmskulestudentar, som har sett preget sitt på den norske film– og tv-bransjen.
Fleire av dei tidlegare studentane våre har òg gjort seg merka internasjonalt. Med Den norske filmskolen fekk Noreg ei etterlengta nasjonal filmutdanning, noko som var heilt nødvendig for vidareutviklinga av den norske filmbransjen.
I dag tilbyr Den norske filmskulen ein treårig kunstfagleg bachelorgrad og ein toårig kunstfagleg mastergrad, samt ein ph.d.grad i kunstnarleg utviklingsarbeid i film og nærskylde audiovisuelle kunstformer.
Å laga film handlar om å fortelja historier med levande bilde. Gjennom studiane ved skulen skal du utvikla deg til å bli ein sjølvstendig historieforteljar gjennom ein av linjene våre på bachelor eller studieretningar på master.
Formålet med utdanninga vår er å utdanna kvalifiserte yrkesutøvarar for film, fjernsyn og liknande medium. Vi er ei framtidsretta utdanning som samtidig tar vare på det tradisjonelle handverket i kvar fagretning. Den norske filmskulen ønsker å utvikla den kunstnariske utrykkskompetanse til kvar einskild student og deira personlege refleksjon på fagfeltet sitt.
Undervisning og penneprøver
Undervisninga ved skulen er jamt fordelt mellom fellesundervisning og linjeundervisning som er spesialtilpassa behovet til kvar enkelt linje. Ein stor del av fellesundervisninga omfattar eit stort tal praktiske fellesøvingar òg kalla ""penneprøver"".
Penneprøver er produksjonsøvingar der studentane jobbar i teams sett saman av skulen. Dette er øvingar med fokus på einskilde element i å laga film som tar utgangspunkt i ei rekke avgrensingar som lengde på film, tema, bruk av dialog, bruk av musikk, bruk av studio/location. Penneprøvene blir ikkje sett på som sjølvstendige filmproduksjonar, men øvingar i å læra å laga film som samtidig er veleigna til å læra metodar for samarbeid. Det filosofisk-pedagogiske grunnlaget er at avgrensingar utfordrar og utviklar kreativiteten og fantasien til studentane samtidig som handverket blir lært.
Erfaring viser at det ikkje er noken motsetnad mellom å utvikla den einskilde sin kunstnarlege eigenart – den personlege stemma – og å læra handverket. Snarare tvert imot er det å beherska handverket forløysande for det kunstnarlege uttrykket.
Gjennom heile studiet nyttar skulen seg av erfaringsbasert pedagogikk der studentane skal tileigna seg kunstnarisk uttrykkskompetanse ved å erfara i praksis forskjellige element av å laga film, reflektera over prosess og resultat og nytta det dei har lært i neste fase i dei kommande øvingane.
Såleis blir kompetansen og evnene til studentane utvikla gjennom praktiske øvingar, samtalar og evalueringar, og dessutan gjennom utveksling av erfaring. All undervisning og evaluering hos oss er obligatorisk då denne erfaringsutvekslinga mellom studentar er eit heilt sentralt element i utdanninga.
Vi legg stor vekt på studentdeltaking i evalueringar og oppfordrar alle til å bidra i diskusjonar, og til å komma med konstruktive tilbakemeldingar til kvarandre og til prosjekta. Vi meiner at dette er med på å stryka forståinga til den enkelte for faget og for kompleksiteten til filmproduksjonen.
Opptak
Vi har opptak anna kvart år. Neste opptak på Master er i 2022, medan neste opptak for Bachelor er våren 2023. Alle søkjarar må levera inn ein oppgåvesvar tilknytta den linja dei søker på, deretter vil kvalifiserte søkjarar gå vidare til ein omfattande opptaks- og intervjurunde.",9a3108c876e22c2b68f4f67e28a59645c2e94667,nob,https://filmskolen.no/om-filmskolen/om-oss,filmskolen.no,1734367896000,html,"['Om oss', 'I 1997 åpnet Den norske filmskolen dørene for første gang, og siden den gang har skolen uteksaminert over 350 filmskolestudenter, som har satt sitt preg på den norske film – og tv-bransjen.', 'Flere av våre tidligere studenter har også gjort seg bemerket internasjonalt. Med Den norske filmskolen fikk Norge en etterlengtet nasjonal filmutdanning, noe som var helt nødvendig for videreutviklingen av den norske filmbransjen.', 'I dag tilbyr Den norske filmskolen en treårig kunstfaglig bachelorgrad og en toårig kunstfaglig mastergrad samt en ph.d.grad i kunstnerisk utviklingsarbeid i film og beslektede audiovisuelle kunstformer.', 'Å lage film handler om å fortelle historier med levende bilder. Gjennom studiene ved skolen skal du utvikle deg til å bli en selvstendig historieforteller gjennom en av våre linjer på bachelor eller studieretninger på master.', 'Formålet med utdanningen vår er å utdanne kvalifiserte yrkesutøvere for film, fjernsyn og beslektede medier. Vi er en fremtidsrettet utdanning som samtidig tar vare på det tradisjonelle håndverket i hver fagretning. Den norske filmskolen ønsker å utvikle den enkelte students kunstneriske utrykkskompetanse og personlige refleksjon på sitt fagfelt.', 'Undervisning og penneprøver', 'Undervisningen ved skolen er jevnt fordelt mellom fellesundervisning og linjeundervisning som er spesialtilpasset hver enkelt linjes behov. En stor del av fellesundervisningen omfatter et stort antall praktiske fellesøvelser også kalt Penneprøver.', 'Penneprøver er produksjonsøvelser hvor studentene jobber i teams satt sammen av skolen. Dette er øvelser med fokus på enkelte elementer i å lage film som tar utgangspunkt i en rekke begrensninger som lengde på film, tema, bruk av dialog, bruk av musikk, bruk av studio/location. Penneprøvene ansees ikke som selvstendige filmproduksjoner, men øvelser i å lære å lage film som samtidig er velegnede til å lære metoder for samarbeid. Det filosofisk-pedagogiske grunnlaget er at begrensninger utfordrer og utvikler studentenes kreativitet og fantasi samtidig som håndverket læres.', 'Erfaring viser at det ikke er noen motsetning mellom å utvikle den enkeltes kunstneriske egenart – den personlige stemmen – og å lære håndverket. Snarere tvert imot er det å beherske håndverket forløsende for det kunstneriske uttrykk.', 'Gjennom hele studiet benytter skolen seg av erfaringsbasert pedagogikk hvor studentene skal tilegne seg kunstnerisk uttrykkskompetanse ved å erfare i praksis forskjellige elementer av å lage film, reflektere over prosess og resultat og anvende det de har lært i neste fase i de kommende øvelsene.', 'Således utvikles studentenes kompetanse og ferdigheter gjennom praktiske øvelser, samtaler og evalueringer, samt gjennom utveksling av erfaring. All undervisning og evaluering hos oss obligatorisk da denne erfaringsutveksling mellom studenter er et helt sentralt element i utdanningen.', 'Vi legger stor vekt på studentdeltagelse i evalueringer og oppfordrer alle til å bidra i diskusjoner, og til å komme med konstruktive tilbakemeldinger til hverandre og til prosjektene. Vi mener at dette er med på å stryke den enkeltes forståelse for faget og for filmproduksjonens kompleksitet.', 'Opptak', 'Vi har opptak annethvert år, og neste opptak på bachelor er i januar 2023, mens neste opptak for master er våren 2024. Alle søkere må levere inn en oppgavebesvarelse tilknyttet den linjen de søker på, deretter vil kvalifiserte søkere gå videre til en omfattende opptaks -og intervjurunde.']","Om oss
I 1997 åpnet Den norske filmskolen dørene for første gang, og siden den gang har skolen uteksaminert over 350 filmskolestudenter, som har satt sitt preg på den norske film – og tv-bransjen.
Flere av våre tidligere studenter har også gjort seg bemerket internasjonalt. Med Den norske filmskolen fikk Norge en etterlengtet nasjonal filmutdanning, noe som var helt nødvendig for videreutviklingen av den norske filmbransjen.
I dag tilbyr Den norske filmskolen en treårig kunstfaglig bachelorgrad og en toårig kunstfaglig mastergrad samt en ph.d.grad i kunstnerisk utviklingsarbeid i film og beslektede audiovisuelle kunstformer.
Å lage film handler om å fortelle historier med levende bilder. Gjennom studiene ved skolen skal du utvikle deg til å bli en selvstendig historieforteller gjennom en av våre linjer på bachelor eller studieretninger på master.
Formålet med utdanningen vår er å utdanne kvalifiserte yrkesutøvere for film, fjernsyn og beslektede medier. Vi er en fremtidsrettet utdanning som samtidig tar vare på det tradisjonelle håndverket i hver fagretning. Den norske filmskolen ønsker å utvikle den enkelte students kunstneriske utrykkskompetanse og personlige refleksjon på sitt fagfelt.
Undervisning og penneprøver
Undervisningen ved skolen er jevnt fordelt mellom fellesundervisning og linjeundervisning som er spesialtilpasset hver enkelt linjes behov. En stor del av fellesundervisningen omfatter et stort antall praktiske fellesøvelser også kalt Penneprøver.
Penneprøver er produksjonsøvelser hvor studentene jobber i teams satt sammen av skolen. Dette er øvelser med fokus på enkelte elementer i å lage film som tar utgangspunkt i en rekke begrensninger som lengde på film, tema, bruk av dialog, bruk av musikk, bruk av studio/location. Penneprøvene ansees ikke som selvstendige filmproduksjoner, men øvelser i å lære å lage film som samtidig er velegnede til å lære metoder for samarbeid. Det filosofisk-pedagogiske grunnlaget er at begrensninger utfordrer og utvikler studentenes kreativitet og fantasi samtidig som håndverket læres.
Erfaring viser at det ikke er noen motsetning mellom å utvikle den enkeltes kunstneriske egenart – den personlige stemmen – og å lære håndverket. Snarere tvert imot er det å beherske håndverket forløsende for det kunstneriske uttrykk.
Gjennom hele studiet benytter skolen seg av erfaringsbasert pedagogikk hvor studentene skal tilegne seg kunstnerisk uttrykkskompetanse ved å erfare i praksis forskjellige elementer av å lage film, reflektere over prosess og resultat og anvende det de har lært i neste fase i de kommende øvelsene.
Således utvikles studentenes kompetanse og ferdigheter gjennom praktiske øvelser, samtaler og evalueringer, samt gjennom utveksling av erfaring. All undervisning og evaluering hos oss obligatorisk da denne erfaringsutveksling mellom studenter er et helt sentralt element i utdanningen.
Vi legger stor vekt på studentdeltagelse i evalueringer og oppfordrer alle til å bidra i diskusjoner, og til å komme med konstruktive tilbakemeldinger til hverandre og til prosjektene. Vi mener at dette er med på å stryke den enkeltes forståelse for faget og for filmproduksjonens kompleksitet.
Opptak
Vi har opptak annethvert år, og neste opptak på bachelor er i januar 2023, mens neste opptak for master er våren 2024. Alle søkere må levere inn en oppgavebesvarelse tilknyttet den linjen de søker på, deretter vil kvalifiserte søkere gå videre til en omfattende opptaks -og intervjurunde."
849bfc82947c99dc251fcf3053058e7dbfab1e72,nno,https://www.nb.no/sheet-music/product/parts-for-sju-sivle-songar-eit-ord-ja-no-skal-noreg-ha-takk-fyr-meg-op-166-nr-7-less1957greater/,nb.no,1734642014000,html,"['Parts for Sju Sivle-songar – Eit ord : Ja, no skal Noreg ha takk fyr meg, op. 166 nr. 7', 'Rental order', 'Fyll ut skjemaet for å bestille dette verket. Din bestilling vil da bli sendt til vårt ordrekontor til behandling. Normal leveringstid er 1-2 uker. OBS: Kun verk med utgiver ""NB noter"" kan bestilles fra NB noter.', '""*"" indicates required fields', 'Details about the performance', 'Name of performing group/ensemble?*', 'Other information:*', '- Performance date(s) - Venue - Conductor/performers/soloists - Number of concerts - Number of string parts required (e.g. 9-8-7-6-5)']","Parts for Sju Sivle-songar – Eit ord : Ja, no skal Noreg ha takk fyr meg, op. 166 nr. 7
Rental order
Fyll ut skjemaet for å bestille dette verket. Din bestilling vil da bli sendt til vårt ordrekontor til behandling. Normal leveringstid er 1-2 uker. OBS: Kun verk med utgiver ""NB noter"" kan bestilles fra NB noter.
""*"" indicates required fields
Details about the performance
Name of performing group/ensemble?*
Other information:*
- Performance date(s) - Venue - Conductor/performers/soloists - Number of concerts - Number of string parts required (e.g. 9-8-7-6-5)",68074513f198c85b94c65c5a08bd7313b67ed9ee,nob,https://www.nb.no/sheet-music/product/parts-for-sju-sivle-songar-op-166-nr-1-7-less1957greater/,nb.no,1734642037000,html,"['Parts for Sju Sivle-songar, op. 166 nr. 1- 7', 'Rental order', 'Fyll ut skjemaet for å bestille dette verket. Din bestilling vil da bli sendt til vårt ordrekontor til behandling. Normal leveringstid er 1-2 uker. OBS: Kun verk med utgiver ""NB noter"" kan bestilles fra NB noter.', '""*"" indicates required fields', 'Details about the performance', 'Name of performing group/ensemble?*', 'Other information:*', '- Performance date(s) - Venue - Conductor/performers/soloists - Number of concerts - Number of string parts required (e.g. 9-8-7-6-5)']","Parts for Sju Sivle-songar, op. 166 nr. 1- 7
Rental order
Fyll ut skjemaet for å bestille dette verket. Din bestilling vil da bli sendt til vårt ordrekontor til behandling. Normal leveringstid er 1-2 uker. OBS: Kun verk med utgiver ""NB noter"" kan bestilles fra NB noter.
""*"" indicates required fields
Details about the performance
Name of performing group/ensemble?*
Other information:*
- Performance date(s) - Venue - Conductor/performers/soloists - Number of concerts - Number of string parts required (e.g. 9-8-7-6-5)"
9bf380b1c7ee79973cb7b52643e0cb5d50c7cf11,eng,https://www.hvl.no/en/employee/?user=Atle.Nyhagen,hvl.no,1734668175000,html,"['Publications', 'Klarer det politiske demokrati å realisere en bærekraftig utvikling? Markering av norsk statsvitenskapelig tidsskrifts særnummer om miljøpolitikk, NST nr. 3, 2015', 'Atle Nyhagen (2015)', 'Beyond Oil: Geographies of climate and energy transformation Discussant to key-note by Elin Selboe (UiO): Climate Change as adaptive challenge', 'Atle Nyhagen (2015)', 'Green Growth - An illusion? Professor Lars Mjøset (UiO)in conversation with researcher Atle Nyhagen (UiB Global) on energy, climate, sustainable development and planned regulation. Bergen Resource Centre, 4. sept. 2015']","Publications
Klarer det politiske demokrati å realisere en bærekraftig utvikling? Markering av norsk statsvitenskapelig tidsskrifts særnummer om miljøpolitikk, NST nr. 3, 2015
Atle Nyhagen (2015)
Beyond Oil: Geographies of climate and energy transformation Discussant to key-note by Elin Selboe (UiO): Climate Change as adaptive challenge
Atle Nyhagen (2015)
Green Growth - An illusion? Professor Lars Mjøset (UiO)in conversation with researcher Atle Nyhagen (UiB Global) on energy, climate, sustainable development and planned regulation. Bergen Resource Centre, 4. sept. 2015",e9a7f110c37a11287f044a4ce81c95d2761b8e10,nno,https://www.hvl.no/person/?user=Atle.Nyhagen,hvl.no,1734638516000,html,"['Publikasjonar', 'Klarer det politiske demokrati å realisere en bærekraftig utvikling? Markering av norsk statsvitenskapelig tidsskrifts særnummer om miljøpolitikk, NST nr. 3, 2015', 'Atle Nyhagen (2015)', 'Beyond Oil: Geographies of climate and energy transformation Discussant to key-note by Elin Selboe (UiO): Climate Change as adaptive challenge', 'Atle Nyhagen (2015)', 'Green Growth - An illusion? Professor Lars Mjøset (UiO)in conversation with researcher Atle Nyhagen (UiB Global) on energy, climate, sustainable development and planned regulation. Bergen Resource Centre, 4. sept. 2015']","Publikasjonar
Klarer det politiske demokrati å realisere en bærekraftig utvikling? Markering av norsk statsvitenskapelig tidsskrifts særnummer om miljøpolitikk, NST nr. 3, 2015
Atle Nyhagen (2015)
Beyond Oil: Geographies of climate and energy transformation Discussant to key-note by Elin Selboe (UiO): Climate Change as adaptive challenge
Atle Nyhagen (2015)
Green Growth - An illusion? Professor Lars Mjøset (UiO)in conversation with researcher Atle Nyhagen (UiB Global) on energy, climate, sustainable development and planned regulation. Bergen Resource Centre, 4. sept. 2015"
052ccce70349bd444f24c1cf9d4996c8fd596a04,eng,https://www.nb.no/sheet-music/product/toner-i-steen-atte-satser-for-fem-strykere-inspirert-av-knut-steens-skulpturer/,nb.no,1734532633000,html,"['Description', 'Instrumentation:', 'Composer:', 'Composition year:', '2024', 'Content:', 'Odyssevs - for String Quintet Coppia - Duet for Two Violins Passaggio - Duet for Viola and Cello Aurora - Cadenza for Violin Solo Tre Grazie - Scherzo for Violin, Viola and Cello Tramontana - Aria for Double Bass Pantomima - Waltz for String Quartet Adagio - for String Quintet']","Description
Instrumentation:
Composer:
Composition year:
2024
Content:
Odyssevs - for String Quintet Coppia - Duet for Two Violins Passaggio - Duet for Viola and Cello Aurora - Cadenza for Violin Solo Tre Grazie - Scherzo for Violin, Viola and Cello Tramontana - Aria for Double Bass Pantomima - Waltz for String Quartet Adagio - for String Quintet",4955f71b8564e6c49ecbab603dc145c09c6dff8f,nob,https://www.nb.no/noter/produkt/toner-i-steen-atte-satser-for-fem-strykere-inspirert-av-knut-steens-skulpturer/,nb.no,1734497692000,html,"['Beskrivelse', 'Besetning:', 'Komponist:', 'Komposisjonsår:', '2024', 'Innhold:', 'Odyssevs - for String Quintet Coppia - Duet for Two Violins Passaggio - Duet for Viola and Cello Aurora - Cadenza for Violin Solo Tre Grazie - Scherzo for Violin, Viola and Cello Tramontana - Aria for Double Bass Pantomima - Waltz for String Quartet Adagio - for String Quintet']","Beskrivelse
Besetning:
Komponist:
Komposisjonsår:
2024
Innhold:
Odyssevs - for String Quintet Coppia - Duet for Two Violins Passaggio - Duet for Viola and Cello Aurora - Cadenza for Violin Solo Tre Grazie - Scherzo for Violin, Viola and Cello Tramontana - Aria for Double Bass Pantomima - Waltz for String Quartet Adagio - for String Quintet"
3dcaa2d36259b0f9a96fac3cd4493b58ac66c266,nno,https://hi.no/en/hi/about-us/employees/diego-crespo-1,hi.no,1735729019000,html,"['Diego Crespo', 'Publications', 'Academic articles', '2022', 'Pituitary Gonadotropin Gene Expression During Induced Onset of Postsmolt Maturation in Male Atlantic Salmon: In Vivo and Tissue Culture Studies', 'Diego Crespo, Kai Ove Skaftnesmo, Erik Nordtorp Kjærner-Semb, Ozlem Yilmaz, Birgitta Norberg, Sara Olausson, Petra Vogelsang, Jan Bogerd, Lene Kleppe, Rolf Brudvik Edvardsen, Eva Andersson, Anna Wargelius, Tom Johnny Hansen, Per Gunnar Fjelldal, Rüdiger W. Schulz', 'Frontiers in Endocrinology 13', '2022', 'Full production cycle performance of gene-edited, sterile Atlantic salmon - growth, smoltification, welfare indicators and fillet composition', 'Lene Kleppe, Per Gunnar Fjelldal, Eva Andersson, Tom Johnny Hansen, Monica Sanden, Aina Bruvik, Kai Ove Skaftnesmo, Tomasz Furmanek, Erik Nordtorp Kjærner-Semb, Diego Crespo, Simon Flavell, Audun Østby Pedersen, Petra Vogelsang, Anja Torsvik, Karen Anita Kvestad, Sara Olausson, Birgitta Norberg, Rüdiger W. Schulz, J. Bogerd, N. Santi, Rolf Brudvik Edvardsen, Anna Wargelius', 'Aquaculture 560', '2022', 'Role of the Melanocortin System in Gonadal Steroidogenesis of Zebrafish', 'Sandra Navarro, Diego Crespo, Rüdiger W. Schulz, Wei Ge, Josep Rotllant, José Miguel Cerdá-Reverter, Ana Rocha', 'Loss of stra8 Increases Germ Cell Apoptosis but Is Still Compatible With Sperm Production in Atlantic Salmon (Salmo salar)', 'Kai Ove Skaftnesmo, Diego Crespo, Lene Kleppe, Eva Andersson, Rolf Brudvik Edvardsen, Birgitta Norberg, Per Gunnar Fjelldal, Tom Johnny Hansen, Rüdiger W. Schulz, Anna Wargelius', 'Frontiers in Cell and Developmental Biology 9', '2021', 'Insulin-like 3 affects zebrafish spermatogenic cells directly and via Sertoli cells', 'Diego Crespo, Luiz H. C. Assis, Yu Ting Zhang, Diego Safian, Tomasz Furmanek, Kai Ove Skaftnesmo, Birgitta Norberg, Wei Ge, Yung-Ching Choi, Marjo J. den Broeder, Juliette Legler, Jan Bogerd, Rüdiger W Schulz', 'Communications Biology 4 p. 1-13', '2021', 'Enhanced growth without accelerated puberty in fish: A role for the melanocortin system', 'Fsh stimulates spermatogonial proliferation and differentiation in zebrafish via Igf3', 'Luteinizing hormone induces ovulation via tumor necrosis factor α-dependent increases in prostaglandin F2α in a nonmammalian vertebrate', 'Crespo, D., Goetz, F. W., Planas, J. V.', 'Scientific Reports 5 p. 14210', '2014', 'Transcriptional assessment by microarray analysis and large-scale meta-analysis of the metabolic capacity of cardiac and skeletal muscle tissues to cope with reduced nutrient availability in gilthead sea bream (Sparus aurata L.)', 'Calduch-Giner, J. A., Echasseriau, Y., Crespo, D., Baron, D., Planas, J. V., Prunet, P., Pérez-Sánchez, J.', 'Marine Biotechnology 16(4) p. 423-435', '2014', 'Fsh and Lh direct conserved and specific pathways during flatfish semicystic spermatogenesis', 'Poster', 'Lene Kleppe, Per Gunnar Fjelldal, Eva Andersson, Tom Johnny Hansen, Monica Sanden, Aina Bruvik, Kai Ove Skaftnesmo, Tomasz Furmanek, Erik Nordtorp Kjærner-Semb, Diego Crespo, Simon Flavell, Audun Ø. Pedersen, Petra Vogelsang, Anne Torsvik, Sara Olausson, Birgitta Norberg, Rüdiger W. Schulz, Jan Bogerd, Nina Santi, Rolf Brudvik Edvardsen, Anna Wargelius']","Diego Crespo
Publications
Academic articles
2022
Pituitary Gonadotropin Gene Expression During Induced Onset of Postsmolt Maturation in Male Atlantic Salmon: In Vivo and Tissue Culture Studies
Diego Crespo, Kai Ove Skaftnesmo, Erik Nordtorp Kjærner-Semb, Ozlem Yilmaz, Birgitta Norberg, Sara Olausson, Petra Vogelsang, Jan Bogerd, Lene Kleppe, Rolf Brudvik Edvardsen, Eva Andersson, Anna Wargelius, Tom Johnny Hansen, Per Gunnar Fjelldal, Rüdiger W. Schulz
Frontiers in Endocrinology 13
2022
Full production cycle performance of gene-edited, sterile Atlantic salmon - growth, smoltification, welfare indicators and fillet composition
Lene Kleppe, Per Gunnar Fjelldal, Eva Andersson, Tom Johnny Hansen, Monica Sanden, Aina Bruvik, Kai Ove Skaftnesmo, Tomasz Furmanek, Erik Nordtorp Kjærner-Semb, Diego Crespo, Simon Flavell, Audun Østby Pedersen, Petra Vogelsang, Anja Torsvik, Karen Anita Kvestad, Sara Olausson, Birgitta Norberg, Rüdiger W. Schulz, J. Bogerd, N. Santi, Rolf Brudvik Edvardsen, Anna Wargelius
Aquaculture 560
2022
Role of the Melanocortin System in Gonadal Steroidogenesis of Zebrafish
Sandra Navarro, Diego Crespo, Rüdiger W. Schulz, Wei Ge, Josep Rotllant, José Miguel Cerdá-Reverter, Ana Rocha
Loss of stra8 Increases Germ Cell Apoptosis but Is Still Compatible With Sperm Production in Atlantic Salmon (Salmo salar)
Kai Ove Skaftnesmo, Diego Crespo, Lene Kleppe, Eva Andersson, Rolf Brudvik Edvardsen, Birgitta Norberg, Per Gunnar Fjelldal, Tom Johnny Hansen, Rüdiger W. Schulz, Anna Wargelius
Frontiers in Cell and Developmental Biology 9
2021
Insulin-like 3 affects zebrafish spermatogenic cells directly and via Sertoli cells
Diego Crespo, Luiz H. C. Assis, Yu Ting Zhang, Diego Safian, Tomasz Furmanek, Kai Ove Skaftnesmo, Birgitta Norberg, Wei Ge, Yung-Ching Choi, Marjo J. den Broeder, Juliette Legler, Jan Bogerd, Rüdiger W Schulz
Communications Biology 4 p. 1-13
2021
Enhanced growth without accelerated puberty in fish: A role for the melanocortin system
Fsh stimulates spermatogonial proliferation and differentiation in zebrafish via Igf3
Luteinizing hormone induces ovulation via tumor necrosis factor α-dependent increases in prostaglandin F2α in a nonmammalian vertebrate
Crespo, D., Goetz, F. W., Planas, J. V.
Scientific Reports 5 p. 14210
2014
Transcriptional assessment by microarray analysis and large-scale meta-analysis of the metabolic capacity of cardiac and skeletal muscle tissues to cope with reduced nutrient availability in gilthead sea bream (Sparus aurata L.)
Calduch-Giner, J. A., Echasseriau, Y., Crespo, D., Baron, D., Planas, J. V., Prunet, P., Pérez-Sánchez, J.
Marine Biotechnology 16(4) p. 423-435
2014
Fsh and Lh direct conserved and specific pathways during flatfish semicystic spermatogenesis
Poster
Lene Kleppe, Per Gunnar Fjelldal, Eva Andersson, Tom Johnny Hansen, Monica Sanden, Aina Bruvik, Kai Ove Skaftnesmo, Tomasz Furmanek, Erik Nordtorp Kjærner-Semb, Diego Crespo, Simon Flavell, Audun Ø. Pedersen, Petra Vogelsang, Anne Torsvik, Sara Olausson, Birgitta Norberg, Rüdiger W. Schulz, Jan Bogerd, Nina Santi, Rolf Brudvik Edvardsen, Anna Wargelius",6f199588751d37605dc5df008f667cd2af57880c,nob,https://hi.no/hi/om-oss/ansatte/diego-crespo-1,hi.no,1735705286000,html,"['Diego Crespo', 'Publikasjoner', 'Vitenskapelige artikler (NVI)', '2022', 'Pituitary Gonadotropin Gene Expression During Induced Onset of Postsmolt Maturation in Male Atlantic Salmon: In Vivo and Tissue Culture Studies', 'Diego Crespo, Kai Ove Skaftnesmo, Erik Nordtorp Kjærner-Semb, Ozlem Yilmaz, Birgitta Norberg, Sara Olausson, Petra Vogelsang, Jan Bogerd, Lene Kleppe, Rolf Brudvik Edvardsen, Eva Andersson, Anna Wargelius, Tom Johnny Hansen, Per Gunnar Fjelldal, Rüdiger W. Schulz', 'Frontiers in Endocrinology 13', '2022', 'Full production cycle performance of gene-edited, sterile Atlantic salmon - growth, smoltification, welfare indicators and fillet composition', 'Lene Kleppe, Per Gunnar Fjelldal, Eva Andersson, Tom Johnny Hansen, Monica Sanden, Aina Bruvik, Kai Ove Skaftnesmo, Tomasz Furmanek, Erik Nordtorp Kjærner-Semb, Diego Crespo, Simon Flavell, Audun Østby Pedersen, Petra Vogelsang, Anja Torsvik, Karen Anita Kvestad, Sara Olausson, Birgitta Norberg, Rüdiger W. Schulz, J. Bogerd, N. Santi, Rolf Brudvik Edvardsen, Anna Wargelius', 'Aquaculture 560', '2022', 'Role of the Melanocortin System in Gonadal Steroidogenesis of Zebrafish', 'Sandra Navarro, Diego Crespo, Rüdiger W. Schulz, Wei Ge, Josep Rotllant, José Miguel Cerdá-Reverter, Ana Rocha', 'Loss of stra8 Increases Germ Cell Apoptosis but Is Still Compatible With Sperm Production in Atlantic Salmon (Salmo salar)', 'Kai Ove Skaftnesmo, Diego Crespo, Lene Kleppe, Eva Andersson, Rolf Brudvik Edvardsen, Birgitta Norberg, Per Gunnar Fjelldal, Tom Johnny Hansen, Rüdiger W. Schulz, Anna Wargelius', 'Frontiers in Cell and Developmental Biology 9', '2021', 'Insulin-like 3 affects zebrafish spermatogenic cells directly and via Sertoli cells', 'Diego Crespo, Luiz H. C. Assis, Yu Ting Zhang, Diego Safian, Tomasz Furmanek, Kai Ove Skaftnesmo, Birgitta Norberg, Wei Ge, Yung-Ching Choi, Marjo J. den Broeder, Juliette Legler, Jan Bogerd, Rüdiger W Schulz', 'Communications Biology 4 p. 1-13', '2021', 'Enhanced growth without accelerated puberty in fish: A role for the melanocortin system', 'Fsh stimulates spermatogonial proliferation and differentiation in zebrafish via Igf3', 'Luteinizing hormone induces ovulation via tumor necrosis factor α-dependent increases in prostaglandin F2α in a nonmammalian vertebrate', 'Crespo, D., Goetz, F. W., Planas, J. V.', 'Scientific Reports 5 p. 14210', '2014', 'Transcriptional assessment by microarray analysis and large-scale meta-analysis of the metabolic capacity of cardiac and skeletal muscle tissues to cope with reduced nutrient availability in gilthead sea bream (Sparus aurata L.)', 'Calduch-Giner, J. A., Echasseriau, Y., Crespo, D., Baron, D., Planas, J. V., Prunet, P., Pérez-Sánchez, J.', 'Marine Biotechnology 16(4) p. 423-435', '2014', 'Fsh and Lh direct conserved and specific pathways during flatfish semicystic spermatogenesis', 'Poster', 'Lene Kleppe, Per Gunnar Fjelldal, Eva Andersson, Tom Johnny Hansen, Monica Sanden, Aina Bruvik, Kai Ove Skaftnesmo, Tomasz Furmanek, Erik Nordtorp Kjærner-Semb, Diego Crespo, Simon Flavell, Audun Ø. Pedersen, Petra Vogelsang, Anne Torsvik, Sara Olausson, Birgitta Norberg, Rüdiger W. Schulz, Jan Bogerd, Nina Santi, Rolf Brudvik Edvardsen, Anna Wargelius']","Diego Crespo
Publikasjoner
Vitenskapelige artikler (NVI)
2022
Pituitary Gonadotropin Gene Expression During Induced Onset of Postsmolt Maturation in Male Atlantic Salmon: In Vivo and Tissue Culture Studies
Diego Crespo, Kai Ove Skaftnesmo, Erik Nordtorp Kjærner-Semb, Ozlem Yilmaz, Birgitta Norberg, Sara Olausson, Petra Vogelsang, Jan Bogerd, Lene Kleppe, Rolf Brudvik Edvardsen, Eva Andersson, Anna Wargelius, Tom Johnny Hansen, Per Gunnar Fjelldal, Rüdiger W. Schulz
Frontiers in Endocrinology 13
2022
Full production cycle performance of gene-edited, sterile Atlantic salmon - growth, smoltification, welfare indicators and fillet composition
Lene Kleppe, Per Gunnar Fjelldal, Eva Andersson, Tom Johnny Hansen, Monica Sanden, Aina Bruvik, Kai Ove Skaftnesmo, Tomasz Furmanek, Erik Nordtorp Kjærner-Semb, Diego Crespo, Simon Flavell, Audun Østby Pedersen, Petra Vogelsang, Anja Torsvik, Karen Anita Kvestad, Sara Olausson, Birgitta Norberg, Rüdiger W. Schulz, J. Bogerd, N. Santi, Rolf Brudvik Edvardsen, Anna Wargelius
Aquaculture 560
2022
Role of the Melanocortin System in Gonadal Steroidogenesis of Zebrafish
Sandra Navarro, Diego Crespo, Rüdiger W. Schulz, Wei Ge, Josep Rotllant, José Miguel Cerdá-Reverter, Ana Rocha
Loss of stra8 Increases Germ Cell Apoptosis but Is Still Compatible With Sperm Production in Atlantic Salmon (Salmo salar)
Kai Ove Skaftnesmo, Diego Crespo, Lene Kleppe, Eva Andersson, Rolf Brudvik Edvardsen, Birgitta Norberg, Per Gunnar Fjelldal, Tom Johnny Hansen, Rüdiger W. Schulz, Anna Wargelius
Frontiers in Cell and Developmental Biology 9
2021
Insulin-like 3 affects zebrafish spermatogenic cells directly and via Sertoli cells
Diego Crespo, Luiz H. C. Assis, Yu Ting Zhang, Diego Safian, Tomasz Furmanek, Kai Ove Skaftnesmo, Birgitta Norberg, Wei Ge, Yung-Ching Choi, Marjo J. den Broeder, Juliette Legler, Jan Bogerd, Rüdiger W Schulz
Communications Biology 4 p. 1-13
2021
Enhanced growth without accelerated puberty in fish: A role for the melanocortin system
Fsh stimulates spermatogonial proliferation and differentiation in zebrafish via Igf3
Luteinizing hormone induces ovulation via tumor necrosis factor α-dependent increases in prostaglandin F2α in a nonmammalian vertebrate
Crespo, D., Goetz, F. W., Planas, J. V.
Scientific Reports 5 p. 14210
2014
Transcriptional assessment by microarray analysis and large-scale meta-analysis of the metabolic capacity of cardiac and skeletal muscle tissues to cope with reduced nutrient availability in gilthead sea bream (Sparus aurata L.)
Calduch-Giner, J. A., Echasseriau, Y., Crespo, D., Baron, D., Planas, J. V., Prunet, P., Pérez-Sánchez, J.
Marine Biotechnology 16(4) p. 423-435
2014
Fsh and Lh direct conserved and specific pathways during flatfish semicystic spermatogenesis
Poster
Lene Kleppe, Per Gunnar Fjelldal, Eva Andersson, Tom Johnny Hansen, Monica Sanden, Aina Bruvik, Kai Ove Skaftnesmo, Tomasz Furmanek, Erik Nordtorp Kjærner-Semb, Diego Crespo, Simon Flavell, Audun Ø. Pedersen, Petra Vogelsang, Anne Torsvik, Sara Olausson, Birgitta Norberg, Rüdiger W. Schulz, Jan Bogerd, Nina Santi, Rolf Brudvik Edvardsen, Anna Wargelius"
849bfc82947c99dc251fcf3053058e7dbfab1e72,nno,https://www.nb.no/sheet-music/product/parts-for-sju-sivle-songar-eit-ord-ja-no-skal-noreg-ha-takk-fyr-meg-op-166-nr-7-less1957greater/,nb.no,1734642014000,html,"['Parts for Sju Sivle-songar – Eit ord : Ja, no skal Noreg ha takk fyr meg, op. 166 nr. 7', 'Rental order', 'Fyll ut skjemaet for å bestille dette verket. Din bestilling vil da bli sendt til vårt ordrekontor til behandling. Normal leveringstid er 1-2 uker. OBS: Kun verk med utgiver ""NB noter"" kan bestilles fra NB noter.', '""*"" indicates required fields', 'Details about the performance', 'Name of performing group/ensemble?*', 'Other information:*', '- Performance date(s) - Venue - Conductor/performers/soloists - Number of concerts - Number of string parts required (e.g. 9-8-7-6-5)']","Parts for Sju Sivle-songar – Eit ord : Ja, no skal Noreg ha takk fyr meg, op. 166 nr. 7
Rental order
Fyll ut skjemaet for å bestille dette verket. Din bestilling vil da bli sendt til vårt ordrekontor til behandling. Normal leveringstid er 1-2 uker. OBS: Kun verk med utgiver ""NB noter"" kan bestilles fra NB noter.
""*"" indicates required fields
Details about the performance
Name of performing group/ensemble?*
Other information:*
- Performance date(s) - Venue - Conductor/performers/soloists - Number of concerts - Number of string parts required (e.g. 9-8-7-6-5)",68074513f198c85b94c65c5a08bd7313b67ed9ee,nob,https://www.nb.no/sheet-music/product/parts-for-sju-sivle-songar-op-166-nr-1-7-less1957greater/,nb.no,1734642037000,html,"['Parts for Sju Sivle-songar, op. 166 nr. 1- 7', 'Rental order', 'Fyll ut skjemaet for å bestille dette verket. Din bestilling vil da bli sendt til vårt ordrekontor til behandling. Normal leveringstid er 1-2 uker. OBS: Kun verk med utgiver ""NB noter"" kan bestilles fra NB noter.', '""*"" indicates required fields', 'Details about the performance', 'Name of performing group/ensemble?*', 'Other information:*', '- Performance date(s) - Venue - Conductor/performers/soloists - Number of concerts - Number of string parts required (e.g. 9-8-7-6-5)']","Parts for Sju Sivle-songar, op. 166 nr. 1- 7
Rental order
Fyll ut skjemaet for å bestille dette verket. Din bestilling vil da bli sendt til vårt ordrekontor til behandling. Normal leveringstid er 1-2 uker. OBS: Kun verk med utgiver ""NB noter"" kan bestilles fra NB noter.
""*"" indicates required fields
Details about the performance
Name of performing group/ensemble?*
Other information:*
- Performance date(s) - Venue - Conductor/performers/soloists - Number of concerts - Number of string parts required (e.g. 9-8-7-6-5)"
4844e6f2fc2854db5eea94effdabdd0b2b012a2a,eng,https://www.nih.no/english/about/employees/emiliess/,nih.no,1734378352000,html,"['Emilie Scholten Sjølie', 'Background and experience', 'Emilie Scholten Sjølie is a physiotherapist (The Norwegian University of Science and Technology) and holds a masters degree in sports physiotherapy from the Norwegian School of Sport Sciences (2021). She is a PhD student in the project ""Preventing injuries in youth sport through an interdisciplinary and theory-based approach"".', 'Research', 'Injury prevention in youth sport with emphasis on handball and football.', 'Publications', 'Sjølie, Emilie Scholten; McKay, Carly; Gjesdal, Siv; Grindem, Hege; Myklebust, Grethe & Bjørndal, Christian Thue [Show all 7 contributors for this article] (2024). Targeting injury prevention behavior in youth handball and football: perspectives from 528 players and 337 coaches – a cross sectional study. British Journal of Sports Medicine. ISSN 0306-3674. 58(Suppl 2), A18-A18. 10.1136/bjsports-2024-IOC.31.', 'Grindem, Hege; Moen, Christian & Sjølie, Emilie Scholten (2024). How to collaborate with patients, athletes and clinicians for real-world research impact.', 'Sjølie, Emilie Scholten; McKay, Carly; Gjesdal, Siv; Grindem, Hege; Myklebust, Grethe & Bjørndal, Christian Thue [Show all 7 contributors for this article] (2024). Targeting injury prevention behavior in youth handball and football: perspectives from 528 players and 337 coaches - a cross sectional study.', 'Sjølie, Emilie Scholten; McKay, Carly; Gjesdal, Siv; Grindem, Hege; Myklebust, Grethe & Bjørndal, Christian Thue [Show all 7 contributors for this article] (2024). Injury prevention behavior in youth handball and football: perspectives from 528 players and 337 coaches - a cross sectional study.', 'Sjølie, Emilie Scholten; Møller, Merete; Grindem, Hege; Myklebust, Grethe & Bjørndal, Christian Thue (2023). Injury prevention and injury prevention behavior in youth handball and football.', 'Sjølie, Emilie Scholten; McKay, Carly; Gjesdal, Siv; Grindem, Hege; Myklebust, Grethe & Bjørndal, Christian Thue [Show all 7 contributors for this article] (2023). Similar injury prevention behavior in youth handball and football: a cross-sectional study of 865 coaches and players.', 'Grindem, Hege; Rugseth, Gro & Sjølie, Emilie Scholten (2021). «Nå føler jeg meg veldig klar egentlig»: En kvalitativ studie av ikke-profesjonelle utøvere sine opplevelser av veien tilbake til vridningsidrett etter fremre korsbåndsrekonstruksjon. Norges idrettshøgskole.']","Emilie Scholten Sjølie
Background and experience
Emilie Scholten Sjølie is a physiotherapist (The Norwegian University of Science and Technology) and holds a masters degree in sports physiotherapy from the Norwegian School of Sport Sciences (2021). She is a PhD student in the project ""Preventing injuries in youth sport through an interdisciplinary and theory-based approach"".
Research
Injury prevention in youth sport with emphasis on handball and football.
Publications
Sjølie, Emilie Scholten; McKay, Carly; Gjesdal, Siv; Grindem, Hege; Myklebust, Grethe & Bjørndal, Christian Thue [Show all 7 contributors for this article] (2024). Targeting injury prevention behavior in youth handball and football: perspectives from 528 players and 337 coaches – a cross sectional study. British Journal of Sports Medicine. ISSN 0306-3674. 58(Suppl 2), A18-A18. 10.1136/bjsports-2024-IOC.31.
Grindem, Hege; Moen, Christian & Sjølie, Emilie Scholten (2024). How to collaborate with patients, athletes and clinicians for real-world research impact.
Sjølie, Emilie Scholten; McKay, Carly; Gjesdal, Siv; Grindem, Hege; Myklebust, Grethe & Bjørndal, Christian Thue [Show all 7 contributors for this article] (2024). Targeting injury prevention behavior in youth handball and football: perspectives from 528 players and 337 coaches - a cross sectional study.
Sjølie, Emilie Scholten; McKay, Carly; Gjesdal, Siv; Grindem, Hege; Myklebust, Grethe & Bjørndal, Christian Thue [Show all 7 contributors for this article] (2024). Injury prevention behavior in youth handball and football: perspectives from 528 players and 337 coaches - a cross sectional study.
Sjølie, Emilie Scholten; Møller, Merete; Grindem, Hege; Myklebust, Grethe & Bjørndal, Christian Thue (2023). Injury prevention and injury prevention behavior in youth handball and football.
Sjølie, Emilie Scholten; McKay, Carly; Gjesdal, Siv; Grindem, Hege; Myklebust, Grethe & Bjørndal, Christian Thue [Show all 7 contributors for this article] (2023). Similar injury prevention behavior in youth handball and football: a cross-sectional study of 865 coaches and players.
Grindem, Hege; Rugseth, Gro & Sjølie, Emilie Scholten (2021). «Nå føler jeg meg veldig klar egentlig»: En kvalitativ studie av ikke-profesjonelle utøvere sine opplevelser av veien tilbake til vridningsidrett etter fremre korsbåndsrekonstruksjon. Norges idrettshøgskole.",f8e990477b6dbdc5482a2af5276ab2355551dfee,nob,https://www.nih.no/om/ansatte/emiliess/,nih.no,1734374465000,html,"['Emilie Scholten Sjølie', 'Bakgrunn og erfaring', 'Emilie Scholten Sjølie er utdannet fysioterapeut fra Norges teknisk-naturvitenskapelige universitet (NTNU) og har mastergrad i idrettsfysioterapi fra NIH (2021). Hun er stipendiat i prosjektet ""Skadeforebygging i ungdomsidrett med en tverrfaglig og teoribasert tilnærming"".', 'Ansvarsområde', 'Skadeforebygging i ungdomsidrett med fokus på håndball og fotball.', 'Publikasjoner', 'Sjølie, Emilie Scholten; McKay, Carly; Gjesdal, Siv; Grindem, Hege; Myklebust, Grethe & Bjørndal, Christian Thue [Vis alle 7 forfattere av denne artikkelen] (2024). Targeting injury prevention behavior in youth handball and football: perspectives from 528 players and 337 coaches – a cross sectional study. British Journal of Sports Medicine. ISSN 0306-3674. 58(Suppl 2), A18-A18. 10.1136/bjsports-2024-IOC.31.', 'Grindem, Hege; Moen, Christian & Sjølie, Emilie Scholten (2024). How to collaborate with patients, athletes and clinicians for real-world research impact.', 'Sjølie, Emilie Scholten; McKay, Carly; Gjesdal, Siv; Grindem, Hege; Myklebust, Grethe & Bjørndal, Christian Thue [Vis alle 7 forfattere av denne artikkelen] (2024). Targeting injury prevention behavior in youth handball and football: perspectives from 528 players and 337 coaches - a cross sectional study.', 'Sjølie, Emilie Scholten; McKay, Carly; Gjesdal, Siv; Grindem, Hege; Myklebust, Grethe & Bjørndal, Christian Thue [Vis alle 7 forfattere av denne artikkelen] (2024). Injury prevention behavior in youth handball and football: perspectives from 528 players and 337 coaches - a cross sectional study.', 'Sjølie, Emilie Scholten; Møller, Merete; Grindem, Hege; Myklebust, Grethe & Bjørndal, Christian Thue (2023). Injury prevention and injury prevention behavior in youth handball and football.', 'Sjølie, Emilie Scholten; McKay, Carly; Gjesdal, Siv; Grindem, Hege; Myklebust, Grethe & Bjørndal, Christian Thue [Vis alle 7 forfattere av denne artikkelen] (2023). Similar injury prevention behavior in youth handball and football: a cross-sectional study of 865 coaches and players.', 'Grindem, Hege; Rugseth, Gro & Sjølie, Emilie Scholten (2021). «Nå føler jeg meg veldig klar egentlig»: En kvalitativ studie av ikke-profesjonelle utøvere sine opplevelser av veien tilbake til vridningsidrett etter fremre korsbåndsrekonstruksjon. Norges idrettshøgskole.']","Emilie Scholten Sjølie
Bakgrunn og erfaring
Emilie Scholten Sjølie er utdannet fysioterapeut fra Norges teknisk-naturvitenskapelige universitet (NTNU) og har mastergrad i idrettsfysioterapi fra NIH (2021). Hun er stipendiat i prosjektet ""Skadeforebygging i ungdomsidrett med en tverrfaglig og teoribasert tilnærming"".
Ansvarsområde
Skadeforebygging i ungdomsidrett med fokus på håndball og fotball.
Publikasjoner
Sjølie, Emilie Scholten; McKay, Carly; Gjesdal, Siv; Grindem, Hege; Myklebust, Grethe & Bjørndal, Christian Thue [Vis alle 7 forfattere av denne artikkelen] (2024). Targeting injury prevention behavior in youth handball and football: perspectives from 528 players and 337 coaches – a cross sectional study. British Journal of Sports Medicine. ISSN 0306-3674. 58(Suppl 2), A18-A18. 10.1136/bjsports-2024-IOC.31.
Grindem, Hege; Moen, Christian & Sjølie, Emilie Scholten (2024). How to collaborate with patients, athletes and clinicians for real-world research impact.
Sjølie, Emilie Scholten; McKay, Carly; Gjesdal, Siv; Grindem, Hege; Myklebust, Grethe & Bjørndal, Christian Thue [Vis alle 7 forfattere av denne artikkelen] (2024). Targeting injury prevention behavior in youth handball and football: perspectives from 528 players and 337 coaches - a cross sectional study.
Sjølie, Emilie Scholten; McKay, Carly; Gjesdal, Siv; Grindem, Hege; Myklebust, Grethe & Bjørndal, Christian Thue [Vis alle 7 forfattere av denne artikkelen] (2024). Injury prevention behavior in youth handball and football: perspectives from 528 players and 337 coaches - a cross sectional study.
Sjølie, Emilie Scholten; Møller, Merete; Grindem, Hege; Myklebust, Grethe & Bjørndal, Christian Thue (2023). Injury prevention and injury prevention behavior in youth handball and football.
Sjølie, Emilie Scholten; McKay, Carly; Gjesdal, Siv; Grindem, Hege; Myklebust, Grethe & Bjørndal, Christian Thue [Vis alle 7 forfattere av denne artikkelen] (2023). Similar injury prevention behavior in youth handball and football: a cross-sectional study of 865 coaches and players.
Grindem, Hege; Rugseth, Gro & Sjølie, Emilie Scholten (2021). «Nå føler jeg meg veldig klar egentlig»: En kvalitativ studie av ikke-profesjonelle utøvere sine opplevelser av veien tilbake til vridningsidrett etter fremre korsbåndsrekonstruksjon. Norges idrettshøgskole."
b85de245a06de792c874c519e4598ab51acadac4,eng,urn:dom:https://konkurransetilsynet.no/decisions/2114-v2003-45/,konkurransetilsynet.no,1734450975584,html,"['V2003-45 – Forskrift om maksimalpriser for kjøring med drosjebil', 'Dokumentdato: 01.07.2003', 'Fastsatt av Konkurransetilsynet 1. juli 2003 med hjemmel i lov av 11. juni 1993 nr. 65 om konkurranse i ervervsvirksomhet (konkurranseloven) § 3-10. Forskriften gjelder løyvepliktig drosjetransport med motorvogn av inntil 4 personer. Eventuelle tilleggsytelser i forbindelse med slik transport er iberegnet takstene med mindre annet er eksplisitt nevnt i forskriften.Forskriften gjelder ikke for:', 'Vi bruker informasjonskapsler for å optimalisere nettstedet og vår service.', 'Functional cookies Functional cookies Alltid aktiv', 'The technical storage or access is strictly necessary for the legitimate purpose of enabling the use of a specific service explicitly requested by the subscriber or user, or for the sole purpose of carrying out the transmission of a communication over an electronic communications network.', 'Preferanser Preferanser', 'The technical storage or access is necessary for the legitimate purpose of storing preferences that are not requested by the subscriber or user.', 'Statistikk Statistikk', 'The technical storage or access that is used exclusively for statistical purposes. The technical storage or access that is used exclusively for anonymous statistical purposes. Without a subpoena, voluntary compliance on the part of your Internet Service Provider, or additional records from a third party, information stored or retrieved for this purpose alone cannot usually be used to identify you.', 'Markedsføring Markedsføring', 'The technical storage or access is required to create user profiles to send advertising, or to track the user on a website or across several websites for similar marketing purposes.']","V2003-45 – Forskrift om maksimalpriser for kjøring med drosjebil
Dokumentdato: 01.07.2003
Fastsatt av Konkurransetilsynet 1. juli 2003 med hjemmel i lov av 11. juni 1993 nr. 65 om konkurranse i ervervsvirksomhet (konkurranseloven) § 3-10. Forskriften gjelder løyvepliktig drosjetransport med motorvogn av inntil 4 personer. Eventuelle tilleggsytelser i forbindelse med slik transport er iberegnet takstene med mindre annet er eksplisitt nevnt i forskriften.Forskriften gjelder ikke for:
Vi bruker informasjonskapsler for å optimalisere nettstedet og vår service.
Functional cookies Functional cookies Alltid aktiv
The technical storage or access is strictly necessary for the legitimate purpose of enabling the use of a specific service explicitly requested by the subscriber or user, or for the sole purpose of carrying out the transmission of a communication over an electronic communications network.
Preferanser Preferanser
The technical storage or access is necessary for the legitimate purpose of storing preferences that are not requested by the subscriber or user.
Statistikk Statistikk
The technical storage or access that is used exclusively for statistical purposes. The technical storage or access that is used exclusively for anonymous statistical purposes. Without a subpoena, voluntary compliance on the part of your Internet Service Provider, or additional records from a third party, information stored or retrieved for this purpose alone cannot usually be used to identify you.
Markedsføring Markedsføring
The technical storage or access is required to create user profiles to send advertising, or to track the user on a website or across several websites for similar marketing purposes.",93e493ea23d2b43478c81714b2ef5a9f14c12a3a,nno,urn:dom:https://konkurransetilsynet.no/drosje/lover-og-forskrifter/,konkurransetilsynet.no,1734419556046,html,"['Lover og forskrifter', 'Konkurransetilsynet handhevar fleire lover og forskrifter som er relevant for drosjemarknaden:', 'Forskrift om takstutrekning og maksimalprisar for løyvepliktig drosjetransport med motorvogn Forskrift 30. september 2010 nr. 1307 om takstutrekning og maksimalprisar kjem som hovudregel til anvending på all løyvepliktig drosjetransport med motorvogn. Kapittel 1 i forskrifta angir generelle avgjerder om mellom anna tillaten takstutrekningsmetode, pristilbod og fastprisar, og forbodne takstelement i ikkje-maksimalprisregulerte område.', 'Det finst enkelte unntak frå heile eller delar av forskrifta. Desse kjem fram av forskrifta § 1. For det første gjeld ikkje forskrifta for drosjetransport der vilkåra for transporten er fastsett i avtale inngått etter forhandlingar mellom oppdragsgivar og tilbydar, eller avtale inngått etter anbodskonkurranse. Vidare, gjeld ikkje forskrifta kapittel 2 for nærare angitte område eller drosjetransport der det er fleire enn fire passasjerar i drosjebilen.', 'Av forskrifta kapittel 2 kjem det fram høgaste tillatne takstnivå, såkalla maksimalprisar, og dessutan tillatne takstelement aktørane i dei maksimalprisregulerte områda kan nytte.', 'Forskrift 18. oktober 2002 nr. 1165 om dispensasjon frå konkurranselova § 3-1 og § 3-2 for drosjesentralar gir drosjesentralar enkelte unntak frå forbodet i konkurranselova om konkurranseavgrensande avtalar mellom føretak. Unntaket inneber at drosjesentralar kan fastsetje felles takstregulativ og dessutan inngi felles pristilbod og anbod på vegner av dei løyvehavarar som er knytte til sentralen. Unntaket gjeld ikkje for pris- og anbodssamarbeid mellom drosjesentralar eller mellom løyvehavarar som er knytte til ulike sentralar.', 'Konkurranselova Formålet med lov av 5. mars 2004 nr. 12 om konkurranse mellom føretak og kontroll med føretakssamanslutninger (konkurranselova) er å fremje konkurranse for derigjennom bidra til effektiv bruk av ressursane i samfunnet. Lova gjeld vilkår, avtalar og handlingar som blir gjort, har verknad eller er eigna til å ha verknad her i riket.', 'Gjennom lova er det tre hovudområde som Konkurransetilsynet jobbar med; ulovleg samarbeid (§ 10), misbruk av dominerande stilling (§ 11) og fusjonskontroll (§ 16).', 'Pristiltakslova Formålet med lov av 11. juni 1993 nr. 66 om pristiltak er å fremje ei samfunnsmessig forsvarleg prisutvikling. Det følgjer òg av lova at det er forbode å ta, krevje eller avtale prisar som er urimelege, og heller ikkje krevje, avtale eller halde oppe forretningsvilkår som verkar urimelege ovanfor den annan part eller som openbert er i strid med allmenne interesser. I lova kjem det òg fram heimel til prisregulering, og forskrift om takstutrekning og maksimalprisar er heimla i pristiltakslova.', 'Vi bruker informasjonskapsler for å optimalisere nettstedet og vår service.', 'Functional cookies Functional cookies Alltid aktiv', 'The technical storage or access is strictly necessary for the legitimate purpose of enabling the use of a specific service explicitly requested by the subscriber or user, or for the sole purpose of carrying out the transmission of a communication over an electronic communications network.', 'Preferanser Preferanser', 'The technical storage or access is necessary for the legitimate purpose of storing preferences that are not requested by the subscriber or user.', 'Statistikk Statistikk', 'The technical storage or access that is used exclusively for statistical purposes. The technical storage or access that is used exclusively for anonymous statistical purposes. Without a subpoena, voluntary compliance on the part of your Internet Service Provider, or additional records from a third party, information stored or retrieved for this purpose alone cannot usually be used to identify you.', 'Markedsføring Markedsføring', 'The technical storage or access is required to create user profiles to send advertising, or to track the user on a website or across several websites for similar marketing purposes.']","Lover og forskrifter
Konkurransetilsynet handhevar fleire lover og forskrifter som er relevant for drosjemarknaden:
Forskrift om takstutrekning og maksimalprisar for løyvepliktig drosjetransport med motorvogn Forskrift 30. september 2010 nr. 1307 om takstutrekning og maksimalprisar kjem som hovudregel til anvending på all løyvepliktig drosjetransport med motorvogn. Kapittel 1 i forskrifta angir generelle avgjerder om mellom anna tillaten takstutrekningsmetode, pristilbod og fastprisar, og forbodne takstelement i ikkje-maksimalprisregulerte område.
Det finst enkelte unntak frå heile eller delar av forskrifta. Desse kjem fram av forskrifta § 1. For det første gjeld ikkje forskrifta for drosjetransport der vilkåra for transporten er fastsett i avtale inngått etter forhandlingar mellom oppdragsgivar og tilbydar, eller avtale inngått etter anbodskonkurranse. Vidare, gjeld ikkje forskrifta kapittel 2 for nærare angitte område eller drosjetransport der det er fleire enn fire passasjerar i drosjebilen.
Av forskrifta kapittel 2 kjem det fram høgaste tillatne takstnivå, såkalla maksimalprisar, og dessutan tillatne takstelement aktørane i dei maksimalprisregulerte områda kan nytte.
Forskrift 18. oktober 2002 nr. 1165 om dispensasjon frå konkurranselova § 3-1 og § 3-2 for drosjesentralar gir drosjesentralar enkelte unntak frå forbodet i konkurranselova om konkurranseavgrensande avtalar mellom føretak. Unntaket inneber at drosjesentralar kan fastsetje felles takstregulativ og dessutan inngi felles pristilbod og anbod på vegner av dei løyvehavarar som er knytte til sentralen. Unntaket gjeld ikkje for pris- og anbodssamarbeid mellom drosjesentralar eller mellom løyvehavarar som er knytte til ulike sentralar.
Konkurranselova Formålet med lov av 5. mars 2004 nr. 12 om konkurranse mellom føretak og kontroll med føretakssamanslutninger (konkurranselova) er å fremje konkurranse for derigjennom bidra til effektiv bruk av ressursane i samfunnet. Lova gjeld vilkår, avtalar og handlingar som blir gjort, har verknad eller er eigna til å ha verknad her i riket.
Gjennom lova er det tre hovudområde som Konkurransetilsynet jobbar med; ulovleg samarbeid (§ 10), misbruk av dominerande stilling (§ 11) og fusjonskontroll (§ 16).
Pristiltakslova Formålet med lov av 11. juni 1993 nr. 66 om pristiltak er å fremje ei samfunnsmessig forsvarleg prisutvikling. Det følgjer òg av lova at det er forbode å ta, krevje eller avtale prisar som er urimelege, og heller ikkje krevje, avtale eller halde oppe forretningsvilkår som verkar urimelege ovanfor den annan part eller som openbert er i strid med allmenne interesser. I lova kjem det òg fram heimel til prisregulering, og forskrift om takstutrekning og maksimalprisar er heimla i pristiltakslova.
Vi bruker informasjonskapsler for å optimalisere nettstedet og vår service.
Functional cookies Functional cookies Alltid aktiv
The technical storage or access is strictly necessary for the legitimate purpose of enabling the use of a specific service explicitly requested by the subscriber or user, or for the sole purpose of carrying out the transmission of a communication over an electronic communications network.
Preferanser Preferanser
The technical storage or access is necessary for the legitimate purpose of storing preferences that are not requested by the subscriber or user.
Statistikk Statistikk
The technical storage or access that is used exclusively for statistical purposes. The technical storage or access that is used exclusively for anonymous statistical purposes. Without a subpoena, voluntary compliance on the part of your Internet Service Provider, or additional records from a third party, information stored or retrieved for this purpose alone cannot usually be used to identify you.
Markedsføring Markedsføring
The technical storage or access is required to create user profiles to send advertising, or to track the user on a website or across several websites for similar marketing purposes."
391caedd09f82a5b6955e536b2b0ad5c63628ef6,eng,urn:dom:https://konkurransetilsynet.no/decisions/norgestaxi-oslo-as/,konkurransetilsynet.no,1734443500303,html,"['V2001-05 – Norgestaxi Oslo AS', 'Bestemmelse: § 3-9', 'Dokumentdato: 08.01.2001', 'Norgestaxi Oslo AS gis dispensasjon fra forbudene mot pris- og anbudssamarbeid i konkurranseloven, slik at sentralen kan fastsette felles takstregulativer og sonetakster samt inngi felles pristilbud og anbud på vegne av de løyvehavere som har tilslutningsplikt til sentralen. Dispensasjonen gis på følgende vilkår: 1. Løyvehavere som er tilsluttet sentralen, skal ha anledning til å ta lavere pris enn det som følger av de fastsatte takstregulativer og sonetakster, ved avtale med den enkelte kunde. 2. Norgestaxi Oslo AS melder inn til Konkurransetilsynet de takstregulativer og sonetakster som fastsettes, samt endringer i disse, samtidig som disse gjøres gjeldende for de løyvehavere som har tilslutningsplikt til sentralen. Konkurransetilsynet kan fastsette nærmere bestemmelser om gjennomføringen av meldeplikten.', 'Vi bruker informasjonskapsler for å optimalisere nettstedet og vår service.', 'Functional cookies Functional cookies Alltid aktiv', 'The technical storage or access is strictly necessary for the legitimate purpose of enabling the use of a specific service explicitly requested by the subscriber or user, or for the sole purpose of carrying out the transmission of a communication over an electronic communications network.', 'Preferanser Preferanser', 'The technical storage or access is necessary for the legitimate purpose of storing preferences that are not requested by the subscriber or user.', 'Statistikk Statistikk', 'The technical storage or access that is used exclusively for statistical purposes. The technical storage or access that is used exclusively for anonymous statistical purposes. Without a subpoena, voluntary compliance on the part of your Internet Service Provider, or additional records from a third party, information stored or retrieved for this purpose alone cannot usually be used to identify you.', 'Markedsføring Markedsføring', 'The technical storage or access is required to create user profiles to send advertising, or to track the user on a website or across several websites for similar marketing purposes.']","V2001-05 – Norgestaxi Oslo AS
Bestemmelse: § 3-9
Dokumentdato: 08.01.2001
Norgestaxi Oslo AS gis dispensasjon fra forbudene mot pris- og anbudssamarbeid i konkurranseloven, slik at sentralen kan fastsette felles takstregulativer og sonetakster samt inngi felles pristilbud og anbud på vegne av de løyvehavere som har tilslutningsplikt til sentralen. Dispensasjonen gis på følgende vilkår: 1. Løyvehavere som er tilsluttet sentralen, skal ha anledning til å ta lavere pris enn det som følger av de fastsatte takstregulativer og sonetakster, ved avtale med den enkelte kunde. 2. Norgestaxi Oslo AS melder inn til Konkurransetilsynet de takstregulativer og sonetakster som fastsettes, samt endringer i disse, samtidig som disse gjøres gjeldende for de løyvehavere som har tilslutningsplikt til sentralen. Konkurransetilsynet kan fastsette nærmere bestemmelser om gjennomføringen av meldeplikten.
Vi bruker informasjonskapsler for å optimalisere nettstedet og vår service.
Functional cookies Functional cookies Alltid aktiv
The technical storage or access is strictly necessary for the legitimate purpose of enabling the use of a specific service explicitly requested by the subscriber or user, or for the sole purpose of carrying out the transmission of a communication over an electronic communications network.
Preferanser Preferanser
The technical storage or access is necessary for the legitimate purpose of storing preferences that are not requested by the subscriber or user.
Statistikk Statistikk
The technical storage or access that is used exclusively for statistical purposes. The technical storage or access that is used exclusively for anonymous statistical purposes. Without a subpoena, voluntary compliance on the part of your Internet Service Provider, or additional records from a third party, information stored or retrieved for this purpose alone cannot usually be used to identify you.
Markedsføring Markedsføring
The technical storage or access is required to create user profiles to send advertising, or to track the user on a website or across several websites for similar marketing purposes.",e7c151759447c2d64b44ca6dee891ead2acfaea6,nob,urn:dom:https://konkurransetilsynet.no/decisions/norgestaxi-stavanger-as/,konkurransetilsynet.no,1734443509548,html,"['V2001-03 – Norgestaxi Stavanger AS', 'Bestemmelse: § 3-9', 'Dokumentdato: 08.01.2001', 'Norgestaxi Stavanger AS har fått dispensasjon fra forbudene mot pris- og anbudssamarbeid i konkurranseloven, slik at sentralen kan fastsette felles takstregulativer og sonetakster samt inngi felles pristilbud og anbud på vegne av de løyvehavere som har tilslutningsplikt til sentralen. Dispensasjonen, som gjelder frem til 1. januar 2006, er gitt på følgende vilkår: Løyvehavere som er tilsluttet sentralen, skal ha anledning til å ta lavere pris enn det som følger av de fastsatte takstregulativer og sonetakster, ved avtale med den enkelte kunde. Norgestaxi Stavanger AS må melde inn til Konkurransetilsynet de takstregulativer og sonetakster som fastsettes, samt endringer i disse, samtidig som disse gjøres gjeldende for de løyvehavere som har tilslutningsplikt til sentralen. Konkurransetilsynet kan fastsette nærmere bestemmelser om gjennomføringen av meldeplikten.', 'Vi bruker informasjonskapsler for å optimalisere nettstedet og vår service.', 'Functional cookies Functional cookies Alltid aktiv', 'The technical storage or access is strictly necessary for the legitimate purpose of enabling the use of a specific service explicitly requested by the subscriber or user, or for the sole purpose of carrying out the transmission of a communication over an electronic communications network.', 'Preferanser Preferanser', 'The technical storage or access is necessary for the legitimate purpose of storing preferences that are not requested by the subscriber or user.', 'Statistikk Statistikk', 'The technical storage or access that is used exclusively for statistical purposes. The technical storage or access that is used exclusively for anonymous statistical purposes. Without a subpoena, voluntary compliance on the part of your Internet Service Provider, or additional records from a third party, information stored or retrieved for this purpose alone cannot usually be used to identify you.', 'Markedsføring Markedsføring', 'The technical storage or access is required to create user profiles to send advertising, or to track the user on a website or across several websites for similar marketing purposes.']","V2001-03 – Norgestaxi Stavanger AS
Bestemmelse: § 3-9
Dokumentdato: 08.01.2001
Norgestaxi Stavanger AS har fått dispensasjon fra forbudene mot pris- og anbudssamarbeid i konkurranseloven, slik at sentralen kan fastsette felles takstregulativer og sonetakster samt inngi felles pristilbud og anbud på vegne av de løyvehavere som har tilslutningsplikt til sentralen. Dispensasjonen, som gjelder frem til 1. januar 2006, er gitt på følgende vilkår: Løyvehavere som er tilsluttet sentralen, skal ha anledning til å ta lavere pris enn det som følger av de fastsatte takstregulativer og sonetakster, ved avtale med den enkelte kunde. Norgestaxi Stavanger AS må melde inn til Konkurransetilsynet de takstregulativer og sonetakster som fastsettes, samt endringer i disse, samtidig som disse gjøres gjeldende for de løyvehavere som har tilslutningsplikt til sentralen. Konkurransetilsynet kan fastsette nærmere bestemmelser om gjennomføringen av meldeplikten.
Vi bruker informasjonskapsler for å optimalisere nettstedet og vår service.
Functional cookies Functional cookies Alltid aktiv
The technical storage or access is strictly necessary for the legitimate purpose of enabling the use of a specific service explicitly requested by the subscriber or user, or for the sole purpose of carrying out the transmission of a communication over an electronic communications network.
Preferanser Preferanser
The technical storage or access is necessary for the legitimate purpose of storing preferences that are not requested by the subscriber or user.
Statistikk Statistikk
The technical storage or access that is used exclusively for statistical purposes. The technical storage or access that is used exclusively for anonymous statistical purposes. Without a subpoena, voluntary compliance on the part of your Internet Service Provider, or additional records from a third party, information stored or retrieved for this purpose alone cannot usually be used to identify you.
Markedsføring Markedsføring
The technical storage or access is required to create user profiles to send advertising, or to track the user on a website or across several websites for similar marketing purposes."
0301cf3653a3529ca4e538d0e9145d7b9c674d5a,eng,https://bravo.hivolda.no/hivolda-xmlui/handle/11250/92948/discover?rpp=10&filtertype_0=author&filter_relational_operator_0=equals&filter_0=Yttredal%2C+Else+Ragni&filtertype=author&filter_relational_operator=equals&filter=Homlong%2C+Nathalie&locale-attribute=no,hivolda.no,1736202353000,html,"['Tourism expenditure in destinations is an important element of tourism research and has been the subject of numerous studies. This paper seeks to understand the complex pattern of expenditure within a distinctly defined ...', 'Denne rapporten er en delleveranse inn i forskningsprosjektet SUSTRANS «Sustainable transportation in rural tourism pressure areas» som har som mål å utvikle metoder for å vurdere transportsystemer i rurale turistområder ...', 'Denne rapporten er en delleveranse inn i forskningsprosjektet SUSTRANS «Sustainable transportation in rural tourism pressure areas» som har som mål å utvikle metoder for å vurdere transportsystemer i rurale turistområder ...']","Tourism expenditure in destinations is an important element of tourism research and has been the subject of numerous studies. This paper seeks to understand the complex pattern of expenditure within a distinctly defined ...
Denne rapporten er en delleveranse inn i forskningsprosjektet SUSTRANS «Sustainable transportation in rural tourism pressure areas» som har som mål å utvikle metoder for å vurdere transportsystemer i rurale turistområder ...
Denne rapporten er en delleveranse inn i forskningsprosjektet SUSTRANS «Sustainable transportation in rural tourism pressure areas» som har som mål å utvikle metoder for å vurdere transportsystemer i rurale turistområder ...",7ff87bd7138eac63a937604bffbbcabc8d810e90,nob,"http://bravo.hivolda.no/hivolda-xmlui/browse?value=Homlong,%20Nathalie&type=author",hivolda.no,1736201927000,html,"['Denne rapporten er en delleveranse inn i forskningsprosjektet SUSTRANS «Sustainable transportation in rural tourism pressure areas» som har som mål å utvikle metoder for å vurdere transportsystemer i rurale turistområder ...', 'Denne rapporten er en delleveranse inn i forskningsprosjektet SUSTRANS «Sustainable transportation in rural tourism pressure areas» som har som mål å utvikle metoder for å vurdere transportsystemer i rurale turistområder ...', 'Tourism expenditure in destinations is an important element of tourism research and has been the subject of numerous studies. This paper seeks to understand the complex pattern of expenditure within a distinctly defined ...']","Denne rapporten er en delleveranse inn i forskningsprosjektet SUSTRANS «Sustainable transportation in rural tourism pressure areas» som har som mål å utvikle metoder for å vurdere transportsystemer i rurale turistområder ...
Denne rapporten er en delleveranse inn i forskningsprosjektet SUSTRANS «Sustainable transportation in rural tourism pressure areas» som har som mål å utvikle metoder for å vurdere transportsystemer i rurale turistområder ...
Tourism expenditure in destinations is an important element of tourism research and has been the subject of numerous studies. This paper seeks to understand the complex pattern of expenditure within a distinctly defined ..."
4cda5f39fa80317216dae94b35a05da2e9eefca3,eng,https://www.inn.no/english/research/doctoral-degree/phd-handbook/completion-of-the-programme/submission-of-the-thesis/layout-of-the-phd-thesis/title-page-template-monography-english.docx,inn.no,1734823882000,doc,"['Author name', 'Title', 'PhD thesis', 'Year', 'Faculty name', 'Printed by: Flisa Trykkeri A/S', 'Place of publication: Elverum', '© The author (fill out year)', 'This material is protected by copyright law. Without explicit authorisation, reproduction is only allowed in so far it is permitted by law or by agreement with a collecting society.', 'PhD thesis in (name of PhD program) no. (xx)', 'ISBN printed version:', 'ISBN digital version:', 'ISSN printed version:', 'ISSN digital version:', '\tAbstract', 'Sammendrag', 'Preface', 'Table of contents', '1']","Author name
Title
PhD thesis
Year
Faculty name
Printed by: Flisa Trykkeri A/S
Place of publication: Elverum
© The author (fill out year)
This material is protected by copyright law. Without explicit authorisation, reproduction is only allowed in so far it is permitted by law or by agreement with a collecting society.
PhD thesis in (name of PhD program) no. (xx)
ISBN printed version:
ISBN digital version:
ISSN printed version:
ISSN digital version:
	Abstract
Sammendrag
Preface
Table of contents
1",331056314b91d8c0d22588c76e2862ef29cb6588,nno,https://www.inn.no/forskning/doktorgradsutdanning/ph.d.-handboka-vitenskapelige/avslutning/innlevering-av-avhandling/oppsett-av-ph.d.-avhandling/forsidemal-monografi-nynorsk.docx,inn.no,1734850260000,doc,"['Forfattarnamn', 'Tittel', 'Ph.d.-avhandling', 'År', 'Fakultet', 'Trykk: Flisa Trykkeri A/S', 'Utgjevarstad: Elverum', '© Forfattaren (sett inn årstall)', 'Det må ikkje kopierast frå publikasjonen i strid med Åndsverkloven eller i strid med avtaler om kopiering inngått med Kopinor.', 'Ph.d.-avhandling i (sett inn programnamn) nr. (sett inn nr.)', 'ISBN trykt utgåve:', 'ISBN digital utgåve:', 'ISSN trykt utgåve:', 'ISSN digital utgåve:', 'Samandrag', 'Abstract', '\tForord', 'Innhaldsliste', '1']","Forfattarnamn
Tittel
Ph.d.-avhandling
År
Fakultet
Trykk: Flisa Trykkeri A/S
Utgjevarstad: Elverum
© Forfattaren (sett inn årstall)
Det må ikkje kopierast frå publikasjonen i strid med Åndsverkloven eller i strid med avtaler om kopiering inngått med Kopinor.
Ph.d.-avhandling i (sett inn programnamn) nr. (sett inn nr.)
ISBN trykt utgåve:
ISBN digital utgåve:
ISSN trykt utgåve:
ISSN digital utgåve:
Samandrag
Abstract
	Forord
Innhaldsliste
1"
a7c544b30848cad37d2017f4415998bb1c0a833e,eng,https://hi.no/templates/reporteditor/resources/images/nettrapporter/53311/file_html_fcccf29b4783cf1b.png/figure-viewer,hi.no,1736632891000,html,"['Figur', 'Figure 15. Catch per unit effort of cod (Gadus morhua) landed from gillnets (excluding gear codes 4129 and 4149) by the Norwegian Coastal Reference Fleet in each statistical area, measured in tonnes per fishing operation ± standard error. Figur 15. Fangst per enhet innsats av torsk ( Gadus morhua ) landet fra garn (utenom redskapskoder 4129 og 4149) av Kystreferanseflåten i hvert statiske område, målt i tonn per fiskeoperasjon ± standardfeil.']","Figur
Figure 15. Catch per unit effort of cod (Gadus morhua) landed from gillnets (excluding gear codes 4129 and 4149) by the Norwegian Coastal Reference Fleet in each statistical area, measured in tonnes per fishing operation ± standard error. Figur 15. Fangst per enhet innsats av torsk ( Gadus morhua ) landet fra garn (utenom redskapskoder 4129 og 4149) av Kystreferanseflåten i hvert statiske område, målt i tonn per fiskeoperasjon ± standardfeil.",68c0525dbcfd37e0ceae57280d4a84bae9080756,nob,https://hi.no/templates/reporteditor/resources/images/nettrapporter/53311/file_html_a3e29bac5636ff1b.png/figure-viewer,hi.no,1736632903000,html,"['Figur', 'Figure 20. Catch per unit effort of cod (Gadus morhua) landed from gillnets (excluding gear codes 4129 and 4149) by the Norwegian Coastal Reference Fleet south of 62°N , measured in kg per fishing operation ± standard error. Figur 20. Fangst per enhet innsats av torsk ( Gadus morhua ) landet fra garn (utenom redskapskodene 4129 og 4149) av Kystreferanseflåten sør for 62. breddegrad, målt i kg per fiskeoperasjon ± standardfeil.']","Figur
Figure 20. Catch per unit effort of cod (Gadus morhua) landed from gillnets (excluding gear codes 4129 and 4149) by the Norwegian Coastal Reference Fleet south of 62°N , measured in kg per fishing operation ± standard error. Figur 20. Fangst per enhet innsats av torsk ( Gadus morhua ) landet fra garn (utenom redskapskodene 4129 og 4149) av Kystreferanseflåten sør for 62. breddegrad, målt i kg per fiskeoperasjon ± standardfeil."
